year,location_level,iso3,location_name,age_band,age_band_label,ihme_population,ihme_q_all,ihme_q_malaria,ihme_malaria_fraction,ihme_deaths_all,ihme_deaths_malaria,igme_q_all,igme_malaria_fraction,igme_q_malaria,wpp_population,blend_ihme_weight,blend_q_all,blend_q_malaria,blend_population,map_pfpr_2_10_pct,pfpracm_share,pfpracm_share_lower_95,pfpracm_share_upper_95,pfpracm_outside_central95,pfpracm_q_malaria
2023,country,AGO,Angola,0_27d,0-27 days,95146.6070909668,0.0182533203446514,0.0002640426908676,0.0144654608521659,22864.489717936587,330.7453809195637,0.018447375533638698,0.0144654608521659,0.0002668497886070536,102989.21018733518,0.5,0.01835034793914505,0.0002654462397373268,99067.90863915099,23.2835893479416,0.0740906555023312,0.0205165754234885,0.124734433766689,False,0.001359589307507109
2023,country,AGO,Angola,1_5m,1-5 months,520071.781699942,0.0107432314321735,0.0010679671643651,0.0994083736450826,13269.425096589908,1319.091968057247,0.008049230593354424,0.06309338849502148,0.000507853232912523,562939.485448897,0.5,0.009396231012763961,0.0007879101986388115,541505.6335744195,23.2835893479416,0.154949055696027,0.0875585382591283,0.217362287432047,False,0.0014559371225294992
2023,country,AGO,Angola,6_11m,6-11 months,601142.2449769267,0.0089606747900775,0.0016431803783442,0.1833768568594585,10821.838544268014,1984.4747376884063,0.006712155508040146,0.11638725035516244,0.0007812093235370509,650692.3043637683,0.5,0.007836415149058824,0.0012121948509406255,625917.2746703476,23.2835893479416,0.345145175343765,0.275035147247188,0.408474990549968,False,0.002704700880688444
2023,country,AGO,Angola,12_23m,12-23 months,1191556.1073067435,0.0068758178699515,0.0012412268503976,0.1805206120746702,8221.219079498404,1484.0995002310087,0.006173777124181908,0.11457442357573105,0.0007073569552881767,1274284.0,0.5,0.006524797497066704,0.0009742919028428883,1232920.0536533718,23.2835893479416,0.497169029672038,0.427885408641747,0.558062338314607,False,0.003243927240423196
2023,country,AGO,Angola,2_4y,2-4 years,3498472.5733218244,0.013375508225356,0.0029381283770022,0.2196648028246418,15703.204423397903,3449.4413033807436,0.012013856458735941,0.13941880583198732,0.001674957520913873,3628351.0,0.5,0.01269468234204597,0.0023065429489580367,3563411.7866609124,23.2835893479416,0.499362373902907,,,False,0.006339246710267391
2023,country,CAF,Central African Republic,0_27d,0-27 days,21135.123172584823,0.0333579519908209,0.0007073803526652,0.0212057488679116,9353.683827505556,198.35187023592903,0.0304458225528655,0.0212057488679116,0.000645626467133065,17037.842481565895,0.5,0.031901887271843204,0.0006765034098991325,19086.482827075357,32.5037041164375,0.102158383877571,0.0445970177584334,0.156251777914679,False,0.003259045246335954
2023,country,CAF,Central African Republic,1_5m,1-5 months,114200.23232061628,0.02350237707262,0.0021840038777959,0.0929269354775283,6415.691293114702,596.1905308390102,0.017521855521961217,0.21865406878299004,0.003831225002504522,92061.23634806945,0.5,0.02051211629729061,0.003007614440150211,103130.73433434287,32.5037041164375,0.190221744430345,0.117932037163217,0.25658696288602,False,0.003901850544028729
2023,country,CAF,Central African Republic,6_11m,6-11 months,130519.61192749708,0.0183442502343907,0.0030358783426196,0.1654948173857832,4833.034832295405,799.8422169898574,0.013667100074097613,0.389403944055058,0.0053220226726487865,105216.92117036466,0.5,0.016005675154244156,0.004178950507634193,117868.26654893087,32.5037041164375,0.403526321757173,0.336283693026033,0.463956444797005,False,0.006458711222232317
2023,country,CAF,Central African Republic,12_23m,12-23 months,251142.10835179745,0.0088374332073846,0.0016179792859486,0.183082491033325,2229.316901380263,408.148891607392,0.007969234270283053,0.43078717038982006,0.003433043881468819,192850.0,0.5,0.008403333738833826,0.0025255115837087097,221996.05417589872,32.5037041164375,0.54524290119142,0.481856244284256,0.600875207632048,False,0.004581858067441498
2023,country,CAF,Central African Republic,2_4y,2-4 years,694185.4101890903,0.0289667612752361,0.0063636836337794,0.2196891662589756,6801.762821252261,1494.273603292207,0.026147320114188997,0.5169214913116756,0.01351611170723035,533740.0,0.5,0.02755704069471255,0.009939897670504875,613962.7050945451,32.5037041164375,0.533816524618125,,,False,0.014710403692411694
2023,country,COG,Congo,0_27d,0-27 days,11364.052597886515,0.018051358958561,0.000455936247832,0.0252577243009047,2700.38035224152,68.20546244449623,0.016801794359477998,0.0252577243009047,0.0004243750896921909,14176.889191481723,0.5,0.017426576659019498,0.0004401556687620954,12770.47089468412,20.9273846301788,0.0662188955533257,0.0146357688992237,0.115101681692286,False,0.0011539686596356358
2023,country,COG,Congo,1_5m,1-5 months,62498.576615221005,0.0096309485921601,0.0012996574365933,0.1349459426718633,1428.7277440540838,192.80101224282305,0.0060666772115527305,0.07332421282887303,0.00044483433102396634,77968.25891707891,0.5,0.007848812901856416,0.0008722458838086332,70233.41776614996,20.9273846301788,0.143580389875565,0.0785967364250321,0.203980952096972,False,0.001126935616508909
2023,country,COG,Congo,6_11m,6-11 months,73043.96837908181,0.0076783565980351,0.0017074419138581,0.2223707497897449,1126.043910150136,250.39922859626188,0.004834946879118383,0.12082734657793463,0.0005841938022491403,91123.85189143936,0.5,0.006256651738576742,0.00114581785805362,82083.91013526058,20.9273846301788,0.324464330553452,0.254605200614399,0.387776194480098,False,0.002030060317863394
2023,country,COG,Congo,12_23m,12-23 months,148932.28521813542,0.0056999470655829,0.0013982437379021,0.2453081970436,851.3347351010799,208.83938894823677,0.00477636486372417,0.13329063543932992,0.0006366447077758832,179737.0,0.5,0.005238155964653535,0.0010174442228389916,164334.64260906773,20.9273846301788,0.476030397389085,0.405505703472814,0.538188766378374,False,0.0024935214654400284
2023,country,COG,Congo,2_4y,2-4 years,474186.313274732,0.0097899147271273,0.0028731470974524,0.293480298606797,1555.0388538648697,456.3732671774333,0.008206360898152104,0.15946542333956973,0.001308630814701117,522675.0,0.5,0.008998137812639702,0.0020908889560767585,498430.656637366,20.9273846301788,0.481319772749198,,,False,0.004330981647145707
2023,country,COD,Democratic Republic of the Congo,0_27d,0-27 days,235781.88476819076,0.018807991131056,0.0007391301724876,0.0392987303820629,58398.4761379446,2294.985968468419,0.0238629143203185,0.0392987303820629,0.0009377822360044645,323559.2303234539,0.5,0.02133545272568725,0.0008384562042460322,279670.55754582235,30.3723948021125,0.0963385348801771,0.0394059671802388,0.149896818382874,False,0.0020554262565979906
2023,country,COD,Democratic Republic of the Congo,1_5m,1-5 months,1289532.6770443916,0.0125810245735952,0.0034750581057307,0.2762142371952822,38566.057037813705,10652.49402632946,0.017471396860016714,0.23148058376105893,0.004044289144277801,1769602.4479218859,0.5,0.015026210716805957,0.0037596736250042504,1529567.5624831389,30.3723948021125,0.183261852722946,0.111735920057142,0.249028283052415,False,0.0027537312153672463
2023,country,COD,Democratic Republic of the Congo,6_11m,6-11 months,1493352.9407219426,0.012162957065697,0.005087869349404,0.418308584164392,36549.90622741175,15289.139525329903,0.01689221729699258,0.350562361440395,0.005921775585598005,2049301.3217546595,0.5,0.014527587181344791,0.005504822467501003,1771327.131238301,30.3723948021125,0.392699010534157,0.324659994090594,0.453883246099792,False,0.005704969111562802
2023,country,COD,Democratic Republic of the Congo,12_23m,12-23 months,2954327.2239155695,0.0083582340300302,0.003227254671697,0.3861168112907385,24796.731747305148,9574.434992701288,0.011684430713496495,0.3235841344932142,0.003780896399472693,3979573.0,0.5,0.010021332371763347,0.003504075535584846,3466950.1119577847,30.3723948021125,0.537876714012104,0.473370447621196,0.594481679792556,False,0.005390241326147194
2023,country,COD,Democratic Republic of the Congo,2_4y,2-4 years,8633232.616729327,0.0177876384408471,0.0078496107511371,0.4412958345899052,51649.004424643725,22792.49051331086,0.02481905217980742,0.369826763600076,0.009178749743279589,11153840.0,0.5,0.021303345310327258,0.008514180247208344,9893536.308364663,30.3723948021125,0.52955163408333,,,False,0.011281221320525243
2023,country,GNQ,Equatorial Guinea,0_27d,0-27 days,3108.102007213035,0.0172819421763066,0.0011267531729376,0.0651982955065299,706.805690111142,46.08252624956304,0.026744466307852998,0.0651982955065299,0.0017436936175038325,4057.900781532447,0.5,0.0220132042420798,0.0014352233952207162,3583.001394372741,21.5579564557049,0.0683292658313334,0.0161467684093337,0.117744060765032,False,0.0015041460844565067
2023,country,GNQ,Equatorial Guinea,1_5m,1-5 months,17068.922956651575,0.0127764384622396,0.0040070217451484,0.3136258791517713,518.4605182345394,162.6026358367904,0.013236868983528535,0.031205530420897475,0.00041306351774293395,22284.981524084862,0.5,0.013006653722884069,0.0022100426314456668,19676.95224036822,21.5579564557049,0.146726733616827,0.0810213227068823,0.207734319506977,False,0.001908423816043922
2023,country,GNQ,Equatorial Guinea,6_11m,6-11 months,19889.212421051063,0.0082176137118711,0.0038242685822985,0.4653745863928832,328.2342352399675,152.75187146478424,0.008514464708522048,0.046304408462950905,0.0003942572517067851,25967.117694382694,0.5,0.008366039210196574,0.0021092629170026424,22928.165057716877,21.5579564557049,0.330278172421752,0.260263418362515,0.393666154319574,False,0.0027631201407524422
2023,country,GNQ,Equatorial Guinea,12_23m,12-23 months,40197.98338317422,0.006181377227975,0.0027090902102184,0.4382664429470339,249.2500494895527,109.23793259415842,0.010181012144231116,0.0436071693280894,0.0004439651205048208,51080.0,0.5,0.008181194686103059,0.0015765276653616103,45638.991691587114,21.5579564557049,0.482155016394186,0.41190031714602,0.544017052101882,False,0.003944604058002048
2023,country,GNQ,Equatorial Guinea,2_4y,2-4 years,123294.64095557795,0.0074761739326262,0.003598731796523,0.4813600952778866,308.4117052617485,148.45708782961074,0.012308398437569716,0.04789495413205719,0.000589510178606486,149041.0,0.5,0.009892286185097958,0.0020941209875647428,136167.82047778898,21.5579564557049,0.486655190610276,,,False,0.004814132418980247
2023,country,GAB,Gabon,0_27d,0-27 days,3668.8838887514985,0.0154420356311668,0.0004833855757764,0.0313032288826467,744.8103167762451,23.314967820203396,0.0169289452055494,0.0313032288826467,0.0005299306465110974,5179.651526039861,0.5,0.016185490418358102,0.0005066581111437487,4424.26770739568,17.4512312690767,0.0547032124458354,0.0075465454594659,0.0996192189447135,False,0.0008853983208954764
2023,country,GAB,Gabon,1_5m,1-5 months,20209.278429558984,0.005732196597061,0.0008743026133865,0.1525248826662314,274.42906766663214,41.85726134605635,0.005157741622076766,0.020020690413631217,0.00010326154824909903,28531.025519439558,0.5,0.005444969109568883,0.0004887820808177995,24370.15197449927,17.4512312690767,0.12480299368418,0.0651179995094943,0.180677562021419,False,0.0006795484453920805
2023,country,GAB,Gabon,6_11m,6-11 months,23656.205344947797,0.0054267233734111,0.0014434595768635,0.2659910000085702,257.4505549476698,68.47953056329203,0.004882806331529202,0.034914457043950735,0.00017048053191610698,33397.32295452059,0.5,0.005154764852470151,0.0008069700543898035,28526.764149734194,17.4512312690767,0.288345453240406,0.221010050699362,0.349860425826692,False,0.0014863530077332203
2023,country,GAB,Gabon,12_23m,12-23 months,47242.26220552743,0.0040429281140834,0.0009269558973274,0.229278352513462,191.38420755411155,43.88025580510117,0.0029745661179955514,0.03009548890632066,8.952102160525243e-05,66694.0,0.5,0.0035087471160394758,0.0005082384594663263,56968.13110276371,17.4512312690767,0.435063280141946,0.364479256672925,0.497807898805716,False,0.0015265270294927277
2023,country,GAB,Gabon,2_4y,2-4 years,141662.57170386935,0.0056260887738,0.0014846857809555,0.2638930597521849,266.41888766098907,70.30609544063203,0.0041402396719561,0.03463907763276773,0.00014341408341515214,197433.0,0.5,0.00488316422287805,0.0008140499321853261,169547.7858519347,17.4512312690767,0.44395897243224,,,False,0.002167924570606817
2023,country,BDI,Burundi,0_27d,0-27 days,38190.86946037933,0.0260205218961685,0.0014203749455966,0.0545867200997897,13134.703100515471,716.9803617416785,0.019424180218779,0.0545867200997897,0.0010603022887703613,34907.40032699626,0.5,0.02272235105747375,0.0012403386171834807,36549.13489368779,32.0422585724851,0.100945260966979,0.0435115536638023,0.154930279739497,False,0.002293713657279999
2023,country,BDI,Burundi,1_5m,1-5 months,208300.22573924583,0.015200246946421,0.0040870307227836,0.2688792318433957,7536.551745226069,2026.422244004389,0.006951838298566932,0.20271444500622302,0.0014092380424670012,190391.56402623898,0.5,0.011076042622493966,0.0027481343826253005,199345.8948827424,32.0422585724851,0.188770956867858,0.116634551880952,0.255016639124421,False,0.0020908351641573653
2023,country,BDI,Burundi,6_11m,6-11 months,240334.88483510027,0.0112057034685904,0.0046801504943827,0.4176578924742357,5416.648583707205,2262.3060317447053,0.00511930520678817,0.3148822142005202,0.001611978158681711,219672.0356467648,0.5,0.008162504337689286,0.0031460643265322054,230003.46024093253,32.0422585724851,0.401296848688484,0.333884714573423,0.461886746585025,False,0.003275587268120791
2023,country,BDI,Burundi,12_23m,12-23 months,473051.5873122358,0.0108456638681472,0.0039449089186451,0.3637314383521478,5158.58348197095,1876.3389897569243,0.0065778079205895965,0.2742257784335526,0.0018038044974100702,438246.0,0.5,0.008711735894368399,0.002874356708027585,455648.79365611786,32.0422585724851,0.543793996083814,0.480184206679597,0.599619864029617,False,0.004737389674825391
2023,country,BDI,Burundi,2_4y,2-4 years,1367287.3453461449,0.0186431065427798,0.0078123404095481,0.4190471363568806,8577.02989233012,3594.179814828301,0.011324502405346527,0.3159295981904175,0.003577745494627545,1284016.0,0.5,0.014983804474063164,0.005695042952087823,1325651.6726730724,32.0422585724851,0.533024787369691,,,False,0.007986739193776543
2023,country,COM,Comoros,0_27d,0-27 days,1709.751095906863,0.0204290199511903,6.691822339846224e-06,0.0003275645310364,460.348732792305,0.1507939167703419,0.022689726130952798,0.0003275645310364,7.432349499429903e-06,1824.2595693577632,0.5,0.02155937304107155,7.062085919638064e-06,1767.0053326323132,1.72455866105999,0.0053464722247835,-0.0003829151439438,0.0110430462786053,True,0.0001152665891478352
2023,country,COM,Comoros,1_5m,1-5 months,9379.604718799344,0.0092283042476654,3.544859004987882e-05,0.0038412896994425,205.4133199072958,0.789052069888188,0.007855813695674506,0.019881512126769304,0.00015618545525619305,10007.79219035227,0.5,0.008542058971669953,9.581702265303594e-05,9693.698454575806,1.72455866105999,0.0139826765291372,0.0063344634672096,0.0215720215304448,False,0.0001194408474936753
2023,country,COM,Comoros,6_11m,6-11 months,10908.373371474096,0.0065880152572966,4.99652687330988e-05,0.0075842673068735,144.2045947308081,1.093686193317819,0.005607093390168203,0.03925418654472993,0.00022010188991138482,11638.948240289968,0.5,0.006097554323732402,0.00013503357932224182,11273.660805882031,1.72455866105999,0.0358824612699218,0.0252860761495194,0.046363650151846,False,0.0002187952568625721
2023,country,COM,Comoros,12_23m,12-23 months,21525.67235227859,0.0044811878170328,4.3529866805479454e-05,0.0097139126014813,96.67735754224864,0.9391154017075634,0.0019523157326878041,0.0502766743192415,9.815594226067609e-05,23069.0,0.5,0.003216751774860302,7.084290453307778e-05,22297.336176139295,1.72455866105999,0.0616587613635391,0.0478468749511405,0.0752702932308017,False,0.0001983409300518522
2023,country,COM,Comoros,2_4y,2-4 years,63289.76969306339,0.0054108226044874,5.541622764541586e-05,0.0102417380306382,114.45984646981894,1.172267762570963,0.002357950401141542,0.05300856087081379,0.00012499155736927123,67605.0,0.5,0.003884386502814471,9.020389250734355e-05,65447.3848465317,1.72455866105999,0.0649647604076636,,,False,0.0002523482384861044
2023,country,DJI,Djibouti,0_27d,0-27 days,2676.7326928346124,0.0208433572139502,1.5709011475512243e-05,0.0007536699253514,735.479804963799,0.5543090097045932,0.0277419807833095,0.0007536699253514,2.0908296586056845e-05,1793.5721519277165,0.5,0.02429266899862985,1.8308654030784542e-05,2235.1524223811643,1.73951572103198,0.0053927506259775,-0.0003860364006644,0.0111381561595918,True,0.00013100430594902533
2023,country,DJI,Djibouti,1_5m,1-5 months,14724.187644390844,0.0132795286104532,0.0001178842684472,0.0088771425481477,464.96922712926266,4.127598109728572,0.011636988093883591,0.02443224346910173,0.00028431772635680193,9866.092714237757,0.5,0.012458258352168395,0.00020110099740200095,12295.140179314301,1.73951572103198,0.0141029355131016,0.0063892855359525,0.0217567024846591,False,0.00017569801414619028
2023,country,DJI,Djibouti,6_11m,6-11 months,17218.355061842467,0.0056760029854019,0.0001001729601099,0.0176485037741408,196.01970143771845,3.459454440629531,0.004971572477768177,0.048573348770336144,0.00024148592389963792,11537.33513383453,0.5,0.005323787731585039,0.00017082944200476897,14377.845097838497,1.73951572103198,0.0361874861129177,0.0255024168420909,0.0467553968527274,False,0.00019265449460485523
2023,country,DJI,Djibouti,12_23m,12-23 months,34318.44963296624,0.0030527137025436,7.920806873219191e-05,0.025946772757037,104.92463548872344,2.7224556736408503,0.002372911258619811,0.07141237912977538,0.00016945523844187044,22988.0,0.5,0.0027128124805817057,0.00012433165358703116,28653.22481648312,1.73951572103198,0.0621753892773951,0.0482509982215439,0.0758960620567742,False,0.00016867017201674337
2023,country,DJI,Djibouti,2_4y,2-4 years,101266.41972344989,0.0051816654528201,0.0001296069119741,0.0250125974272541,175.36430250376353,4.3863167016378615,0.0040287299815771616,0.0688412816199301,0.0002773429352324092,68321.0,0.5,0.0046051977171986305,0.00020347492360325457,84793.70986172494,1.73951572103198,0.0655075075297401,,,False,0.0003016750241353312
2023,country,ERI,Eritrea,0_27d,0-27 days,15765.28124497248,0.0171170324684669,2.726741229640178e-06,0.0001592998806693,3550.635507234446,0.5656158126028065,0.0162037175017873,0.0001592998806693,2.5812502644337645e-06,7448.989652167402,0.5,0.0166603749851271,2.653995747036971e-06,11607.135448569941,0.785014163979808,0.0024365603178675,-0.0001783766081424,0.0050446605682537,True,4.059400856955303e-05
2023,country,ERI,Eritrea,1_5m,1-5 months,86457.41931896376,0.0093536276869384,2.0606930061082913e-05,0.002203094964947,1919.2517017326677,4.228293760553215,0.005250073971284492,0.032668236277215074,0.00017151065696677866,40850.55076739821,0.5,0.0073018508291114465,9.605879351393079e-05,63653.98504318098,0.785014163979808,0.0063924487454168,0.0028872051186703,0.0098853700622443,True,4.6676707171774086e-05
2023,country,ERI,Eritrea,6_11m,6-11 months,100495.52083241474,0.0069997316476184,2.8583134110148927e-05,0.0040834614166778,1411.8303568409472,5.765154789054591,0.00392681578483896,0.06055094515280278,0.00023777240721294406,47483.45958043438,0.5,0.00546327371622868,0.0001331777706615465,73989.49020642455,0.785014163979808,0.0165063323490054,0.0115934719898088,0.0213947734068065,True,9.01786116736564e-05
2023,country,ERI,Eritrea,12_23m,12-23 months,199214.15453405576,0.0084210861736092,7.438336043649812e-05,0.008832988869014,1684.7030752151247,14.880963510968924,0.0034335110126257427,0.13097854245874596,0.0004497162679497727,93840.0,0.5,0.005927298593117471,0.0002620498141931354,146527.07726702787,0.785014163979808,0.0285783831582551,0.0220850206200549,0.0350286297222229,True,0.00016939261028749747
2023,country,ERI,Eritrea,2_4y,2-4 years,581521.3933723883,0.0167130504155742,0.0001185706946447,0.0070944975151997,3267.0432743591914,23.17803039199147,0.006831321391817649,0.10519960545606104,0.0007186523151627664,271491.0,0.5,0.011772185903695925,0.0004186115049037332,426506.19668619416,0.785014163979808,0.0301553106937552,,,True,0.00035499392347059595
2023,country,ETH,Ethiopia,0_27d,0-27 days,274588.2665505476,0.0267001945169734,0.0003389075395693,0.0126930738034082,96937.54624692137,1230.435428833474,0.0259388629477387,0.0126930738034082,0.0003292439017721377,311996.0997012913,0.5,0.026319528732356053,0.0003340757206707188,293292.18312591943,3.3652421886278,0.0104169191251812,-0.0006845951897906,0.0213952741343357,False,0.0002741684022178359
2023,country,ETH,Ethiopia,1_5m,1-5 months,1495236.1396573638,0.0100907992237894,0.0006588852267305,0.0652956433002012,35821.71057711069,2339.0016362460647,0.008422030890684919,0.05850933084451133,0.0004927673917657783,1698935.8269598007,0.5,0.00925641505723716,0.0005758263092481392,1597085.983308582,3.3652421886278,0.0270563876663029,0.0123419964047112,0.0415515600187064,False,0.00025044515418881196
2023,country,ETH,Ethiopia,6_11m,6-11 months,1722211.038737613,0.0055097703233713,0.0006555896858194,0.1189867539557002,19030.449522924468,2264.371415050587,0.004596832232108595,0.10662021233638842,0.0004901152286621727,1956832.073338908,0.5,0.005053301277739947,0.0005728524572407864,1839521.5560382605,3.3652421886278,0.0686776948588768,0.0487043476870173,0.0882316828165135,False,0.0003470490831825963
2023,country,ETH,Ethiopia,12_23m,12-23 months,3342766.3661420364,0.0045612488200168,0.0004428563246534,0.0970910253152488,15282.068357163162,1483.751685734692,0.005020976624173823,0.08700015246170661,0.0004368257318097876,3893881.0,0.5,0.004791112722095311,0.00043984102823159377,3618323.683071018,3.3652421886278,0.116444461859277,0.0910377802398704,0.141140993533089,False,0.0005578985426315242
2023,country,ETH,Ethiopia,2_4y,2-4 years,9567233.27607931,0.0075943329760063,0.0009310072769771,0.1225923698524339,24311.349919088083,2980.3860008927873,0.008358479010897844,0.10985108904940752,0.0009181880221437427,11204884.0,0.5,0.007976405993452071,0.0009245976495604214,10386058.638039656,3.3652421886278,0.122351872401164,,,False,0.0009759282083307276
2023,country,KEN,Kenya,0_27d,0-27 days,89589.34875146254,0.0159675430346664,0.0001432385377793,0.0089706060267582,18811.233232305178,168.74816220447173,0.0211043341447586,0.0089706060267582,0.00018931866706969037,111834.70227947709,0.5,0.0185359385897125,0.00016627860242449517,100712.02551546981,5.29415926288388,0.0163718762220046,-0.0008793645346492,0.0333257731446366,False,0.00030346809224945156
2023,country,KEN,Kenya,1_5m,1-5 months,494110.2726850968,0.0061453262206683,0.000345775359734,0.0562663961712999,7194.774840844461,404.824051558256,0.007540676665886383,0.05658372352549226,0.0004266795636576459,616799.6085368011,0.5,0.0068430014432773415,0.00038622746169582296,555454.940610949,5.29415926288388,0.0420860650106325,0.0194046279984924,0.064242874230694,False,0.00028799500360962224
2023,country,KEN,Kenya,6_11m,6-11 months,580279.2821887294,0.005164687787312,0.0004801587967821,0.092969568840482,6009.454514694853,558.696395197669,0.006338086431406898,0.09349389222545122,0.0005925723697335513,724364.6891837219,0.5,0.005751387109359449,0.0005363655832578256,652321.9856862256,5.29415926288388,0.105451425545498,0.0754074691518639,0.134519125603863,False,0.0006064919695459548
2023,country,KEN,Kenya,12_23m,12-23 months,1170812.335911226,0.0032698248243558,0.0002928106437337,0.0895493365738293,3834.623937064099,343.3880295742156,0.002183009942084485,0.09005437076791811,0.00019658958671452768,1425638.0,0.5,0.0027264173832201423,0.0002447001152241138,1298225.167955613,5.29415926288388,0.175963398657504,0.138826782386258,0.211498562120104,False,0.00047974966891031474
2023,country,KEN,Kenya,2_4y,2-4 years,3608177.8501572167,0.0043830290107025,0.0004685496764266,0.1069008841334367,5283.169349744719,564.7754745143848,0.002926754051673194,0.10750377639295892,0.00031463711312826163,4158059.0,0.5,0.0036548915311878467,0.00039159339477743083,3883118.425078608,5.29415926288388,0.184255214895863,,,False,0.0006734328245000864
2023,country,MDG,Madagascar,0_27d,0-27 days,75333.1932091927,0.0211231431869185,0.0002977394973785,0.0140954163281385,20979.968633948392,295.7213924467912,0.0233208177393417,0.0140954163281385,0.000328716635148659,74658.43465381648,0.5,0.0222219804631301,0.0003132280662635795,74995.81393150458,9.69471831930549,0.0300127924490554,-0.0001883966365612,0.0593020415189186,False,0.0006669436874468876
2023,country,MDG,Madagascar,1_5m,1-5 months,412588.33674556063,0.0104224930942402,0.0009620014786688,0.0923005148547838,10211.091808558456,942.489031159412,0.011323761167293847,0.17957137654772892,0.002033423380508674,408892.7877025986,0.5,0.010873127130767024,0.001497712429588737,410740.5622240796,9.69471831930549,0.0746856665206947,0.0356402491587506,0.112150196028663,False,0.0008120667469255838
2023,country,MDG,Madagascar,6_11m,6-11 months,479140.43305680976,0.0087584429846358,0.0012370275992709,0.1412383001682962,8430.019377598399,1190.6416072777968,0.009516507960595387,0.27478022221636383,0.0026149481721361957,474848.77764358494,0.5,0.009137475472615593,0.001925987885703548,476994.60535019735,9.69471831930549,0.181651534346733,0.132795873040242,0.227754815253395,False,0.001659836439656262
2023,country,MDG,Madagascar,12_23m,12-23 months,943678.6543504768,0.0075238789961192,0.0007988689896886,0.1061778093587968,7126.968980484651,756.7259537159578,0.007787300807200484,0.2065697619929721,0.0016086208743110837,935646.0,0.5,0.007655589901659841,0.0012037449319998417,939662.3271752384,9.69471831930549,0.292171872480184,0.235523334387329,0.344622693347116,False,0.0022367480365083434
2023,country,MDG,Madagascar,2_4y,2-4 years,2717552.6118674264,0.0127225027777323,0.0018614391224262,0.1463107656525101,11598.629466997882,1697.0043578362256,0.013166724767534723,0.28464874365336995,0.0037478916631084685,2694086.0,0.5,0.012944613772633512,0.0028046653927673343,2705819.305933713,9.69471831930549,0.303340072584573,,,False,0.003926620081369913
2023,country,MWI,Malawi,0_27d,0-27 days,46723.61653592231,0.0209138509347204,0.0004940023996283,0.0236208243603847,12882.024344512887,304.28403444794003,0.023779223099815,0.0236208243603847,0.0005616848522671327,49792.92248079953,0.5,0.0223465370172677,0.0005278436259477164,48258.269508360914,26.7824414351149,0.0854883898786709,0.0299193945347588,0.13787423402243,False,0.0019103694689703327
2023,country,MWI,Malawi,1_5m,1-5 months,256211.76304256488,0.0094820559749061,0.0012473992799266,0.1315536718226294,5766.061568358337,758.546571272889,0.008300763893849074,0.12203710700188827,0.00101300121151107,273042.4868982283,0.5,0.008891409934377587,0.001130200245718835,264627.1249703966,26.7824414351149,0.169969059058253,0.100130146530184,0.234387772560545,False,0.0015112645802473615
2023,country,MWI,Malawi,6_11m,6-11 months,298003.5368988695,0.0075530054047168,0.0016104331662751,0.2132175312981234,4518.731213807983,963.4727140079112,0.006611235519945018,0.19779342013950235,0.0013076588848376861,317579.59062097216,0.5,0.007082120462330909,0.001459046025556393,307791.5637599208,26.7824414351149,0.371077377747933,0.301729377737533,0.433538155308876,False,0.0026280146900567324
2023,country,MWI,Malawi,12_23m,12-23 months,590155.6314169228,0.0068680647494374,0.0014005302733091,0.2039192005905047,4067.210062619492,829.3822246030236,0.004431308516733628,0.1891677287104212,0.000838260567325646,626370.0,0.5,0.005649686633085514,0.001119395420317373,608262.8157084615,26.7824414351149,0.520897409871792,0.454048468963231,0.579561043758481,False,0.0029429071337615294
2023,country,MWI,Malawi,2_4y,2-4 years,1733822.189748012,0.0113277307584808,0.0028930505251224,0.2553954173881156,6584.119354965683,1681.5539107946315,0.007314542467306457,0.2369201668624503,0.0017329626218767246,1813027.0,0.5,0.009321136612893629,0.0023130065734995623,1773424.594874006,26.7824414351149,0.517985680497129,,,False,0.004828215291436411
2023,country,MUS,Mauritius,0_27d,0-27 days,,,,,,,0.00952051808778476,,,,,,,,,,,,,
2023,country,MUS,Mauritius,1_5m,1-5 months,,,,,,,,,,,,,,,,,,,,
2023,country,MUS,Mauritius,6_11m,6-11 months,,,,,,,,,,,,,,,,,,,,
2023,country,MUS,Mauritius,12_23m,12-23 months,,,,,,,,,,12200.0,,,,,,,,,,
2023,country,MUS,Mauritius,2_4y,2-4 years,,,,,,,,,,36561.0,,,,,,,,,,
2023,country,MOZ,Mozambique,0_27d,0-27 days,90807.98833654833,0.021966590634503,0.0002873919978604,0.0130831407860349,26310.744194870415,344.227170486842,0.0255513217906723,0.0130831407860349,0.00033429154025664705,93960.19973445381,0.5,0.02375895621258765,0.00031084176905852353,92384.09403550107,26.3699026410119,0.0841767290766485,0.0287998968806525,0.136396031187738,False,0.0019999512202509453
2023,country,MOZ,Mozambique,1_5m,1-5 months,496457.24856196454,0.0129276037463997,0.0013733259070935,0.1062320546045486,15259.237498512208,1621.0201511657244,0.011195424492107788,0.15257087372075034,0.0017080956964355728,513690.73458182794,0.5,0.012061514119253745,0.0015407108017645365,505073.99157189624,26.3699026410119,0.168308026638404,0.0987067776496003,0.232534405672935,False,0.0020300496396828452
2023,country,MOZ,Mozambique,6_11m,6-11 months,573693.4835965678,0.0101448025840987,0.0019362011796725,0.190856467005811,11699.459474812476,2232.9175012403707,0.0087838326940983,0.2741087709799913,0.002407725584273151,593608.0656837183,0.5,0.0094643176390985,0.0021719633819728256,583650.774640143,26.3699026410119,0.368287857982385,0.29880894077561,0.430882317846584,False,0.0034855932705684894
2023,country,MOZ,Mozambique,12_23m,12-23 months,1132083.7478469166,0.0075433373169705,0.0011810121904784,0.1565636191054902,8572.061357516426,1342.072949327093,0.0073253519732637525,0.22485725470271206,0.001647158534439182,1161562.0,0.5,0.007434344645117126,0.001414085362458791,1146822.8739234582,26.3699026410119,0.51850913346627,0.451367087377348,0.57743429309197,False,0.003854775599829286
2023,country,MOZ,Mozambique,2_4y,2-4 years,3303176.9137413152,0.0105697830187145,0.0022580855739891,0.2136359440861757,11699.89660701903,2499.5184573511547,0.010264793526058401,0.30682474107009855,0.003149492615770893,3305790.0,0.5,0.01041728827238645,0.0027037890948799965,3304483.4568706574,26.3699026410119,0.51621713257744,,,False,0.005377582681203926
2023,country,RWA,Rwanda,0_27d,0-27 days,27573.742474322866,0.0201619127126384,0.0003455164855408,0.0171370886515253,7326.135944265527,125.54864115000464,0.0176468204675242,0.0171370886515253,0.0003024151267695134,29786.717112124206,0.5,0.018904366590081302,0.0003239658061551567,28680.229793223538,2.21889287274173,0.0068753513829785,-0.0004830685661538,0.0141796511317307,False,0.000129974162979448
2023,country,RWA,Rwanda,1_5m,1-5 months,151678.20023134883,0.0094582076831623,0.000816328252386,0.0863089794316152,3404.900997591766,293.87353016783385,0.007191890956843853,0.05772512798637699,0.0004151528259478787,163851.37587233775,0.5,0.008325049320003077,0.0006157405391669393,157764.7880518433,2.21889287274173,0.0179472102532963,0.0081456313900542,0.0276519291830111,False,0.0001494114105151566
2023,country,RWA,Rwanda,6_11m,6-11 months,177246.69137724352,0.0070377689993256,0.0011183833785996,0.1589116350233674,2503.6630110133965,397.8611826276661,0.005349856332933384,0.10628319939197597,0.0005685998473515842,191471.907015538,0.5,0.006193812666129492,0.0008434916129755921,184359.29919639076,2.21889287274173,0.0459054709882011,0.0324086531029726,0.0592140233483076,False,0.0002843298876513599
2023,country,RWA,Rwanda,12_23m,12-23 months,353210.87612983474,0.0067501273232558,0.0009400343502247,0.1392617213287307,2392.3016706740086,333.15604859566065,0.003679567180023203,0.09314095404955601,0.0003427183976367955,380513.0,0.5,0.005214847251639501,0.0006413763739307477,366861.93806491734,2.21889287274173,0.0785665370531217,0.0611027743625325,0.0957054686557222,False,0.0004097124898223047
2023,country,RWA,Rwanda,2_4y,2-4 years,1060319.8660411662,0.0098307707331627,0.0016459054830394,0.1674238498398882,3491.778868443392,584.6070609443614,0.00536264553066484,0.111976334601859,0.0006004893902928899,1112811.0,0.5,0.0075967081319137705,0.001123197436666145,1086565.4330205831,2.21889287274173,0.0827123508553439,,,False,0.0006283415883524959
2023,country,SYC,Seychelles,0_27d,0-27 days,,,,,,,0.00853344279400187,,,,,,,,,,,,,
2023,country,SYC,Seychelles,1_5m,1-5 months,,,,,,,,,,,,,,,,,,,,
2023,country,SYC,Seychelles,6_11m,6-11 months,,,,,,,,,,,,,,,,,,,,
2023,country,SYC,Seychelles,12_23m,12-23 months,,,,,,,,,,1804.0,,,,,,,,,,
2023,country,SYC,Seychelles,2_4y,2-4 years,,,,,,,,,,5302.0,,,,,,,,,,
2023,country,SOM,Somalia,0_27d,0-27 days,70990.23978804749,0.0247114304596001,8.554444694859568e-05,0.0034617359399104,23171.322707542444,80.21300059196298,0.034846225815148006,0.0034617359399104,0.00012062843227453143,58712.724455096424,0.5,0.029778828137374053,0.00010308643961156355,64851.48212157196,2.93502797184825,0.0090882950726444,-0.000614835402291,0.0186973326582056,False,0.000270638777030021
2023,country,SOM,Somalia,1_5m,1-5 months,384389.62731087033,0.0153784522114169,0.0002032403017181,0.0132159139895245,14071.998656357013,185.97432390311988,0.01751100932809669,0.011562933023124377,0.00020247862802808822,317910.77673610236,0.5,0.016444730769756794,0.00020285946487309412,351150.2020234864,2.93502797184825,0.0236522039283581,0.0107675058222104,0.0363690795597452,False,0.00038895412571323296
2023,country,SOM,Somalia,6_11m,6-11 months,439001.2376583555,0.0131048943358932,0.0002461715404944,0.0187847024313776,11582.188195878618,217.5679587637944,0.014924568543734971,0.016435205029747303,0.0002452883439968014,363077.49880880123,0.5,0.014014731439814085,0.0002457299422456007,401039.3682335784,2.93502797184825,0.0602097485033196,0.0426253350122102,0.0774711833225104,False,0.0008438234553327723
2023,country,SOM,Somalia,12_23m,12-23 months,853839.125733772,0.0131621020426558,0.0002416190258692,0.0183571761627557,11312.933096625056,207.67350577221623,0.016406666163243235,0.016061151626129536,0.00026350995292713855,701529.0,0.5,0.014784384102949518,0.0002525644893981693,777684.0628668859,2.93502797184825,0.102447837049876,0.0799362083877672,0.124408663224548,False,0.0015146281734617494
2023,country,SOM,Somalia,2_4y,2-4 years,2368201.0593130114,0.0190164753030211,0.0005536884679686,0.0291162509952954,15156.18203503644,441.2912002625092,0.023686773936747292,0.025474534747270426,0.0006034095457024083,1970478.0,0.5,0.021351624619884196,0.0005785490068355042,2169339.5296565057,2.93502797184825,0.107724543999311,,,False,0.0023000940258214872
2023,country,TZA,United Republic of Tanzania,0_27d,0-27 days,155505.23369335415,0.0208336969985017,0.0002959254930221,0.014204175717991,42707.809453739304,606.6292300113905,0.0205784172188168,0.014204175717991,0.00029229945417420545,175661.51257305715,0.5,0.020706057108659248,0.0002941124735981527,165583.37313320563,9.25500097484039,0.0286426360571491,-0.0003503998089453,0.0567953702360615,False,0.0005930760579418718
2023,country,TZA,United Republic of Tanzania,1_5m,1-5 months,854650.7356394988,0.0071084539317474,0.0009213191843727,0.1296089407371627,14401.990117378107,1866.626683620462,0.005189914597407509,0.12706004147766867,0.0006594307640121562,965428.862929174,0.5,0.006149184264577455,0.000790374974192428,910039.7992843364,9.25500097484039,0.0715472088008311,0.0340053165069685,0.107630093399219,False,0.0004399569705325082
2023,country,TZA,United Republic of Tanzania,6_11m,6-11 months,996725.9860331734,0.0054971685498958,0.001195428690626,0.2174626227621599,10988.57225163586,2389.603742252227,0.004012628981655646,0.21318598632817995,0.0008554362672232993,1125919.6244977687,0.5,0.004754898765775723,0.0010254324789246497,1061322.805265471,9.25500097484039,0.174535093186527,0.127289751723279,0.219222744632514,False,0.000829896699177168
2023,country,TZA,United Republic of Tanzania,12_23m,12-23 months,1985385.6452620137,0.0048991429638911,0.0009487876029666,0.1936639959192033,9750.59243817229,1888.3386941560136,0.004070596045046881,0.18985538508586458,0.000772824579661373,2209390.0,0.5,0.004484869504468991,0.0008608060913139865,2097387.822631007,9.25500097484039,0.281758933606563,0.226634745918429,0.332953960975896,False,0.0012636520489437775
2023,country,TZA,United Republic of Tanzania,2_4y,2-4 years,5882075.513199887,0.0060362326857874,0.0013189241724216,0.2185012144291704,11871.056541229813,2593.840270816061,0.005015865352110387,0.21420415297268885,0.0010744191891738633,6334000.0,0.5,0.0055260490189488936,0.0011966716807977316,6108037.756599944,9.25500097484039,0.292789676595138,,,False,0.001617970105106926
2023,country,UGA,Uganda,0_27d,0-27 days,121756.98588183222,0.0201085942195673,0.0005888350123282,0.0292827537270216,32263.490510919924,944.7638470053674,0.0214694458609668,0.0292827537270216,0.000628684495802314,129052.18846769042,0.5,0.020789020040267052,0.000608759754065257,125404.58717476131,24.3408208658391,0.077589433898401,0.0233138566595281,0.128848854611763,False,0.0016130082962268343
2023,country,UGA,Uganda,1_5m,1-5 months,667322.7797941054,0.0091324752970305,0.0023021172736057,0.2520803176280424,14461.909777779,3645.562810290623,0.008054194374901947,0.1885316404815777,0.0015184704782577592,707306.1518650992,0.5,0.008593334835966224,0.0019102938759317295,687314.4658296023,24.3408208658391,0.159714707336626,0.0914681513106527,0.222834759084158,False,0.0013724819583719784
2023,country,UGA,Uganda,6_11m,6-11 months,775378.9823821923,0.0078970780953525,0.0032323626773124,0.4093112209710416,12295.068463535768,5032.509484732374,0.00696414882412006,0.3061251139450466,0.0021319008523140157,821836.6596672103,0.5,0.00743061345973628,0.002682131764813208,798607.8210247012,24.3408208658391,0.353545227324748,0.283562579356866,0.416691868580139,False,0.0026270579247847955
2023,country,UGA,Uganda,12_23m,12-23 months,1527102.9553479964,0.0077211167428003,0.0027758464318486,0.3595135942526695,11836.69548283887,4255.452937109739,0.005931060290638169,0.2688813166282047,0.0015947512999480533,1624039.0,0.5,0.006826088516719234,0.0021852988658983266,1575570.977673998,24.3408208658391,0.505215977973197,0.436636035682755,0.565447483404955,False,0.0034486489857059174
2023,country,UGA,Uganda,2_4y,2-4 years,4415115.454656216,0.0101522316030631,0.0041704751287099,0.41079393100642,15017.451516549996,6169.077942181897,0.007800766366182038,0.3072340373150213,0.0023966609448333354,4656116.0,0.5,0.008976498984622569,0.0032835680367716176,4535615.727328109,24.3408208658391,0.505912620686564,,,False,0.004541324125900684
2023,country,ZMB,Zambia,0_27d,0-27 days,50481.68690370856,0.0177980975196249,0.0003481716319838,0.0195622948801068,11825.878503557107,231.34132250290048,0.0215497596139942,0.0195622948801068,0.00042156275216437104,51170.915935748984,0.5,0.01967392856680955,0.00038486719207408553,50826.30141972877,25.532184652695,0.0814820079327188,0.0265258706663286,0.133335672383206,False,0.001603071203548519
2023,country,ZMB,Zambia,1_5m,1-5 months,277072.5255192256,0.0090253872183816,0.000708573868355,0.0785089715499274,5933.856878228237,465.8610008341621,0.0075059215401846215,0.07550110390919133,0.0005667053621397166,280855.41076497565,0.5,0.008265654379283111,0.0006376396152473582,278963.9681421006,25.532184652695,0.164846533115888,0.0957643626946629,0.228650935140008,False,0.001362564468358978
2023,country,ZMB,Zambia,6_11m,6-11 months,322654.45564926194,0.007548244196193,0.0012203677415173,0.1616757102443505,4889.4258375886575,790.5013949792246,0.006276674385458518,0.15548152469413293,0.0009759069034597002,327059.67329927546,0.5,0.006912459290825759,0.0010981373224885002,324857.0644742687,25.532184652695,0.362412012168294,0.292692624614169,0.425259149877335,False,0.0025051582806195818
2023,country,ZMB,Zambia,12_23m,12-23 months,646293.7410898845,0.0075721580464844,0.0011635881643064,0.1536666505325559,4912.460878752464,754.8814091101076,0.006335226938308458,0.14777931133459898,0.0009362154740916239,641981.0,0.5,0.006953692492396429,0.001049901819199012,644137.3705449423,25.532184652695,0.513343175859519,0.445602545599297,0.572806724485208,False,0.0035696305879972775
2023,country,ZMB,Zambia,2_4y,2-4 years,1932603.147530168,0.0099679062831202,0.0018471442880208,0.1853091547568802,6453.55359738756,1195.9025623101124,0.008341270915234969,0.17820951507084884,0.0014864938448785993,1850605.0,0.5,0.009154588599177584,0.0016668190664496996,1891604.0737650841,25.532184652695,0.512299302513526,,,False,0.004689889354156953
2023,country,SSD,South Sudan,0_27d,0-27 days,23119.822338159003,0.0255532386713818,0.0006105816090913,0.0238944901248512,7806.771246361909,186.5388184531675,0.0395258317730907,0.0238944901248512,0.0009444495969786455,24648.895609025676,0.5,0.03253953522223625,0.0007775156030349728,23884.358973592338,26.8792249894059,0.0857945116071898,0.0301817468075186,0.138218246298918,False,0.0027917135323167093
2023,country,SSD,South Sudan,1_5m,1-5 months,126295.68700515536,0.0300962843350445,0.0031638515920794,0.1051243255432489,9116.553887286114,958.3715786796366,0.02034648297276793,0.14464135485467355,0.0029429428637086997,134648.49164183252,0.5,0.025221383653906214,0.0030533972278940498,130472.08932349394,26.8792249894059,0.170354630200777,0.100461543216738,0.23481710599602,False,0.004296579485513115
2023,country,SSD,South Sudan,6_11m,6-11 months,146185.36646327347,0.0159311917329279,0.0029604748381747,0.1858288374030265,4695.31529359795,872.5249822499574,0.010744863757730648,0.2556833033091334,0.0027472822591831604,155853.6127491418,0.5,0.013338027745329273,0.00285387854867893,151019.48960620764,26.8792249894059,0.371722111963848,0.3024058176338,0.434150807771569,False,0.004958039842926199
2023,country,SSD,South Sudan,12_23m,12-23 months,284846.8754357062,0.015227834579263,0.0019500626424899,0.12805909023634,4370.966389665508,559.741979314185,0.010827827652092399,0.1761974711135794,0.0019078358499523666,304589.0,0.5,0.0130278311156777,0.0019289492462211334,294717.9377178531,26.8792249894059,0.521443369512746,0.454662840151727,0.580046133942106,False,0.0067932761544019764
2023,country,SSD,South Sudan,2_4y,2-4 years,816666.5334670221,0.0230235553028331,0.0038319219685294,0.166434849793067,6340.799609616536,1055.3300305944665,0.01638982100782315,0.22899896902738598,0.003753252113334894,863896.0,0.5,0.019706688155328125,0.003792587040932147,840281.2667335111,26.8792249894059,0.518385880735835,,,False,0.010215668895786218
2023,country,BWA,Botswana,0_27d,0-27 days,3794.084263290177,0.0074857204958234,1.4853966016549016e-07,1.9843067911547957e-05,371.8804681020046,0.0073792493835263,0.018079074242317902,1.9843067911547957e-05,3.587442979682316e-07,4622.85053326357,0.5,0.012782397369070652,2.536419790668609e-07,4208.467398276874,0.0206878134126896,6.42834251184388e-05,-4.72741241397401e-06,0.0001332895001775,True,8.216962841087824e-07
2023,country,BWA,Botswana,1_5m,1-5 months,20882.12485062043,0.00782351672901,2.4517985485473525e-06,0.0003133882924357,387.42856204556233,0.1214155755003158,0.009705988391507542,0.0,0.0,25443.541920087282,0.5,0.00876475256025877,1.2258992742736762e-06,23162.833385353857,0.0206878134126896,0.0001690103326982,7.61868487197948e-05,0.0002618251998208,True,1.481333746226735e-06
2023,country,BWA,Botswana,6_11m,6-11 months,24449.86582916867,0.0040868153348695,2.330131213768058e-06,0.0005701581850021,200.25365235266705,0.1141762589654437,0.0050724724437012664,0.0,0.0,29790.607546649142,0.5,0.004579643889285383,1.165065606884029e-06,27120.236687908906,0.0206878134126896,0.000438599816262,0.0003072853114237,0.0005698970723008,True,2.00863096838596e-06
2023,country,BWA,Botswana,12_23m,12-23 months,49477.59223121048,0.0029918758778351,1.214286563108412e-05,0.0040586127656708,148.2527022856939,0.6017003100419125,0.0007385540657736694,0.0,0.0,61904.0,0.5,0.0018652149718043846,6.07143281554206e-06,55690.79611560524,0.0206878134126896,0.0007639838925266,0.0005884614711759,0.0009394754876168,True,1.4249941945580063e-06
2023,country,BWA,Botswana,2_4y,2-4 years,152027.8487777735,0.0023653136190349,1.04259307875424e-05,0.0044078428770035,120.00649624523572,0.5289697796687117,0.0005837470880612917,0.0,0.0,171898.0,0.5,0.001474530353548096,5.2129653937712e-06,161962.92438888675,0.0206878134126896,0.0008070671361896,,,True,1.1900449896627002e-06
2023,country,LSO,Lesotho,0_27d,0-27 days,3147.6950156447665,0.0294085005521103,0.0,0.0,1225.641214856248,0.0,0.0290752279279475,0.0,0.0,4163.083567611226,0.5,0.0292418642400289,0.0,3655.389291627996,,,,,,
2023,country,LSO,Lesotho,1_5m,1-5 months,17176.178875641603,0.0141207368340215,0.0,0.0,577.004100849086,0.0,0.018638595050274542,0.059205254016707315,0.001103502754466048,22716.898453037553,0.5,0.01637966594214802,0.000551751377233024,19946.538664339576,,,,,,
2023,country,LSO,Lesotho,6_11m,6-11 months,19946.608674225277,0.0087562325621897,0.0,0.0,350.85261387012673,0.0,0.011567832328739203,0.10180254610174241,0.001177634783943699,26381.017979351214,0.5,0.010162032445464451,0.0005888173919718495,23163.813326788244,,,,,,
2023,country,LSO,Lesotho,12_23m,12-23 months,40269.60610653464,0.0053660180007159,0.0,0.0,216.6692781731267,0.0,0.001410071985028569,0.09815793835226438,0.00013840975897868934,52477.0,0.5,0.0033880449928722343,6.920487948934467e-05,46373.303053267315,,,,,,
2023,country,LSO,Lesotho,2_4y,2-4 years,122296.37798951643,0.0063083563227106,0.0,0.0,257.97760868631184,0.0,0.0016582768425212819,0.1284634097900656,0.00021302789756618752,160599.0,0.5,0.0039833165826159405,0.00010651394878309376,141447.6889947582,,,,,,
2023,country,NAM,Namibia,0_27d,0-27 days,5010.870801261473,0.0146326756382664,1.188915170919608e-06,8.125070221678638e-05,963.5319805004376,0.0782876500239914,0.0220908154206582,8.125070221678638e-05,1.794894265469892e-06,6016.5298494570325,0.5,0.0183617455294623,1.4919047181947498e-06,5513.700325359253,0.326548898765277,0.0010142176301078,-7.45556795689328e-05,0.0021018056008386,True,1.8622806035533744e-05
2023,country,NAM,Namibia,1_5m,1-5 months,27498.350477348595,0.008985900435929,2.5705480817868236e-05,0.0028606460756106,586.3235876235169,1.6772642699731652,0.011110041396253191,0.012231520641469868,0.0001358927006658556,33017.14472784823,0.5,0.010047970916091095,8.079909074186192e-05,30257.747602598414,0.326548898765277,0.0026643783439261,0.0012019220655987,0.0041246932701493,True,2.6771596109232412e-05
2023,country,NAM,Namibia,6_11m,6-11 months,31992.5630814093,0.0045702350810879,2.6391497296376315e-05,0.005774647655563,293.09734146391617,1.6925338757363706,0.005653553639880723,0.024691178191681047,0.0001395929003385219,38413.32542269475,0.5,0.005111894360484311,8.299219881744911e-05,35202.944252052024,0.326548898765277,0.0069005550732883,0.0048393245475266,0.0089575162670868,True,3.5274908563353866e-05
2023,country,NAM,Namibia,12_23m,12-23 months,65799.14889342368,0.0048096545926517,0.0001359933875604,0.0282750839879798,317.23468631926056,8.969837399577546,0.0013045460090657338,0.12089830908720459,0.00015771740662250827,83231.0,0.5,0.003057100300858717,0.00014685539709145414,74515.07444671183,0.326548898765277,0.0119909053152231,0.009248096851693,0.0147261205576412,True,3.665740024673693e-05
2023,country,NAM,Namibia,2_4y,2-4 years,210339.3109146143,0.0058447140282145,0.0001432542823004,0.0245100584235363,410.9932829150102,10.073469375927912,0.001585891146914206,0.10479985206388243,0.0001662011575860296,248784.0,0.5,0.0037153025875643533,0.0001547277199432148,229561.65545730715,0.326548898765277,0.0126613593481629,,,True,4.7040781148311735e-05
2023,country,ZAF,South Africa,0_27d,0-27 days,80868.79581987386,0.012474238165319,1.0947051024046432e-08,8.775727125750678e-07,13241.89478480273,0.0116207255259329,0.0122063612768948,8.775727125750678e-07,1.0711969576435837e-08,89792.50348276827,0.5,0.012340299721106899,1.0829510300241134e-08,85330.64965132106,0.0133945415187359,4.16214486353983e-05,-3.06081024925575e-06,8.63017110219744e-05,True,5.136211509874708e-07
2023,country,ZAF,South Africa,1_5m,1-5 months,444641.17947084,0.0097275490100201,2.757967334006371e-07,2.83521299267211e-05,10267.023196741682,0.2910919756346796,0.008186418939175131,0.00010497637748403634,8.593806048013129e-07,493706.43214654794,0.5,0.008956983974597616,5.67588669100975e-07,469173.805808694,0.0133945415187359,0.0001094307707831,4.93286357713396e-05,0.0001695292933502,True,9.801696602320917e-07
2023,country,ZAF,South Africa,6_11m,6-11 months,520507.1550975311,0.0048352406824251,1.647272400360741e-07,3.406805386851098e-05,5045.763338205768,0.1718993372137519,0.004067605027056752,0.00012614011336328882,5.130881592300222e-07,577944.0643706837,0.5,0.004451422854740926,3.3890769963304815e-07,549225.6097341074,0.0133945415187359,0.0002839980051294,0.0001989658719874,0.000369022906369,True,1.2641952107338417e-06
2023,country,ZAF,South Africa,12_23m,12-23 months,1044962.3675818208,0.0043439779658322,1.3763172534978793e-06,0.0003168333873521,4549.181441093754,1.441332565661438,0.005628946413522137,0.0011731048551267148,6.603344366950927e-06,1198685.0,0.5,0.004986462189677169,3.989830810224403e-06,1121823.6837909105,0.0133945415187359,0.0004947160113772,0.0003810450760125,0.0006083740207352,True,2.466882685360308e-06
2023,country,ZAF,South Africa,2_4y,2-4 years,3134601.259944119,0.003944888865567,7.4859987982867e-07,0.000189764504233,4130.03616957564,0.7837342661839494,0.005112108310144388,0.0007026205890323474,3.591872552070808e-06,3527649.0,0.5,0.0045284985878556935,2.170236215949739e-06,3331125.1299720593,0.0133945415187359,0.0005226200711466,,,True,2.3666842541724203e-06
2023,country,SWZ,Eswatini,0_27d,0-27 days,2081.3624248608553,0.019107956029388,2.053097371712216e-07,1.0744725226259448e-05,523.8136301201331,0.0056282335254103,0.0254833994773893,1.0744725226259448e-05,2.7381212521555164e-07,2215.572289023446,0.5,0.02229567775338865,2.395609311933866e-07,2148.4673569421507,0.0563257291903543,0.0001750117687054,-1.28710119622344e-05,0.0003628592498883,True,3.902005998106187e-06
2023,country,SWZ,Eswatini,1_5m,1-5 months,11466.299289655824,0.0115360924418358,6.0854083488230064e-06,0.0005275103662271,314.2748794595021,0.1657832567596739,0.011195203913215272,0.0009071307875596309,1.0155514142685632e-05,12205.666183057485,0.5,0.011365648177525535,8.120461245754319e-06,11835.982736356655,0.0563257291903543,0.0004600893295975,0.0002074167532708,0.0007126980492484,True,5.229213450438771e-06
2023,country,SWZ,Eswatini,6_11m,6-11 months,13443.876989671022,0.0085813011935733,8.596066458030497e-06,0.0010017206323521,231.72760565017387,0.2321263236653416,0.008327357881241447,0.0017226043018633086,1.4344742509381843e-05,14310.761527919065,0.5,0.008454329537407372,1.147040448370617e-05,13877.319258795043,0.0563257291903543,0.0011937035021916,0.0008364096330613,0.0015508696055484,True,1.0091962777485071e-05
2023,country,SWZ,Eswatini,12_23m,12-23 months,26751.801284243786,0.0045115004721818,1.6030174225276483e-05,0.003553180216675,120.96383395788897,0.4298063017523357,0.0006551704308818023,0.0061102101013614275,4.003228984887307e-06,28584.0,0.5,0.002583335451531801,1.0016701605081895e-05,27667.900642121895,0.0563257291903543,0.0020786933535975,0.0016013636982286,0.002555794799921,True,5.369962233211952e-06
2023,country,SWZ,Eswatini,2_4y,2-4 years,80027.07575638164,0.0066552229801008,2.1475866900057165e-05,0.0032269192128152,178.12607189182464,0.5747984436910483,0.0009673769433476058,0.005549156858942451,5.36812640036015e-06,84835.0,0.5,0.0038112999617242026,1.3421996650208657e-05,82431.03787819082,0.0563257291903543,0.0021958016724264,,,True,8.368858830072678e-06
2023,country,ZWE,Zimbabwe,0_27d,0-27 days,34959.6427841916,0.0228629354770718,1.3534246267207616e-05,0.0005919732521128,10547.359456255375,6.243754678522333,0.033574791467515804,0.0005919732521128,1.987537849403442e-05,37370.73685246782,0.5,0.0282188634722938,1.6704812380621017e-05,36165.18981832971,2.29532123434793,0.0071116221247278,-0.0004979454280673,0.0146633129786202,False,0.00020068189380423773
2023,country,ZWE,Zimbabwe,1_5m,1-5 months,191571.08341787956,0.0103263173343688,7.719643995778797e-05,0.0074756989794277,4697.188336901469,35.11476605635426,0.01711379626685571,0.02336529966465565,0.00039986897817494886,204783.34378716917,0.5,0.013720056800612255,0.0002385327090663684,198177.21360252437,2.29532123434793,0.0185582734621161,0.0084255380744016,0.028587464103188,False,0.00025462056602152793
2023,country,ZWE,Zimbabwe,6_11m,6-11 months,223325.61480923707,0.0075297378808705,0.0001013418711673,0.0134588843291294,3375.89248653756,45.43574648388606,0.012490659729540157,0.04206574747959161,0.0005254289380363403,238727.91936036298,0.5,0.010010198805205327,0.00031338540460182016,231026.76708480003,2.29532123434793,0.0474443364788464,0.0335047739528971,0.0611828515519184,False,0.00047492724033430773
2023,country,ZWE,Zimbabwe,12_23m,12-23 months,443259.1503967098,0.0067558940415453,0.0002073972569097,0.030698713691232,3004.773285446001,92.24267479696958,0.000994853677351696,0.09594883992640571,9.545505623841395e-05,471416.0,0.5,0.003875373859448498,0.00015142615657405697,457337.5751983549,2.29532123434793,0.0811498458348988,0.0631336919900902,0.0988195449117382,False,0.0003144859912468424
2023,country,ZWE,Zimbabwe,2_4y,2-4 years,1305021.869106746,0.0077412406788117,0.0002442422830356,0.0315507931053103,3380.598086373366,106.66055079537408,0.001140435100533401,0.0986120144205649,0.00011246060257951812,1354688.0,0.5,0.0044408378896725505,0.00017835144280755905,1329854.9345533731,2.29532123434793,0.0854211870491897,,,False,0.00037934164402884783
2023,country,BEN,Benin,0_27d,0-27 days,38766.4843657875,0.0206158651560952,0.0004794300785111,0.0232553945653526,10534.30264317478,244.97936443786716,0.027677217067337,0.0232553945653526,0.0006436446033718331,35657.690941746005,0.5,0.024146541111716102,0.0005615373409414665,37212.08765376675,35.9526482156877,0.110265398020686,0.0518753633388368,0.165059496031009,False,0.0026625279665062336
2023,country,BEN,Benin,1_5m,1-5 months,211708.1409282261,0.0088365192949202,0.0015922818206698,0.1801933281111201,4438.694232891266,799.8230862923128,0.009204235647292431,0.18112306642122553,0.0016670993845011588,194730.6696124479,0.5,0.009020377471106317,0.0016296906025854794,203219.405270337,35.9526482156877,0.200132299879303,0.12688923254063,0.267231190427226,False,0.0018052688890719583
2023,country,BEN,Benin,6_11m,6-11 months,244457.36299657988,0.0096761917808963,0.0030343639480944,0.3135907200687302,4753.869602308214,1490.7693917006811,0.010078671652777212,0.31520874504888735,0.0031768854434317,224853.63944580607,0.5,0.009877431716836756,0.00310562469576305,234655.50122119297,35.9526482156877,0.418386308781128,0.352339404995047,0.477697904701682,False,0.00413258219624497
2023,country,BEN,Benin,12_23m,12-23 months,480419.64847710327,0.0089759413267298,0.0024465235057579,0.2725645608302166,4331.688280918495,1180.6647139419458,0.009970033629163828,0.27397090432160626,0.00273149912949884,442423.0,0.5,0.009472987477946814,0.0025890113176283702,461421.32423855166,35.9526482156877,0.553941518487565,0.491904839965469,0.608403731073413,False,0.0052474810681475475
2023,country,BEN,Benin,2_4y,2-4 years,1374719.572882441,0.0202269082085566,0.0073232522532137,0.3620549506481539,9363.798402999326,3390.209568677183,0.022452855547599196,0.3639230351189249,0.00817111133796909,1278777.0,0.5,0.0213398818780779,0.007747181795591395,1326748.2864412204,35.9526482156877,0.537995564794144,,,False,0.011480761803636838
2023,country,BFA,Burkina Faso,0_27d,0-27 days,75868.80562738795,0.0202257561595268,0.000754119109485,0.0372850885542685,20222.257825648103,753.9886737965404,0.0241671586757274,0.0372850885542685,0.0009010746513295543,54409.91982207773,0.5,0.0221964574176271,0.0008275968804072771,65139.36272473284,28.6647794132478,0.0913179488051896,0.0349748662456755,0.144371435227494,False,0.0020269349621194425
2023,country,BFA,Burkina Faso,1_5m,1-5 months,414292.69851525646,0.0088149293766995,0.0017467573241178,0.1981589697967408,8664.785856589306,1717.0050388511074,0.011635509527854455,0.1483303339184579,0.0017258990135780498,297113.3171621988,0.5,0.010225219452276977,0.0017363281688479249,355703.0078387276,28.6647794132478,0.177193325822433,0.106395248305799,0.242382248093922,False,0.0018118406420131942
2023,country,BFA,Burkina Faso,6_11m,6-11 months,477728.4361908089,0.0068591002257286,0.0020601610043949,0.300354410432319,6576.153568546604,1975.1767279932064,0.009056722717048094,0.22482792496855317,0.00203620417548948,342606.7630157235,0.5,0.007957911471388347,0.0020481825899421897,410167.5996032662,28.6647794132478,0.382982789295944,0.314298948109474,0.44478685389884,False,0.0030477431322824987
2023,country,BFA,Burkina Faso,12_23m,12-23 months,922953.0209322014,0.0083149840226218,0.0025392499695384,0.3053824231808624,7706.423604002285,2353.4063142484124,0.013384598440934701,0.22859160425444525,0.00305960682991481,674818.0,0.5,0.01084979123177825,0.0027994283997266048,798885.5104661006,28.6647794132478,0.53059743679531,0.465036738140652,0.588123555293664,False,0.005756871417345769
2023,country,BFA,Burkina Faso,2_4y,2-4 years,2539152.586657476,0.013012094340592,0.0050308595410108,0.3866295009341221,11085.511297987385,4285.985700740434,0.02091516349402725,0.2894084634932751,0.006053025330517065,1982191.0,0.5,0.016963628917309626,0.005541942435763933,2260671.793328738,28.6647794132478,0.524839138282882,,,False,0.008903176383111363
2023,country,CMR,Cameroon,0_27d,0-27 days,82628.8656859504,0.0231326707512398,0.0005332789950623,0.0230530664097105,25226.79372098363,581.5549509539047,0.0252120581175073,0.0230530664097105,0.0005812152501083764,71556.25636075127,0.5,0.024172364434373553,0.0005572471225853382,77092.56102335083,22.3166536902946,0.0708669849008888,0.0180308380118146,0.120860213166702,False,0.001713022585389532
2023,country,CMR,Cameroon,1_5m,1-5 months,451605.4961042869,0.0103376560085489,0.0015187433996054,0.1469137102597967,11085.27139961626,1628.5783505544348,0.008361556105294777,0.09392842038971352,0.0007853877569703035,391088.4941345293,0.5,0.009349606056921839,0.0011520655782878517,421346.9951194081,22.3166536902946,0.150410875106415,0.0839158123979777,0.21207931442757,False,0.0014062824289218518
2023,country,CMR,Cameroon,6_11m,6-11 months,523007.4017822898,0.0098449856569977,0.002376307443396,0.2413723621534124,10349.02775593554,2497.9692754413904,0.007962683192464803,0.15432000636776563,0.0012288013209656688,452922.24950471945,0.5,0.008903834424731251,0.0018025543821808343,487964.8256435046,22.3166536902946,0.336998016164286,0.266887455532886,0.40040361621474,False,0.003000574537389708
2023,country,CMR,Cameroon,12_23m,12-23 months,1038069.0905247624,0.0098593912641639,0.0023112248982089,0.2344186204080924,10285.517526064306,2411.1168286432508,0.009932612758177665,0.14987417230108183,0.001488642115919043,890986.0,0.5,0.009896002011170782,0.0018999335070639715,964527.5452623812,22.3166536902946,0.489059369084076,0.419196183750297,0.550518917030452,False,0.00483973250003793
2023,country,CMR,Cameroon,2_4y,2-4 years,3040246.9788680184,0.0168640657873387,0.0055930207198699,0.3316531606553066,17236.055310558117,5716.392220976281,0.016988859916996793,0.2120405062435726,0.0036023264573011387,2586548.0,0.5,0.016926462852167746,0.00459767358858552,2813397.4894340094,22.3166536902946,0.492569394785771,,,False,0.008337457562956101
2023,country,CPV,Cabo Verde,0_27d,0-27 days,513.0192706940098,0.0121451868600377,2.160129292895676e-10,1.7785887675415898e-08,81.77504864953858,1.4544418299323633e-06,0.008330358638969181,1.7785887675415898e-08,1.481628230486363e-10,479.26306227488783,0.5,0.010237772749503441,1.8208787616910196e-10,496.14116648444883,0.0,0.0,0.0,0.0,True,0.0
2023,country,CPV,Cabo Verde,1_5m,1-5 months,2868.7592735549033,0.0051256038935536,1.7734795460420272e-09,3.460040188186426e-07,34.82290954554554,1.2048866649716828e-05,0.001541593868986609,0.0,0.0,2679.9974833566403,0.5,0.0033335988812701048,8.867397730210136e-10,2774.378378455772,0.0,0.0,0.0,0.0,True,0.0
2023,country,CPV,Cabo Verde,6_11m,6-11 months,3443.3058977247824,0.0039257475153239,1.715719268846959e-09,4.370426936907584e-07,27.08830492559131,1.1838745752197064e-05,0.0011802236839138253,0.0,0.0,3216.7394543684723,0.5,0.0025529855996188626,8.578596344234795e-10,3330.0226760466276,0.0,0.0,0.0,0.0,True,0.0
2023,country,CPV,Cabo Verde,12_23m,12-23 months,7145.364980914622,0.0022079156694112,9.780429212072052e-10,4.429711400472224e-07,15.793805423444285,6.996199994107117e-06,0.00027408196291560356,0.0,0.0,6382.0,0.5,0.0012409988161634017,4.890214606036026e-10,6763.682490457311,0.0,0.0,0.0,0.0,True,0.0
2023,country,CPV,Cabo Verde,2_4y,2-4 years,23913.846176602972,0.002356742419596,4.5888854188296775e-10,1.947130658265284e-07,18.8084305956237,3.662247184659369e-06,0.00029257583639691375,0.0,0.0,26377.0,0.5,0.001324659127996457,2.2944427094148387e-10,25145.423088301486,0.0,0.0,,,True,0.0
2023,country,TCD,Chad,0_27d,0-27 days,70660.90395557409,0.0309236486546738,0.0002752445352553,0.0089007781173875,28953.779317772965,257.7111653673004,0.030939170001605197,0.0089007781173875,0.00027538268732041934,61932.42766991429,0.5,0.030931409328139498,0.00027531361128785964,66296.66581274419,13.9842328401427,0.0435221465224452,0.0028271290249001,0.0825563843324062,False,0.0013462013289250155
2023,country,TCD,Chad,1_5m,1-5 months,380509.2535273258,0.0182389374146279,0.0007217520212222,0.0395720433057324,16544.979549709824,654.7186472335757,0.013645472951750707,0.14107332285368646,0.0019250122112135734,333506.3734343182,0.5,0.015942205183189305,0.0013233821162178866,357007.813480822,13.9842328401427,0.103704975251779,0.0517913238186497,0.152776396622245,False,0.00165328599398143
2023,country,TCD,Chad,6_11m,6-11 months,431450.6825388882,0.0185399115423989,0.0011082460948394,0.0597762342233917,16148.275670092504,965.2831087593472,0.013871183285110139,0.21310074702037285,0.0029559595201134803,378155.19889576745,0.5,0.016205547413754517,0.00203210280747644,404802.9407173278,13.9842328401427,0.245098885048599,0.183723483079315,0.30185950282551,False,0.0039719616027134395
2023,country,TCD,Chad,12_23m,12-23 months,831802.7969439512,0.0140562464975491,0.0009077969626002,0.064583170390366,11774.976384380188,760.4653061749624,0.01588041494748847,0.23023735158186623,0.0036562646795308264,734418.0,0.5,0.014968330722518785,0.0022820308210655133,783110.3984719756,13.9842328401427,0.380439762383621,0.313298846035151,0.441016101663762,False,0.0056945481833545
2023,country,TCD,Chad,2_4y,2-4 years,2282352.2787566874,0.0264267416560815,0.0028352667099143,0.1072877900277134,20375.475130339535,2186.0396974987652,0.029831839319802093,0.38247822898358186,0.011410029070360686,2038905.0,0.5,0.028129290487941796,0.007122647890137493,2160628.6393783437,13.9842328401427,0.391391332537854,,,False,0.011009560487419922
2023,country,CIV,Côte d'Ivoire,0_27d,0-27 days,84733.69921931732,0.0262371128585785,0.0005831006591139,0.0222242691967248,29387.65973717891,653.1192610608167,0.0279338090785546,0.0222242691967248,0.0006208084926517126,75142.48357501671,0.5,0.027085460968566552,0.0006019545758828063,79938.09139716701,25.3326808732979,0.080834685996224,0.0259853438892216,0.132595316541551,False,0.002189444732457058
2023,country,CIV,Côte d'Ivoire,1_5m,1-5 months,460638.7910865405,0.0131320841532802,0.0023512605398444,0.179047020442455,14383.74581862486,2575.3668316264025,0.010844874154457094,0.09879911408903233,0.0010714639588674045,408497.954322108,0.5,0.011988479153868647,0.0017113622493559024,434568.37270432425,25.3326808732979,0.164004444078885,0.0950537444212376,0.227701573202403,False,0.001966163858981529
2023,country,CIV,Côte d'Ivoire,6_11m,6-11 months,528818.8694918072,0.0095209689969424,0.0028858086675687,0.3031003113753925,10117.979404968108,3066.7627081356427,0.007860200005028706,0.16725239085239715,0.0013146372434190753,468960.5621028754,0.5,0.008690584500985553,0.0021002229554938877,498889.7157973413,25.3326808732979,0.360969781423749,0.291199120194629,0.423872582712169,False,0.003137038387765376
2023,country,CIV,Côte d'Ivoire,12_23m,12-23 months,1027264.124746651,0.0090814892579541,0.0023826411543964,0.2623623820630018,9371.707347683878,2458.7834637356787,0.008553595804291268,0.144772981164709,0.0012383295642651936,928841.0,0.5,0.008817542531122685,0.001810485359330797,978052.5623733255,25.3326808732979,0.512047897996428,0.444164995945661,0.57164041106985,False,0.004515004118555475
2023,country,CIV,Côte d'Ivoire,2_4y,2-4 years,2868819.4593884223,0.0137296261267289,0.0051593718195751,0.3757838539776994,13220.236428150216,4967.951395466664,0.01293331167976486,0.2073595627015279,0.0026818458541986046,2712398.0,0.5,0.01333146890324688,0.003920608836886852,2790608.729694211,25.3326808732979,0.511298691650438,,,False,0.006816362608008628
2023,country,GMB,Gambia,0_27d,0-27 days,5890.633806477249,0.0261935982856493,0.0001483882708001,0.0056650586598251,2039.5780069674436,11.554329050759932,0.023517353089332498,0.0056650586598251,0.00013322718477488761,6170.9503451310775,0.5,0.0248554756874909,0.0001408077277874938,6030.792075804164,3.6315687366685,0.0112392121884684,-0.0007236576899261,0.0230590752990827,False,0.0002793559652970277
2023,country,GMB,Gambia,1_5m,1-5 months,32325.04707537635,0.0084527612735949,0.0003750605610433,0.0443713656287597,648.1720099886654,28.760277245535175,0.006107372780319362,0.06332312460116038,0.0003867379275538982,33863.29331604879,0.5,0.00728006702695713,0.0003808992442985991,33094.17019571257,3.6315687366685,0.0291547013435265,0.0133166377946676,0.0447385351500118,False,0.00021224817993179004
2023,country,GMB,Gambia,6_11m,6-11 months,37614.78813528229,0.0057265634029895,0.0004549335730973,0.0794426850944854,432.045189462105,34.322829933025325,0.004136035887814398,0.11337399639618581,0.00046891891783956474,39404.756338820145,0.5,0.004931299645401949,0.00046192624546843235,38509.77223705122,3.6315687366685,0.0738719649999864,0.0524453181941205,0.0948141002497822,False,0.0003642847948095781
2023,country,GMB,Gambia,12_23m,12-23 months,73916.11483284147,0.0055970947387698,0.0003688942582212,0.06590816761881,414.87763829521265,27.343824926056932,0.003857439602893163,0.09405865812827205,0.00036282559285898553,77987.0,0.5,0.004727267170831481,0.00036585992554009276,75951.55741642074,3.6315687366685,0.124977254299382,0.0978297991273916,0.151307807825094,False,0.0005908008713501261
2023,country,GMB,Gambia,2_4y,2-4 years,213398.152980598,0.0096551844559792,0.0009798075625994,0.1014799424150443,690.1365953298956,70.03502195259254,0.006658447588803877,0.144823738170036,0.0009643012702198401,226133.0,0.5,0.008156816022391537,0.0009720544164096201,219765.57649029902,3.6315687366685,0.131256872006283,,,False,0.0010706381566298444
2023,country,GHA,Ghana,0_27d,0-27 days,67858.98000418078,0.02016512838124,0.0004934918265666,0.0244725358171141,18032.52557303639,441.301627959159,0.0186860891240603,0.0244725358171141,0.0004572959853703519,66510.13104464606,0.5,0.019425608752650148,0.000475393905968476,67184.55552441342,16.1001407436532,0.0503122360481985,0.0054372946914278,0.0931624077740297,False,0.000977345812943285
2023,country,GHA,Ghana,1_5m,1-5 months,373590.69642051915,0.0072433728334822,0.0014819549485211,0.2045945973774569,6415.419362046954,1312.560141385538,0.0062353586708471095,0.057113722046984304,0.0003561245419900153,366164.7459843702,0.5,0.006739365752164654,0.0009190397452555576,369877.72120244463,16.1001407436532,0.116850637719949,0.0598992987682083,0.17035186222741,False,0.0007874991859684236
2023,country,GHA,Ghana,6_11m,6-11 months,437388.1912677354,0.0041759994994285,0.0013425920015924,0.3215019546281407,3660.714637890109,1176.926911417516,0.003594079559957072,0.08974906233871555,0.0003225652704768906,428694.1229709837,0.5,0.003885039529692786,0.0008325786360346452,433041.15711935953,16.1001407436532,0.272352481412521,0.206909264448163,0.33239554117587,False,0.0010581001562975638
2023,country,GHA,Ghana,12_23m,12-23 months,867191.1825762575,0.0042093924345957,0.0013368914332144,0.3175972433044972,3658.052505368747,1161.7873915682237,0.0030047793146402327,0.08865904041208152,0.000266400850686075,851010.0,0.5,0.003607085874617966,0.0008016461419502375,859100.5912881288,16.1001407436532,0.41547786661034,0.345763821512049,0.477763328203514,False,0.0014986643438665648
2023,country,GHA,Ghana,2_4y,2-4 years,2545786.304608252,0.0084781691256786,0.0033498995054923,0.3951206275593341,7225.207344071653,2854.8284600359016,0.006055668865483595,0.11030012515834067,0.0006679410337803073,2513388.0,0.5,0.007266918995581097,0.0020089202696363037,2529587.152304126,16.1001407436532,0.425363851122502,,,False,0.00309108464975564
2023,country,GIN,Guinea,0_27d,0-27 days,38643.54557589381,0.0261683492123167,0.0008417774326873,0.0321677697686447,13366.903721396784,429.98348142953256,0.030313362909921298,0.0321677697686447,0.000975113278999722,36317.655140313786,0.5,0.028240856061119,0.000908445355843511,37480.600358103795,24.6916965625587,0.0787422174767778,0.0242550938153605,0.130186694821441,False,0.002223747629695011
2023,country,GIN,Guinea,1_5m,1-5 months,210113.16095989896,0.0134517196194661,0.0022593610440738,0.1679607595154049,6721.699359657124,1128.9817296822214,0.017587297026969574,0.16180120564504444,0.0028456458630011826,197466.80089683653,0.5,0.015519508323217837,0.0025525034535374912,203789.98092836776,24.6916965625587,0.161252016572307,0.0927462746420952,0.224584964446966,False,0.002502552013329579
2023,country,GIN,Guinea,6_11m,6-11 months,241749.0131035271,0.011017218015605,0.0028212323024584,0.2560748365388024,5356.363758251079,1371.6299738365103,0.01440981665465878,0.2466839124023833,0.0035546699493722504,227198.54396284968,0.5,0.01271351733513189,0.003187951125915325,234473.7785331884,24.6916965625587,0.356220862820916,0.286304303915806,0.419288108726168,False,0.004528820114609354
2023,country,GIN,Guinea,12_23m,12-23 months,476659.3803707284,0.0123187702506204,0.0025724184284647,0.2088210410722732,5908.3242194517,1233.78241449843,0.013594041173012248,0.2011630353841562,0.002734618585500339,446910.0,0.5,0.012956405711816324,0.0026535185069825194,461784.6901853642,24.6916965625587,0.507709185471565,0.43937312502322,0.567715611066437,False,0.006578086190585398
2023,country,GIN,Guinea,2_4y,2-4 years,1375078.347543938,0.0203324456804632,0.0058434093908041,0.287393335884765,9415.617584475738,2705.985747017736,0.022427843500988164,0.2768538816725301,0.0062092355307926,1286677.0,0.5,0.02138014459072568,0.00602632246079835,1330877.673771969,24.6916965625587,0.507898347712049,,,False,0.010858940111474275
2023,country,GNB,Guinea-Bissau,0_27d,0-27 days,5389.807198310403,0.0319518388886799,0.000228862628811,0.0071627373187614,2283.1461715997934,16.35357628750511,0.032688153531600796,0.0071627373187614,0.00023413665718219925,4816.937594306346,0.5,0.032319996210140346,0.00023149964299659962,5103.372396308374,6.13055917330613,0.0189556619116441,-0.0008874429117693,0.0384053670457903,False,0.000612646921145039
2023,country,GNB,Guinea-Bissau,1_5m,1-5 months,29508.177594098655,0.0119888243203468,0.0006520701993076,0.0543898368917576,840.709462992856,45.726050565538614,0.006439755786938691,0.09233277198522005,0.0005946005027159115,26371.824587165152,0.5,0.009214290053642746,0.0006233353510117557,27940.001090631904,6.13055917330613,0.0484739543451798,0.0224730267483542,0.0737832915773461,False,0.0004466530753835228
2023,country,GNB,Guinea-Bissau,6_11m,6-11 months,34323.38791343568,0.0074138299835095,0.0006018073572449,0.0811736118286356,510.8314823066918,41.466036454609934,0.003978054752707415,0.13780119633574384,0.0005481807040121733,30675.237818528498,0.5,0.005695942368108458,0.0005749940306285367,32499.31286598209,6.13055917330613,0.12077309073459,0.0866992120941023,0.153575724215782,False,0.0006879165644425582
2023,country,GNB,Guinea-Bissau,12_23m,12-23 months,67710.18695675384,0.0073344976421911,0.0005129453782396,0.0699359933376927,498.4503909334769,34.85962321949399,0.008617162020297922,0.11872409434247852,0.0010230647566622734,60337.0,0.5,0.007975829831244511,0.0007680050674509368,64023.59347837692,6.13055917330613,0.200130053311731,0.158529526865926,0.239673937420315,False,0.0015962032493322584
2023,country,GNB,Guinea-Bissau,2_4y,2-4 years,196779.6062674051,0.0162314807282242,0.0017269497118917,0.1063950813118845,1073.4100731258327,114.20555201121888,0.019055051476840733,0.18061743414803108,0.0034416745053056238,175096.0,0.5,0.017643266102532466,0.002584312108598662,185937.80313370255,6.13055917330613,0.209235236764873,,,False,0.0036915929602690384
2023,country,LBR,Liberia,0_27d,0-27 days,12994.635900291169,0.031057384336544,0.0007340756279266,0.0236361059892233,5348.033812573071,126.40669402792751,0.0330966640925464,0.0236361059892233,0.0007822762603811477,12590.482420548213,0.5,0.0320770242145452,0.0007581759441538738,12792.55916041969,15.178311726852,0.0473418263229095,0.0041993602775249,0.0886151708772737,False,0.0015185849093207612
2023,country,LBR,Liberia,1_5m,1-5 months,71117.04488168759,0.0167023581420843,0.0028535790014525,0.1708488691942513,2829.530459592053,483.42207937199265,0.017793859926763717,0.2604055026477076,0.004633619038271808,68905.1936702715,0.5,0.01724810903442401,0.003743599019862154,70011.11927597955,15.178311726852,0.111224801994621,0.0563561582572022,0.162903080964731,False,0.001918417512135444
2023,country,LBR,Liberia,6_11m,6-11 months,82604.4514119882,0.0129147317315727,0.0035251665582606,0.2729570099890352,2147.5260643548245,586.1822933998133,0.0137604466669784,0.41603733008378463,0.0057248594920900064,80035.3239091803,0.5,0.013337589199275551,0.0046250130251753035,81319.88766058424,15.178311726852,0.26080968947285,0.196970676312508,0.319573645619617,False,0.0034785724973794944
2023,country,LBR,Liberia,12_23m,12-23 months,158908.1404822607,0.0121422206248116,0.0027244208020466,0.2243758276372838,1941.3075904233783,435.5824972997867,0.011925321924587484,0.34199055840077114,0.004078347504098632,156369.0,0.5,0.012033771274699543,0.003401384153072616,157638.57024113036,15.178311726852,0.400877971197491,0.332094639059857,0.462577744710446,False,0.004824073814456199
2023,country,LBR,Liberia,2_4y,2-4 years,438732.8768545179,0.0137585629595748,0.0047959549259598,0.3485796401885285,2026.08147052718,706.2507499890091,0.013512989214276645,0.53130030561013,0.007179455299251572,455032.0,0.5,0.013635776086925722,0.005987705112605686,446882.438427259,15.178311726852,0.411301898286726,,,False,0.005608420589165294
2023,country,MLI,Mali,0_27d,0-27 days,79050.41698232669,0.0314138720140247,0.0007259922045309,0.0231105609714963,32913.21230969022,760.6427998508993,0.028702697106136602,0.0231105609714963,0.0006633354315177604,70891.35560417993,0.5,0.030058284560080653,0.0006946638180243302,74970.88629325331,17.1533112244725,0.053730979509763,0.0070506210877112,0.0982168092794093,False,0.0016150610717963192
2023,country,MLI,Mali,1_5m,1-5 months,428554.9676105248,0.0116437809322109,0.0018764410528614,0.1611539296201019,11856.372616199527,1910.7010381407224,0.011318653403469721,0.10966982713512412,0.0012413147621609085,384322.35735844093,0.5,0.01148121716784031,0.001558877907511154,406438.66248448286,17.1533112244725,0.123080040446115,0.0639649884414994,0.17846169644486,False,0.001413108673388415
2023,country,MLI,Mali,6_11m,6-11 months,491199.6691949733,0.0101770178386493,0.0022917310517095,0.2251868954190277,10049.117794890726,2262.929637931549,0.009892641266414483,0.15324607939699603,0.0015160084889589533,440501.2870373791,0.5,0.01003482955253189,0.0019038697703342266,465850.4781161762,17.1533112244725,0.284913555680616,0.217949154349724,0.346144019032224,False,0.002859058968460786
2023,country,MLI,Mali,12_23m,12-23 months,955140.9913257096,0.0114008583359653,0.0023302584029663,0.2043932425346638,10951.977413401162,2238.5101756914646,0.008837745484747568,0.13909540790724842,0.0012292898131814058,856988.0,0.5,0.010119301910356433,0.0017797741080738528,906064.4956628548,17.1533112244725,0.430927544293685,0.36048700334376,0.493609259644659,False,0.004360685922196294
2023,country,MLI,Mali,2_4y,2-4 years,2646255.176643567,0.0252932560992871,0.0081022356220737,0.3203318540827198,22597.809616547427,7238.798252676954,0.01963807198704438,0.21799492662662057,0.004281000061904032,2405470.0,0.5,0.022465664043165738,0.006191617841988866,2525862.5883217836,17.1533112244725,0.440062105626373,,,False,0.00988628742313021
2023,country,MRT,Mauritania,0_27d,0-27 days,10367.177036391811,0.0215753968509366,0.0002640145388576,0.0122368334951919,2949.709246947629,36.09510091412618,0.0213088583698846,0.0122368334951919,0.0002607529518449041,12895.955655774751,0.5,0.0214421276104106,0.00026238374535125206,11631.56634608328,1.7175951233655,0.0053249260172426,-0.0003814602216043,0.0109987618288759,True,0.00011417774317771131
2023,country,MRT,Mauritania,1_5m,1-5 months,57051.62301068996,0.007926896659714,0.0004412420023325,0.0556639024417936,1072.5282209765812,59.70110625851092,0.006816657471326827,0.04412165524135063,0.0003007622108482592,70967.74732920941,0.5,0.007371777065520413,0.0003710021065903796,64009.685169949684,1.7175951233655,0.0139266813642107,0.0063089395226948,0.0214860247828443,False,0.00010266439027949898
2023,country,MRT,Mauritania,6_11m,6-11 months,66738.36652439117,0.0036018297299755,0.0003539599737337,0.0982722672279424,481.62835865297546,47.330710766100495,0.003096413373135333,0.07789491760753096,0.0002411948645792338,83017.29701501584,0.5,0.003349121551555417,0.0002975774191564669,74877.83176970351,1.7175951233655,0.0357404140827133,0.0251853370526673,0.0461812030789978,False,0.00011969899106592984
2023,country,MRT,Mauritania,12_23m,12-23 months,133347.42905373318,0.0033082799731079,0.0002485788523505,0.0751383964994285,441.8819673261733,33.202302466901514,0.0026793992971980264,0.05955799504359845,0.00015957965006234122,163064.0,0.5,0.002993839635152963,0.00020407925120642062,148205.7145268666,1.7175951233655,0.0614181283159944,0.0476586633392593,0.0749787960031884,False,0.00018387602686933456
2023,country,MRT,Mauritania,2_4y,2-4 years,398288.4977787719,0.0056499341618407,0.000584023970621,0.1033682789731358,752.2282901570335,77.75654374843722,0.004576944678050367,0.08193424046245316,0.00037500848583472404,469972.0,0.5,0.005113439419945534,0.00047951622822786205,434130.24888938596,1.7175951233655,0.0647119519943279,,,False,0.0003309006462694193
2023,country,NER,Niger,0_27d,0-27 days,95047.23833531256,0.0295108098074683,0.0007711138003033,0.0261298759788067,37139.94316269734,970.4621087012124,0.033244303793612505,0.0261298759788067,0.0008686695351288678,81313.18488544188,0.5,0.0313775568005404,0.0008198916677160839,88180.21161037721,19.0698596431844,0.0600278633748679,0.0105540967734762,0.107027868071999,False,0.0018835276926599963
2023,country,NER,Niger,1_5m,1-5 months,515377.7846219369,0.0144325770984766,0.0016020609460016,0.1110031101909514,17698.36298948934,1964.5733371217416,0.016786449580882906,0.15964893832370886,0.0026799388538124233,440907.1722733415,0.5,0.015609513339679753,0.0021409998999070115,478142.4784476392,19.0698596431844,0.133852853355915,0.0713976038720924,0.192107534109405,False,0.0020893779000133532
2023,country,NER,Niger,6_11m,6-11 months,588770.25704746,0.0154646017137966,0.002552237968515,0.1650374200221429,18352.47048716674,3028.8443802345187,0.017985250323665162,0.23736315896819735,0.004269035831658957,503694.6428412166,0.5,0.01672492601873088,0.003410636900086979,546232.4499443383,19.0698596431844,0.30605448436382,0.237148418082942,0.368736474975388,False,0.005118738608685716
2023,country,NER,Niger,12_23m,12-23 months,1134535.1674401828,0.0232967641166606,0.0046509398303623,0.1996388771879352,26743.743392777895,5339.09090273644,0.018455150311151716,0.2871283042102478,0.005298996012786219,962557.0,0.5,0.020875957213906157,0.00497496792157426,1048546.0837200914,19.0698596431844,0.455757595091945,0.384839699022053,0.51849982056836,False,0.00951437605505221
2023,country,NER,Niger,2_4y,2-4 years,3109102.875087791,0.0403761345235513,0.0112374315730966,0.2783186579324931,42712.72895640863,11887.749399781987,0.03204369227262344,0.4002885881140299,0.012826724337768889,2678680.0,0.5,0.03620991339808737,0.012032077955432745,2893891.4375438956,19.0698596431844,0.463152740066342,,,False,0.016770720607889113
2023,country,NGA,Nigeria,0_27d,0-27 days,636965.1054441202,0.0284703613959728,0.000615815448885,0.0216300538064862,239992.5117880868,5191.050943130098,0.039239418471115596,0.0216300538064862,0.0008487507328654589,554347.0356232376,0.5,0.0338548899335442,0.0007322830908752295,595656.0705336789,23.9095387529452,0.0761663152238427,0.0221647550858068,0.12718560558534,False,0.0025786022185468266
2023,country,NGA,Nigeria,1_5m,1-5 months,3471118.297161329,0.0118275095493313,0.0016825472877155,0.1422571066797935,97556.06913467096,13878.044134152204,0.016866853920825826,0.15371385073248506,0.0025926690659124514,3020894.1147369808,0.5,0.014347181735078563,0.002137608176813976,3246006.2059491547,23.9095387529452,0.157795025592833,0.0898834636654523,0.220639126311355,False,0.002263913909071748
2023,country,NGA,Nigeria,6_11m,6-11 months,4010234.536196798,0.0108651092140117,0.0028108036003454,0.2586999858888278,87620.14029866282,22667.329058841184,0.015497629906247975,0.27953451285157965,0.0043321224261971,3490083.849639781,0.5,0.013181369560129837,0.00357146301327125,3750159.1929182895,23.9095387529452,0.350180740787137,0.280132185484213,0.413413044549037,False,0.004615861757155284
2023,country,NGA,Nigeria,12_23m,12-23 months,7897235.532685672,0.0114713061386363,0.003132482219173,0.2730711029167413,91115.21665005632,24880.93270312871,0.015628839405797887,0.29506301465543044,0.004611492470640311,6806995.0,0.5,0.013550072772217092,0.0038719873449066552,7352115.2663428355,23.9095387529452,0.502032358244407,0.433158729787859,0.562537547516922,False,0.0068025749882194755
2023,country,NGA,Nigeria,2_4y,2-4 years,22766946.191069324,0.0258514831280293,0.0085485313629727,0.33067856573784,198766.86603461512,65727.94217653193,0.035127365044477395,0.35730992201796674,0.012551356064738868,19654304.0,0.5,0.030489424086253346,0.010549943713855784,21210625.09553466,23.9095387529452,0.503345855626794,,,False,0.015346725254263373
2023,country,STP,Sao Tome and Principe,0_27d,0-27 days,324.9188633834303,0.0114451496583868,2.9498073839196037e-05,0.002577342780099,48.78943750018878,0.1257471044862041,0.00666622599495649,0.002577342780099,1.7181149438609382e-05,486.515965600624,0.5,0.009055687826671644,2.3339611638902708e-05,405.71741449202716,0.65883859495774,0.0020452877592729,-0.0001499654578718,0.0042357225623259,True,1.8521487463688126e-05
2023,country,STP,Sao Tome and Principe,1_5m,1-5 months,1801.6934023092435,0.0067776614284674,0.0001516768990946,0.0223789430462739,28.943243220749583,0.6477191916116108,0.0014510652824455193,0.0,0.0,2697.7584379468694,0.5,0.00411436335545646,7.58384495473e-05,2249.7259201280567,0.65883859495774,0.0053679532507103,0.0024236288128571,0.0083035875805721,True,2.208571014852584e-05
2023,country,STP,Sao Tome and Principe,6_11m,6-11 months,2132.256380556491,0.0057215817089317,0.0001325588056035,0.0231682098320065,24.469828218639535,0.5669221147225948,0.0012244524456593022,0.0,0.0,3192.725596452506,0.5,0.003473017077295501,6.627940280175e-05,2662.4909885044985,0.65883859495774,0.0138724046081633,0.0097393475673758,0.0179882114830875,True,4.8179098107303945e-05
2023,country,STP,Sao Tome and Principe,12_23m,12-23 months,4326.610157812596,0.0051868211631496,5.036630339109696e-05,0.0097104376277575,22.499754807479786,0.21848246569787,0.002104577488730014,0.0,0.0,6251.0,0.5,0.003645699325939807,2.518315169554848e-05,5288.805078906298,0.65883859495774,0.0240422483953148,0.0185693794756252,0.029484598301652,True,8.765080876887657e-05
2023,country,STP,Sao Tome and Principe,2_4y,2-4 years,13629.153825992897,0.0062483614892617,6.649219482770921e-05,0.0106415409770995,28.475682748529177,0.3030251448193602,0.0025361066988336487,0.0,0.0,18022.0,0.5,0.004392234094047674,3.3246097413854604e-05,15825.576912996448,0.65883859495774,0.0253737814674496,,,True,0.00011144758805624716
2023,country,SEN,Senegal,0_27d,0-27 days,42704.42445428984,0.0221142327931591,0.0002354291344173,0.0106460457669654,12457.29736805976,132.62095791306243,0.0216557780504026,0.0106460457669654,0.00023054840424383084,40025.84929898875,0.5,0.02188500542178085,0.0002329887693305654,41365.1368766393,1.96541433106832,0.0060915494843317,-0.0004325183405811,0.0125730722497793,False,0.0001333135934916456
2023,country,SEN,Senegal,1_5m,1-5 months,233645.6258383721,0.0068810902187244,0.0004874582502827,0.0708402643750053,3810.868213792491,269.9629117633646,0.005432227413132205,0.06002119465702161,0.00032604877898481703,218990.5315123656,0.5,0.006156658815928303,0.0004067535146337585,226318.07867536886,1.96541433106832,0.0159169373933967,0.0072170981513569,0.0245405392196869,False,9.799515292563465e-05
2023,country,SEN,Senegal,6_11m,6-11 months,271258.9569792219,0.003909337139255,0.0004076540959712,0.1042770376281454,2125.041894054816,221.5930735477395,0.003085226500261488,0.08835134127400006,0.00027258389943219156,254244.61918864568,0.5,0.0034972818197582436,0.00034011899770169577,262751.78808393376,1.96541433106832,0.0407810179656556,0.0287635331847833,0.0526498057552255,False,0.00014262271272252164
2023,country,SEN,Senegal,12_23m,12-23 months,545476.9854121982,0.0038895364469754,0.0003406884103701,0.0875910060272163,2125.789468779969,186.20003817249935,0.003074382950032983,0.0742136815742722,0.0002281612772911194,496897.0,0.5,0.0034819596985041917,0.0002844248438306097,521186.9927060991,1.96541433106832,0.0699398101074284,0.0543315006153168,0.0852905036111045,False,0.00024352760011510182
2023,country,SEN,Senegal,2_4y,2-4 years,1615813.125006843,0.0068205726689433,0.0007906190583224,0.1159168147159246,3686.17553264308,427.2897262277626,0.005392809209427312,0.09821343499306918,0.000529646316720114,1441480.0,0.5,0.006106690939185306,0.0006601326875212571,1528646.5625034214,1.96541433106832,0.0736610323239036,,,False,0.000449825158663418
2023,country,SLE,Sierra Leone,0_27d,0-27 days,18819.256456272364,0.0283931767632653,0.0006066538354409,0.0213661838722386,7071.122298540543,151.082899213704,0.0288101383009271,0.0213661838722386,0.0006155627123222323,19141.759093831497,0.5,0.028601657532096203,0.0006111082738815662,18980.50777505193,29.4660442627939,0.0937092263499534,0.0370783767378139,0.147009531657845,False,0.002680239199659053
2023,country,SLE,Sierra Leone,1_5m,1-5 months,102833.27591165062,0.0219588618423074,0.0035116219461223,0.1599182130358221,5393.448388061066,862.5106283196609,0.014761930293163772,0.2342891661354798,0.003458560338935419,104595.51358493023,0.5,0.018360396067735586,0.0034850911425288594,103714.39474829042,29.4660442627939,0.180096925182598,0.108942781541714,0.245569152946041,False,0.0033066508769338423
2023,country,SLE,Sierra Leone,6_11m,6-11 months,119063.35729631578,0.0202301133411944,0.0056350168677544,0.2785459860118462,4866.725307414852,1355.6067994026755,0.013595831263325555,0.40808551792960557,0.005548261842777733,121103.72732123829,0.5,0.01691297230225998,0.005591639355266066,120083.54230877703,29.4660442627939,0.387664004021835,0.319281108852774,0.449177366976473,False,0.006556550562604496
2023,country,SLE,Sierra Leone,12_23m,12-23 months,225195.6934905805,0.015558429113508,0.0039873610623396,0.2562830111735206,3531.233246817551,904.99508965045,0.017083696387834104,0.37546900908080993,0.006414398554177483,235487.0,0.5,0.01632106275067105,0.005200879808258542,230341.34674529027,29.4660442627939,0.534179717719089,0.469129938990826,0.591258668888247,False,0.008718380693029
2023,country,SLE,Sierra Leone,2_4y,2-4 years,630790.3380401486,0.020965988527955,0.0087600975562219,0.4178242082190221,4455.250294663804,1861.5114267854692,0.02301515648142577,0.6121359379680148,0.014088404400238199,683408.0,0.5,0.021990572504690387,0.01142425097823005,657099.1690200743,29.4660442627939,0.52721180312903,,,False,0.01159368938203749
2023,country,TGO,Togo,0_27d,0-27 days,17726.51459272622,0.0230039928057451,0.0003526989690731,0.0153320761335404,5381.490446016425,82.50942123024423,0.0230068646442098,0.0153320761335404,0.0003527430003190835,21480.46420842505,0.5,0.023005428724977448,0.00035272098469609175,19603.489400575636,24.9833499971076,0.0796965967071726,0.0250409259620252,0.131288300539094,False,0.0018334543751701317
2023,country,TGO,Togo,1_5m,1-5 months,97561.01636217214,0.0087059309716458,0.0009059150838633,0.1040572325709633,2015.1130238119356,209.6870845755758,0.006938647077993363,0.11115176562531065,0.0007712428737698648,118221.54373004196,0.5,0.00782228902481958,0.0008385789788165825,107891.28004610704,24.9833499971076,0.162513307249156,0.0938007022893251,0.226015775661437,False,0.0012712260596822052
2023,country,TGO,Togo,6_11m,6-11 months,114233.68778102809,0.0077150207163445,0.0013986636851289,0.1812909824293523,1769.4650761270918,320.78806202550925,0.0061482651651373465,0.1936512464448595,0.0011906192127023572,138424.992061533,0.5,0.006931642940740923,0.0012946414489156286,126329.33992128054,24.9833499971076,0.358403667490559,0.288549719287092,0.421398985917785,False,0.0024843262516965905
2023,country,TGO,Togo,12_23m,12-23 months,228234.35946838296,0.0075401297396135,0.0014037181054234,0.186166306668266,1727.43744791653,321.5906496790756,0.007294740267377254,0.19885896611760379,0.0014506245076670934,272423.0,0.5,0.007417435003495378,0.0014271713065452467,250328.67973419148,24.9833499971076,0.509717336045734,0.441586507510849,0.569535668805922,False,0.0037807952102740434
2023,country,TGO,Togo,2_4y,2-4 years,684020.3844797038,0.0163402436743203,0.0043053043851031,0.26347859131802,3756.461608297874,989.7472128945478,0.015810749833449843,0.28144233616337516,0.004449814369620818,791670.0,0.5,0.01607549675388507,0.004377559377361959,737845.1922398519,24.9833499971076,0.509481218611521,,,False,0.008190163675954916
2023,nigeria_state,NGA,Abia,0_27d,0-27 days,11345.997665582474,0.0231010289584407,0.0007488572022274,0.0324166167478778,3459.1667425758665,112.13448256108688,,,,,1.0,0.0231010289584407,0.0007488572022274,11345.997665582474,19.5275436741584,0.0615469395680528,0.0115015090847767,0.109058683722746,False,0.0014217976332649876
2023,nigeria_state,NGA,Abia,1_5m,1-5 months,62103.36611143962,0.0098051857074946,0.0024594455980974,0.2508311082999194,1445.5043237721068,362.57745158408306,,,,,1.0,0.0098051857074946,0.0024594455980974,62103.36611143962,19.5275436741584,0.136314554096467,0.0731753883761932,0.19515241599091,False,0.0013365895175501779
2023,nigeria_state,NGA,Abia,6_11m,6-11 months,71883.27091778947,0.0146619181890732,0.0063215895641764,0.431157061624281,2123.4988806843767,915.5615377583256,,,,,1.0,0.0146619181890732,0.0063215895641764,71883.27091778947,19.5275436741584,0.310775419455918,0.241557306973609,0.373676446758731,False,0.004556563775237578
2023,nigeria_state,NGA,Abia,12_23m,12-23 months,142311.48381079003,0.0145909256242345,0.0055392674624173,0.3796378382751103,2091.75397269227,794.1089563962676,,,,,1.0,0.0145909256242345,0.0055392674624173,142311.48381079003,19.5275436741584,0.46107986991108,0.390192694573751,0.523726751006948,False,0.006727582088704287
2023,nigeria_state,NGA,Abia,2_4y,2-4 years,418396.25950797595,0.0227335920500041,0.0102373757995301,0.4503193238011964,3207.1446369250357,1444.2392042327156,,,,,1.0,0.0227335920500041,0.0102373757995301,418396.25950797595,19.5275436741584,0.467990421291607,,,False,0.010639103320952945
2023,nigeria_state,NGA,Adamawa,0_27d,0-27 days,8793.059746385232,0.033172745461127,0.0006977531642765,0.0210339287441297,3869.533379691225,81.39148938145692,,,,,1.0,0.033172745461127,0.0006977531642765,8793.059746385232,26.7365615638754,0.0853430568624222,0.0297949804125752,0.137710786133082,False,0.00283106350217162
2023,nigeria_state,NGA,Adamawa,1_5m,1-5 months,48434.6233350225,0.0137025493270607,0.001980946576613,0.144567739136023,1578.5575245109808,228.20849241470984,,,,,1.0,0.0137025493270607,0.001980946576613,48434.6233350225,26.7365615638754,0.169785736011112,0.0999727102249174,0.234183527587418,False,0.0023264974227235682
2023,nigeria_state,NGA,Adamawa,6_11m,6-11 months,56796.96057493932,0.0130883326365014,0.0034599490633629,0.2643536926708005,1496.5703357549487,395.6238945984005,,,,,1.0,0.0130883326365014,0.0034599490633629,56796.96057493932,26.7365615638754,0.370770464691631,0.301407559527584,0.433246360586665,False,0.004852767173674264
2023,nigeria_state,NGA,Adamawa,12_23m,12-23 months,112331.9426040165,0.0120848564650897,0.0034606229755134,0.2863602878122983,1365.7847825851736,391.10652343074753,,,,,1.0,0.0120848564650897,0.0034606229755134,112331.9426040165,26.7365615638754,0.520636714687173,0.45375529030733,0.579329272707847,False,0.006291819967450344
2023,nigeria_state,NGA,Adamawa,2_4y,2-4 years,336468.2680529904,0.0209619617095746,0.0080718521872492,0.3850714116876902,2376.0024124715624,914.9306031437822,,,,,1.0,0.0209619617095746,0.0080718521872492,336468.2680529904,26.7365615638754,0.517794037317679,,,False,0.01085397878369923
2023,nigeria_state,NGA,Akwa Ibom,0_27d,0-27 days,4303.062801901999,0.0241701895861302,0.0009419460775414,0.0389713979770322,1373.3842465338123,53.52270404705575,,,,,1.0,0.0241701895861302,0.0009419460775414,4303.062801901999,22.9878143017704,0.0731064201857495,0.0197475653830641,0.123560750311619,False,0.0017669960358528613
2023,nigeria_state,NGA,Akwa Ibom,1_5m,1-5 months,24046.82151974386,0.0092634233012396,0.0025262270873121,0.2727098832862413,528.6388009166303,144.16502569855282,,,,,1.0,0.0092634233012396,0.0025262270873121,24046.82151974386,22.9878143017704,0.153579319594752,0.0864504621035866,0.21577545770822,False,0.001422670247722549
2023,nigeria_state,NGA,Akwa Ibom,6_11m,6-11 months,28907.06164886072,0.0074572414582193,0.0032300009157638,0.4331361581706227,432.74944865349886,187.43943364023167,,,,,1.0,0.0074572414582193,0.0032300009157638,28907.06164886072,22.9878143017704,0.342701355406813,0.272578084488479,0.406064762456007,False,0.0025556067553276327
2023,nigeria_state,NGA,Akwa Ibom,12_23m,12-23 months,57050.10681827255,0.0077947878918637,0.0033508708574592,0.4298860859263255,446.43568685824334,191.91649004132097,,,,,1.0,0.0077947878918637,0.0033508708574592,57050.10681827255,22.9878143017704,0.494767261984877,0.425298441806806,0.555838824650535,False,0.0038566058630102747
2023,nigeria_state,NGA,Akwa Ibom,2_4y,2-4 years,172653.42792294166,0.0102319743524335,0.0049905883638599,0.4877444168605616,591.8951339162418,288.6935469345814,,,,,1.0,0.0102319743524335,0.0049905883638599,172653.42792294166,22.9878143017704,0.497369232322199,,,False,0.005089069228810279
2023,nigeria_state,NGA,Anambra,0_27d,0-27 days,13419.360433504791,0.0145981803778546,0.0006846433330562,0.0468992241043138,2574.2584287141085,120.73072295068182,,,,,1.0,0.0145981803778546,0.0006846433330562,13419.360433504791,17.507404925796,0.0548867922886512,0.0076420357846128,0.0998822928814008,False,0.0008012472941915692
2023,nigeria_state,NGA,Anambra,1_5m,1-5 months,74314.56621868604,0.0092989225765888,0.0025039610189176,0.2692743162763431,1640.0013056351347,441.6102302672109,,,,,1.0,0.0092989225765888,0.0025039610189176,74314.56621868604,17.507404925796,0.125125896284423,0.065335527490562,0.181091482703805,False,0.0011635360218751297
2023,nigeria_state,NGA,Anambra,6_11m,6-11 months,87567.93625192916,0.0092010952062077,0.0037767736687903,0.4104700129873914,1618.9011429239583,664.5103731613,,,,,1.0,0.0092010952062077,0.0037767736687903,87567.93625192916,17.507404925796,0.288986545050477,0.22158408613435,0.350552674843553,False,0.0026589927143224694
2023,nigeria_state,NGA,Anambra,12_23m,12-23 months,174416.58947951728,0.0076932952410659,0.0031478978496604,0.4091741901256166,1347.026523707866,551.1684869158908,,,,,1.0,0.0076932952410659,0.0031478978496604,174416.58947951728,17.507404925796,0.435831589474402,0.365223480691381,0.498585745134921,False,0.0033529810932096038
2023,nigeria_state,NGA,Anambra,2_4y,2-4 years,528209.2832966975,0.0104501387130288,0.0043956798559854,0.4206336371884756,1849.634817907654,778.0186209269403,,,,,1.0,0.0104501387130288,0.0043956798559854,528209.2832966975,17.507404925796,0.444680943960133,,,False,0.004646977547423977
2023,nigeria_state,NGA,Bauchi,0_27d,0-27 days,25284.24571425157,0.0336805609050773,0.000379892225945,0.0112792725458361,11300.038219396853,127.45621085494189,,,,,1.0,0.0336805609050773,0.000379892225945,25284.24571425157,26.4390565044287,0.0843973529550052,0.0289876575367018,0.136645158238565,False,0.0028425501864283585
2023,nigeria_state,NGA,Bauchi,1_5m,1-5 months,137293.88889261527,0.0120573418594652,0.0010732660897886,0.0890134908919472,3934.0942606788503,350.1874636409988,,,,,1.0,0.0120573418594652,0.0010732660897886,137293.88889261527,26.4390565044287,0.168588455838958,0.0989465847289304,0.232847749035725,False,0.0020327286456096687
2023,nigeria_state,NGA,Bauchi,6_11m,6-11 months,157665.67601124092,0.0094194276338563,0.0016346695239654,0.1735423411598703,2984.3183062258126,517.9055856286863,,,,,1.0,0.0094194276338563,0.0016346695239654,157665.67601124092,26.4390565044287,0.368760176276349,0.299302696387553,0.431332598255502,False,0.003473509794683162
2023,nigeria_state,NGA,Bauchi,12_23m,12-23 months,306587.54795430857,0.0141014010287846,0.0029707105817213,0.2106677610017127,4354.085984382895,917.2655455388827,,,,,1.0,0.0141014010287846,0.0029707105817213,306587.54795430857,26.4390565044287,0.518916472666982,0.451823700842171,0.577797579671458,False,0.007317449281519456
2023,nigeria_state,NGA,Bauchi,2_4y,2-4 years,853135.5733397341,0.0342981130352379,0.0098211072323421,0.2863454097970896,9924.83837929798,2841.9319128899633,,,,,1.0,0.0342981130352379,0.0098211072323421,853135.5733397341,26.4390565044287,0.516520782431934,,,False,0.017715688180899997
2023,nigeria_state,NGA,Bayelsa,0_27d,0-27 days,1460.80512938302,0.0266712771533585,0.0006274853427837,0.0235266327583673,515.1400273848707,12.119510243419176,,,,,1.0,0.0266712771533585,0.0006274853427837,1460.80512938302,21.6685063526171,0.0686992485696919,0.0164170817286474,0.118202366569182,False,0.00183229669882972
2023,nigeria_state,NGA,Bayelsa,1_5m,1-5 months,8164.679425891277,0.0128077794188926,0.0019073177813969,0.1489186937888264,248.61058746676284,37.0227639476231,,,,,1.0,0.0128077794188926,0.0019073177813969,8164.679425891277,21.6685063526171,0.147270402203727,0.081444769095591,0.208378829608488,False,0.00188620682635693
2023,nigeria_state,NGA,Bayelsa,6_11m,6-11 months,9846.146202272696,0.0119899384205989,0.0034470828516343,0.2874979612666032,237.53625869554975,68.291190101867,,,,,1.0,0.0119899384205989,0.0034470828516343,9846.146202272696,21.6685063526171,0.331275777667224,0.26124115906438,0.394671087836704,False,0.003971976174466028
2023,nigeria_state,NGA,Bayelsa,12_23m,12-23 months,19327.97583135474,0.0096667906393795,0.002470930316778,0.2556102029056259,187.7484273664505,47.990413614350594,,,,,1.0,0.0096667906393795,0.002470930316778,19327.97583135474,21.6685063526171,0.483191998874681,0.412990171682105,0.544998231473384,False,0.004670915891744836
2023,nigeria_state,NGA,Bayelsa,2_4y,2-4 years,57907.18053532358,0.0169923001198918,0.0056916851931678,0.3349567246934926,330.81070918456413,110.8072716419931,,,,,1.0,0.0169923001198918,0.0056916851931678,57907.18053532358,21.6685063526171,0.487550523781036,,,False,0.008284604823697809
2023,nigeria_state,NGA,Benue,0_27d,0-27 days,25456.890923240506,0.030188355546378,0.000749983068961,0.0248434555439368,10179.262431146775,252.88805367826103,,,,,1.0,0.030188355546378,0.000749983068961,25456.890923240506,29.0999744175842,0.0926241299169782,0.0361221063361729,0.145814034099972,False,0.002796170166107645
2023,nigeria_state,NGA,Benue,1_5m,1-5 months,139711.8899700517,0.0125844913845743,0.0022566037160547,0.1793162430720703,4179.522553337805,749.4562820995219,,,,,1.0,0.0125844913845743,0.0022566037160547,139711.8899700517,29.0999744175842,0.17878281517766,0.107787953138922,0.244128492749957,False,0.0022498907973132016
2023,nigeria_state,NGA,Benue,6_11m,6-11 months,162620.66217352613,0.0097160924935548,0.0031227031284048,0.3213949569208253,3175.5267494617096,1020.5982828441748,,,,,1.0,0.0097160924935548,0.0031227031284048,162620.66217352613,29.0999744175842,0.385552741464726,0.317031704147725,0.447199180672983,False,0.003746066097214899
2023,nigeria_state,NGA,Benue,12_23m,12-23 months,323934.1160535547,0.0074770459673084,0.0024827004197643,0.3320429526071279,2431.1706324067345,807.2530750760707,,,,,1.0,0.0074770459673084,0.0024827004197643,323934.1160535547,29.0999744175842,0.532581003444913,0.467301141591287,0.589861110284311,False,0.003982132644072847
2023,nigeria_state,NGA,Benue,2_4y,2-4 years,961519.1176389012,0.0120792709725789,0.0049800055265918,0.4122769940252924,3895.0556874595495,1605.841850386942,,,,,1.0,0.0120792709725789,0.0049800055265918,961519.1176389012,29.0999744175842,0.526164929274805,,,False,0.0063556887569781815
2023,nigeria_state,NGA,Borno,0_27d,0-27 days,13903.109280953526,0.0232926755707616,0.0006254383720815,0.0268512893755575,4274.361345667681,114.77211338822052,,,,,1.0,0.0232926755707616,0.0006254383720815,13903.109280953526,21.1840391625138,0.0670777579838172,0.0152441936404905,0.116183013059828,False,0.0015624204547311177
2023,nigeria_state,NGA,Borno,1_5m,1-5 months,75909.7868195565,0.0126411413526776,0.0016291238205417,0.1288747412192036,2281.1514990844908,293.98280912631225,,,,,1.0,0.0126411413526776,0.0016291238205417,75909.7868195565,21.1840391625138,0.144870352273535,0.079585362262964,0.205524679378571,False,0.0018313266009019548
2023,nigeria_state,NGA,Borno,6_11m,6-11 months,88033.74831923073,0.0091845766277343,0.0023927319157016,0.260516299518517,1624.5774154599994,423.22889655699544,,,,,1.0,0.0091845766277343,0.0023927319157016,88033.74831923073,21.1840391625138,0.326856274446872,0.256924832162127,0.39020640863293,False,0.0030020364989130485
2023,nigeria_state,NGA,Borno,12_23m,12-23 months,173060.65816864482,0.0097244551646075,0.0028523677108115,0.2933190253365344,1691.1567925462127,496.0484620809149,,,,,1.0,0.0097244551646075,0.0028523677108115,173060.65816864482,21.1840391625138,0.478566875700487,0.408145264775972,0.54060939799048,False,0.0046538021260156765
2023,nigeria_state,NGA,Borno,2_4y,2-4 years,506147.53418376774,0.0187456680567093,0.0067230520766515,0.358645637824854,3192.7103454058138,1145.051638218078,,,,,1.0,0.0187456680567093,0.0067230520766515,506147.53418376774,21.1840391625138,0.483539005079806,,,False,0.009064261681697517
2023,nigeria_state,NGA,Cross River,0_27d,0-27 days,4355.203565090873,0.019552258274697,0.0008573375834343,0.0438485197663228,1121.8073907630596,49.189593547881024,,,,,1.0,0.019552258274697,0.0008573375834343,4355.203565090873,27.2590319911498,0.086989630920095,0.0312096489836693,0.139557972297174,False,0.0017008437309702655
2023,nigeria_state,NGA,Cross River,1_5m,1-5 months,24228.179225795953,0.0115273716322686,0.0028894300878106,0.2506581881790131,663.5548499577168,166.32545644779816,,,,,1.0,0.0115273716322686,0.0028894300878106,24228.179225795953,27.2590319911498,0.171852737943623,0.101752565799844,0.236482219109071,False,0.0019810103762990094
2023,nigeria_state,NGA,Cross River,6_11m,6-11 months,28925.665223984935,0.0088843116517905,0.0033977945124494,0.3824488205301336,516.2659941162871,197.4453205295909,,,,,1.0,0.0088843116517905,0.0033977945124494,28925.665223984935,27.2590319911498,0.374217199867363,0.305028519142637,0.436517722340584,False,0.003324662229082028
2023,nigeria_state,NGA,Cross River,12_23m,12-23 months,57164.59827837752,0.008553569940327,0.0032268264839138,0.3772490908971792,491.06457395119855,185.25366409490027,,,,,1.0,0.008553569940327,0.0032268264839138,57164.59827837752,27.2590319911498,0.523534484899744,0.457020709909344,0.58190046798682,False,0.00447808883276303
2023,nigeria_state,NGA,Cross River,2_4y,2-4 years,172865.22182667084,0.0110459607087086,0.0045417127904289,0.4111650321957264,640.0288936009342,263.1575006436233,,,,,1.0,0.0110459607087086,0.0045417127904289,172865.22182667084,27.2590319911498,0.519903922924132,,,False,0.005742838304923426
2023,nigeria_state,NGA,Delta,0_27d,0-27 days,9242.482303070596,0.0272753638570947,0.0010374447716675,0.0380359645100626,3334.130370043456,126.816864426895,,,,,1.0,0.0272753638570947,0.0010374447716675,9242.482303070596,16.0201765328144,0.0500537782581759,0.0053235609546169,0.0927724948751961,False,0.0013652350144140834
2023,nigeria_state,NGA,Delta,1_5m,1-5 months,50880.00544262539,0.0108703503397393,0.0019902680647736,0.1830914370347084,1313.6281013151058,240.51405679895836,,,,,1.0,0.0108703503397393,0.0019902680647736,50880.00544262539,16.0201765328144,0.116368956226307,0.0595913371887279,0.169718599585802,False,0.001264971322849744
2023,nigeria_state,NGA,Delta,6_11m,6-11 months,60093.61273156896,0.0132049759052202,0.0040230550662693,0.3046620527856399,1597.6411928999014,486.74064544378257,,,,,1.0,0.0132049759052202,0.0040230550662693,60093.61273156896,16.0201765328144,0.271371456029604,0.20605723540633,0.331312559589698,False,0.0035834535382354435
2023,nigeria_state,NGA,Delta,12_23m,12-23 months,118701.31368936576,0.0097011120482415,0.0030522724305679,0.3146311902583558,1157.1567173052829,364.0775952812129,,,,,1.0,0.0097011120482415,0.0030522724305679,118701.31368936576,16.0201765328144,0.414251512717608,0.344607038112792,0.476495308454871,False,0.004018700341027055
2023,nigeria_state,NGA,Delta,2_4y,2-4 years,355346.80430242565,0.0138033696505903,0.0057392848284279,0.4157886786856034,1646.3835747259952,684.547651145002,,,,,1.0,0.0138033696505903,0.0057392848284279,355346.80430242565,16.0201765328144,0.424188610153618,,,False,0.0058552321875205305
2023,nigeria_state,NGA,Ebonyi,0_27d,0-27 days,7101.073032811157,0.0292123983624453,0.0007638319792328,0.0261475271477456,2746.283520317958,71.80852290292039,,,,,1.0,0.0292123983624453,0.0007638319792328,7101.073032811157,20.9617781571196,0.0663339717177052,0.014716753884665,0.115247056310555,False,0.0019377744067807844
2023,nigeria_state,NGA,Ebonyi,1_5m,1-5 months,39251.33781684636,0.0129197848014671,0.0020456638627512,0.1583357535892475,1205.7047499021005,190.90617018188428,,,,,1.0,0.0129197848014671,0.0020456638627512,39251.33781684636,20.9617781571196,0.143754002324837,0.0787293477472002,0.2041891199487,False,0.0018572707743864953
2023,nigeria_state,NGA,Ebonyi,6_11m,6-11 months,46167.56527497405,0.0147956434720768,0.0039922572539526,0.2698265378918477,1376.3650709725066,371.3798219757788,,,,,1.0,0.0147956434720768,0.0039922572539526,46167.56527497405,20.9617781571196,0.324786930202607,0.254917367398218,0.388104527368728,False,0.004805431623668066
2023,nigeria_state,NGA,Ebonyi,12_23m,12-23 months,90894.0234076902,0.0128494946621866,0.0039542604424276,0.3077366500695291,1175.5109079403728,361.747788929761,,,,,1.0,0.0128494946621866,0.0039542604424276,90894.0234076902,20.9617781571196,0.476373837523962,0.40586238252073,0.538517087686426,False,0.006121163082469496
2023,nigeria_state,NGA,Ebonyi,2_4y,2-4 years,270306.2396207431,0.0255208823730527,0.0057694799964214,0.2260689858636451,2329.3360046514895,526.5906283072371,,,,,1.0,0.0255208823730527,0.0057694799964214,270306.2396207431,20.9617781571196,0.481621028328574,,,False,0.01229139361236222
2023,nigeria_state,NGA,Edo,0_27d,0-27 days,7691.225379299915,0.0273739474507088,0.0005467723178581,0.0199741859972023,2784.6990772458607,55.62209731514651,,,,,1.0,0.0273739474507088,0.0005467723178581,7691.225379299915,22.5798567611091,0.0717460479308155,0.0186990226836605,0.121925464816601,False,0.0019639725458541783
2023,nigeria_state,NGA,Edo,1_5m,1-5 months,42487.62607122309,0.0080145050204621,0.0017667379223886,0.2204425498365628,807.5991457257824,178.02921492962136,,,,,1.0,0.0080145050204621,0.0017667379223886,42487.62607122309,22.5798567611091,0.151663458355682,0.0849129737819597,0.21354486811666,False,0.0012155075484122583
2023,nigeria_state,NGA,Edo,6_11m,6-11 months,50127.56055499985,0.008980896987974,0.0036681005486536,0.4084336512895564,904.44840075683,369.407162724112,,,,,1.0,0.008980896987974,0.0036681005486536,50127.56055499985,22.5798567611091,0.339261117143128,0.269138106531623,0.40265613076756,False,0.003046869145087413
2023,nigeria_state,NGA,Edo,12_23m,12-23 months,98005.28363677658,0.0090300634928059,0.0034897010444349,0.3864536553054235,889.0139284139069,343.56268225298845,,,,,1.0,0.0090300634928059,0.0034897010444349,98005.28363677658,22.5798567611091,0.491341277949652,0.421628036764069,0.552651732856646,False,0.004436842936521749
2023,nigeria_state,NGA,Edo,2_4y,2-4 years,282793.5359641571,0.0145944867483892,0.0064743673865525,0.4436173397647628,1385.88005554971,614.8004234760041,,,,,1.0,0.0145944867483892,0.0064743673865525,282793.5359641571,22.5798567611091,0.494498541622216,,,False,0.0072169524128032165
2023,nigeria_state,NGA,Ekiti,0_27d,0-27 days,3300.281833327456,0.0273709352086489,0.0011326219251452,0.0413804612999596,1194.7727253943976,49.44024652543024,,,,,1.0,0.0273709352086489,0.0011326219251452,3300.281833327456,23.2271470354517,0.0739029867672877,0.0203692974623985,0.12451123091905,False,0.0020227938625330686
2023,nigeria_state,NGA,Ekiti,1_5m,1-5 months,18330.912253106264,0.0106611478378436,0.0028695355305764,0.2691582158152318,464.1132262655401,124.91988791788376,,,,,1.0,0.0106611478378436,0.0028695355305764,18330.912253106264,23.2271470354517,0.154688915310336,0.0873475359073527,0.217061413832244,False,0.0016491613949991602
2023,nigeria_state,NGA,Ekiti,6_11m,6-11 months,21903.551333100604,0.0108446433617865,0.0047721827873544,0.4400497672583907,477.6671771675187,210.19733013953905,,,,,1.0,0.0108446433617865,0.0047721827873544,21903.551333100604,23.2271470354517,0.344682056583469,0.274568673695063,0.408018937986757,False,0.0037379539768548358
2023,nigeria_state,NGA,Ekiti,12_23m,12-23 months,43182.44186050728,0.0113089938844755,0.0043496121767895,0.3846153089498492,491.1323414312824,188.89701723485553,,,,,1.0,0.0113089938844755,0.0043496121767895,43182.44186050728,23.2271470354517,0.496715939879984,0.427396506887895,0.55764355576277,False,0.005617357526424239
2023,nigeria_state,NGA,Ekiti,2_4y,2-4 years,128394.76408808198,0.018337162025072,0.0083639083775122,0.456117929594362,792.0832106588872,361.28335411218654,,,,,1.0,0.018337162025072,0.0083639083775122,128394.76408808198,23.2271470354517,0.498987633959045,,,False,0.009150017092414328
2023,nigeria_state,NGA,Enugu,0_27d,0-27 days,9027.358827119397,0.0153911944339146,0.0006430463102557,0.0417801433811233,1826.5392625325912,76.31307227986301,,,,,1.0,0.0153911944339146,0.0006430463102557,9027.358827119397,17.8251220045796,0.0559267087036897,0.0081940383393889,0.101362147645533,False,0.0008607788477073922
2023,nigeria_state,NGA,Enugu,1_5m,1-5 months,49653.836846668586,0.0085243058053057,0.0020229394896949,0.2373142794144928,1004.1069753957564,238.2889233211098,,,,,1.0,0.0085243058053057,0.0020229394896949,49653.836846668586,17.8251220045796,0.126940414436189,0.0665665417543617,0.183409344060317,False,0.0010820789117063174
2023,nigeria_state,NGA,Enugu,6_11m,6-11 months,58203.59235323539,0.0090728322962184,0.0037610475249717,0.4145395177798362,1060.9631463516214,439.8111510707789,,,,,1.0,0.0090728322962184,0.0037610475249717,58203.59235323539,17.8251220045796,0.292576689979337,0.224812157505095,0.354417455838931,False,0.0026544992419652073
2023,nigeria_state,NGA,Enugu,12_23m,12-23 months,116725.52130545824,0.0114890698358645,0.0043817584031009,0.3813849568067485,1348.830995512867,514.4238509632785,,,,,1.0,0.0114890698358645,0.0043817584031009,116725.52130545824,17.8251220045796,0.440108755162043,0.369381874572572,0.502903273143752,False,0.005056440223432103
2023,nigeria_state,NGA,Enugu,2_4y,2-4 years,357593.4967699138,0.0106540359057192,0.0040566939134764,0.3807659322134181,1276.7514040102972,486.1434385527712,,,,,1.0,0.0106540359057192,0.0040566939134764,357593.4967699138,17.8251220045796,0.448688266132726,,,False,0.004780340897852955
2023,nigeria_state,NGA,Federal Capital Territory,0_27d,0-27 days,16834.89592266279,0.027133476555947,0.0008083682345167,0.0297922838177375,6040.9848817437605,179.9747361355716,,,,,1.0,0.027133476555947,0.0008083682345167,16834.89592266279,21.3405460963516,0.0676015847105954,0.0156197165021948,0.116838462321628,False,0.0018342660138898053
2023,nigeria_state,NGA,Federal Capital Territory,1_5m,1-5 months,91694.9016478125,0.0111423366312815,0.0019868510879911,0.1783154784978515,2426.9610839069433,432.7647269725311,,,,,1.0,0.0111423366312815,0.0019868510879911,91694.9016478125,21.3405460963516,0.145650658953472,0.0801870665337291,0.206455171492321,False,0.00162288867262756
2023,nigeria_state,NGA,Federal Capital Territory,6_11m,6-11 months,104949.97625768288,0.0110915161716918,0.0035226629254029,0.3175997646195186,2341.1161161165182,743.5379274255678,,,,,1.0,0.0110915161716918,0.0035226629254029,104949.97625768288,21.3405460963516,0.328297552062857,0.258328143685055,0.391666038392647,False,0.003641317607832009
2023,nigeria_state,NGA,Federal Capital Territory,12_23m,12-23 months,206064.18488304343,0.0093521426793275,0.0029872647200471,0.3194203534394655,1936.209691310323,618.4647839312618,,,,,1.0,0.0093521426793275,0.0029872647200471,206064.18488304343,21.3405460963516,0.480084027150599,0.40972996329278,0.542052616575528,False,0.004489814319978539
2023,nigeria_state,NGA,Federal Capital Territory,2_4y,2-4 years,593379.8044772097,0.0179586585578408,0.006974530304263,0.3883658838882429,3584.384344520362,1392.0525941548306,,,,,1.0,0.0179586585578408,0.006974530304263,593379.8044772097,21.3405460963516,0.48485998673844,,,False,0.008707434950194862
2023,nigeria_state,NGA,Gombe,0_27d,0-27 days,11159.157699835225,0.0300575818779732,0.0005243776939874,0.0174457711241127,4442.503892450976,77.5029061256798,,,,,1.0,0.0300575818779732,0.0005243776939874,11159.157699835225,27.1584886647004,0.0866742375364553,0.0309378337282518,0.139204916451463,False,0.0026052179914629035
2023,nigeria_state,NGA,Gombe,1_5m,1-5 months,60875.93425914441,0.0150684468947492,0.0014587946804694,0.0968112168864421,2183.3202678127477,211.3698919797848,,,,,1.0,0.0150684468947492,0.0014587946804694,60875.93425914441,27.1584886647004,0.171458472177309,0.101412284118536,0.236044460441617,False,0.0025836128826586136
2023,nigeria_state,NGA,Gombe,6_11m,6-11 months,70335.15980192441,0.011352468566033,0.0021774142547064,0.1918009499027641,1606.0892682665185,308.0494472821536,,,,,1.0,0.011352468566033,0.0021774142547064,70335.15980192441,27.1584886647004,0.37356209198589,0.30433916252039,0.435896874662581,False,0.004240851906731344
2023,nigeria_state,NGA,Gombe,12_23m,12-23 months,137956.16446901142,0.0139829092321579,0.0031235456463865,0.2233831025093811,1942.6422969186824,433.9534633516455,,,,,1.0,0.0139829092321579,0.0031235456463865,137956.16446901142,27.1584886647004,0.522988809492046,0.456404710424535,0.581417131028639,False,0.007312905052561599
2023,nigeria_state,NGA,Gombe,2_4y,2-4 years,393524.9246238383,0.0351060406707456,0.0105058169122953,0.2992595209134465,4687.809310051024,1402.871568259464,,,,,1.0,0.0351060406707456,0.0105058169122953,393524.9246238383,27.1584886647004,0.519510100384691,,,False,0.018237942712968094
2023,nigeria_state,NGA,Imo,0_27d,0-27 days,25644.33174096565,0.0173553354548395,0.0007149465966989,0.0411946285082918,5856.697527240146,241.26447892008943,,,,,1.0,0.0173553354548395,0.0007149465966989,25644.33174096565,21.9533955469033,0.0696524551996149,0.0171205208330028,0.11937671661467,False,0.0012088417252424963
2023,nigeria_state,NGA,Imo,1_5m,1-5 months,140255.43930691978,0.0089845751623466,0.0027436833195069,0.3053770790415762,2990.102595438007,913.1087966294943,,,,,1.0,0.0089845751623466,0.0027436833195069,140255.43930691978,21.9533955469033,0.14866063675773,0.0825334495641025,0.210021650313678,False,0.001335652664632131
2023,nigeria_state,NGA,Imo,6_11m,6-11 months,161896.89496341624,0.010702439318427,0.0053249056074416,0.4975413033431927,3484.060798189459,1733.4641504581075,,,,,1.0,0.010702439318427,0.0053249056074416,161896.89496341624,21.9533955469033,0.333817411385607,0.263741118730562,0.397223921281891,False,0.003572660588788841
2023,nigeria_state,NGA,Imo,12_23m,12-23 months,323037.3230822904,0.0091478138813042,0.0040192277870873,0.4393648405223435,2968.684592822987,1304.33563268681,,,,,1.0,0.0091478138813042,0.0040192277870873,323037.3230822904,21.9533955469033,0.485815179742183,0.415756434548216,0.547472929070055,False,0.004444146844993837
2023,nigeria_state,NGA,Imo,2_4y,2-4 years,955585.229046237,0.017464009271793,0.0078871394512582,0.4516224956429172,5611.930394299492,2534.474010047877,,,,,1.0,0.017464009271793,0.0078871394512582,955585.229046237,21.9533955469033,0.489804443702173,,,False,0.008553949346180163
2023,nigeria_state,NGA,Jigawa,0_27d,0-27 days,22204.83395633769,0.0383638610852385,0.0004233172801982,0.0110342720524833,11331.018626831628,125.02954216021624,,,,,1.0,0.0383638610852385,0.0004233172801982,22204.83395633769,26.1426379806613,0.0834496358857878,0.0281827291422119,0.135573533061004,False,0.003201450238736097
2023,nigeria_state,NGA,Jigawa,1_5m,1-5 months,119699.36550673311,0.0142647958392607,0.0011726408509865,0.0822052319710784,4062.4127980625144,333.95158642700676,,,,,1.0,0.0142647958392607,0.0011726408509865,119699.36550673311,26.1426379806613,0.167380754502286,0.0979153108901719,0.231496979893005,False,0.002387652290396526
2023,nigeria_state,NGA,Jigawa,6_11m,6-11 months,136251.7997117274,0.0109496866265107,0.0016864537093827,0.1540184451762814,3000.2852519570265,462.09926959174896,,,,,1.0,0.0109496866265107,0.0016864537093827,136251.7997117274,26.1426379806613,0.36672212447657,0.297174328845265,0.42938784952382,False,0.004015492342026691
2023,nigeria_state,NGA,Jigawa,12_23m,12-23 months,264629.88459611166,0.0168954883523248,0.0034099539479708,0.201826302789383,4509.252325586626,910.085725217576,,,,,1.0,0.0168954883523248,0.0034099539479708,264629.88459611166,26.1426379806613,0.517150281806899,0.449846026192282,0.576220728270805,False,0.008737506562669951
2023,nigeria_state,NGA,Jigawa,2_4y,2-4 years,727650.90350061,0.0568065453017512,0.0150687182033172,0.2652637671112288,14185.280099098449,3762.8408366148,,,,,1.0,0.0568065453017512,0.0150687182033172,727650.90350061,26.1426379806613,0.515198410353801,,,False,0.0292666418371534
2023,nigeria_state,NGA,Kaduna,0_27d,0-27 days,35153.56990247257,0.0292132164716645,0.0006074948008142,0.0207952041639592,13595.750028068176,282.72639759583217,,,,,1.0,0.0292132164716645,0.0006074948008142,35153.56990247257,21.7448812170986,0.0689548311766152,0.0166047129941614,0.118518140321107,False,0.00201439240992954
2023,nigeria_state,NGA,Kaduna,1_5m,1-5 months,190481.6343976822,0.0099244100408768,0.0011995822150171,0.1208718916365047,4487.788108478281,542.4474379355813,,,,,1.0,0.0099244100408768,0.0011995822150171,190481.6343976822,21.7448812170986,0.147644630290354,0.0817369976014564,0.208821792476456,False,0.0014652858513351321
2023,nigeria_state,NGA,Kaduna,6_11m,6-11 months,219073.15011857892,0.0096755321974427,0.0020567163849825,0.2125688120314562,4259.940626436156,905.5305182860712,,,,,1.0,0.0096755321974427,0.0020567163849825,219073.15011857892,21.7448812170986,0.331961269908293,0.261914150951308,0.395360654214224,False,0.0032119019553016556
2023,nigeria_state,NGA,Kaduna,12_23m,12-23 months,430160.2524350842,0.0116058317134633,0.002721041061357,0.2344546369908558,5021.563907010701,1177.3289429445776,,,,,1.0,0.0116058317134633,0.002721041061357,430160.2524350842,21.7448812170986,0.483902148693441,0.413737733996728,0.545669220809514,False,0.005616086903519371
2023,nigeria_state,NGA,Kaduna,2_4y,2-4 years,1211945.0549239735,0.028564456564834,0.0089859151108409,0.3145837936893766,11707.534596666905,3683.000648169101,,,,,1.0,0.028564456564834,0.0089859151108409,1211945.0549239735,21.7448812170986,0.488162270099418,,,False,0.013944089960845589
2023,nigeria_state,NGA,Kano,0_27d,0-27 days,59867.461926194,0.0341409568845635,0.000577282209764,0.0169087882251189,27128.140022916366,458.7039745888656,,,,,1.0,0.0341409568845635,0.000577282209764,59867.461926194,20.6018660855356,0.065130167591295,0.013878050278831,0.113718537757928,False,0.0022236062436187974
2023,nigeria_state,NGA,Kano,1_5m,1-5 months,324157.1758753283,0.0112127186941956,0.0014992905759022,0.1337133853789024,8634.22460831017,1154.5114024989807,,,,,1.0,0.0112127186941956,0.0014992905759022,324157.1758753283,20.6018660855356,0.141925696724733,0.0773398601692249,0.20199055084749,False,0.001591372912852149
2023,nigeria_state,NGA,Kano,6_11m,6-11 months,372531.6125057436,0.0107135652025737,0.0026135972312276,0.2439521468166115,8025.350676888546,1957.8015265831075,,,,,1.0,0.0107135652025737,0.0026135972312276,372531.6125057436,20.6018660855356,0.321379123012374,0.2516305427681,0.384627084612901,False,0.0034431161891390226
2023,nigeria_state,NGA,Kano,12_23m,12-23 months,732093.0593198529,0.0138720486402302,0.0039287273069843,0.2832117597678135,10226.728510602745,2896.3297781554743,,,,,1.0,0.0138720486402302,0.0039287273069843,732093.0593198529,20.6018660855356,0.472724853453015,0.40208417289878,0.535019700826418,False,0.006557662160545917
2023,nigeria_state,NGA,Kano,2_4y,2-4 years,2066920.9807699688,0.045502755488433,0.0162127844633063,0.3563033554622348,32085.863457220923,11432.30081271092,,,,,1.0,0.045502755488433,0.0162127844633063,2066920.9807699688,20.6018660855356,0.478408261749159,,,False,0.021768894158018238
2023,nigeria_state,NGA,Katsina,0_27d,0-27 days,38730.21619681603,0.0258944099740914,0.0004783141504928,0.018471714589032,13254.784193819994,244.8385905674556,,,,,1.0,0.0258944099740914,0.0004783141504928,38730.21619681603,28.8770810366152,0.0919572876159753,0.0355358534355189,0.145078051422816,False,0.0023811797056335023
2023,nigeria_state,NGA,Katsina,1_5m,1-5 months,209744.4416783059,0.0093337714016536,0.000923182246397,0.0989077412195295,4646.146100403662,459.5398161668518,,,,,1.0,0.0093337714016536,0.000923182246397,209744.4416783059,28.8770810366152,0.177972444032686,0.10707732997309,0.24323871993391,False,0.0016611541083946806
2023,nigeria_state,NGA,Katsina,6_11m,6-11 months,239641.20487850107,0.0096561640026498,0.0018685041251553,0.1935037686437961,4650.518949689056,899.8929429142211,,,,,1.0,0.0096561640026498,0.0018685041251553,239641.20487850107,28.8770810366152,0.38424472638658,0.315640067367852,0.445972011358915,False,0.003710330095142116
2023,nigeria_state,NGA,Katsina,12_23m,12-23 months,465865.44407925906,0.0142708473769885,0.0033330279328042,0.2335550121696803,6696.189260305381,1563.928564181106,,,,,1.0,0.0142708473769885,0.0033330279328042,465865.44407925906,28.8770810366152,0.531576531110413,0.466153791111973,0.588981728158013,False,0.0075860475446656835
2023,nigeria_state,NGA,Katsina,2_4y,2-4 years,1287630.2972889943,0.0331416880544268,0.0103660295705358,0.3127791666348506,14465.804282059476,4524.602208045418,,,,,1.0,0.0331416880544268,0.0103660295705358,1287630.2972889943,28.8770810366152,0.525497162369196,,,False,0.017415863028726362
2023,nigeria_state,NGA,Kebbi,0_27d,0-27 days,17964.86217270496,0.0326935809019545,0.0005143128880056,0.01573131097349,7789.624905554907,122.54101175612692,,,,,1.0,0.0326935809019545,0.0005143128880056,17964.86217270496,37.0335515628677,0.112412903638597,0.0538042654609593,0.167391243830681,False,0.003675180359532086
2023,nigeria_state,NGA,Kebbi,1_5m,1-5 months,96758.47623657994,0.0169528920149796,0.0013657542971378,0.0805617292867209,3907.9668664801993,314.83256875885303,,,,,1.0,0.0169528920149796,0.0013657542971378,96758.47623657994,37.0335515628677,0.202914673661841,0.129440343187608,0.270187846988034,False,0.0034399905508440158
2023,nigeria_state,NGA,Kebbi,6_11m,6-11 months,110379.58721126278,0.0173729963574829,0.0026020898170859,0.1497778370260883,3868.9541620832256,579.4835859499075,,,,,1.0,0.0173729963574829,0.0026020898170859,110379.58721126278,37.0335515628677,0.42245054463163,0.356751705985315,0.481439163539102,False,0.007339231773101975
2023,nigeria_state,NGA,Kebbi,12_23m,12-23 months,213860.6062549675,0.0184717267823583,0.0034094246706744,0.1845753085699936,3987.315422540203,735.9599744812529,,,,,1.0,0.0184717267823583,0.0034094246706744,213860.6062549675,37.0335515628677,0.556022703070784,0.494303105571583,0.610209510162465,False,0.010270699455911858
2023,nigeria_state,NGA,Kebbi,2_4y,2-4 years,591116.3841725186,0.0433674526461579,0.011380081518231,0.2624106518564264,8735.897090898043,2292.3924501732145,,,,,1.0,0.0433674526461579,0.011380081518231,591116.3841725186,37.0335515628677,0.538851640518975,,,False,0.023368623003511148
2023,nigeria_state,NGA,Kogi,0_27d,0-27 days,5702.337230515406,0.0239332543436084,0.000707204164313,0.029549018038237,1801.92400025099,53.24508478694878,,,,,1.0,0.0239332543436084,0.000707204164313,5702.337230515406,22.6684013681003,0.0720415510884675,0.0189253215011114,0.12228202217608,False,0.0017241887655083513
2023,nigeria_state,NGA,Kogi,1_5m,1-5 months,31591.4215504908,0.0113116661216713,0.0020674774987502,0.1827739146923061,848.9345558229797,155.16309208534014,,,,,1.0,0.0113116661216713,0.0020674774987502,31591.4215504908,22.6684013681003,0.152081920334331,0.0852475351052102,0.214033197596678,False,0.0017202999059645653
2023,nigeria_state,NGA,Kogi,6_11m,6-11 months,37491.76313505638,0.0096330340420732,0.0031115087029218,0.3230040181869998,725.8204275277059,234.4429145736551,,,,,1.0,0.0096330340420732,0.0031115087029218,37491.76313505638,22.6684013681003,0.340014726373322,0.269889745210296,0.403404405640703,False,0.0032753734339604147
2023,nigeria_state,NGA,Kogi,12_23m,12-23 months,75058.16625598371,0.0085104546711027,0.0024066971613492,0.2827930180418156,641.5127929042372,181.41533881782348,,,,,1.0,0.0085104546711027,0.0024066971613492,75058.16625598371,22.6684013681003,0.492096212655596,0.422434838465446,0.553355578938678,False,0.004187962511626764
2023,nigeria_state,NGA,Kogi,2_4y,2-4 years,231378.44844802804,0.0144880369296264,0.0056373896972055,0.389106524547689,1125.5800571820828,437.97054415030937,,,,,1.0,0.0144880369296264,0.0056373896972055,231378.44844802804,22.6684013681003,0.495133811205468,,,False,0.007173516941851486
2023,nigeria_state,NGA,Kwara,0_27d,0-27 days,7206.164464821228,0.0174741916277687,0.000716051361899,0.0409776530526942,1657.127215632309,67.90518410635795,,,,,1.0,0.0174741916277687,0.000716051361899,7206.164464821228,21.6430039273656,0.0686139016707411,0.0163545888588676,0.118096771117316,False,0.0011989724661234092
2023,nigeria_state,NGA,Kwara,1_5m,1-5 months,39920.89821080766,0.0076057745675273,0.0014307426360075,0.1881126798204125,719.9645220590781,135.43445562015577,,,,,1.0,0.0076057745675273,0.0014307426360075,39920.89821080766,21.6430039273656,0.147145193651358,0.0813471327830178,0.208230500694469,False,0.0011191531716073784
2023,nigeria_state,NGA,Kwara,6_11m,6-11 months,47270.2948604706,0.0074440062069474,0.0025416259225987,0.3414325367201644,706.3932085649614,241.18562512223093,,,,,1.0,0.0074440062069474,0.0025416259225987,47270.2948604706,21.6430039273656,0.331046208811288,0.261015985556768,0.394439979756656,False,0.002464310033177633
2023,nigeria_state,NGA,Kwara,12_23m,12-23 months,93398.65801541696,0.0056638215536041,0.0018479723922946,0.3262765916625086,530.4970749051909,173.0887774869962,,,,,1.0,0.0056638215536041,0.0018479723922946,93398.65801541696,21.6430039273656,0.482953734697881,0.412739574662467,0.544772933900298,False,0.0027353637719754547
2023,nigeria_state,NGA,Kwara,2_4y,2-4 years,274068.0452939764,0.0098442150682651,0.0039440202116313,0.4006434422939091,903.7841178729036,362.09518007516425,,,,,1.0,0.0098442150682651,0.0039440202116313,274068.0452939764,21.6430039273656,0.48734501933855,,,False,0.004797529182816501
2023,nigeria_state,NGA,Lagos,0_27d,0-27 days,9146.89800482764,0.0298357213337433,0.000934437463376,0.0313194191929651,3614.1263356668273,113.19233772308448,,,,,1.0,0.0298357213337433,0.000934437463376,9146.89800482764,10.7082957493022,0.0331798736169923,0.0002800536840843,0.0649969921837761,False,0.0009899454631254038
2023,nigeria_state,NGA,Lagos,1_5m,1-5 months,51074.06814565823,0.0088488248241514,0.0019160424387311,0.2165307232098866,1072.321914595451,232.19063968116325,,,,,1.0,0.0088488248241514,0.0019160424387311,51074.06814565823,10.7082957493022,0.0818095857930692,0.039422543925001,0.122326230529742,False,0.0007239186936192544
2023,nigeria_state,NGA,Lagos,6_11m,6-11 months,61287.87397865372,0.0085943471512573,0.0034413336767381,0.4004182768245118,1058.0115299050096,423.6471536650294,,,,,1.0,0.0085943471512573,0.0034413336767381,61287.87397865372,10.7082957493022,0.197625162007737,0.145289128185865,0.246756532677975,False,0.001698459248117957
2023,nigeria_state,NGA,Lagos,12_23m,12-23 months,120804.96445322076,0.0070284901873467,0.0024971055340911,0.3552833492727366,852.0744256773759,302.7278557843016,,,,,1.0,0.0070284901873467,0.0024971055340911,120804.96445322076,10.7082957493022,0.315187920635728,0.255360109324527,0.370208889000276,False,0.0022152952073584246
2023,nigeria_state,NGA,Lagos,2_4y,2-4 years,364753.3468957842,0.0115062901576789,0.0048015718985098,0.4172997406384191,1407.0967947742067,587.1811275124273,,,,,1.0,0.0115062901576789,0.0048015718985098,364753.3468957842,10.7082957493022,0.32655492411674,,,False,0.0037574357093060253
2023,nigeria_state,NGA,Nasarawa,0_27d,0-27 days,17498.795070061125,0.0315204981834476,0.0006027988242878,0.019124025920515,7310.879614263412,139.8134512449387,,,,,1.0,0.0315204981834476,0.0006027988242878,17498.795070061125,26.1200203095755,0.0833771067914623,0.0281213048403723,0.135491360662052,False,0.002628087943161404
2023,nigeria_state,NGA,Nasarawa,1_5m,1-5 months,95315.08164828565,0.0134087306407675,0.0018399792788772,0.1372224804996069,3039.4000843890053,417.07401881057393,,,,,1.0,0.0134087306407675,0.0018399792788772,95315.08164828565,26.1200203095755,0.167287993226091,0.0978362623507718,0.231393086101808,False,0.0022431196406031925
2023,nigeria_state,NGA,Nasarawa,6_11m,6-11 months,109884.69635633344,0.0099778043770251,0.002631369334655,0.2637222814985221,2203.829071827951,581.1988308552377,,,,,1.0,0.0099778043770251,0.002631369334655,109884.69635633344,26.1200203095755,0.366565159283297,0.29701064632258,0.429237874891186,False,0.0036575154507617843
2023,nigeria_state,NGA,Nasarawa,12_23m,12-23 months,216790.36138742627,0.0107305430513369,0.0027617117131951,0.2573692403061579,2338.849431621695,601.947901406965,,,,,1.0,0.0107305430513369,0.0027617117131951,216790.36138742627,26.1200203095755,0.517013338636586,0.44969292191399,0.57609828340511,False,0.005547833888355311
2023,nigeria_state,NGA,Nasarawa,2_4y,2-4 years,624033.4084220239,0.0203829318648716,0.0069504814696573,0.3409951775208509,4283.683672257607,1460.7154742646533,,,,,1.0,0.0203829318648716,0.0069504814696573,624033.4084220239,26.1200203095755,0.515095261134102,,,False,0.010499151611614646
2023,nigeria_state,NGA,Niger,0_27d,0-27 days,38314.48268742073,0.0216874391428928,0.000487083566075,0.0224592476255834,10958.621287158683,246.12238912328655,,,,,1.0,0.0216874391428928,0.000487083566075,38314.48268742073,29.8291519522044,0.0947726654714866,0.0380181186793133,0.148178834665152,False,0.0020553764148226036
2023,nigeria_state,NGA,Niger,1_5m,1-5 months,208740.24143407107,0.0114448689265662,0.0013936710786481,0.1217725679158339,5675.768477494619,691.1529024002629,,,,,1.0,0.0114448689265662,0.0013936710786481,208740.24143407107,29.8291519522044,0.181379942681577,0.110073121542357,0.246973190195744,False,0.002075869669898739
2023,nigeria_state,NGA,Niger,6_11m,6-11 months,240411.80330289577,0.0080185605824523,0.0018886108047937,0.2355299040736448,3871.054185409077,911.7490209532814,,,,,1.0,0.0080185605824523,0.0018886108047937,240411.80330289577,29.8291519522044,0.38971359415258,0.321468337662687,0.451094889398089,False,0.003124942064517691
2023,nigeria_state,NGA,Niger,12_23m,12-23 months,474168.4575009629,0.0075269772196576,0.002283785022338,0.3034133033342551,3582.5550612721427,1086.9948655174358,,,,,1.0,0.0075269772196576,0.002283785022338,474168.4575009629,29.8291519522044,0.53570457314577,0.470877134562908,0.59258943909053,False,0.00403223611853461
2023,nigeria_state,NGA,Niger,2_4y,2-4 years,1353966.21488469,0.0153435961901033,0.0055518057280831,0.3618321063261586,6978.579846557219,2525.0742450450794,,,,,1.0,0.0153435961901033,0.0055518057280831,1353966.21488469,29.8291519522044,0.52819113045864,,,False,0.008104351416951544
2023,nigeria_state,NGA,Ogun,0_27d,0-27 days,33940.81182390546,0.0309161028140051,0.0009029316186334,0.0292058680250076,13904.027800702348,406.0792009633499,,,,,1.0,0.0309161028140051,0.0009029316186334,33940.81182390546,22.075564089681,0.0700610542975768,0.017425060902508,0.119877366780337,False,0.002166014757921478
2023,nigeria_state,NGA,Ogun,1_5m,1-5 months,183954.14126018272,0.0102310902136079,0.0019943170635229,0.1949271311155433,4468.617456793152,871.0547809055248,,,,,1.0,0.0102310902136079,0.0019943170635229,183954.14126018272,22.075564089681,0.14925206028714,0.0829991130808282,0.210718258564267,False,0.0015270112933645744
2023,nigeria_state,NGA,Ogun,6_11m,6-11 months,211275.4213340089,0.0066082369273542,0.0023660863723145,0.3580510805416644,2801.5830735383297,1003.1098467076362,,,,,1.0,0.0066082369273542,0.0023660863723145,211275.4213340089,22.075564089681,0.334894564205271,0.264804453756525,0.39830261080336,False,0.002213062625951464
2023,nigeria_state,NGA,Ogun,12_23m,12-23 months,418039.24570993497,0.0063998241645391,0.0022213674036816,0.3470981931019314,2683.9753417770225,931.6029914609436,,,,,1.0,0.0063998241645391,0.0022213674036816,418039.24570993497,22.075564089681,0.486918687195155,0.416924146516792,0.548510829291056,False,0.0031161939804772087
2023,nigeria_state,NGA,Ogun,2_4y,2-4 years,1200412.4626325706,0.0129825078317726,0.0052732104815121,0.4061781090250349,5228.803478509196,2123.8255093643897,,,,,1.0,0.0129825078317726,0.0052732104815121,1200412.4626325706,22.075564089681,0.490747798708507,,,False,0.006371137140158355
2023,nigeria_state,NGA,Ondo,0_27d,0-27 days,7467.851614794947,0.0193959857825348,0.0007616275799984,0.039267278731675,1908.033321787326,74.92327627594672,,,,,1.0,0.0193959857825348,0.0007616275799984,7467.851614794947,26.7117955128391,0.0852645483142357,0.0297278099131079,0.137622457780815,False,0.0016537899668571672
2023,nigeria_state,NGA,Ondo,1_5m,1-5 months,41203.55332141098,0.0082292966485088,0.0021642519465459,0.2629935508447221,804.2684402395995,211.51741293095844,,,,,1.0,0.0082292966485088,0.0021642519465459,41203.55332141098,26.7117955128391,0.169686632061604,0.0998876354884326,0.234073082252008,False,0.0013964016325213036
2023,nigeria_state,NGA,Ondo,6_11m,6-11 months,48700.24695898884,0.0082345427010863,0.0031097247403018,0.3776438902783958,805.3690187486734,304.14268934994334,,,,,1.0,0.0082345427010863,0.0031097247403018,48700.24695898884,26.7117955128391,0.370604449354535,0.30123353254595,0.433088481455561,False,0.0030517581634224933
2023,nigeria_state,NGA,Ondo,12_23m,12-23 months,97102.5921612588,0.0087722926143408,0.0033800402078537,0.3853086480868257,855.5705202953507,329.65872051794366,,,,,1.0,0.0087722926143408,0.0033800402078537,97102.5921612588,26.7117955128391,0.520495484650335,0.453596512164042,0.579203673916253,False,0.004565938695795869
2023,nigeria_state,NGA,Ondo,2_4y,2-4 years,292661.5270181911,0.0159790097308974,0.0074434405410712,0.465826147328666,1571.4022269794689,732.0002452975319,,,,,1.0,0.0159790097308974,0.0074434405410712,292661.5270181911,26.7117955128391,0.517690069243291,,,False,0.008272174654027496
2023,nigeria_state,NGA,Osun,0_27d,0-27 days,8749.732894863113,0.021579253945651,0.0006468837670449,0.0299771145320466,2489.9577398642564,74.64174834786688,,,,,1.0,0.021579253945651,0.0006468837670449,8749.732894863113,21.7450044277011,0.0689552434712626,0.0166050162604807,0.118518649176611,False,0.0014880027097505689
2023,nigeria_state,NGA,Osun,1_5m,1-5 months,48467.66895231061,0.0077612148620551,0.0015296162569431,0.1970846425630421,892.0375854184518,175.8069086749948,,,,,1.0,0.0077612148620551,0.0015296162569431,48467.66895231061,21.7450044277011,0.147645233103612,0.0817374688219613,0.208822505564985,False,0.001145906377475343
2023,nigeria_state,NGA,Osun,6_11m,6-11 months,57306.737001909016,0.0075710745841459,0.0027233567836698,0.3597054491277376,871.0487240803271,313.3209725074569,,,,,1.0,0.0075710745841459,0.0027233567836698,57306.737001909016,21.7450044277011,0.331962373323208,0.261915234997593,0.395361763557732,False,0.002513311887560093
2023,nigeria_state,NGA,Osun,12_23m,12-23 months,113545.86597111754,0.006100961492295,0.0020033080458116,0.3283593984885184,694.8607772483765,228.1640668505413,,,,,1.0,0.006100961492295,0.0020033080458116,113545.86597111754,21.7450044277011,0.483903290218117,0.413738936449208,0.545670298766807,False,0.002952275339615584
2023,nigeria_state,NGA,Osun,2_4y,2-4 years,339048.55773596413,0.0115821418946554,0.0042127744279254,0.3637301689309636,1316.6088810823458,478.89037073208857,,,,,1.0,0.0115821418946554,0.0042127744279254,339048.55773596413,21.7450044277011,0.488163252521916,,,False,0.005653976058465327
2023,nigeria_state,NGA,Oyo,0_27d,0-27 days,12484.957325390242,0.0184685487905716,0.0005484276059353,0.0296952192700315,3035.943104403,90.15299617658742,,,,,1.0,0.0184685487905716,0.0005484276059353,12484.957325390242,23.1825101609949,0.0737545183109996,0.0202529965118251,0.124334456451702,False,0.0013621389199518026
2023,nigeria_state,NGA,Oyo,1_5m,1-5 months,69417.78637683237,0.0067081310014014,0.0015528003320357,0.231480323164724,1103.6809533630085,255.4804237552199,,,,,1.0,0.0067081310014014,0.0015528003320357,69417.78637683237,23.1825101609949,0.154482770879282,0.0871805143208457,0.216822826467077,False,0.0010362906645177009
2023,nigeria_state,NGA,Oyo,6_11m,6-11 months,82582.74140388689,0.0053829998719881,0.0022175660317959,0.4119572885995421,891.4873695188271,367.2547195677141,,,,,1.0,0.0053829998719881,0.0022175660317959,82582.74140388689,23.1825101609949,0.344314727941796,0.274198964052856,0.40765698214662,False,0.0018534461364343054
2023,nigeria_state,NGA,Oyo,12_23m,12-23 months,162827.6350153194,0.0054599194580508,0.0019831423327528,0.3632182393878727,891.4616477865346,323.795130190837,,,,,1.0,0.0054599194580508,0.0019831423327528,162827.6350153194,23.1825101609949,0.496355878510985,0.427008276472874,0.557310532255126,False,0.002710063119200026
2023,nigeria_state,NGA,Oyo,2_4y,2-4 years,478778.0149857624,0.0129329421168895,0.0056520362123397,0.4370263286772577,2077.465802749159,907.907252728017,,,,,1.0,0.0129329421168895,0.0056520362123397,478778.0149857624,23.1825101609949,0.498689412359481,,,False,0.0064495213043508064
2023,nigeria_state,NGA,Plateau,0_27d,0-27 days,34985.2826076464,0.027429291495811,0.0006898701438019,0.0251508553878344,12692.804160430069,319.23488190508016,,,,,1.0,0.027429291495811,0.0006898701438019,34985.2826076464,17.285590797895,0.0541623731614861,0.0072686374339412,0.0988409855098313,False,0.0014856355215512927
2023,nigeria_state,NGA,Plateau,1_5m,1-5 months,189003.9198255697,0.0125496798123246,0.0017911534481407,0.1427250316284301,5638.368487449745,804.7363207040088,,,,,1.0,0.0125496798123246,0.0017911534481407,189003.9198255697,17.285590797895,0.123847209384679,0.0644767963853361,0.179449842038123,False,0.0015542428234276437
2023,nigeria_state,NGA,Plateau,6_11m,6-11 months,215496.8642423787,0.0115157051006765,0.0030279885983321,0.2629442636694664,4991.995336845794,1312.616538088327,,,,,1.0,0.0115157051006765,0.0030279885983321,215496.8642423787,17.285590797895,0.286443964495929,0.219311637407844,0.347803502394103,False,0.003298604223003768
2023,nigeria_state,NGA,Plateau,12_23m,12-23 months,433494.3652920951,0.0083660442813244,0.002381006172748,0.2846035823720348,3641.888486765736,1036.4945099329973,,,,,1.0,0.0083660442813244,0.002381006172748,433494.3652920951,17.285590797895,0.432776533343767,0.362268997691497,0.495488756292466,False,0.0036206276418720208
2023,nigeria_state,NGA,Plateau,2_4y,2-4 years,1298311.4739182657,0.0153639126361832,0.005645711528323,0.3674657401414086,6700.65498873283,2462.261144866932,,,,,1.0,0.0153639126361832,0.005645711528323,1298311.4739182657,17.285590797895,0.44180646453942,,,False,0.00678787592328462
2023,nigeria_state,NGA,Rivers,0_27d,0-27 days,6580.792342449781,0.0286245243011302,0.0007079229087141,0.0247313423016832,2493.100743272173,61.65772787444491,,,,,1.0,0.0286245243011302,0.0007079229087141,6580.792342449781,19.860193965069,0.0626542409334239,0.0122155651244678,0.110517395274802,False,0.0017934478421676586
2023,nigeria_state,NGA,Rivers,1_5m,1-5 months,36377.156890410275,0.0135045540716413,0.003145178263054,0.232897602273197,1168.3383317075186,272.10319609854827,,,,,1.0,0.0135045540716413,0.003145178263054,36377.156890410275,19.860193965069,0.138076848358346,0.0744667497569679,0.197315148709349,False,0.0018646662646970998
2023,nigeria_state,NGA,Rivers,6_11m,6-11 months,43142.88619535315,0.0194756013098461,0.0073107705195689,0.3753809909773036,1697.0469765202884,637.0391757812228,,,,,1.0,0.0194756013098461,0.0073107705195689,43142.88619535315,19.860193965069,0.314129267475965,0.244717975466771,0.377161581432075,False,0.006117856373115899
2023,nigeria_state,NGA,Rivers,12_23m,12-23 months,85426.60561235345,0.0141360196295303,0.0052866029789977,0.3739810156993506,1216.2087462330765,454.83898221867975,,,,,1.0,0.0141360196295303,0.0052866029789977,85426.60561235345,19.860193965069,0.464809894642775,0.393974565023039,0.527365631306932,False,0.0065705617946701786
2023,nigeria_state,NGA,Rivers,2_4y,2-4 years,260426.14500616395,0.0178496219905749,0.0086035232575527,0.4820003057821393,1563.498564241073,753.606786054133,,,,,1.0,0.0178496219905749,0.0086035232575527,260426.14500616395,19.860193965069,0.471353292344326,,,False,0.00841347809235916
2023,nigeria_state,NGA,Sokoto,0_27d,0-27 days,26605.28021425209,0.0390082043298138,0.000424160446132,0.0108736214193744,13809.167611728391,150.1556607266223,,,,,1.0,0.0390082043298138,0.000424160446132,26605.28021425209,30.2611778459447,0.0960204827687008,0.03912370493563,0.149548207431853,False,0.003745586611688846
2023,nigeria_state,NGA,Sokoto,1_5m,1-5 months,143222.75798734743,0.0185327440732649,0.0014149019768581,0.076346059237888,6328.751350157777,483.1752254810093,,,,,1.0,0.0185327440732649,0.0014149019768581,143222.75798734743,30.2611778459447,0.182880216117459,0.111398265241839,0.248611931425088,False,0.0033892722413682427
2023,nigeria_state,NGA,Sokoto,6_11m,6-11 months,162805.48413768024,0.0202481567929151,0.0026326398949173,0.1300187430313888,6660.685138191824,866.0139093955537,,,,,1.0,0.0202481567929151,0.0026326398949173,162805.48413768024,30.2611778459447,0.392095595668294,0.324014370068711,0.45332008781984,False,0.00793921309890306
2023,nigeria_state,NGA,Sokoto,12_23m,12-23 months,315017.849186201,0.0221388027548715,0.0039218631264193,0.1771488354561684,7052.475999408176,1249.337910377736,,,,,1.0,0.0221388027548715,0.0039218631264193,315017.849186201,30.2611778459447,0.53744242491486,0.472871551628249,0.594103655514049,False,0.011898331837289923
2023,nigeria_state,NGA,Sokoto,2_4y,2-4 years,865280.4874850969,0.0608598093926577,0.0135732223850032,0.2230243985391237,18110.46860821743,4039.076368609375,,,,,1.0,0.0608598093926577,0.0135732223850032,865280.4874850969,30.2611778459447,0.529283001592635,,,False,0.03221206259170151
2023,nigeria_state,NGA,Taraba,0_27d,0-27 days,27741.111056495243,0.0353542686368558,0.0005021284390623,0.0142027669761734,13025.383955178311,184.99649309058597,,,,,1.0,0.0353542686368558,0.0005021284390623,27741.111056495243,27.3054117757794,0.0871348754142445,0.031334953550917,0.139720444399487,False,0.0030805897930341617
2023,nigeria_state,NGA,Taraba,1_5m,1-5 months,150091.8928883222,0.0153797576506431,0.0015296653638504,0.0994596533051636,5495.136840391219,546.5444050097428,,,,,1.0,0.0153797576506431,0.0015296653638504,150091.8928883222,27.3054117757794,0.172034049418152,0.101909172669774,0.236683423924074,False,0.0026458419877099363
2023,nigeria_state,NGA,Taraba,6_11m,6-11 months,170913.9346361673,0.0145059486628002,0.0024973419942421,0.172159853332889,4994.853292868282,859.9132103195011,,,,,1.0,0.0145059486628002,0.0024973419942421,170913.9346361673,27.3054117757794,0.374518096079068,0.305345319640044,0.436802740708768,False,0.0054327402750126335
2023,nigeria_state,NGA,Taraba,12_23m,12-23 months,337359.6649935372,0.0134701569288512,0.0029970365935918,0.2224945566278122,4575.171415884821,1017.950735673533,,,,,1.0,0.0134701569288512,0.0029970365935918,337359.6649935372,27.3054117757794,0.523784308159229,0.457302895359501,0.582121623247627,False,0.007055456827774571
2023,nigeria_state,NGA,Taraba,2_4y,2-4 years,965814.966511022,0.0272631569740052,0.0081760662844021,0.2998943333010844,8898.920187188382,2668.7357366364213,,,,,1.0,0.0272631569740052,0.0081760662844021,965814.966511022,27.3054117757794,0.520083666938532,,,False,0.014179122651361438
2023,nigeria_state,NGA,Yobe,0_27d,0-27 days,15035.744472574876,0.0273781591484942,0.0004852578577264,0.0177242690092657,5444.718360869057,96.50365290773138,,,,,1.0,0.0273781591484942,0.0004852578577264,15035.744472574876,34.027118778027,0.105958797755243,0.0480052896714526,0.160384335501825,False,0.002900956828126153
2023,nigeria_state,NGA,Yobe,1_5m,1-5 months,82104.07141460323,0.0132841669132586,0.0013938984627109,0.1049293095918332,2593.6432801003148,272.14919870842385,,,,,1.0,0.0132841669132586,0.0013938984627109,82104.07141460323,34.027118778027,0.194798529114444,0.122046594221966,0.261521847914353,False,0.002587736175213539
2023,nigeria_state,NGA,Yobe,6_11m,6-11 months,94695.0098059664,0.0092893893256186,0.0018578421101847,0.1999961509914412,1767.5400804173769,353.5012128065779,,,,,1.0,0.0092893893256186,0.0018578421101847,94695.0098059664,34.027118778027,0.410467130728763,0.343768603972438,0.470386503823142,False,0.0038129889827090654
2023,nigeria_state,NGA,Yobe,12_23m,12-23 months,184673.1676242682,0.0101196654579935,0.0026709366723185,0.2639352736911607,1878.350928349751,495.76306636203736,,,,,1.0,0.0101196654579935,0.0026709366723185,184673.1676242682,34.027118778027,0.549517088801243,0.486793420953653,0.604574723770678,False,0.005560929102119086
2023,nigeria_state,NGA,Yobe,2_4y,2-4 years,525762.8953450267,0.024241606939206,0.0080405300961411,0.3316830487477764,4300.788031741941,1426.4984863861157,,,,,1.0,0.024241606939206,0.0080405300961411,525762.8953450267,34.027118778027,0.535997733670979,,,False,0.012993446379957094
2023,nigeria_state,NGA,Zamfara,0_27d,0-27 days,13261.377480190567,0.0326521912461118,0.0004538481933868,0.0138994712473039,5742.776226137857,79.8215530349037,,,,,1.0,0.0326521912461118,0.0004538481933868,13261.377480190567,43.7603097358961,0.120938622042255,0.0611219525083628,0.176944323832588,False,0.003948911015964942
2023,nigeria_state,NGA,Zamfara,1_5m,1-5 months,72154.74839724752,0.0178632289357498,0.0014356297446917,0.0803678746913758,3072.1578625407847,246.902798128803,,,,,1.0,0.0178632289357498,0.0014356297446917,72154.74839724752,43.7603097358961,0.21706625837998,0.142605977285816,0.285060045290909,False,0.003877504267668201
2023,nigeria_state,NGA,Zamfara,6_11m,6-11 months,83166.38382655846,0.0161562774887333,0.0023889460667131,0.1478648821412636,2709.2635698707095,400.6049384485516,,,,,1.0,0.0161562774887333,0.0023889460667131,83166.38382655846,43.7603097358961,0.442756649313661,0.378729459577839,0.500185295003469,False,0.007153299286293285
2023,nigeria_state,NGA,Zamfara,12_23m,12-23 months,162167.41148832053,0.0178587902342818,0.0040931094033091,0.2291929828176127,2922.2864046607365,669.7675377315516,,,,,1.0,0.0178587902342818,0.0040931094033091,162167.41148832053,43.7603097358961,0.564373464704583,0.503399272194189,0.617861054912315,False,0.010079027319953993
2023,nigeria_state,NGA,Zamfara,2_4y,2-4 years,462759.910633081,0.0367892613709407,0.0106799544840274,0.2903008673194874,5781.8851502786665,1678.486273867562,,,,,1.0,0.0367892613709407,0.0106799544840274,462759.910633081,43.7603097358961,0.541861340148508,,,False,0.01993467846953166
