location_level,iso3,country_name,state_name,year,gbd_location_id,igme_code,map_admin_id,ihme_live_births,ihme_live_births_lower,ihme_live_births_upper,ihme_pop_0_27d,ihme_pop_1_5m,ihme_pop_6_11m,ihme_pop_1_11m,ihme_pop_u1,ihme_pop_12_23m,ihme_pop_2y,ihme_pop_3y,ihme_pop_4y,ihme_pop_2_4y,ihme_pop_1_4y,ihme_pop_u5,ihme_q_all_0_27d,ihme_q_all_1_5m,ihme_q_all_6_11m,ihme_q_all_1_11m,ihme_q_all_u1,ihme_q_all_12_23m,ihme_q_all_2_4y,ihme_q_all_1_4y,ihme_q_all_u5,ihme_q_malaria_0_27d,ihme_q_malaria_1_5m,ihme_q_malaria_6_11m,ihme_q_malaria_1_11m,ihme_q_malaria_u1,ihme_q_malaria_12_23m,ihme_q_malaria_2_4y,ihme_q_malaria_1_4y,ihme_q_malaria_u5,ihme_deaths_all_0_27d,ihme_deaths_all_1_5m,ihme_deaths_all_6_11m,ihme_deaths_all_1_11m,ihme_deaths_all_u1,ihme_deaths_all_12_23m,ihme_deaths_all_2_4y,ihme_deaths_all_1_4y,ihme_deaths_all_u5,ihme_deaths_malaria_0_27d,ihme_deaths_malaria_1_5m,ihme_deaths_malaria_6_11m,ihme_deaths_malaria_1_11m,ihme_deaths_malaria_u1,ihme_deaths_malaria_12_23m,ihme_deaths_malaria_2_4y,ihme_deaths_malaria_1_4y,ihme_deaths_malaria_u5,ihme_malaria_fraction_0_27d,ihme_malaria_fraction_1_5m,ihme_malaria_fraction_6_11m,ihme_malaria_fraction_1_11m,ihme_malaria_fraction_u1,ihme_malaria_fraction_12_23m,ihme_malaria_fraction_2_4y,ihme_malaria_fraction_1_4y,ihme_malaria_fraction_u5,igme_q_0_27d,igme_q_0_27d_lower,igme_q_0_27d_upper,igme_q_1_11m,igme_q_1_11m_lower,igme_q_1_11m_upper,igme_q_u1,igme_q_u1_lower,igme_q_u1_upper,igme_q_1_4y,igme_q_1_4y_lower,igme_q_1_4y_upper,igme_q_u5,igme_q_u5_lower,igme_q_u5_upper,igme_deaths_0_27d,igme_deaths_0_27d_lower,igme_deaths_0_27d_upper,igme_deaths_1_11m,igme_deaths_1_11m_lower,igme_deaths_1_11m_upper,igme_deaths_u1,igme_deaths_u1_lower,igme_deaths_u1_upper,igme_deaths_1_4y,igme_deaths_1_4y_lower,igme_deaths_1_4y_upper,igme_deaths_u5,igme_deaths_u5_lower,igme_deaths_u5_upper,wpp_live_births,wpp_pop_u1,wpp_pop_12_23m,wpp_pop_2y,wpp_pop_3y,wpp_pop_4y,wpp_pop_u5,igme_state_q_u5_2021,igme_state_q_u5_2021_lower,igme_state_q_u5_2021_upper,igme_state_q_0_27d_2021,igme_state_q_0_27d_2021_lower,igme_state_q_0_27d_2021_upper,map_pfpr_2_10,map_pfpr_2_10_lower,map_pfpr_2_10_upper,worldpop_pop_u1,worldpop_pop_1_4y,worldpop_pop_u5
country,AGO,Angola,,2023,168,AGO,,1254225.4534610678,1128125.0460759944,1387106.4526038978,95146.6070909668,520071.781699942,601142.2449769267,1121214.0266768688,1216360.633767835,1191556.1073067435,1177947.9085527936,1165693.122188331,1154831.5425806993,3498472.5733218244,4690028.680628568,5906389.314396404,0.0182533203446514,0.0107432314321735,0.0089606747900775,0.0196076396191926,0.0375030554366725,0.0068758178699515,0.013375508225356,0.0201593585368319,0.0569063764327298,0.0002640426908676,0.0010679671643651,0.0016431803783442,0.0026887400507446,0.0028988097375701,0.0012412268503976,0.0029381283770022,0.0041571333120757,0.0068706662255394,22864.489717936587,13269.425096589908,10821.838544268014,24091.26364085792,46955.75335879451,8221.219079498404,15703.204423397903,23924.42350289631,70880.17686169082,330.7453809195637,1319.091968057247,1984.4747376884063,3303.566705745653,3634.312086665217,1484.0995002310087,3449.4413033807436,4933.540803611752,8567.852890276969,0.0144654608521659,0.0994083736450826,0.1833768568594585,0.1371271658885888,0.0773986535557209,0.1805206120746702,0.2196648028246418,0.2062135709566625,0.1208779840800271,0.018447375533638698,0.0121550642331087,0.0283722219776371,0.0147073584139319,0.00947115421709804,0.0230721913580106,0.0329976750307159,0.023036145933767502,0.0487283480489478,0.0181134627107397,0.012516329384014499,0.0271908505026843,0.050513435584715306,0.035264147327419205,0.07459423332185931,25464.0,16780.0,39160.0,19484.0,12454.0,30071.0,44948.0,31428.0,66220.0,22849.0,15916.0,33971.0,67797.0,47351.0,100208.0,1381370.0,1316621.0,1274284.0,1241747.0,1208901.0,1177703.0,6219256.0,,,,,,,0.232835893479416,0.138611324554668,0.413332309522753,1304636.00007227,4849230.9994589,6153866.99953117
country,BEN,Benin,,2023,200,BEN,,512562.5540635288,475186.194407146,554166.7561644301,38766.4843657875,211708.1409282261,244457.36299657988,456165.5039248059,494931.9882905935,480419.64847710327,469239.4354268951,458086.5312391292,447393.606216417,1374719.572882441,1855139.2213595444,2350071.209650138,0.0206158651560952,0.0088365192949202,0.0096761917808963,0.0184272072204433,0.0386631795572783,0.0089759413267298,0.0202269082085566,0.0290212939939852,0.0665624180505896,0.0004794300785111,0.0015922818206698,0.0030343639480944,0.0045916702898424,0.004950495978153,0.0024465235057579,0.0073232522532137,0.0096858687410653,0.0141285917428184,10534.30264317478,4438.694232891266,4753.869602308214,9192.56383519948,19726.86647837426,4331.688280918495,9363.798402999326,13695.48668391782,33422.353162292085,244.97936443786716,799.8230862923128,1490.7693917006811,2290.5924779929937,2535.571842430861,1180.6647139419458,3390.209568677183,4570.874282619129,7106.44612504999,0.0232553945653526,0.1801933281111201,0.3135907200687302,0.2491788492370352,0.1285339384848831,0.2725645608302166,0.3620549506481539,0.3337504090297545,0.2126255470565626,0.027677217067337,0.020198427284036,0.0375945908930558,0.019190140831165797,0.0133728783662493,0.0269756122241805,0.0464802711736647,0.0354716608110704,0.0611875981311883,0.0321990334518827,0.0242923984548959,0.0430515163865898,0.07718268481899329,0.0589023675476812,0.101604895628632,13223.0,9650.0,17959.0,8699.0,6029.0,12063.0,21922.0,16760.0,28806.0,14144.0,10759.0,18726.0,36066.0,27509.0,47521.0,478062.0,455242.0,442423.0,433147.0,425585.0,420045.0,2176442.0,,,,,,,0.359526482156877,0.185716810912478,0.526382410561811,452438.999760709,1712452.00005159,2164890.9998123
country,BWA,Botswana,,2023,193,BWA,,49044.378940759954,43403.24306722942,55706.78166151409,3794.084263290177,20882.12485062043,24449.86582916867,45331.9906797891,49126.07494307928,49477.59223121048,50043.247034616805,50671.131692791554,51313.47005036513,152027.8487777735,201505.441008984,250631.5159520633,0.0074857204958234,0.00782351672901,0.0040868153348695,0.0118783587957388,0.0192751612176682,0.0029918758778351,0.0023653136190349,0.0053501127721097,0.0245221497035628,1.4853966016549016e-07,2.4517985485473525e-06,2.330131213768058e-06,4.761832620706645e-06,4.877739441568292e-06,1.214286563108412e-05,1.04259307875424e-05,2.254987907639559e-05,2.7410103343468372e-05,371.8804681020046,387.42856204556233,200.25365235266705,587.6822143982293,959.562682500234,148.2527022856939,120.00649624523572,268.2591985309296,1227.8218810311637,0.0073792493835263,0.1214155755003158,0.1141762589654437,0.2355918344657596,0.2429710838492859,0.6017003100419125,0.5289697796687117,1.130670089710624,1.37364117355991,1.9843067911547957e-05,0.0003133882924357,0.0005701581850021,0.0004008830430694,0.0002532102261586,0.0040586127656708,0.0044078428770035,0.0042148418242599,0.0011187625784989,0.018079074242317902,0.00512378548140392,0.0595378481456513,0.014729227476554,0.004067787077797589,0.0520921836022488,0.0332928207763087,0.009930255954142231,0.106963592628811,0.00132187002504969,0.000384970773120713,0.00459726915044785,0.0345706820193209,0.010311403868950901,0.11106912127572499,1108.0,314.0,3647.0,926.0,248.0,2920.0,2034.0,609.0,6453.0,77.0,23.0,249.0,2111.0,632.0,6704.0,61294.0,59857.0,61904.0,60587.0,56337.0,54974.0,293659.0,,,,,,,0.0002068781341268,0.0001587453405429,0.000265892587221,59991.0000106467,231502.999992503,291494.00000315
country,BFA,Burkina Faso,,2023,201,BFA,,1016626.7132996928,964904.6707643978,1074501.737952735,75868.80562738795,414292.69851525646,477728.4361908089,892021.1347060653,967889.9403334532,922953.0209322014,883506.9574974275,845820.9677232711,809824.6614367777,2539152.586657476,3462105.6075896774,4429995.547923131,0.0202257561595268,0.0088149293766995,0.0068591002257286,0.0156135671183504,0.0355235270765612,0.0083149840226218,0.013012094340592,0.0212188830066709,0.0559886405182102,0.000754119109485,0.0017467573241178,0.0020601610043949,0.0037824523949421,0.0044477499981395,0.0025392499695384,0.0050308595410108,0.0074968587926811,0.0114451470131351,20222.257825648103,8664.785856589306,6576.153568546604,15240.93942513591,35463.19725078401,7706.423604002285,11085.511297987385,18791.93490198967,54255.13215277368,753.9886737965404,1717.0050388511074,1975.1767279932064,3692.1817668443136,4446.1704406408535,2353.4063142484124,4285.985700740434,6639.392014988847,11085.5624556297,0.0372850885542685,0.1981589697967408,0.300354410432319,0.2422542117551516,0.1253742128550622,0.3053824231808624,0.3866295009341221,0.3533107181148161,0.204322835753391,0.0241671586757274,0.014000835903887999,0.0406822020568933,0.0205868526614372,0.010786656311680099,0.0353708036109539,0.0448655239109236,0.0289703478011613,0.0690102867066889,0.0340198208702679,0.021607524667547503,0.0536849743953122,0.0773590276942138,0.0499518949630585,0.11899044556188901,17598.0,10196.0,29619.0,14681.0,7425.0,24245.0,32279.0,20897.0,49461.0,23141.0,14931.0,35761.0,55420.0,35839.0,85208.0,728612.0,694130.0,674818.0,659372.0,656587.0,666232.0,3351139.0,,,,,,,0.286647794132478,0.203735759987443,0.403930714777949,690431.99987846,2660376.99949552,3350808.99937398
country,BDI,Burundi,,2023,175,BDI,,506532.0350826018,464726.5723079784,552200.1696942459,38190.86946037933,208300.22573924583,240334.88483510027,448635.1105743461,486825.9800347254,473051.5873122358,463334.89492875064,456871.4261908816,447081.02422651264,1367287.3453461449,1840338.9326583808,2327164.912693106,0.0260205218961685,0.015200246946421,0.0112057034685904,0.0262356209550804,0.0515734783017277,0.0108456638681472,0.0186431065427798,0.0292865735439059,0.0793496413804352,0.0014203749455966,0.0040870307227836,0.0046801504943827,0.0086864594513034,0.0098779763850362,0.0039449089186451,0.0078123404095481,0.0116640405439453,0.0208554512975195,13134.703100515471,7536.551745226069,5416.648583707205,12953.200328933275,26087.903429448743,5158.58348197095,8577.02989233012,13735.613374301069,39823.516803749815,716.9803617416785,2026.422244004389,2262.3060317447053,4288.728275749094,5005.708637490773,1876.3389897569243,3594.179814828301,5470.518804585226,10476.227442076,0.0545867200997897,0.2688792318433957,0.4176578924742357,0.3310941054597494,0.1918785329387639,0.3637314383521478,0.4190471363568806,0.3982726257292889,0.2630663558344889,0.019424180218779,0.0110227422175216,0.0331130113494793,0.0120355549233565,0.00647725427639004,0.0214550665978294,0.0314159299009932,0.0182437946198305,0.0531683168712052,0.0178278199243175,0.010214030750693898,0.030864963797498198,0.0486836722800881,0.028271482690983,0.0823922424833205,8948.0,5078.0,15251.0,5394.0,2877.0,9296.0,14342.0,8347.0,24185.0,7761.0,4507.0,13187.0,22103.0,12848.0,37354.0,460882.0,444971.0,438246.0,433818.0,428618.0,421580.0,2167233.0,,,,,,,0.320422585724851,0.198817959430114,0.451681992984792,442892.999990537,1713758.99941437,2156651.9994049
country,CPV,Cabo Verde,,2023,203,CPV,,6739.86131824489,5893.514138699894,7676.759045605813,513.0192706940098,2868.7592735549033,3443.3058977247824,6312.065171279686,6825.084441973695,7145.364980914622,7543.978398610166,7975.579312255981,8394.288465736827,23913.846176602972,31059.211157517595,37884.29559949129,0.0121451868600377,0.0051256038935536,0.0039257475153239,0.0090312295821278,0.0210667304713148,0.0022079156694112,0.002356742419596,0.0045594546004903,0.0255301322706403,2.160129292895676e-10,1.7734795460420272e-09,1.715719268846959e-09,3.4845789024401283e-09,3.716319445286115e-09,9.780429212072052e-10,4.5888854188296775e-10,1.40443831423294e-09,5.156607574960238e-09,81.77504864953858,34.82290954554554,27.08830492559131,61.91121447113685,143.68626312067542,15.793805423444285,18.8084305956237,34.60223601906799,178.2884991397434,1.4544418299323633e-06,1.2048866649716828e-05,1.1838745752197064e-05,2.3887612401913892e-05,2.5342054231846253e-05,6.996199994107117e-06,3.662247184659369e-06,1.0658447178766486e-05,3.600050141061274e-05,1.7785887675415898e-08,3.460040188186426e-07,4.370426936907584e-07,3.8583659852207147e-07,1.763707516741711e-07,4.429711400472224e-07,1.947130658265284e-07,3.080277000854228e-07,2.019227352539177e-07,0.008330358638969181,0.00717367497260528,0.009635141767777,0.00271999812730528,0.0020177994659909,0.00350586786018324,0.0110363365710582,0.00977529676054251,0.0124963161865205,0.000566577609552976,0.0005011999285144621,0.000642477742885317,0.0115966612393976,0.0102715973110018,0.013130765324383701,54.0,46.0,62.0,17.0,13.0,22.0,71.0,63.0,80.0,4.0,3.0,4.0,75.0,66.0,85.0,6440.0,6376.0,6382.0,7656.0,9168.0,9553.0,39135.0,,,,,,,0.0,0.0,0.0,6385.16571429761,34438.106776578,40823.2724908756
country,CMR,Cameroon,,2023,202,CMR,,1090796.6102869548,978952.9525265855,1218923.5494741204,82628.8656859504,451605.4961042869,523007.4017822898,974612.8978865768,1057241.763572527,1038069.0905247624,1025831.8597093776,1013620.8515468064,1000794.2676118342,3040246.9788680184,4078316.069392781,5135557.832965308,0.0231326707512398,0.0103376560085489,0.0098449856569977,0.0200808675904153,0.0427490142432868,0.0098593912641639,0.0168640657873387,0.0265571876286005,0.0681709082796907,0.0005332789950623,0.0015187433996054,0.002376307443396,0.0038659839485212,0.0043035855869161,0.0023112248982089,0.0055930207198699,0.0078427124810496,0.0117763951343024,25226.79372098363,11085.27139961626,10349.02775593554,21434.2991555518,46661.09287653543,10285.517526064306,17236.055310558117,27521.57283662242,74182.66571315785,581.5549509539047,1628.5783505544348,2497.9692754413904,4126.547625995825,4708.10257694973,2411.1168286432508,5716.392220976281,8127.509049619532,12835.611626569262,0.0230530664097105,0.1469137102597967,0.2413723621534124,0.1925207629159634,0.100899963689391,0.2344186204080924,0.3316531606553066,0.2953141195042608,0.1730271014552203,0.0252120581175073,0.0178478238456473,0.0354392428386293,0.0162576588754971,0.0104804920624778,0.023786089313160598,0.0413289679120009,0.0303027692317053,0.0553048215605763,0.026752728908416,0.019392298907339,0.0363290825264339,0.0669760341433521,0.0491074277737161,0.0896247306494574,24123.0,17078.0,33905.0,14954.0,9479.0,21409.0,39077.0,28696.0,52196.0,23727.0,17358.0,31894.0,62804.0,46052.0,84067.0,957392.0,915567.0,890986.0,874543.0,861697.0,850308.0,4393101.0,,,,,,,0.223166536902946,0.194694132145576,0.262884973212887,909661.000068381,3459186.00088909,4368847.00095748
country,CAF,Central African Republic,,2023,169,CAF,,286568.249941908,270362.50271908066,303616.6772022575,21135.123172584823,114200.23232061628,130519.61192749708,244719.84424811337,265854.9674206982,251142.10835179745,241930.84318837704,231263.91679871667,220990.65020199656,694185.4101890903,945327.5185408876,1211182.485961586,0.0333579519908209,0.02350237707262,0.0183442502343907,0.0414154938208876,0.0733919097571551,0.0088374332073846,0.0289667612752361,0.0375482026646165,0.1081843781202668,0.0007073803526652,0.0021840038777959,0.0030358783426196,0.0051399051765388,0.0056550120511887,0.0016179792859486,0.0063636836337794,0.0079096351251557,0.0127317245803518,9353.683827505556,6415.691293114702,4833.034832295405,11248.726125410109,20602.409952915663,2229.316901380263,6801.762821252261,9031.079722632525,29633.48967554819,198.35187023592903,596.1905308390102,799.8422169898574,1396.0327478288675,1594.3846180647963,408.148891607392,1494.273603292207,1902.422494899599,3496.807112964396,0.0212057488679116,0.0929269354775283,0.1654948173857832,0.1241058527218761,0.0773882580585752,0.183082491033325,0.2196891662589756,0.2106528292660282,0.118001867186427,0.0304458225528655,0.0213248082063652,0.0436074265638527,0.030949482643156303,0.0213561480266833,0.0441085010797848,0.0607576837563865,0.0453888880408113,0.08116282887427541,0.033908180264941995,0.0249232103680537,0.0463019780493627,0.09260568152798049,0.06918086159554611,0.123706807401971,7263.0,5087.0,10401.0,6548.0,4480.0,9120.0,13811.0,10400.0,18245.0,6291.0,4824.0,8063.0,20102.0,15225.0,26280.0,238858.0,214316.0,192850.0,184821.0,177120.0,171799.0,940906.0,,,,,,,0.325037041164375,0.104242806481078,0.600420549518153,201617.000086703,716139.000545976,917756.000632679
country,TCD,Chad,,2023,204,TCD,,937762.540787924,899722.5613896962,977982.3320782924,70660.90395557409,380509.2535273258,431450.6825388882,811959.936066214,882620.8400217881,831802.7969439512,793993.7813020977,759650.9275648354,728707.569889754,2282352.2787566874,3114155.075700639,3996775.915722427,0.0309236486546738,0.0182389374146279,0.0185399115423989,0.0364407006707322,0.0662374699011341,0.0140562464975491,0.0264267416560815,0.0401115273587856,0.1036921111738037,0.0002752445352553,0.0007217520212222,0.0011082460948394,0.0018056935193299,0.0020108857590802,0.0009077969626002,0.0028352667099143,0.003676116835048,0.0053280003709411,28953.779317772965,16544.979549709824,16148.275670092504,32693.25521980233,61647.034537575295,11774.976384380188,20375.475130339535,32150.451514719723,93797.48605229502,257.7111653673004,654.7186472335757,965.2831087593472,1620.0017559929229,1877.7129213602232,760.4653061749624,2186.0396974987652,2946.5050036737275,4824.21792503395,0.0089007781173875,0.0395720433057324,0.0597762342233917,0.049551558726758,0.0304590956474267,0.064583170390366,0.1072877900277134,0.0916473910895062,0.0514322731671539,0.030939170001605197,0.0194025114352739,0.0485357957184931,0.0273273773805351,0.0160916671036351,0.0442928915438539,0.0579651706112122,0.0389718379003773,0.0852721274881178,0.0452385122802453,0.029814184101506498,0.0685367240210424,0.100581424805735,0.0676241084428012,0.14796457922116701,25315.0,15877.0,39705.0,21161.0,12182.0,33244.0,46476.0,31338.0,68083.0,32014.0,21435.0,47489.0,78490.0,52764.0,115594.0,819054.0,773594.0,734418.0,704106.0,679997.0,654802.0,3546917.0,,,,,,,0.139842328401427,0.076798349383687,0.212777638397695,760441.999921331,2721293.00102328,3481735.00094461
country,COM,Comoros,,2023,176,COM,,22757.385485639516,19894.05391136168,25685.178674497805,1709.751095906863,9379.604718799344,10908.373371474096,20287.97809027344,21997.729186180302,21525.67235227859,21249.00160180534,21065.53203195807,20975.236059299983,63289.76969306339,84815.44204534197,106813.17123152228,0.0204290199511903,0.0092283042476654,0.0065880152572966,0.0157555232957793,0.0358626733472188,0.0044811878170328,0.0054108226044874,0.0098677635091848,0.0453765524770061,6.691822339846224e-06,3.544859004987882e-05,4.99652687330988e-05,8.484555660284929e-05,8.985189346154897e-05,4.3529866805479454e-05,5.541622764541586e-05,9.867815499339494e-05,0.0001839286359633,460.348732792305,205.4133199072958,144.2045947308081,349.6179146381039,809.9666474304088,96.67735754224864,114.45984646981894,211.13720401206757,1021.1038514424764,0.1507939167703419,0.789052069888188,1.093686193317819,1.882738263206007,2.033532179976349,0.9391154017075634,1.172267762570963,2.1113831642785263,4.144915344254875,0.0003275645310364,0.0038412896994425,0.0075842673068735,0.0053851309797865,0.0025106369335424,0.0097139126014813,0.0102417380306382,0.0100000526868673,0.0040592495448915,0.022689726130952798,0.0159520542048572,0.0313923951619431,0.0134188588047953,0.00851800081697953,0.0202906531849616,0.0360354135843,0.027049637193057,0.0472504174571736,0.0043056626701643,0.0032021548541115398,0.00571213486745921,0.0401859199193298,0.03016517492006,0.0526926515675168,553.0,389.0,764.0,317.0,197.0,472.0,870.0,654.0,1139.0,100.0,75.0,131.0,970.0,729.0,1270.0,24366.0,23471.0,23069.0,22808.0,22542.0,22255.0,114145.0,,,,,,,0.0172455866105999,0.0143304530435583,0.020591952841674,23401.9999423324,90390.000306128,113792.00024846
country,COG,Congo,,2023,170,COG,,147889.18708467315,132502.73205020477,165925.3721367503,11364.052597886515,62498.576615221005,73043.96837908181,135542.54499430282,146906.59759218933,148932.28521813542,152903.86544931983,157865.06996860437,163417.37785680784,474186.313274732,623118.5984928674,770025.1960850568,0.018051358958561,0.0096309485921601,0.0076783565980351,0.0172353553325271,0.0349755927052024,0.0056999470655829,0.0097899147271273,0.0154340597969889,0.0498698371129441,0.000455936247832,0.0012996574365933,0.0017074419138581,0.0029899790150531,0.0033975497329805,0.0013982437379021,0.0028731470974524,0.0042665577612033,0.0076389917893476,2700.38035224152,1428.7277440540838,1126.043910150136,2554.77165420422,5255.15200644574,851.3347351010799,1555.0388538648697,2406.3735889659492,7661.525595411689,68.20546244449623,192.80101224282305,250.39922859626188,443.2002408390849,511.40570328358115,208.83938894823677,456.3732671774333,665.21265612567,1176.6183594092513,0.0252577243009047,0.1349459426718633,0.2223707497897449,0.1734793949626532,0.0973151114670542,0.2453081970436,0.293480298606797,0.2764378146335627,0.1535749433655747,0.016801794359477998,0.008719956959942939,0.0328458907794982,0.010872292028620499,0.00519503223171041,0.0221570211631497,0.027711028874416597,0.0147499433306606,0.0527450783071505,0.0129435291880233,0.0067989101099546,0.0252877676858106,0.0402958795510943,0.0214485699008633,0.07669904037161891,3180.0,1650.0,6215.0,2007.0,948.0,3929.0,5187.0,2767.0,9833.0,2294.0,1221.0,4380.0,7481.0,3987.0,14208.0,189365.0,183269.0,179737.0,176827.0,173971.0,171877.0,885681.0,,,,,,,0.209273846301788,0.139606229744047,0.29095919915409,181878.999748143,698442.000036136,880320.999784279
country,CIV,Côte d'Ivoire,,2023,205,CIV,,1130523.4477338237,1055839.897974013,1207453.6761475413,84733.69921931732,460638.7910865405,528818.8694918072,989457.6605783476,1074191.359797665,1027264.124746651,990069.8733121188,955474.4665418732,923275.1195344304,2868819.4593884223,3896083.5841350737,4970274.943932738,0.0262371128585785,0.0131320841532802,0.0095209689969424,0.0225280229841339,0.0481740655611971,0.0090814892579541,0.0137296261267289,0.0226864299324973,0.0697675979307769,0.0005831006591139,0.0023512605398444,0.0028858086675687,0.0051876356783573,0.0056055784708037,0.0023826411543964,0.0051593718195751,0.0074577956497374,0.0124988463039981,29387.65973717891,14383.74581862486,10117.979404968108,24501.725223592966,53889.38496077187,9371.707347683878,13220.236428150216,22591.943775834097,76481.32873660597,653.1192610608167,2575.3668316264025,3066.7627081356427,5642.129539762045,6295.248800822862,2458.7834637356787,4967.951395466664,7426.734859202343,13721.983660025204,0.0222242691967248,0.179047020442455,0.3031003113753925,0.2302747862966473,0.1168179745492625,0.2623623820630018,0.3757838539776994,0.3287337704490258,0.1794161253040247,0.0279338090785546,0.021564526596933198,0.0357128584215948,0.0186198312796024,0.0137269241636902,0.0246585377286872,0.0461536584018152,0.0372520520985481,0.057140221353671104,0.0213762811635365,0.0170939346828948,0.0267731363017374,0.06654334598641491,0.0537092026360396,0.0823835347173287,27833.0,21488.0,35581.0,17614.0,12905.0,23095.0,45447.0,36736.0,56179.0,19772.0,15931.0,24533.0,65219.0,52666.0,80698.0,997001.0,952601.0,928841.0,914816.0,903223.0,894359.0,4593840.0,,,,,,,0.253326808732979,0.175011536827981,0.329787821499899,947943.999878903,3625848.00040946,4573792.00028836
country,COD,Democratic Republic of the Congo,,2023,171,COD,,3118726.2717850474,2901029.2727059466,3364117.673526443,235781.88476819076,1289532.6770443916,1493352.9407219426,2782885.617766334,3018667.502534525,2954327.2239155695,2918902.9673015643,2879127.2495076978,2835202.399920064,8633232.616729327,11587559.840644896,14606227.34317942,0.018807991131056,0.0125810245735952,0.012162957065697,0.0245909591775611,0.0429364437665014,0.0083582340300302,0.0177876384408471,0.0259971992259471,0.067817415709797,0.0007391301724876,0.0034750581057307,0.005087869349404,0.0084925976308877,0.0090607319914591,0.003227254671697,0.0078496107511371,0.011007146413222,0.0195512524335774,58398.4761379446,38566.057037813705,36549.90622741175,75115.96326522547,133514.43940317005,24796.731747305148,51649.004424643725,76445.73617194887,209960.17557511892,2294.985968468419,10652.49402632946,15289.139525329903,25941.63355165936,28236.61952012778,9574.434992701288,22792.49051331086,32366.925506012147,60603.54502613993,0.0392987303820629,0.2762142371952822,0.418308584164392,0.3453544682647889,0.2114873840338901,0.3861168112907385,0.4412958345899052,0.4233973943714721,0.2886430479500974,0.0238629143203185,0.0178299701524363,0.031716665035589904,0.0340684835247679,0.0263678451042978,0.0444312648619001,0.0571712089821429,0.045927582999185396,0.07213011334465701,0.0362134863977343,0.028748689225968998,0.046425365570592396,0.0913143265805965,0.0733559144141065,0.115206812021532,104170.0,77840.0,138444.0,140294.0,108773.0,181592.0,244464.0,196723.0,307815.0,138375.0,110875.0,175662.0,382839.0,307543.0,483455.0,4369683.0,4142462.999999999,3979573.0,3843012.0,3714970.0,3595858.0,19275876.0,,,,,,,0.303723948021125,0.288546152908178,0.319562059981538,4089796.99897679,14926762.0061224,19016559.0050992
country,DJI,Djibouti,,2023,177,DJI,,35512.35854731489,32043.908963856113,39678.245348508666,2676.7326928346124,14724.187644390844,17218.355061842467,31942.54270623331,34619.27539906792,34318.44963296624,34113.178883602464,33807.68695066998,33345.55388917744,101266.41972344989,135584.86935641614,170204.14475548407,0.0208433572139502,0.0132795286104532,0.0056760029854019,0.0188801569518175,0.0393299883101655,0.0030527137025436,0.0051816654528201,0.0082185610142337,0.0472253134157831,1.5709011475512243e-05,0.0001178842684472,0.0001001729601099,0.0002167127719718,0.0002290774272947,7.920806873219191e-05,0.0001296069119741,0.0002084416171432,0.000429457008517,735.479804963799,464.96922712926266,196.01970143771845,660.9889285669811,1396.46873353078,104.92463548872344,175.36430250376353,280.288937992487,1676.7576715232672,0.5543090097045932,4.127598109728572,3.459454440629531,7.587052550358103,8.141361560062697,2.7224556736408503,4.3863167016378615,7.108772375278711,15.250133935341408,0.0007536699253514,0.0088771425481477,0.0176485037741408,0.0114783352980007,0.0058299633672988,0.025946772757037,0.0250125974272541,0.0253623008677897,0.0090950136649664,0.0277419807833095,0.0141416852034344,0.0535340239053765,0.0165507064419201,0.0076239510607336,0.0338555425979606,0.0443974950651098,0.0238043237573772,0.08145457381496869,0.00639208142146575,0.0033549038586542703,0.0122004527394992,0.0505057840831968,0.0270793663960878,0.09266124387545911,664.0,339.0,1281.0,390.0,175.0,750.0,1054.0,567.0,1922.0,146.0,78.0,268.0,1200.0,645.0,2190.0,23946.0,23197.0,22988.0,22864.0,22756.0,22701.0,114506.0,,,,,,,0.0173951572103198,0.0145197549760286,0.0207887065952096,23174.0000495157,91276.0000272091,114450.000076725
country,GNQ,Equatorial Guinea,,2023,172,GNQ,,40678.440894069776,35493.75706904023,46665.54832147993,3108.102007213035,17068.922956651575,19889.212421051063,36958.13537770264,40066.23738491567,40197.98338317422,40649.45175857766,41110.07362993201,41535.11556706829,123294.64095557795,163492.62433875218,203558.86172366783,0.0172819421763066,0.0127764384622396,0.0082176137118711,0.0208890603382145,0.0378099989816388,0.006181377227975,0.0074761739326262,0.0136113381093017,0.050906692410889,0.0011267531729376,0.0040070217451484,0.0038242685822985,0.0077802056808763,0.008782639156938,0.0027090902102184,0.003598731796523,0.0062897877112544,0.0149056153870216,706.805690111142,518.4605182345394,328.2342352399675,846.694753474507,1553.500443585649,249.2500494895527,308.4117052617485,557.6617547513013,2111.16219833695,46.08252624956304,162.6026358367904,152.75187146478424,315.35450730157464,361.4370335511377,109.23793259415842,148.45708782961074,257.69502042376917,619.1320539749069,0.0651982955065299,0.3136258791517713,0.4653745863928832,0.3724535979554402,0.2326597556141673,0.4382664429470339,0.4813600952778866,0.4620991456347811,0.2932659813929137,0.026744466307852998,0.0118895863617042,0.0550054622909273,0.021638628838239,0.00839532937140898,0.0468337150952498,0.049178652266341105,0.0261417185711964,0.0897929066832496,0.0223640986278319,0.0116067885670106,0.0426555469091871,0.0704429146644442,0.0374450857359723,0.12861828804710299,1462.0,650.0,3006.0,1196.0,433.0,2392.0,2658.0,1418.0,4824.0,1134.0,602.0,2089.0,3792.0,2021.0,6902.0,54694.0,52310.0,51080.0,50417.0,49718.0,48906.0,252431.0,,,,,,,0.215579564557049,0.136496875128695,0.293661953065842,52108.999938881,199066.999842647,251175.999781528
country,ERI,Eritrea,,2023,178,ERI,,207826.1149765639,187190.41431246075,231272.5166205411,15765.28124497248,86457.41931896376,100495.52083241474,186952.9401513785,202718.221396351,199214.15453405576,196706.1659124575,194058.7375232995,190756.48993663135,581521.3933723883,780735.5479064441,983453.7693027952,0.0171170324684669,0.0093536276869384,0.0069997316476184,0.0162878864508164,0.033126118638062,0.0084210861736092,0.0167130504155742,0.0249933945514099,0.0572915790363941,2.726741229640178e-06,2.0606930061082913e-05,2.8583134110148927e-05,4.8864648893635566e-05,5.075662663410503e-05,7.438336043649812e-05,0.0001185706946447,0.0001920985817313,0.0002351558949261,3550.635507234446,1919.2517017326677,1411.8303568409472,3331.082058573614,6881.7175658080605,1684.7030752151247,3267.0432743591914,4951.746349574316,11833.463915382375,0.5656158126028065,4.228293760553215,5.765154789054591,9.993448549607804,10.559064362210613,14.880963510968924,23.17803039199147,38.058993902960395,48.61805826517101,0.0001592998806693,0.002203094964947,0.0040834614166778,0.0030000607531977,0.0015343646787647,0.008832988869014,0.0070944975151997,0.007685974041508,0.0041085229661259,0.0162037175017873,0.00865411515159019,0.0312212623526046,0.00915627368278144,0.00426528857812888,0.018861093405666503,0.0254315244269652,0.0141189385407147,0.0474157099691598,0.0102413769872138,0.0056205115182956095,0.0195351684962489,0.0354124475836133,0.019660094401544398,0.06602460457078671,1604.0,857.0,3090.0,888.0,402.0,1754.0,2492.0,1386.0,4630.0,950.0,528.0,1774.0,3442.0,1914.0,6406.0,99058.0,95783.0,93840.0,92061.0,90438.0,88992.0,461114.0,,,,,,,0.007850141639798,0.0066372388292254,0.0093415453264365,95009.215501204,362458.264891203,457467.480392407
country,SWZ,Eswatini,,2023,197,SWZ,,27836.086903325075,25502.857487926736,30511.735980104095,2081.3624248608553,11466.299289655824,13443.876989671022,24910.176279326846,26991.538704187704,26751.801284243786,26747.75671352626,26699.11156341681,26580.207479438566,80027.07575638164,106778.87704062543,133770.41574481313,0.019107956029388,0.0115360924418358,0.0085813011935733,0.0200183989515687,0.0387438442940114,0.0045115004721818,0.0066552229801008,0.0111366984106654,0.0494490641955047,2.053097371712216e-07,6.0854083488230064e-06,8.596066458030497e-06,1.458878474884461e-05,1.4616338624561765e-05,1.6030174225276483e-05,2.1475866900057165e-05,3.7406745774790624e-05,5.083551845654525e-05,523.8136301201331,314.2748794595021,231.72760565017387,546.002485109676,1069.816115229809,120.96383395788897,178.12607189182464,299.0899058497136,1368.9060210795226,0.0056282335254103,0.1657832567596739,0.2321263236653416,0.3979095804250155,0.4035378139504258,0.4298063017523357,0.5747984436910483,1.004604745443384,1.4081425593938095,1.0744725226259448e-05,0.0005275103662271,0.0010017206323521,0.0007287688083417,0.0003772029680668,0.003553180216675,0.0032269192128152,0.0033588721176975,0.0010286626968616,0.0254833994773893,0.0162210184145322,0.0409742339034202,0.0194293353249179,0.011813431954079601,0.032293401665345396,0.0446643238244896,0.029080707823237,0.0699300579868456,0.00162191357746061,0.00103906995010557,0.0026083821630496196,0.0462137957286919,0.0300895608824144,0.07235603583295919,755.0,481.0,1214.0,566.0,344.0,911.0,1321.0,862.0,2060.0,47.0,30.0,74.0,1368.0,893.0,2133.0,29622.0,28732.0,28584.0,28421.0,28269.0,28145.0,142151.0,,,,,,,0.0005632572919035,0.0004188915881792,0.0007532040307975,28901.999976568,113481.999947881,142383.999924449
country,ETH,Ethiopia,,2023,179,ETH,,3658772.3284683153,3383358.437987812,3957466.966713981,274588.2665505476,1495236.1396573638,1722211.038737613,3217447.178394977,3492035.4449455244,3342766.3661420364,3239199.6373808123,3186942.819531252,3141090.8191672456,9567233.27607931,12909999.642221346,16402035.087166872,0.0267001945169734,0.0100907992237894,0.0055097703233713,0.0155449715610583,0.0418301123135906,0.0045612488200168,0.0075943329760063,0.0121209421536975,0.0534440340956525,0.0003389075395693,0.0006588852267305,0.0006555896858194,0.0013045849614098,0.0016046166088401,0.0004428563246534,0.0009310072769771,0.0013666300365434,0.0028697847166851,96937.54624692137,35821.71057711069,19030.449522924468,54852.16010003515,151789.70634695652,15282.068357163162,24311.349919088083,39593.41827625124,191383.12462320775,1230.435428833474,2339.0016362460647,2264.371415050587,4603.373051296652,5833.808480130127,1483.751685734692,2980.3860008927873,4464.1376866274795,10297.946166757603,0.0126930738034082,0.0652956433002012,0.1189867539557002,0.0839232774589254,0.0384334921025235,0.0970910253152488,0.1225923698524339,0.1127494892075317,0.0538080156598553,0.0259388629477387,0.0185915396704051,0.0360124468800716,0.0129801484597354,0.0087598714296252,0.0188872656503654,0.0386666375996567,0.0280677732596146,0.0529688958379924,0.0133374879073443,0.009575988640914829,0.018546771566356,0.0514884096955929,0.0373749852210288,0.07053326535053969,106432.0,76291.0,147746.0,50268.0,33904.0,71825.0,156700.0,113966.0,214158.0,50143.0,36358.0,69068.0,206843.0,150327.0,283231.0,4105685.000000001,3967764.0,3893881.0,3826439.0,3745343.0,3633102.0,19066529.0,,,,,,,0.033652421886278,0.0149415259561598,0.0647152563989428,3945963.00005271,14942276.996491,18888239.9965437
country,GAB,Gabon,,2023,173,GAB,,48615.75694329843,44349.01147192889,53558.768756492034,3668.8838887514985,20209.278429558984,23656.205344947797,43865.48377450678,47534.36766325828,47242.26220552743,47214.28657610011,47225.06796447496,47223.217163294285,141662.57170386935,188904.8339093968,236439.20157265503,0.0154420356311668,0.005732196597061,0.0054267233734111,0.0111278129252179,0.0263980124726964,0.0040429281140834,0.0056260887738,0.0096462710154073,0.0357896411055241,0.0004833855757764,0.0008743026133865,0.0014434595768635,0.0023084305676178,0.00275954861249,0.0009269558973274,0.0014846857809555,0.0024059961627374,0.0051086350725465,744.8103167762451,274.42906766663214,257.4505549476698,531.879622614302,1276.6899393905471,191.38420755411155,266.41888766098907,457.8030952151006,1734.4930346056476,23.314967820203396,41.85726134605635,68.47953056329203,110.33679190934838,133.65175972955177,43.88025580510117,70.30609544063203,114.1863512457332,247.83811097528496,0.0313032288826467,0.1525248826662314,0.2659910000085702,0.2074469244883258,0.1046861540973316,0.229278352513462,0.2638930597521849,0.2494224098508602,0.1428879251922929,0.0169289452055494,0.0113275627462294,0.025509715094775,0.0100153637001573,0.00600212851875762,0.0162570723951803,0.0268706535035313,0.0191699468692456,0.039078130112239796,0.007102490373303069,0.00502724602689071,0.0104604096228164,0.0337822953189997,0.024100820856525998,0.0491297664864195,1164.0,779.0,1753.0,675.0,400.0,1082.0,1839.0,1314.0,2670.0,473.0,336.0,689.0,2312.0,1650.0,3360.0,68745.0,67108.0,66694.0,66328.0,65892.0,65212.99999999999,331235.0,,,,,,,0.174512312690767,0.115838106843135,0.227754794987523,67090.9999377167,263407.999926704,330498.99986442
country,GMB,Gambia,,2023,206,GMB,,79358.73128343206,72991.99833405248,86427.67067426998,5890.633806477249,32325.04707537635,37614.78813528229,69939.83521065864,75830.46901713588,73916.11483284147,72516.4563599253,71123.82031819093,69757.87630248177,213398.152980598,287314.2678134395,363144.7368305754,0.0261935982856493,0.0084527612735949,0.0057265634029895,0.0141309194032208,0.0399543780626152,0.0055970947387698,0.0096551844559792,0.0151982382126286,0.0545453801198108,0.0001483882708001,0.0003750605610433,0.0004549335730973,0.000825225060014,0.0009546551135538,0.0003688942582212,0.0009798075625994,0.0013393374191005,0.0022185867757531,2039.5780069674436,648.1720099886654,432.045189462105,1080.2171994507703,3119.795206418214,414.87763829521265,690.1365953298956,1105.0142336251083,4224.809440043322,11.554329050759932,28.760277245535175,34.322829933025325,63.083107178560496,74.63743622932043,27.343824926056932,70.03502195259254,97.37884687864948,172.0162831079699,0.0056650586598251,0.0443713656287597,0.0794426850944854,0.058398539859053,0.0239238255369365,0.06590816761881,0.1014799424150443,0.0881245181423487,0.0407157495619982,0.023517353089332498,0.0164765043856743,0.0328361049390381,0.010218148355134099,0.00594470873812672,0.015839594697908,0.033705782033108,0.024698386087941303,0.045451541820704,0.010490202632274199,0.00761585176807972,0.0143198836632963,0.0438424041819014,0.0321261386086382,0.059120564692328896,1929.0,1352.0,2694.0,806.0,451.0,1224.0,2735.0,2007.0,3682.0,802.0,587.0,1085.0,3537.0,2594.0,4765.0,82092.0,79439.0,77987.0,76692.0,75356.0,74085.0,383559.0,,,,,,,0.036315687366685,0.0301855466143894,0.0428183710803776,78930.9999704684,302189.00027963,381120.000250098
country,GHA,Ghana,,2023,207,GHA,,907801.9001178954,799167.603935272,1028155.555754666,67858.98000418078,373590.69642051915,437388.1912677354,810978.8876882545,878837.8676924354,867191.1825762575,859582.5674943934,849761.2492296038,836442.4878842548,2545786.304608252,3412977.4871845096,4291815.354876945,0.02016512838124,0.0072433728334822,0.0041759994994285,0.0113891240115838,0.0313245892449803,0.0042093924345957,0.0084781691256786,0.0126518736192974,0.043580148119974,0.0004934918265666,0.0014819549485211,0.0013425920015924,0.0028138844491134,0.0032568143899545,0.0013368914332144,0.0033498995054923,0.0046693469451963,0.0077515196827681,18032.52557303639,6415.419362046954,3660.714637890109,10076.133999937065,28108.65957297345,3658.052505368747,7225.207344071653,10883.2598494404,38991.91942241385,441.301627959159,1312.560141385538,1176.926911417516,2489.487052803054,2930.7886807622135,1161.7873915682237,2854.8284600359016,4016.615851604125,6947.404532366339,0.0244725358171141,0.2045945973774569,0.3215019546281407,0.2470676802053847,0.1042663978036211,0.3175972433044972,0.3951206275593341,0.3690636727570786,0.1781754946993643,0.0186860891240603,0.0143030951115375,0.024146185212848302,0.00980702785565629,0.00719420120277386,0.0134701663492756,0.028400330338188,0.0226034331887416,0.0358798506355761,0.00904225223158051,0.007153921714973701,0.011512245741115899,0.037185779619377794,0.0295956517121096,0.0469790387162042,16603.0,12709.0,21453.0,8419.0,6127.0,11448.0,25022.0,19931.0,31577.0,7665.0,6090.0,9704.0,32687.0,26026.0,41290.0,888947.0,861369.0,851010.0,844564.0,837578.0,831246.0,4225767.0,,,,,,,0.161001407436532,0.143265670432442,0.181183815402367,857509.999785952,3356307.00055524,4213817.0003412
country,GIN,Guinea,,2023,208,GIN,,511422.77537331905,475608.7252728973,548944.2946537499,38643.54557589381,210113.16095989896,241749.0131035271,451862.1740634261,490505.71963931987,476659.3803707284,466968.2696242971,458140.63124199235,449969.4466776487,1375078.347543938,1851737.7279146663,2342243.447553986,0.0261683492123167,0.0134517196194661,0.011017218015605,0.0243207371073386,0.0498526527779294,0.0123187702506204,0.0203324456804632,0.0324007452041128,0.0806381348816355,0.0008417774326873,0.0022593610440738,0.0028212323024584,0.005035304026408,0.0057226314157772,0.0025724184284647,0.0058434093908041,0.008330195063247,0.0135652837423898,13366.903721396784,6721.699359657124,5356.363758251079,12078.063117908205,25444.966839304987,5908.3242194517,9415.617584475738,15323.94180392744,40768.908643232426,429.98348142953256,1128.9817296822214,1371.6299738365103,2500.6117035187317,2930.5951849482644,1233.78241449843,2705.985747017736,3939.7681615161655,6870.36334646443,0.0321677697686447,0.1679607595154049,0.2560748365388024,0.2070374760511942,0.1151738653642635,0.2088210410722732,0.287393335884765,0.2570988725959808,0.16851967774234,0.030313362909921298,0.021017900906966803,0.0430440972198462,0.031743683956018696,0.0216506801547994,0.0444828824200261,0.061427032250099003,0.0473882359950574,0.0801299549062129,0.0357169996460261,0.027148014959855502,0.0475392034608221,0.09495004260641479,0.0732497544151872,0.12385984400837999,14771.0,10243.0,20972.0,14738.0,9886.0,20354.0,29509.0,22815.0,38383.0,15805.0,12149.0,20770.0,45314.0,34978.0,59132.0,487595.0,460983.0,446910.0,438287.0,429070.0,419320.0,2194570.0,,,,,,,0.246916965625587,0.157135488873167,0.350220915188419,458716.000185193,1721818.99904904,2180534.99923423
country,GNB,Guinea-Bissau,,2023,209,GNB,,72780.31302686046,65334.81823827828,80402.44505898743,5389.807198310403,29508.177594098655,34323.38791343568,63831.56550753434,69221.37270584474,67710.18695675384,66671.5092073449,65595.64576796768,64512.451292092504,196779.6062674051,264489.79322415893,333711.1659300037,0.0319518388886799,0.0119888243203468,0.0074138299835095,0.0193137711986429,0.050648499581651,0.0073344976421911,0.0162314807282242,0.0234469286132849,0.0729078764408749,0.000228862628811,0.0006520701993076,0.0006018073572449,0.0012459911221306,0.0014361225636682,0.0005129453782396,0.0017269497118917,0.0022235564811746,0.003525843630139,2283.1461715997934,840.709462992856,510.8314823066918,1351.5409452995475,3634.687116899341,498.4503909334769,1073.4100731258327,1571.8604640593096,5206.5475809586505,16.35357628750511,45.726050565538614,41.466036454609934,87.19208702014855,103.54566330765364,34.85962321949399,114.20555201121888,149.06517523071287,252.61083853836652,0.0071627373187614,0.0543898368917576,0.0811736118286356,0.0645130932387873,0.0284881916867677,0.0699359933376927,0.1063950813118845,0.0948335928277971,0.0485179160682624,0.032688153531600796,0.0175981707940775,0.0582150153962624,0.0103921928385316,0.00270249684922136,0.0223537986530542,0.0433813865737641,0.0242877947044855,0.07356113311340469,0.027508013031257602,0.015099444321017,0.0481644120693827,0.0696960638564149,0.0390205068198317,0.118182516414141,2113.0,1138.0,3762.0,661.0,143.0,1317.0,2774.0,1558.0,4681.0,1655.0,927.0,2821.0,4429.0,2484.0,7498.0,64679.0,61864.0,60337.0,59300.0,58325.0,57471.0,297297.0,,,,,,,0.0613055917330613,0.012337029647114,0.165089759335381,61572.0000524404,234263.999863662,295835.999916102
country,KEN,Kenya,,2023,180,KEN,,1185574.7290795904,1026684.3289287174,1359621.626364319,89589.34875146254,494110.2726850968,580279.2821887294,1074389.5548738262,1163978.9036252887,1170812.335911226,1187599.6826871105,1203255.6882514614,1217322.4792186448,3608177.8501572167,4778990.186068443,5942969.089693732,0.0159675430346664,0.0061453262206683,0.005164687787312,0.0112782753166994,0.0270657320048895,0.0032698248243558,0.0043830290107025,0.0076385220979932,0.0344975119108651,0.0001432385377793,0.000345775359734,0.0004801587967821,0.0008229824383672,0.0009557143232814,0.0002928106437337,0.0004685496764266,0.0007608230167498,0.0017083015449541,18811.233232305178,7194.774840844461,6009.454514694853,13204.229355539315,32015.46258784449,3834.623937064099,5283.169349744719,9117.793286808816,41133.2558746533,168.74816220447173,404.824051558256,558.696395197669,963.5204467559248,1132.2686089603967,343.3880295742156,564.7754745143848,908.1635040886003,2040.432113048997,0.0089706060267582,0.0562663961712999,0.092969568840482,0.072970593043487,0.0353663048239163,0.0895493365738293,0.1069008841334367,0.0996034320499991,0.0496054122062904,0.0211043341447586,0.0171240063927997,0.0260321811228226,0.0138309696368336,0.010676583047722,0.0177117094428098,0.034698570269317795,0.028975266025235497,0.041574160221540195,0.005103374860564841,0.00423648798027845,0.00615848390035282,0.0396248653186726,0.0330890006392543,0.0474766103251272,31638.0,25672.0,39024.0,19823.0,15224.0,25229.0,51461.0,43005.0,61593.0,7175.0,5982.0,8613.0,58636.0,48982.0,70210.0,1499998.0,1452999.0,1425638.0,1400869.0,1381636.0,1375554.0,7036696.0,,,,,,,0.0529415926288388,0.0123290384467639,0.130234695060228,1444619.99945384,5561970.99982584,7006590.99927969
country,LSO,Lesotho,,2023,194,LSO,,41318.936064835965,37112.1483318995,46032.37920406385,3147.6950156447665,17176.178875641603,19946.608674225277,37122.78754986688,40270.48256551165,40269.60610653464,40552.92233394241,40795.55034864959,40947.90530692444,122296.37798951643,162565.98409605108,202836.4666615627,0.0294085005521103,0.0141207368340215,0.0087562325621897,0.022753324940543,0.0514926843235771,0.0053660180007159,0.0063083563227106,0.0116405235698439,0.0625338060878778,0.0,0.0,0.0,0.0,0.0,0.0,0.0,0.0,0.0,1225.641214856248,577.004100849086,350.85261387012673,927.8567147192128,2153.4979295754606,216.6692781731267,257.97760868631184,474.64688685943855,2628.144816434899,0.0,0.0,0.0,0.0,0.0,0.0,0.0,0.0,0.0,0.0,0.0,0.0,0.0,0.0,0.0,0.0,0.0,0.0,0.0290752279279475,0.0205760253379153,0.0403193552009979,0.029990819236628902,0.021192497661227102,0.0417396508883257,0.0584252753925252,0.0426249788784761,0.078569438672985,0.00306601053783079,0.00219993450574988,0.00421326431350806,0.0613121534202979,0.044731141222287496,0.08245166917400709,1620.0,1146.0,2246.0,1604.0,1135.0,2186.0,3224.0,2358.0,4323.0,166.0,120.0,224.0,3390.0,2479.0,4547.0,55728.0,53261.0,52477.0,52806.0,53469.0,54324.0,266337.0,,,,,,,,,,53255.9999853365,214794.000133797,268050.000119133
country,LBR,Liberia,,2023,210,LBR,,179129.6672998822,157819.56321084665,202964.559478487,12994.635900291169,71117.04488168759,82604.4514119882,153721.4962936758,166716.13219396694,158908.1404822607,152613.88853816345,146326.82518935282,139792.16312700164,438732.8768545179,597641.0173367786,764357.1495307456,0.031057384336544,0.0167023581420843,0.0129147317315727,0.0294013833989672,0.0595456376712635,0.0121422206248116,0.0137585629595748,0.0257337240774508,0.0837470307388662,0.0007340756279266,0.0028535790014525,0.0035251665582606,0.0063185636124014,0.0068801139993279,0.0027244208020466,0.0047959549259598,0.0074062869249202,0.0136972985651618,5348.033812573071,2829.530459592053,2147.5260643548245,4977.056523946878,10325.090336519948,1941.3075904233783,2026.08147052718,3967.3890609505584,14292.479397470506,126.40669402792751,483.42207937199265,586.1822933998133,1069.604372771806,1196.0110667997333,435.5824972997867,706.2507499890091,1141.833247288796,2337.8443140885292,0.0236361059892233,0.1708488691942513,0.2729570099890352,0.2149070173556305,0.1158354094558795,0.2243758276372838,0.3485796401885285,0.2878047072638802,0.1635716413558226,0.0330966640925464,0.0252625963758051,0.0427018124676676,0.0313094551332202,0.0232320605255433,0.0399404802799337,0.0636246923279228,0.0501818643250624,0.0773439299776185,0.0252771643923204,0.0196543617231947,0.031184515640435697,0.0872936049083,0.068849933534868,0.106116512606826,5624.0,4293.0,7256.0,5006.0,3687.0,6316.0,10630.0,8401.0,12900.0,3898.0,3060.0,4772.0,14528.0,11460.0,17672.0,170065.0,161531.0,156369.0,153595.0,151532.0,149905.0,772932.0,,,,,,,0.15178311726852,0.11543142850384,0.203246191447043,160281.999989295,608349.999995698,768631.999984993
country,MDG,Madagascar,,2023,181,MDG,,1006233.9656772858,921929.0429069452,1094735.3306535846,75333.1932091927,412588.33674556063,479140.43305680976,891728.7698023703,967061.963011563,943678.6543504768,926427.2976319212,906701.4428301378,884423.8714053675,2717552.6118674264,3661231.2662179032,4628293.229229466,0.0211231431869185,0.0104224930942402,0.0087584429846358,0.0190896512673522,0.0398095610171622,0.0075238789961192,0.0127225027777323,0.020150659202424,0.0591580313225313,0.0002977394973785,0.0009620014786688,0.0012370275992709,0.0021844577605282,0.0024345971456541,0.0007988689896886,0.0018614391224262,0.0026404647852198,0.0049451308029275,20979.968633948392,10211.091808558456,8430.019377598399,18641.111186156857,39621.079820105246,7126.968980484651,11598.629466997882,18725.59844748253,58346.67826758778,295.7213924467912,942.489031159412,1190.6416072777968,2133.1306384372087,2428.852030884,756.7259537159578,1697.0043578362256,2453.7303115521836,4882.582342436183,0.0140954163281385,0.0923005148547838,0.1412383001682962,0.11443151736691,0.061302015036236,0.1061778093587968,0.1463107656525101,0.1310361491748245,0.0836822675670383,0.0233208177393417,0.017992384392266702,0.030554604222825302,0.0207325064645968,0.0157450591505666,0.0272106365872453,0.043689732220443096,0.0345076745193857,0.0558449006346873,0.020851492328324797,0.016312609710422598,0.0269958345607294,0.0636302284299462,0.0502573740021077,0.0813331554907104,23335.0,18004.0,30571.0,19832.0,15028.0,25724.0,43167.0,34140.0,55077.0,19157.0,15079.0,24591.0,62324.0,49218.0,79650.0,1001244.0,958400.0,935646.0,918045.0,899365.0,876676.0,4588132.0,,,,,,,0.0969471831930549,0.0666056679484842,0.12773198770476,952611.007090633,3599391.99829305,4552003.00538368
country,MWI,Malawi,,2023,182,MWI,,622310.4502293245,552555.0968600733,696059.5355125974,46723.61653592231,256211.76304256488,298003.5368988695,554215.2999414344,600938.9164773567,590155.6314169228,584112.1597839326,577953.4622027525,571756.567761327,1733822.189748012,2323977.821164935,2924916.7376422915,0.0209138509347204,0.0094820559749061,0.0075530054047168,0.0169634433595966,0.0375225233685548,0.0068680647494374,0.0113277307584808,0.0181179959196047,0.0549606863628748,0.0004940023996283,0.0012473992799266,0.0016104331662751,0.0028402494079069,0.003273251602337,0.0014005302733091,0.0028930505251224,0.0042711223052039,0.0073587127950906,12882.024344512887,5766.061568358337,4518.731213807983,10284.792782166322,23166.81712667921,4067.210062619492,6584.119354965683,10651.329417585175,33818.14654426438,304.28403444794003,758.546571272889,963.4727140079112,1722.0192852808,2026.30331972874,829.3822246030236,1681.5539107946315,2510.936135397655,4537.239455126395,0.0236208243603847,0.1315536718226294,0.2132175312981234,0.1674335420998229,0.087465762286146,0.2039192005905047,0.2553954173881156,0.2357392243687571,0.1341658227539947,0.023779223099815,0.0181593705373156,0.031202423028004498,0.0148571211086964,0.0109179473512338,0.019874670958998798,0.0383709974047544,0.0298185400005198,0.0494876900311612,0.0117134379897087,0.00902240362756777,0.0152836922540249,0.0496349790948417,0.0385719087245074,0.06401502765847669,15738.0,12019.0,20649.0,9335.0,6851.0,12307.0,25073.0,19508.0,32284.0,7148.0,5533.0,9263.0,32221.0,25041.0,41553.0,662289.0,640415.0,626370.0,615283.0,604707.0,593037.0,3079812.0,,,,,,,0.267824414351149,0.180865606477175,0.392498757411558,635394.999942047,2419841.99958566,3055236.9995277
country,MLI,Mali,,2023,211,MLI,,1058854.386240175,1000429.800641937,1121520.813431253,79050.41698232669,428554.9676105248,491199.6691949733,919754.636805498,998805.0537878248,955140.9913257096,917971.6829841428,881518.0133054627,846765.4803539618,2646255.176643567,3601396.1679692767,4600201.221757102,0.0314138720140247,0.0116437809322109,0.0101770178386493,0.0217022998046036,0.0524344185501566,0.0114008583359653,0.0252932560992871,0.0364057496056091,0.086931253843313,0.0007259922045309,0.0018764410528614,0.0022917310517095,0.0041349169777068,0.0046936202482127,0.0023302584029663,0.0081022356220737,0.0102840747474884,0.0141442965905134,32913.21230969022,11856.372616199527,10049.117794890726,21905.490411090253,54818.70272078048,10951.977413401162,22597.809616547427,33549.78702994859,88368.48975072906,760.6427998508993,1910.7010381407224,2262.929637931549,4173.630676072271,4934.273475923171,2238.5101756914646,7238.798252676954,9477.308428368418,14411.58190429159,0.0231105609714963,0.1611539296201019,0.2251868954190277,0.1905289768796619,0.0900107669649888,0.2043932425346638,0.3203318540827198,0.2824849057881767,0.1630850764219685,0.028702697106136602,0.0233693954158802,0.0349758142162179,0.021099323292144798,0.0161034170902996,0.026507751679184198,0.0493015912490616,0.0420734497385343,0.057150265693676504,0.0283022611897593,0.023970598465711,0.033081008099446994,0.076208505926193,0.0650355224344914,0.0883406853908179,27283.0,22214.0,33243.0,18736.0,14120.0,23486.0,46019.0,39314.0,53272.0,23839.0,20311.0,27675.0,69858.0,59629.0,80919.0,951445.0,895715.0,856988.0,826667.0,797396.0,781407.0,4158173.0,,,,,,,0.171533112244725,0.133760093747455,0.209912469668312,885463.000001795,3230716.9994005,4116179.99940229
country,MRT,Mauritania,,2023,212,MRT,,138186.94919089266,123144.24730318002,155092.11150688722,10367.177036391811,57051.62301068996,66738.36652439117,123789.98953508111,134157.16657147295,133347.42905373318,133185.156804844,132821.8079359784,132281.53303794947,398288.4977787719,531635.926832505,665793.093403978,0.0215753968509366,0.007926896659714,0.0036018297299755,0.0115001750576341,0.032827451067847,0.0033082799731079,0.0056499341618407,0.0089395225709115,0.041473511898992,0.0002640145388576,0.0004412420023325,0.0003539599737337,0.0007919952523786,0.0010423948330734,0.0002485788523505,0.000584023970621,0.0008306763165027,0.0018474427362161,2949.709246947629,1072.5282209765812,481.62835865297546,1554.1565796295567,4503.8658265771855,441.8819673261733,752.2282901570335,1194.1102574832069,5697.976084060392,36.09510091412618,59.70110625851092,47.330710766100495,107.0318170246114,143.1269179387376,33.202302466901514,77.75654374843722,110.95884621533874,254.08576415407632,0.0122368334951919,0.0556639024417936,0.0982722672279424,0.0688681040427233,0.0317786815704299,0.0751383964994285,0.1033682789731358,0.0929217762932575,0.0445922833661692,0.0213088583698846,0.015206816526947201,0.0303343876340372,0.00989196365510786,0.00647725830958304,0.014944424604505001,0.031114502459111498,0.0224952023902028,0.043495127801831304,0.00724408051289471,0.00519115349479719,0.0102576124792361,0.0381331870110733,0.027569579835795898,0.0533065841151531,3681.0,2627.0,5240.0,1624.0,1050.0,2406.0,5305.0,3841.0,7403.0,1152.0,831.0,1616.0,6457.0,4672.0,9019.0,172885.0,166881.0,163064.0,159827.0,156635.0,153510.0,799917.0,,,,,,,0.017175951233655,0.0129913529851337,0.0224507722418076,165362.999993962,627208.999937134,792571.999931097
country,MUS,Mauritius,,2023,183,MUS,,,,,,,,,,,,,,,,,,,,,,,,,,,,,,,,,,,,,,,,,,,,,,,,,,,,,,,,,,,,,,0.00952051808778476,0.00875738971875652,0.010356379204032899,0.00433233944709621,0.00381954885456141,0.00488532346757349,0.0138167053777492,0.0128945654047951,0.0148041075334693,0.00159713237930792,0.0014891458152857,0.00171298554248068,0.0153917706495115,0.014364509331968,0.016491733853775302,112.0,103.0,122.0,53.0,46.0,59.0,165.0,154.0,177.0,20.0,19.0,22.0,185.0,173.0,199.0,11804.0,11800.0,12200.0,12351.0,12156.0,12054.0,60561.0,,,,,,,,,,11959.9999745496,48854.9998623858,60814.9998369354
country,MOZ,Mozambique,,2023,184,MOZ,,1207555.5064074984,1132482.7680913687,1290641.2635959657,90807.98833654833,496457.24856196454,573693.4835965678,1070150.7321585324,1160958.7204950806,1132083.7478469166,1116129.4434867466,1100993.923696681,1086053.5465578877,3303176.9137413152,4435260.661588232,5596219.382083313,0.021966590634503,0.0129276037463997,0.0101448025840987,0.0229412583426056,0.0444039077464563,0.0075433373169705,0.0105697830187145,0.0180333888970076,0.0616365437065252,0.0002873919978604,0.0013733259070935,0.0019362011796725,0.0032796161998344,0.0034922515966219,0.0011810121904784,0.0022580855739891,0.0034173764537805,0.0067328556388891,26310.744194870415,15259.237498512208,11699.459474812476,26958.696973324684,53269.4411681951,8572.061357516426,11699.89660701903,20271.957964535457,73541.39913273056,344.227170486842,1621.0201511657244,2232.9175012403707,3853.9376524060954,4198.164822892937,1342.072949327093,2499.5184573511547,3841.591406678248,8039.756229571185,0.0130831407860349,0.1062320546045486,0.190856467005811,0.1429571190410101,0.078810003086713,0.1565636191054902,0.2136359440861757,0.1895027314775847,0.1093228620121939,0.0255513217906723,0.0197894864752074,0.0330884873666934,0.019880918450528,0.0147560081532282,0.025989821248089,0.0449229591762191,0.0360304750235581,0.0561929856073637,0.017514952273810898,0.0139182838932903,0.022170623841958,0.0616510879640598,0.049447276532934605,0.0771177759028096,32192.0,24934.0,41685.0,23578.0,17474.0,30701.0,55770.0,44787.0,69645.0,19885.0,15899.0,24966.0,75655.0,60701.0,94611.0,1260855.0,1201259.0,1161562.0,1130623.0,1101447.0,1073720.0,5668611.0,,,,,,,0.263699026410119,0.247618181174493,0.284938578027622,1191035.99984516,4417921.99933022,5608957.99917537
country,NAM,Namibia,,2023,195,NAM,,63915.04471461403,57129.54977998245,71977.4190845809,5010.870801261473,27498.350477348595,31992.5630814093,59490.91355875789,64501.78436001937,65799.14889342368,67757.22312524631,70001.23999051972,72580.84779884823,210339.3109146143,276138.45980803797,340640.24416805734,0.0146326756382664,0.008985900435929,0.0045702350810879,0.0135150678396094,0.0279499818739495,0.0048096545926517,0.0058447140282145,0.0106262575651976,0.038279235732812,1.188915170919608e-06,2.5705480817868236e-05,2.6391497296376315e-05,5.178754455197472e-05,5.2237626595443834e-05,0.0001359933875604,0.0001432542823004,0.0002778787567063,0.0003335786435807,963.5319805004376,586.3235876235169,293.09734146391617,879.420929087433,1842.9529095878704,317.23468631926056,410.9932829150102,728.2279692342707,2571.1808788221415,0.0782876500239914,1.6772642699731652,1.6925338757363706,3.369798145709536,3.4480857957335274,8.969837399577546,10.073469375927912,19.043306775505457,22.491392571238983,8.125070221678638e-05,0.0028606460756106,0.005774647655563,0.0038318375583878,0.0018709570807778,0.0282750839879798,0.0245100584235363,0.0261501996353277,0.0087474952682217,0.0220908154206582,0.0157461178832499,0.0325491608560297,0.0167007838211589,0.011031168212431,0.0256628001187643,0.0382913665641465,0.030903410347025703,0.0536651091012555,0.00288836828801342,0.00231331386264735,0.00411379248975783,0.0410691352832714,0.0331452349220887,0.0575581344682183,1694.0,1207.0,2496.0,1214.0,803.0,1879.0,2908.0,2349.0,4065.0,209.0,168.0,295.0,3117.0,2518.0,4359.0,76715.0,77447.0,83231.0,86826.0,83013.0,78945.0,409462.0,,,,,,,0.0032654889876527,0.0025551162005732,0.0040136430316734,79792.0000343057,331726.000207239,411518.000241545
country,NER,Niger,,2023,213,NER,,1261422.0018996082,1207353.352801345,1322030.3698388482,95047.23833531256,515377.7846219369,588770.25704746,1104148.041669397,1199195.2800047095,1134535.1674401828,1080935.5350806816,1034457.8267661897,993709.51324092,3109102.875087791,4243638.042527974,5442833.322532684,0.0295108098074683,0.0144325770984766,0.0154646017137966,0.0296739847557415,0.0583090912428535,0.0232967641166606,0.0403761345235513,0.0627322653582741,0.1173834952164811,0.0007711138003033,0.0016020609460016,0.002552237968515,0.0041101574342192,0.0047423520093063,0.0046509398303623,0.0112374315730966,0.0155590786659762,0.0190889812828911,37139.94316269734,17698.36298948934,18352.47048716674,36050.83347665608,73190.77663935343,26743.743392777895,42712.72895640863,69456.47234918653,142647.24898853994,970.4621087012124,1964.5733371217416,3028.8443802345187,4993.41771735626,5963.879826057473,5339.09090273644,11887.749399781987,17226.840302518427,23190.7201285759,0.0261298759788067,0.1110031101909514,0.1650374200221429,0.1385104652459599,0.0814840352828118,0.1996388771879352,0.2783186579324931,0.2480235422252939,0.1625739037591885,0.033244303793612505,0.0242460950356772,0.0455910547308489,0.0344697914067903,0.024184728234444102,0.0468805129666937,0.0668988043605367,0.051542155882443194,0.0862319999096223,0.0499074714263596,0.0378286205004338,0.0656913928209396,0.11346752561822601,0.0874210077281984,0.14625869254888801,36385.0,26539.0,49891.0,35007.0,24261.0,46827.0,71392.0,55145.0,91769.0,47023.0,36067.0,61045.0,118415.0,91236.0,152806.0,1095892.0,1025915.0,962557.0,916980.0,891084.0,870616.0,4667152.0,,,,,,,0.190698596431844,0.143965574303353,0.256802705677401,1010016.99964307,3601335.00005442,4611351.99969749
country,NGA,Nigeria,,2023,214,NGA,,8496788.296585036,7888219.970969551,9176528.058178524,636965.1054441202,3471118.297161329,4010234.536196798,7481352.833358128,8118317.938802248,7897235.532685672,7742806.298610195,7588585.324454006,7435554.568005121,22766946.191069324,30664181.723754995,38782499.662557244,0.0284703613959728,0.0118275095493313,0.0108651092140117,0.0225641115803597,0.0503920645650606,0.0114713061386363,0.0258514831280293,0.0370262389895662,0.0855524749288633,0.000615815448885,0.0016825472877155,0.0028108036003454,0.004453130782815,0.0049254869496131,0.003132482219173,0.0085485313629727,0.0115733467374022,0.0158013140226124,239992.5117880868,97556.06913467096,87620.14029866282,185176.20943333377,425168.72122142056,91115.21665005632,198766.86603461512,289882.08268467145,715050.803906092,5191.050943130098,13878.044134152204,22667.329058841184,36545.373192993386,41736.42413612349,24880.93270312871,65727.94217653193,90608.87487966064,132345.2990157841,0.0216300538064862,0.1422571066797935,0.2586999858888278,0.1973545808331835,0.0981643805222159,0.2730711029167413,0.33067856573784,0.3125714912784842,0.1850851691835383,0.039239418471115596,0.0328080955038625,0.0472585661555017,0.0321030875673261,0.025649127510900597,0.0391225475258994,0.070130311353425,0.0611130043189722,0.0807599443319249,0.050207204503246304,0.0433313954495869,0.058485665422066395,0.116816468972674,0.101796288011281,0.134522310670227,294425.0,246186.0,354565.0,222624.0,176571.0,270614.0,517049.0,451176.0,594492.0,340195.0,295342.0,393808.0,857244.0,746690.0,987993.0,7509758.0,7065325.0,6806995.0,6638370.0,6527162.0,6488772.0,33526624.0,,,,,,,0.239095387529452,0.121837044129034,0.396475112839245,7013051.00128456,26381328.004131,33394379.0054156
country,RWA,Rwanda,,2023,185,RWA,,365576.78651421296,333649.8606831423,402099.32041243627,27573.742474322866,151678.20023134883,177246.69137724352,328924.89160859236,356498.63408291526,353210.87612983474,352810.65642369573,353039.2923583194,354469.9172591513,1060319.8660411662,1413530.742171001,1770029.3762539162,0.0201619127126384,0.0094582076831623,0.0070377689993256,0.0164294120016661,0.036260076343607,0.0067501273232558,0.0098307707331627,0.0165145391022839,0.0521757969972627,0.0003455164855408,0.000816328252386,0.0011183833785996,0.0019234444402768,0.0022339221577625,0.0009400343502247,0.0016459054830394,0.0025758374071143,0.0047268438072133,7326.135944265527,3404.900997591766,2503.6630110133965,5908.564008605163,13234.69995287069,2392.3016706740086,3491.778868443392,5884.080539117401,19118.78049198809,125.54864115000464,293.87353016783385,397.8611826276661,691.7347127955,817.2833539455046,333.15604859566065,584.6070609443614,917.763109540022,1735.0464634855266,0.0171370886515253,0.0863089794316152,0.1589116350233674,0.1170732367099799,0.0617530701002579,0.1392617213287307,0.1674238498398882,0.1559739203837758,0.0907508961783736,0.0176468204675242,0.0128111585451307,0.024047956872836403,0.012503271706395999,0.00876058876148749,0.0175852032493253,0.0300578236307762,0.0224562724551367,0.0399968283175918,0.00902248049619531,0.006688299922323291,0.0121301773516657,0.0388091079994808,0.028994378092126,0.0516418370432108,6978.0,5066.0,9509.0,4828.0,3355.0,6684.0,11806.0,8831.0,15689.0,3426.0,2552.0,4580.0,15232.0,11386.0,20262.0,395578.0,385110.0,380513.0,375464.0,370529.0,366818.0,1878434.0,,,,,,,0.0221889287274173,0.0119756671531428,0.0413708627910045,384189.000043502,1486544.99923663,1870733.99928013
country,STP,Sao Tome and Principe,,2023,215,STP,,4271.629399863982,3720.695542659345,4854.928109156413,324.9188633834303,1801.6934023092435,2132.256380556491,3933.9497828657345,4258.868646249165,4326.610157812596,4429.84093377865,4539.5949688618475,4659.717923352397,13629.153825992897,17955.763983805493,22214.632630054657,0.0114451496583868,0.0067776614284674,0.0057215817089317,0.0124604641937405,0.0237630019746171,0.0051868211631496,0.0062483614892617,0.0114027735188038,0.0348948113637773,2.9498073839196037e-05,0.0001516768990946,0.0001325588056035,0.000283357502161,0.0003112504034665,5.036630339109696e-05,6.649219482770921e-05,0.0001166568342748,0.0004238607469844,48.78943750018878,28.943243220749583,24.469828218639535,53.41307143938913,102.20250893957792,22.499754807479786,28.475682748529177,50.97543755600896,153.17794649558687,0.1257471044862041,0.6477191916116108,0.5669221147225948,1.2146413063342056,1.3403884108204098,0.21848246569787,0.3030251448193602,0.5215076105172303,1.86189602133764,0.002577342780099,0.0223789430462739,0.0231682098320065,0.0227405253733166,0.0131150245207076,0.0097104376277575,0.0106415409770995,0.0102305666321005,0.0121551180436492,0.00666622599495649,0.00341679151505747,0.0130644099250408,0.00267374096767092,0.0006795440215766781,0.00612751012895869,0.00950480961151536,0.00514936506917226,0.0175154527955049,0.00463534675449628,0.0025002703913205703,0.008611658854298319,0.014096098276918299,0.00763676065545201,0.0259762745453665,43.0,22.0,85.0,18.0,4.0,39.0,61.0,33.0,113.0,29.0,16.0,53.0,90.0,49.0,166.0,6507.0,6377.0,6251.0,6107.0,6011.0,5904.0,30650.0,,,,,,,0.0065883859495774,0.0056493560786021,0.0076594772571298,6320.99995642133,24041.0000194079,30361.9999758292
country,SEN,Senegal,,2023,216,SEN,,556655.0549225612,512870.88330069673,603582.6231712206,42704.42445428984,233645.6258383721,271258.9569792219,504904.582817594,547609.0072718838,545476.9854121982,543673.4642143899,539279.0676065597,532860.5931858933,1615813.125006843,2161290.110419041,2708899.117690925,0.0221142327931591,0.0068810902187244,0.003909337139255,0.0107635268564287,0.0326397325110093,0.0038895364469754,0.0068205726689433,0.0106835802499336,0.0429746035593252,0.0002354291344173,0.0004874582502827,0.0004076540959712,0.0008913335871343,0.001105580893117,0.0003406884103701,0.0007906190583224,0.0011277196488413,0.0021942084472202,12457.29736805976,3810.868213792491,2125.041894054816,5935.910107847308,18393.207475907067,2125.789468779969,3686.17553264308,5811.965001423048,24205.17247733012,132.62095791306243,269.9629117633646,221.5930735477395,491.5559853111041,624.1769432241665,186.20003817249935,427.2897262277626,613.489764400262,1237.6667076244285,0.0106460457669654,0.0708402643750053,0.1042770376281454,0.0828105507631027,0.0339351874349139,0.0875910060272163,0.1159168147159246,0.1055563418310416,0.0511323234231688,0.0216557780504026,0.0172149424580368,0.0273281447353143,0.00850069426142325,0.005874676266100481,0.0114987078451121,0.0300452396730118,0.0242057689742028,0.036978632848945404,0.008450612598774051,0.006767443468844191,0.0104756004663675,0.0382419515907875,0.030809401269670703,0.0470668599316625,11508.0,9149.0,14521.0,4216.0,2839.0,5674.0,15724.0,12679.0,19335.0,4130.0,3319.0,5099.0,19854.0,15999.0,24435.0,531890.0,513260.99999999994,496897.0,486233.0,480375.0,474872.0,2451638.0,,,,,,,0.0196541433106832,0.0162623158147511,0.0232112305643784,506076.000057668,1925203.99922464,2431279.99928231
country,SYC,Seychelles,,2023,186,SYC,,,,,,,,,,,,,,,,,,,,,,,,,,,,,,,,,,,,,,,,,,,,,,,,,,,,,,,,,,,,,,0.00853344279400187,0.0062911900022077595,0.0113656147784127,0.00457677070492052,0.0032278091805025802,0.0065852182601242905,0.013136735080756998,0.0101795359387971,0.016992520456920603,0.00114155877356065,0.000881940667537312,0.00148241157253893,0.0142632974991298,0.01105249885954,0.018449742119876898,15.0,11.0,20.0,8.0,6.0,11.0,23.0,18.0,30.0,2.0,2.0,3.0,25.0,19.0,32.0,1744.0,1745.0,1804.0,1805.0,1752.0,1745.0,8851.0,,,,,,,,,,1744.99998761374,7078.0000206122,8823.00000822594
country,SLE,Sierra Leone,,2023,217,SLE,,265106.9004738848,240090.49147538593,291924.99305777083,18819.256456272364,102833.27591165062,119063.35729631578,221896.6332079664,240715.88966423876,225195.6934905805,215982.6212820651,209497.4155818789,205310.30117620455,630790.3380401486,855986.0315307291,1096701.9211949678,0.0283931767632653,0.0219588618423074,0.0202301133411944,0.0417447449195883,0.0689526557614143,0.015558429113508,0.020965988527955,0.0361982197951561,0.102654912167859,0.0006066538354409,0.0035116219461223,0.0056350168677544,0.0090246762842612,0.0094007232815627,0.0039873610623396,0.0087600975562219,0.0125390117473533,0.0208068082252736,7071.122298540543,5393.448388061066,4866.725307414852,10260.173695475918,17331.295994016462,3531.233246817551,4455.250294663804,7986.483541481355,25317.779535497815,151.082899213704,862.5106283196609,1355.6067994026755,2218.1174277223363,2369.2003269360403,904.99508965045,1861.5114267854692,2766.5065164359194,5135.70684337196,0.0213661838722386,0.1599182130358221,0.2785459860118462,0.2161871225143473,0.1367007018836903,0.2562830111735206,0.4178242082190221,0.3463985748003908,0.2028498129613315,0.0288101383009271,0.0210685623970811,0.038665710023075596,0.0281570608431025,0.020416292736574998,0.0384342576492216,0.056302289834710105,0.0437093436359371,0.0727300606122148,0.0397056689236127,0.0304189159182333,0.05219959442108,0.0937724386602517,0.0727986687044818,0.121133175356409,7455.0,5452.0,10004.0,6934.0,5009.0,9345.0,14389.0,11191.0,18548.0,9479.0,7328.0,12320.0,23868.0,18526.0,30877.0,258903.00000000003,244841.0,235487.0,230905.0,227682.0,224821.0,1163736.0,,,,,,,0.294660442627939,0.137605912294156,0.565467033346734,243828.000029752,914914.999925349,1158742.9999551
country,SOM,Somalia,,2023,187,SOM,,937576.4409311552,890621.3619573759,987908.4337053732,70990.23978804749,384389.62731087033,439001.2376583555,823390.8649692258,894381.1047572733,853839.125733772,819706.5890563582,788912.606109799,759581.8641468543,2368201.0593130114,3222040.185046783,4116421.2898040568,0.0247114304596001,0.0153784522114169,0.0131048943358932,0.0282818135560298,0.0522943599466687,0.0131621020426558,0.0190164753030211,0.0319282805572468,0.0825529715079766,8.554444694859568e-05,0.0002032403017181,0.0002461715404944,0.0004448750477299,0.0005172762572764,0.0002416190258692,0.0005536884679686,0.0007828114805864,0.0012419427869084,23171.322707542444,14071.998656357013,11582.188195878618,25654.18685223563,48825.509559778075,11312.933096625056,15156.18203503644,26469.1151316615,75294.62469143957,80.21300059196298,185.97432390311988,217.5679587637944,403.5422826669143,483.7552832588773,207.67350577221623,441.2912002625092,648.9647060347255,1132.7199892936028,0.0034617359399104,0.0132159139895245,0.0187847024313776,0.0157300749772837,0.0099078389067625,0.0183571761627557,0.0291162509952954,0.0245178088805263,0.0150438360498579,0.034846225815148006,0.0150956314686183,0.0817432702303569,0.0321742336128445,0.012212420779435799,0.07919893260343819,0.0672559206348724,0.0314752781807095,0.145361494354938,0.0397048191075261,0.0178950974324731,0.0936574058188078,0.104290355579674,0.0488071224428877,0.225404719625663,27464.0,11901.0,64392.0,24501.0,8840.0,54662.0,51965.0,24504.0,110514.0,27092.0,12720.0,58216.0,79057.0,37220.0,168735.0,788763.0,739701.0,701529.0,676558.0,657426.0,636494.0,3411708.0,,,,,,,0.0293502797184825,0.0163840806902279,0.0535721389213831,728465.000201155,2636329.99886959,3364794.99907074
country,ZAF,South Africa,,2023,196,ZAF,,1059268.518544958,976281.836475902,1150600.1627078974,80868.79581987386,444641.17947084,520507.1550975311,965148.3345683712,1046017.130388245,1044962.3675818208,1046497.6879475698,1045464.127853996,1042639.4441425536,3134601.259944119,4179563.627525939,5225580.757914185,0.012474238165319,0.0097275490100201,0.0048352406824251,0.0145157546517317,0.0268089198363757,0.0043439779658322,0.003944888865567,0.0082717303210895,0.034858894002379,1.0947051024046432e-08,2.757967334006371e-07,1.647272400360741e-07,4.388925743758536e-07,4.454942548845907e-07,1.3763172534978793e-06,7.4859987982867e-07,2.1206004509900255e-06,2.5289812715102643e-06,13241.89478480273,10267.023196741682,5045.763338205768,15312.78653494745,28554.68131975018,4549.181441093754,4130.03616957564,8679.217610669395,37233.89893041957,0.0116207255259329,0.2910919756346796,0.1718993372137519,0.4629913128484315,0.4746120383743644,1.441332565661438,0.7837342661839494,2.2250668318453872,2.699678870219752,8.775727125750678e-07,2.83521299267211e-05,3.406805386851098e-05,3.023560158641109e-05,1.662116390162945e-05,0.0003168333873521,0.000189764504233,0.0002563672132278,7.250594076287165e-05,0.0122063612768948,0.0102041802153299,0.0144204762502422,0.0122207248474013,0.010199486951085501,0.014581467947103601,0.0243063152437424,0.0216767331335734,0.0273709424930065,0.0107122789399286,0.00952769156178148,0.0121009301128793,0.0347582181546649,0.030997895467976,0.0391406587436422,14486.0,12110.0,17113.0,14283.0,11882.0,17011.0,28769.0,25665.0,32386.0,12338.0,10981.0,13922.0,41107.0,36643.0,46301.0,1186793.0,1161443.0,1198685.0,1213677.0,1175063.0,1138909.0,5887777.0,,,,,,,0.0001339454151873,6.79802743202494e-05,0.0002318563174693,1162082.99998755,4708010.99918343,5870093.99917098
country,SSD,South Sudan,,2023,435,SSD,,312559.2659456455,279542.73949270847,349552.5128731525,23119.822338159003,126295.68700515536,146185.36646327347,272481.05346842884,295600.87580658786,284846.8754357062,280014.7333326941,275364.4760473148,261287.3240870133,816666.5334670221,1101513.4089027285,1397114.2847093162,0.0255532386713818,0.0300962843350445,0.0159311917329279,0.0455480063917821,0.069937345984829,0.015227834579263,0.0230235553028331,0.037900790990518,0.1051874562427446,0.0006105816090913,0.0031638515920794,0.0029604748381747,0.0060378278397924,0.0065142977017277,0.0019500626424899,0.0038319219685294,0.0057145111913653,0.0118118200257665,7806.771246361909,9116.553887286114,4695.31529359795,13811.869180884063,21618.640427245973,4370.966389665508,6340.799609616536,10711.765999282045,32330.406426528018,186.5388184531675,958.3715786796366,872.5249822499574,1830.896560929594,2017.4353793827613,559.741979314185,1055.3300305944665,1615.0720099086516,3632.507389291413,0.0238944901248512,0.1051243255432489,0.1858288374030265,0.1325596511921497,0.0933192531774656,0.12805909023634,0.166434849793067,0.1507755126481386,0.1123557601277426,0.0395258317730907,0.010405749602116699,0.116130117788653,0.0308727265430072,0.006669086403962779,0.10177228178487399,0.0718696626326938,0.019837277140147498,0.196882478043054,0.027040182502794198,0.00706735426095255,0.085605363198335,0.0967113347494943,0.0267644343101449,0.26563364080533597,12962.0,3413.0,38050.0,10077.0,1947.0,27765.0,23039.0,6412.0,61922.0,7768.0,2156.0,22372.0,30807.0,8564.0,84352.0,328308.0,315151.0,304589.0,297849.0,288893.0,277154.0,1483636.0,,,,,,,0.268792249894059,0.158344122019788,0.411372965228074,305581.999971736,1132904.99973954,1438486.99971127
country,TGO,Togo,,2023,218,TGO,,236626.88693025569,218493.8711894832,257008.35071920787,17726.51459272622,97561.01636217214,114233.68778102809,211794.70414320024,229521.21873592644,228234.35946838296,228356.38428002968,228136.35796056513,227527.64223910903,684020.3844797038,912254.7439480867,1141775.9626840132,0.0230039928057451,0.0087059309716458,0.0077150207163445,0.0163537852501889,0.038981575697692,0.0075401297396135,0.0163402436743203,0.0237571658566525,0.0618126497951407,0.0003526989690731,0.0009059150838633,0.0013986636851289,0.0022922704721607,0.0025997055307232,0.0014037181054234,0.0043053043851031,0.0056809344548321,0.0080987867944778,5381.490446016425,2015.1130238119356,1769.4650761270918,3784.578099939027,9166.068545955452,1727.43744791653,3756.461608297874,5483.8990562144045,14649.967602169858,82.50942123024423,209.6870845755758,320.78806202550925,530.475146601085,612.9845678313293,321.5906496790756,989.7472128945478,1311.3378625736234,1924.322430404953,0.0153320761335404,0.1040572325709633,0.1812909824293523,0.1401675781534622,0.0668754073524586,0.186166306668266,0.26347859131802,0.2391250913139262,0.1313533574040078,0.0230068646442098,0.015679325074806,0.0332644113937952,0.013044251601007901,0.008037825304420229,0.0201892630097735,0.0359039767870666,0.0256004337215489,0.0503054396199032,0.0229901547873596,0.0162192165948552,0.032700216683188205,0.0580686935906097,0.0414044313358301,0.0813606575269775,6663.0,4541.0,9632.0,3622.0,2191.0,5525.0,10285.0,7345.0,14376.0,6213.0,4420.0,8728.0,16498.0,11763.0,23092.0,268455.0,278127.0,272423.0,268141.0,263832.0,259697.0,1342220.0,,,,,,,0.249833499971076,0.175829409366618,0.35016107917046,276498.999997968,1058118.99976067,1334617.99975864
country,UGA,Uganda,,2023,190,UGA,,1621338.9916090188,1515340.703146933,1740901.2524787372,121756.98588183222,667322.7797941054,775378.9823821923,1442701.7621762976,1564458.74805813,1527102.9553479964,1499739.7412782442,1472304.9360580733,1443070.7773198986,4415115.454656216,5942218.4100042125,7506677.158062343,0.0201085942195673,0.0091324752970305,0.0078970780953525,0.0169574335217584,0.0367250375916314,0.0077211167428003,0.0101522316030631,0.0177949617804562,0.0538664787317587,0.0005888350123282,0.0023021172736057,0.0032323626773124,0.0054997927162284,0.0059720242451828,0.0027758464318486,0.0041704751287099,0.0069078391721175,0.0125578831472985,32263.490510919924,14461.909777779,12295.068463535768,26756.97824131477,59020.468752234694,11836.69548283887,15017.451516549996,26854.146999388868,85874.61575162355,944.7638470053674,3645.562810290623,5032.509484732374,8678.072295022997,9622.836142028364,4255.452937109739,6169.077942181897,10424.530879291637,20047.36702132,0.0292827537270216,0.2520803176280424,0.4093112209710416,0.3243293101619153,0.1630423537031636,0.3595135942526695,0.41079393100642,0.3881907282152314,0.233449277715586,0.0214694458609668,0.0171351004523204,0.0262069131629876,0.014962252590736799,0.0113350426563873,0.01894379816627,0.0361859514611824,0.030432298536388402,0.042321353366687395,0.0136855598411892,0.0114412227200416,0.016108517275532003,0.049376286297219504,0.041525338550986605,0.0577481363882609,36751.0,29333.0,44858.0,24518.0,18409.0,30921.0,61269.0,51578.0,71598.0,21533.0,18072.0,25267.0,82802.0,69680.0,96860.0,1712750.0,1658195.0,1624039.0,1589468.0,1552022.0,1514626.0,7938350.0,,,,,,,0.243408208658391,0.145690142817258,0.389489271575987,1648055.99983279,6219017.00157228,7867073.00140507
country,TZA,United Republic of Tanzania,,2023,189,TZA,,2066736.290133123,1858193.5803400113,2281606.4282548972,155505.23369335415,854650.7356394988,996725.9860331734,1851376.7216726723,2006881.9553660264,1985385.6452620137,1975314.8585617903,1962636.5835187496,1944124.0711193471,5882075.513199887,7867461.1584619,9874343.113827929,0.0208336969985017,0.0071084539317474,0.0054971685498958,0.0125665461122512,0.0331384354967325,0.0048991429638911,0.0060362326857874,0.0109058032827874,0.0436828375208933,0.0002959254930221,0.0009213191843727,0.001195428690626,0.0021065352997604,0.0023600329023238,0.0009487876029666,0.0013189241724216,0.002260778635191,0.0045406119457148,42707.809453739304,14401.990117378107,10988.57225163586,25390.56236901397,68098.37182275327,9750.59243817229,11871.056541229813,21621.648979402104,89720.02080215537,606.6292300113905,1866.626683620462,2389.603742252227,4256.230425872689,4862.85965588408,1888.3386941560136,2593.840270816061,4482.178964972075,9345.038620856154,0.014204175717991,0.1296089407371627,0.2174626227621599,0.1676304118047771,0.0714093380755292,0.1936639959192033,0.2185012144291704,0.2073005148331669,0.1041577848211071,0.0205784172188168,0.0157842479203975,0.026709678881460898,0.00918171837733728,0.0058423431032169695,0.0131256980005863,0.0296896252983353,0.023615889899827,0.0374333662339476,0.00906604383549248,0.007166504623425851,0.0115226362701296,0.0384865016891488,0.0306131511390751,0.0485246714405026,48249.0,37010.0,62621.0,20475.0,12652.0,28941.0,68724.0,54721.0,86556.0,19491.0,15483.0,24634.0,88215.0,70205.0,111186.0,2346391.0,2267010.0,2209390.0,2157656.0,2110405.0,2065939.0,10810400.0,,,,,,,0.0925500097484039,0.0792666028739484,0.108006219240104,2246355.00010995,8458947.00202192,10705302.0021319
country,ZMB,Zambia,,2023,191,ZMB,,662743.0504279736,602083.9112122336,732558.6022625149,50481.68690370856,277072.5255192256,322654.45564926194,599726.9811684876,650208.6680721961,646293.7410898845,646260.059933948,644979.861926454,641363.2256697657,1932603.147530168,2578896.8886200525,3229105.5566922487,0.0177980975196249,0.0090253872183816,0.007548244196193,0.0165055055878851,0.0340098365094462,0.0075721580464844,0.0099679062831202,0.0174645857678361,0.0508804545706131,0.0003481716319838,0.000708573868355,0.0012203677415173,0.0019159525893379,0.002230474643869,0.0011635881643064,0.0018471442880208,0.002997500491919,0.0051371107794276,11825.878503557107,5933.856878228237,4889.4258375886575,10823.282715816897,22649.161219374004,4912.460878752464,6453.55359738756,11366.014476140024,34015.17569551403,231.34132250290048,465.8610008341621,790.5013949792246,1256.362395813387,1487.7037183162872,754.8814091101076,1195.9025623101124,1950.78397142022,3438.4876897365075,0.0195622948801068,0.0785089715499274,0.1616757102443505,0.1160796062341943,0.0656847158226641,0.1536666505325559,0.1853091547568802,0.1716330711627528,0.1010868713575388,0.0215497596139942,0.0174583963262924,0.0266291716868278,0.0137354837001726,0.0106940444684148,0.017482176020632997,0.035022367036324,0.029116993073417502,0.0423644913254409,0.0146236540093415,0.0120839043361997,0.0178249947322513,0.049133866067513,0.0408490504503651,0.0594343392222359,14764.0,11961.0,18243.0,8942.0,6939.0,11327.0,23706.0,19728.0,28646.0,9252.0,7676.0,11233.0,32958.0,27403.0,39875.0,685565.0,659086.0,641981.0,628146.0,616843.0,605616.0,3151672.0,,,,,,,0.25532184652695,0.232727148099813,0.277814608525714,654104.000002348,2471927.99980541,3126031.99980776
country,ZWE,Zimbabwe,,2023,198,ZWE,,464244.13426854386,432151.6512594251,499981.8075111148,34959.6427841916,191571.08341787956,223325.61480923707,414896.6982271166,449856.34101130825,443259.1503967098,439177.2830491545,435049.01028839446,430795.575769197,1305021.869106746,1748281.0195034558,2198137.360514764,0.0228629354770718,0.0103263173343688,0.0075297378808705,0.0177783007524369,0.0402347720865136,0.0067558940415453,0.0077412406788117,0.0144448357185807,0.05409842313213,1.3534246267207616e-05,7.719643995778797e-05,0.0001013418711673,0.0001773859656583,0.0001870178638243,0.0002073972569097,0.0002442422830356,0.0004499541608898,0.0006169306330071,10547.359456255375,4697.188336901469,3375.89248653756,8073.080823439028,18620.440279694405,3004.773285446001,3380.598086373366,6385.371371819367,25005.81165151377,6.243754678522333,35.11476605635426,45.43574648388606,80.55051254024032,86.79426721876266,92.24267479696958,106.66055079537408,198.9032255923437,285.6974928111063,0.0005919732521128,0.0074756989794277,0.0134588843291294,0.0099776670520098,0.0046612360349723,0.030698713691232,0.0315507931053103,0.0311498288839025,0.0114252437310432,0.033574791467515804,0.024180009049841997,0.0459249310292819,0.0293906933905459,0.020720996288569,0.04147019021811,0.062196110906256895,0.0454985868639844,0.083487259057359,0.00213415421183155,0.00153389605492003,0.0029312731798143998,0.06419752902556171,0.046962692815715,0.0861738082736008,16677.0,12011.0,22808.0,13892.0,9828.0,19177.0,30569.0,22399.0,40944.0,969.0,701.0,1318.0,31538.0,23104.0,42267.0,496917.0,480882.0,471416.0,460595.0,451010.0,443083.0,2306986.0,,,,,,,0.0229532123434793,0.0155793572527153,0.033339068479358,480345.000012593,1812337.00056497,2292682.00057757
nigeria_state,NGA,Nigeria,Abia,2023,25318,NGA-1_1,10313078,151337.19518783715,138427.5064875342,165554.82944387724,11345.997665582474,62103.36611143962,71883.27091778947,133986.63702922908,145332.63469481157,142311.48381079003,140651.9735055462,139440.75521903834,138303.5307833914,418396.25950797595,560707.743318766,706040.3780135775,0.0231010289584407,0.0098051857074946,0.0146619181890732,0.0243233410658958,0.0468624758180071,0.0145909256242345,0.0227335920500041,0.0369928135234652,0.0821217145122891,0.0007488572022274,0.0024594455980974,0.0063215895641764,0.0087107264371675,0.009231830596028,0.0055392674624173,0.0102373757995301,0.0156264163946174,0.0241230258383096,3459.1667425758665,1445.5043237721068,2123.4988806843767,3569.003204456483,7028.16994703235,2091.75397269227,3207.1446369250357,5298.898609617306,12327.068556649656,112.13448256108688,362.57745158408306,915.5615377583256,1278.1389893424086,1390.2734719034956,794.1089563962676,1444.2392042327156,2238.3481606289834,3628.6216325324785,0.0324166167478778,0.2508311082999194,0.431157061624281,0.3581221187323237,0.197814435675469,0.3796378382751103,0.4503193238011964,0.4224176240259558,0.294362087454691,,,,,,,,,,,,,,,,,,,,,,,,,,,,,,,,,,,,,,0.0929703108978643,0.0727492604968038,0.11909401368881499,0.035075755985095804,0.0265275067542506,0.046770304710689305,0.195275436741584,0.0996162516378628,0.36123586809397,92690.421875,348686.03125,441376.453125
nigeria_state,NGA,Nigeria,Adamawa,2023,25319,NGA-2_1,10315851,119497.19215675553,109824.0021248895,129961.62271418556,8793.059746385232,48434.6233350225,56796.96057493932,105231.58390996185,114024.64365634706,112331.9426040165,112013.02499711265,112074.00602278802,112381.23703308972,336468.2680529904,448800.2106570069,562824.8543133539,0.033172745461127,0.0137025493270607,0.0130883326365014,0.0266115384400015,0.0589015061101293,0.0120848564650897,0.0209619617095746,0.0327934958761774,0.0897634156885835,0.0006977531642765,0.001980946576613,0.0034599490633629,0.0053985200946023,0.0059652284422691,0.0034606229755134,0.0080718521872492,0.0114462744383321,0.0168633758818429,3869.533379691225,1578.5575245109808,1496.5703357549487,3075.1278602659295,6944.661239957155,1365.7847825851736,2376.0024124715624,3741.787195056736,10686.44843501389,81.39148938145692,228.20849241470984,395.6238945984005,623.8323870131103,705.2238763945672,391.10652343074753,914.9306031437822,1306.0371265745298,2011.2610029690968,0.0210339287441297,0.144567739136023,0.2643536926708005,0.2028638857830005,0.1015490679857723,0.2863602878122983,0.3850714116876902,0.3490409952495245,0.188206682060922,,,,,,,,,,,,,,,,,,,,,,,,,,,,,,,,,,,,,,0.122593097460917,0.0974331219698454,0.15793589657023901,0.0402027108615545,0.031380080873576,0.051924098977666096,0.267365615638754,0.150663417730718,0.381799326706307,166045.140625,624631.125,790676.265625
nigeria_state,NGA,Nigeria,Akwa Ibom,2023,25320,NGA-3_1,10313817,60624.67020739969,54519.976051661295,67646.99245720157,4303.062801901999,24046.82151974386,28907.06164886072,52953.883168604574,57256.94597050658,57050.10681827255,57300.08076953988,57568.000854248625,57785.34629915315,172653.42792294166,229703.5347412142,286960.48071172077,0.0241701895861302,0.0092634233012396,0.0074572414582193,0.0166515851751719,0.0404193027907086,0.0077947878918637,0.0102319743524335,0.017947006174505,0.0576409034884596,0.0009419460775414,0.0025262270873121,0.0032300009157638,0.0057435067483044,0.0066594662558635,0.0033508708574592,0.0049905883638599,0.0083070935857436,0.0147760462745129,1373.3842465338123,528.6388009166303,432.74944865349886,961.3882495701292,2334.7724961039416,446.43568685824334,591.8951339162418,1038.3308207744851,3373.1033168784265,53.52270404705575,144.16502569855282,187.43943364023167,331.6044593387845,385.1271633858403,191.91649004132097,288.6935469345814,480.6100369759023,865.7372003617426,0.0389713979770322,0.2727098832862413,0.4331361581706227,0.3449225216628731,0.1649527583644684,0.4298860859263255,0.4877444168605616,0.462867929334331,0.2566589632845644,,,,,,,,,,,,,,,,,,,,,,,,,,,,,,,,,,,,,,0.11696188407149001,0.089529209990941,0.149643524899375,0.0361442452249671,0.0262382688441877,0.0504474842155087,0.229878143017704,0.111010182085065,0.404590368724251,145402.6875,546962.1875,692364.875
nigeria_state,NGA,Nigeria,Anambra,2023,25321,NGA-4_1,10313334,179407.8569736837,162209.48297533987,198285.6839979238,13419.360433504791,74314.56621868604,87567.93625192916,161882.5024706152,175301.86290412,174416.58947951728,175222.41556964768,176130.2667680029,176856.60095904695,528209.2832966975,702625.8727762148,877927.7356803347,0.0145981803778546,0.0092989225765888,0.0092010952062077,0.0184144575108541,0.0327438203164051,0.0076932952410659,0.0104501387130288,0.0180630379516653,0.0502154053990125,0.0006846433330562,0.0025039610189176,0.0037767736687903,0.0062501443891702,0.0068819510317746,0.0031478978496604,0.0043956798559854,0.0075106977587108,0.0142079716769544,2574.2584287141085,1640.0013056351347,1618.9011429239583,3258.902448559093,5833.160877273202,1347.026523707866,1849.634817907654,3196.6613416155196,9029.82221888872,120.73072295068182,441.6102302672109,664.5103731613,1106.120603428511,1226.8513263791926,551.1684869158908,778.0186209269403,1329.1871078428312,2556.0384342220236,0.0468992241043138,0.2692743162763431,0.4104700129873914,0.3394150702232822,0.2103235882211263,0.4091741901256166,0.4206336371884756,0.4158047931255334,0.283066307648368,,,,,,,,,,,,,,,,,,,,,,,,,,,,,,,,,,,,,,0.0685127676204563,0.053903650335704004,0.0862865620771747,0.024709243138538197,0.0181772860788347,0.033472893418515705,0.17507404925796,0.0687191587487739,0.325272744923105,141136.84375,530930.875,672067.71875
nigeria_state,NGA,Nigeria,Bauchi,2023,25322,NGA-5_1,10315631,340084.73827937257,321213.65992921556,358646.5146443228,25284.24571425157,137293.88889261527,157665.67601124092,294959.5649038562,320243.8106181078,306587.54795430857,295057.13558129757,284174.8167309766,273903.6210274599,853135.5733397341,1159723.1212940426,1479966.9319121505,0.0336805609050773,0.0120573418594652,0.0094194276338563,0.0213631962342195,0.054324232707403,0.0141014010287846,0.0342981130352379,0.0479158626175819,0.0996371028537715,0.000379892225945,0.0010732660897886,0.0016346695239654,0.0026805632046033,0.002951565308161,0.0029707105817213,0.0098211072323421,0.0126147589540145,0.014537211931455,11300.038219396853,3934.0942606788503,2984.3183062258126,6918.4125669046625,18218.450786301517,4354.085984382895,9924.83837929798,14278.924363680875,32497.375149982392,127.45621085494189,350.1874636409988,517.9055856286863,868.093049269685,995.5492601246268,917.2655455388827,2841.9319128899633,3759.1974584288464,4754.746718553473,0.0112792725458361,0.0890134908919472,0.1735423411598703,0.125475756306056,0.0546451107068435,0.2106677610017127,0.2863454097970896,0.2632689523862557,0.14631171584195,,,,,,,,,,,,,,,,,,,,,,,,,,,,,,,,,,,,,,0.153684860557309,0.127314815254472,0.181219812993238,0.0404412902825922,0.031983513194726004,0.0508696268709473,0.264390565044287,0.164227509363184,0.414145735181536,288166.375,1083990.5,1372156.875
nigeria_state,NGA,Nigeria,Bayelsa,2023,25323,NGA-6_1,10312967,20795.56974025951,18881.28052569832,22965.050664609913,1460.80512938302,8164.679425891277,9846.146202272696,18010.825628163973,19471.63075754699,19327.97583135474,19349.49655381603,19335.82780683834,19221.85617466921,57907.18053532358,77235.15636667832,96706.78712422532,0.0266712771533585,0.0128077794188926,0.0119899384205989,0.0246441533529543,0.0506581394620263,0.0096667906393795,0.0169923001198918,0.0264948297515308,0.0758107904329814,0.0006274853427837,0.0019073177813969,0.0034470828516343,0.005338661053321,0.0059219162279624,0.002470930316778,0.0056916851931678,0.0081134770159239,0.0137522629141603,515.1400273848707,248.61058746676284,237.53625869554975,486.1468461623126,1001.2868735471832,187.7484273664505,330.81070918456413,518.5591365510146,1519.846010098198,12.119510243419176,37.0227639476231,68.291190101867,105.31395404949008,117.43346429290928,47.990413614350594,110.8072716419931,158.7976852563437,276.23114954925296,0.0235266327583673,0.1489186937888264,0.2874979612666032,0.2166299234086326,0.1172825364991419,0.2556102029056259,0.3349567246934926,0.3062286903525063,0.1817494323200582,,,,,,,,,,,,,,,,,,,,,,,,,,,,,,,,,,,,,,0.052245996145388406,0.0367624125772315,0.0729768020917482,0.023820103268649,0.0169986015881022,0.0324672809819694,0.216685063526171,0.0765473708194578,0.395700818715854,63594.1484375,239225.828125,302819.9765625
nigeria_state,NGA,Nigeria,Benue,2023,25324,NGA-7_1,10314912,338584.8356705153,309343.2146773021,371832.45939506614,25456.890923240506,139711.8899700517,162620.66217352613,302332.55214357784,327789.44306681835,323934.1160535547,322599.8040749193,320868.9369994791,318050.376564503,961519.1176389012,1285453.233692456,1613242.6767592742,0.030188355546378,0.0125844913845743,0.0097160924935548,0.0221783117958521,0.0516971405803186,0.0074770459673084,0.0120792709725789,0.0194659996755737,0.0701568037341276,0.000749983068961,0.0022566037160547,0.0031227031284048,0.0053373975375053,0.0059439448343911,0.0024827004197643,0.0049800055265918,0.007425169866067,0.0130132557786014,10179.262431146775,4179.522553337805,3175.5267494617096,7355.049302799514,17534.31173394629,2431.1706324067345,3895.0556874595495,6326.226319866284,23860.538053812576,252.88805367826103,749.4562820995219,1020.5982828441748,1770.0545649436967,2022.9426186219575,807.2530750760707,1605.841850386942,2413.0949254630127,4436.03754408497,0.0248434555439368,0.1793162430720703,0.3213949569208253,0.2406584228157342,0.1153705174926003,0.3320429526071279,0.4122769940252924,0.3814430283477461,0.1859152351921148,,,,,,,,,,,,,,,,,,,,,,,,,,,,,,,,,,,,,,0.0820949957026648,0.06528102096824649,0.10255675139491299,0.0312596481738334,0.0238274334876246,0.0410339062388127,0.290999744175842,0.152165320254807,0.453926280058579,230039.71875,865358.625,1095398.34375
nigeria_state,NGA,Nigeria,Borno,2023,25325,NGA-8_1,10316414,186397.609365873,172305.91180636227,201052.4409494798,13903.109280953526,75909.7868195565,88033.74831923073,163943.53513878724,177846.64441974077,173060.65816864482,170377.96550606433,168530.45279734448,167239.11588035896,506147.53418376774,679208.1923524125,857054.8367721534,0.0232926755707616,0.0126411413526776,0.0091845766277343,0.0217096144489962,0.0444966150136311,0.0097244551646075,0.0187456680567093,0.0282878318127687,0.0715257340646567,0.0006254383720815,0.0016291238205417,0.0023927319157016,0.0039865515373351,0.0045047742154579,0.0028523677108115,0.0067230520766515,0.0095054108381504,0.0135010461149147,4274.361345667681,2281.1514990844908,1624.5774154599994,3905.72891454449,8180.090260212171,1691.1567925462127,3192.7103454058138,4883.8671379520265,13063.9573981642,114.77211338822052,293.98280912631225,423.22889655699544,717.2117056833076,831.9838190715282,496.0484620809149,1145.051638218078,1641.1001002989929,2473.0839193705215,0.0268512893755575,0.1288747412192036,0.260516299518517,0.1836306925994,0.1017083910575271,0.2933190253365344,0.358645637824854,0.3360247226109354,0.1893058775373876,,,,,,,,,,,,,,,,,,,,,,,,,,,,,,,,,,,,,,0.0923131843808782,0.0700992883838753,0.12187665343529601,0.0267187054334603,0.0201339912849307,0.0350535103882172,0.211840391625138,0.120452666443198,0.33514593202411,269975.9375,1015516.625,1285492.5625
nigeria_state,NGA,Nigeria,Cross River,2023,25326,NGA-9_1,10314810,60368.146182160155,54504.00140524281,66884.10853789105,4355.203565090873,24228.179225795953,28925.665223984935,53153.84444978089,57509.04801487176,57164.59827837752,57348.14516592158,57597.213648642144,57919.863012107104,172865.22182667084,230029.82010504836,287538.86811992014,0.019552258274697,0.0115273716322686,0.0088843116517905,0.0203092705219519,0.0394644366940331,0.008553569940327,0.0110459607087086,0.0195050482515555,0.058199729203651,0.0008573375834343,0.0028894300878106,0.0033977945124494,0.0062618991304675,0.0070687690971021,0.0032268264839138,0.0045417127904289,0.0077325894416926,0.0145837932056676,1121.8073907630596,663.5548499577168,516.2659941162871,1179.8208440740038,2301.6282348370632,491.06457395119855,640.0288936009342,1131.0934675521328,3432.7217023891963,49.189593547881024,166.32545644779816,197.4453205295909,363.77077697738906,412.9603705252701,185.25366409490027,263.1575006436233,448.4111647385235,861.3715352637937,0.0438485197663228,0.2506581881790131,0.3824488205301336,0.3083271318730589,0.1794209700223391,0.3772490908971792,0.4111650321957264,0.3964404159357025,0.2509296150236337,,,,,,,,,,,,,,,,,,,,,,,,,,,,,,,,,,,,,,0.0904107057088156,0.0687148706685408,0.119312888662666,0.0340260191755298,0.0252140529539158,0.0467575591463621,0.272590319911498,0.148284520132213,0.457842073582576,107847.890625,405698.3125,513546.203125
nigeria_state,NGA,Nigeria,Delta,2023,25327,NGA-10_1,10313483,127050.9720351842,115385.07987865587,140283.58167663327,9242.482303070596,50880.00544262539,60093.61273156896,110973.61817419436,120216.10047726496,118701.31368936576,118655.7904411224,118538.60725097374,118152.40661032952,355346.80430242565,474048.1179917914,594264.2184690563,0.0272753638570947,0.0108703503397393,0.0132049759052202,0.0239317835306418,0.0505543992841891,0.0097011120482415,0.0138033696505903,0.0233705736632081,0.0727434876349268,0.0010374447716675,0.0019902680647736,0.0040230550662693,0.0059783209132522,0.0068798570016822,0.0030522724305679,0.0057392848284279,0.008741437972681,0.0152454831463548,3334.130370043456,1313.6281013151058,1597.6411928999014,2911.269294215007,6245.399664258463,1157.1567173052829,1646.3835747259952,2803.540292031278,9048.939956289742,126.816864426895,240.51405679895836,486.74064544378257,727.2547022427409,854.071566669636,364.0775952812129,684.547651145002,1048.6252464262147,1902.6968130958508,0.0380359645100626,0.1830914370347084,0.3046620527856399,0.2498067436385466,0.1367521075644472,0.3146311902583558,0.4157886786856034,0.3740360890859333,0.2102673707955508,,,,,,,,,,,,,,,,,,,,,,,,,,,,,,,,,,,,,,0.06488282028107141,0.0500294153807079,0.08637236011707271,0.0253755367252622,0.0191043516084517,0.0343117522396866,0.160201765328144,0.0702153873657247,0.291160551866097,155470.28125,584850.25,740320.53125
nigeria_state,NGA,Nigeria,Ebonyi,2023,25328,NGA-11_1,10313027,97631.37153656538,86507.03723768613,109700.585859416,7101.073032811157,39251.33781684636,46167.56527497405,85418.90309182041,92519.97612463156,90894.0234076902,90334.1146953188,90040.35065483465,89931.77427058967,270306.2396207431,361200.2630284333,453720.2391530649,0.0292123983624453,0.0129197848014671,0.0147956434720768,0.0275242717438853,0.0559326201155121,0.0128494946621866,0.0255208823730527,0.0380424465934124,0.0918472529953506,0.0007638319792328,0.0020456638627512,0.0039922572539526,0.0059938396401246,0.0066414197262404,0.0039542604424276,0.0057694799964214,0.0096422376318923,0.0158096113108174,2746.283520317958,1205.7047499021005,1376.3650709725066,2582.069820874607,5328.353341192565,1175.5109079403728,2329.3360046514895,3504.8469125918623,8833.200253784427,71.80852290292039,190.90617018188428,371.3798219757788,562.285992157663,634.0945150605835,361.747788929761,526.5906283072371,888.3384172369981,1522.4329322975814,0.0261475271477456,0.1583357535892475,0.2698265378918477,0.2177656032427518,0.119003841235248,0.3077366500695291,0.2260689858636451,0.253459976823942,0.1723534946063656,,,,,,,,,,,,,,,,,,,,,,,,,,,,,,,,,,,,,,0.09583945213659839,0.07545192050732391,0.11911559534145699,0.0361901963198792,0.0266652478364725,0.048206542131491295,0.209617781571196,0.109293692923318,0.36095607408496,91759.296875,345189.9375,436949.234375
nigeria_state,NGA,Nigeria,Edo,2023,25329,NGA-12_1,10312855,106454.15119762757,96599.78070313224,117387.28656701728,7691.225379299915,42487.62607122309,50127.56055499985,92615.18662622296,100306.41200552286,98005.28363677658,96227.37687120074,94324.56748735144,92241.59160560487,282793.5359641571,380798.8196009337,481105.2316064565,0.0273739474507088,0.0080145050204621,0.008980896987974,0.0169234245644377,0.0438341110804334,0.0090300634928059,0.0145944867483892,0.0234927610992121,0.0662970878800366,0.0005467723178581,0.0017667379223886,0.0036681005486536,0.005411355695165,0.0058559391095275,0.0034897010444349,0.0064743673865525,0.0098969866938424,0.0152616545910798,2784.6990772458607,807.5991457257824,904.44840075683,1712.0475464826122,4496.746623728473,889.0139284139069,1385.88005554971,2274.893983963617,6771.64060769209,55.62209731514651,178.02921492962136,369.407162724112,547.4363776537334,603.0584749688799,343.56268225298845,614.8004234760041,958.3631057289924,1561.4215806978723,0.0199741859972023,0.2204425498365628,0.4084336512895564,0.3197553588850012,0.1341099522456203,0.3864536553054235,0.4436173397647628,0.4212781397659716,0.2305824645986396,,,,,,,,,,,,,,,,,,,,,,,,,,,,,,,,,,,,,,0.0716024827782633,0.05476806398527281,0.0928309393161503,0.0291852228845285,0.0217813577889941,0.0387345962866114,0.225798567611091,0.101667793405612,0.431656787942514,119649.8203125,450090.28125,569740.1015625
nigeria_state,NGA,Nigeria,Ekiti,2023,25330,NGA-13_1,10314343,46257.66992147264,41398.12658760588,51431.8358956357,3300.281833327456,18330.912253106264,21903.551333100604,40234.46358620687,43534.74541953432,43182.44186050728,43088.42899191951,42859.26678924187,42447.068306920606,128394.76408808198,171577.20594858925,215111.9513681236,0.0273709352086489,0.0106611478378436,0.0108446433617865,0.0213901748535013,0.0481756409721333,0.0113089938844755,0.018337162025072,0.0294387810563472,0.0761961898816527,0.0011326219251452,0.0028695355305764,0.0047721827873544,0.0076113453460456,0.0086381509206941,0.0043496121767895,0.0083639083775122,0.0126219164560493,0.0207832912763372,1194.7727253943976,464.1132262655401,477.6671771675187,941.7804034330588,2136.5531288274565,491.1323414312824,792.0832106588872,1283.2155520901697,3419.7686809176257,49.44024652543024,124.91988791788376,210.19733013953905,335.1172180574228,384.5574645828531,188.89701723485553,361.28335411218654,550.1803713470421,934.7378359298953,0.0413804612999596,0.2691582158152318,0.4400497672583907,0.3558337132900884,0.1799896568890373,0.3846153089498492,0.456117929594362,0.4287513274374512,0.2733336442156892,,,,,,,,,,,,,,,,,,,,,,,,,,,,,,,,,,,,,,0.102063924525177,0.0795798488746624,0.13138981477792502,0.044917679275152604,0.033940318064840706,0.0592925792599506,0.232271470354517,0.106213553874944,0.393816053541632,84097.46875,316353.125,400450.59375
nigeria_state,NGA,Nigeria,Enugu,2023,25331,NGA-14_1,10315516,119350.61698125214,103499.2237772254,136440.8517007136,9027.358827119397,49653.836846668586,58203.59235323539,107857.42919990396,116884.78802702336,116725.52130545824,117679.32021040207,119107.55162675962,120806.62493275212,357593.4967699138,474319.0180753721,591203.8061023954,0.0153911944339146,0.0085243058053057,0.0090728322962184,0.0175197985045109,0.0326413423131994,0.0114890698358645,0.0106540359057192,0.022020700779029,0.0539432578601237,0.0006430463102557,0.0020229394896949,0.0037610475249717,0.0057529168351858,0.0063123172938319,0.0043817584031009,0.0040566939134764,0.0083917354472358,0.0145048486908102,1826.5392625325912,1004.1069753957564,1060.9631463516214,2065.070121747378,3891.609384279969,1348.830995512867,1276.7514040102972,2625.582399523164,6517.191783803133,76.31307227986301,238.2889233211098,439.8111510707789,678.1000743918887,754.4131466717517,514.4238509632785,486.1434385527712,1000.5672895160496,1754.9804361878014,0.0417801433811233,0.2373142794144928,0.4145395177798362,0.3283666095648646,0.1938563386446695,0.3813849568067485,0.3807659322134181,0.3810839414896155,0.2692847616590585,,,,,,,,,,,,,,,,,,,,,,,,,,,,,,,,,,,,,,0.07789202408948,0.0608203407861257,0.100845876768035,0.026167764035424198,0.019106593444875402,0.0367849339068902,0.178251220045796,0.0701482657626552,0.345965067577709,108970.828125,409949.875,518920.703125
nigeria_state,NGA,Nigeria,Federal Capital Territory,2023,25332,NGA-15_1,10313058,221333.46918730187,200889.32302873663,245221.16305833097,16834.89592266279,91694.9016478125,104949.97625768288,196644.87790549535,213479.77382815816,206064.18488304343,201202.66118389793,197362.7289474861,194814.41434582573,593379.8044772097,799443.9893602531,1012923.7631884112,0.027133476555947,0.0111423366312815,0.0110915161716918,0.022110267396037,0.0486438155299479,0.0093521426793275,0.0179586585578408,0.0271428493000061,0.0744663330756473,0.0008083682345167,0.0019868510879911,0.0035226629254029,0.0054546864776606,0.0060891118924512,0.0029872647200471,0.006974530304263,0.0098850177814646,0.0153440345363336,6040.9848817437605,2426.9610839069433,2341.1161161165182,4768.077200023461,10809.062081767222,1936.209691310323,3584.384344520362,5520.594035830685,16329.656117597908,179.9747361355716,432.7647269725311,743.5379274255678,1176.3026543980989,1356.2773905336703,618.4647839312618,1392.0525941548306,2010.5173780860923,3366.794768619762,0.0297922838177375,0.1783154784978515,0.3175997646195186,0.2467037770261586,0.1254759552932391,0.3194203534394655,0.3883658838882429,0.3641849708631164,0.2061767096853609,,,,,,,,,,,,,,,,,,,,,,,,,,,,,,,,,,,,,,0.09957075657830769,0.0795936459476682,0.126145036467791,0.032719671742848594,0.024930175654555898,0.0425583013747378,0.213405460963516,0.0707231044404296,0.354118019435976,148184.265625,557478.125,705662.390625
nigeria_state,NGA,Nigeria,Gombe,2023,25333,NGA-16_1,10313923,149947.64475223512,140006.459846514,160993.62857367168,11159.157699835225,60875.93425914441,70335.15980192441,131211.0940610688,142370.25176090404,137956.16446901142,134613.655051595,131152.9271614272,127758.3424108161,393524.9246238383,531481.0890928498,673851.3408537537,0.0300575818779732,0.0150684468947492,0.011352468566033,0.0262498513910706,0.0555184262115721,0.0139829092321579,0.0351060406707456,0.048598065322704,0.1014184034306324,0.0005243776939874,0.0014587946804694,0.0021774142547064,0.0035981015869245,0.0040108881555901,0.0031235456463865,0.0105058169122953,0.0134630562387004,0.0165878166040645,4442.503892450976,2183.3202678127477,1606.0892682665185,3789.409536079266,8231.913428530243,1942.6422969186824,4687.809310051024,6630.4516069697065,14862.365035499948,77.5029061256798,211.3698919797848,308.0494472821536,519.4193392619384,596.9222453876182,433.9534633516455,1402.871568259464,1836.8250316111096,2433.7472769987276,0.0174457711241127,0.0968112168864421,0.1918009499027641,0.137071312645547,0.0725131830612794,0.2233831025093811,0.2992595209134465,0.277028646085027,0.1637523551053636,,,,,,,,,,,,,,,,,,,,,,,,,,,,,,,,,,,,,,0.180339702742926,0.145800725238638,0.21856630488769,0.0456392882351621,0.035854455339771,0.0571983725012014,0.271584886647004,0.113414240608083,0.499762116851092,139133.15625,523364.71875,662497.875
nigeria_state,NGA,Nigeria,Imo,2023,25334,NGA-17_1,10315365,334966.0985238922,305417.56804896874,368153.4245221753,25644.33174096565,140255.43930691978,161896.89496341624,302152.334270336,327796.6660113017,323037.3230822904,320822.4567960503,318567.9900328792,316194.7822173075,955585.229046237,1278622.5521285273,1606419.218139829,0.0173553354548395,0.0089845751623466,0.010702439318427,0.0195908576102967,0.0366061871594615,0.0091478138813042,0.017464009271793,0.0264520656466574,0.062089943540303,0.0007149465966989,0.0027436833195069,0.0053249056074416,0.0080085457547598,0.0085509971533918,0.0040192277870873,0.0078871394512582,0.0118341686262621,0.0199456277559698,5856.697527240146,2990.102595438007,3484.060798189459,6474.163393627467,12330.860920867612,2968.684592822987,5611.930394299492,8580.614987122479,20911.47590799009,241.26447892008943,913.1087966294943,1733.4641504581075,2646.572947087602,2887.8374260076916,1304.33563268681,2534.474010047877,3838.8096427346873,6726.647068742379,0.0411946285082918,0.3053770790415762,0.4975413033431927,0.4087899526435539,0.2341959287790345,0.4393648405223435,0.4516224956429172,0.4473816443804848,0.3216725160069733,,,,,,,,,,,,,,,,,,,,,,,,,,,,,,,,,,,,,,0.103842771132396,0.0796920540538669,0.13411386248638898,0.031352529620281296,0.024073911393030202,0.041746234186934995,0.219533955469033,0.0850960156324167,0.453962640108405,137430.234375,516979.28125,654409.515625
nigeria_state,NGA,Nigeria,Jigawa,2023,25335,NGA-18_1,10315654,298219.91780886584,285354.0495351339,311742.60252263385,22204.83395633769,119699.36550673311,136251.7997117274,255951.1652184605,278155.9991747982,264629.88459611166,253247.54499548752,242162.3346067083,232241.02389841425,727650.90350061,992280.7880967216,1270436.78727152,0.0383638610852385,0.0142647958392607,0.0109496866265107,0.0250582874215403,0.0624608158491049,0.0168954883523248,0.0568065453017512,0.0727422593295944,0.1306595343142657,0.0004233172801982,0.0011726408509865,0.0016864537093827,0.0028243698103766,0.0031068319559643,0.0034099539479708,0.0150687182033172,0.0181828155990741,0.0196443710335996,11331.018626831628,4062.4127980625144,3000.2852519570265,7062.6980500195405,18393.716676851167,4509.252325586626,14185.280099098449,18694.532424685076,37088.24910153625,125.02954216021624,333.95158642700676,462.09926959174896,796.0508560187557,921.080398178972,910.085725217576,3762.8408366148,4672.926561832376,5594.006960011348,0.0110342720524833,0.0822052319710784,0.1540184451762814,0.1127120047297722,0.0500758174305342,0.201826302789383,0.2652637671112288,0.2499622058298735,0.1508296319056926,,,,,,,,,,,,,,,,,,,,,,,,,,,,,,,,,,,,,,0.213215838905335,0.17536601215102202,0.254908812182564,0.046378113883189895,0.0369590932004614,0.0583117439304989,0.261426379806613,0.141261003926546,0.395419889194295,257446.546875,968386.1875,1225832.734375
nigeria_state,NGA,Nigeria,Kaduna,2023,25336,NGA-19_1,10315174,467227.6493881443,434773.4704430059,501515.5616673883,35153.56990247257,190481.6343976822,219073.15011857892,409554.78451626113,444708.35441873374,430160.2524350842,417610.69622062275,404150.2293953233,390184.1293080274,1211945.0549239735,1642105.3073590577,2086813.6617777916,0.0292132164716645,0.0099244100408768,0.0096755321974427,0.0195039182894284,0.0481473625740581,0.0116058317134633,0.028564456564834,0.0398387740024193,0.086068004680077,0.0006074948008142,0.0011995822150171,0.0020567163849825,0.0032284087217202,0.0037111157330478,0.002721041061357,0.0089859151108409,0.0115744176002719,0.0144911406718826,13595.750028068176,4487.788108478281,4259.940626436156,8747.728734914437,22343.478762982613,5021.563907010701,11707.534596666905,16729.098503677604,39072.57726666022,282.72639759583217,542.4474379355813,905.5305182860712,1447.9779562216524,1730.7043538174846,1177.3289429445776,3683.000648169101,4860.329591113679,6591.033944931163,0.0207952041639592,0.1208718916365047,0.2125688120314562,0.1655261611442522,0.0774590372509412,0.2344546369908558,0.3145837936893766,0.2905314706614477,0.1686869514634026,,,,,,,,,,,,,,,,,,,,,,,,,,,,,,,,,,,,,,0.193949907546248,0.166166325142566,0.230233400902341,0.047245480991398,0.0379198281227304,0.0603135378712487,0.217448812170986,0.112420787197337,0.357308327254498,354983.65625,1335413.75,1690397.40625
nigeria_state,NGA,Nigeria,Kano,2023,25337,NGA-20_1,10312921,796843.6403075962,744314.0905973559,854277.9740797713,59867.461926194,324157.1758753283,372531.6125057436,696688.7883810719,756556.2503072659,732093.0593198529,711739.6002156159,689112.7347378054,666068.6458165471,2066920.9807699688,2799014.0400898214,3555570.2903970876,0.0341409568845635,0.0112127186941956,0.0107135652025737,0.0218061557039409,0.0552026295667981,0.0138720486402302,0.045502755488433,0.058743587691263,0.1107034167473156,0.000577282209764,0.0014992905759022,0.0026135972312276,0.0040737881470033,0.0044663389583973,0.0039287273069843,0.0162127844633063,0.0198927819938412,0.0229208219354814,27128.140022916366,8634.22460831017,8025.350676888546,16659.575285198716,43787.71530811508,10226.728510602745,32085.863457220923,42312.59196782367,86100.30727593874,458.7039745888656,1154.5114024989807,1957.8015265831075,3112.3129290820884,3571.016903670954,2896.3297781554743,11432.30081271092,14328.630590866393,17899.64749453735,0.0169087882251189,0.1337133853789024,0.2439521468166115,0.1868182637193181,0.0815529396439906,0.2832117597678135,0.3563033554622348,0.3386375053970342,0.2078929571897069,,,,,,,,,,,,,,,,,,,,,,,,,,,,,,,,,,,,,,0.16584354099613902,0.13708855887937402,0.199864167588448,0.039300751781063396,0.0314269312047334,0.049494011795576,0.206018660855356,0.1165008106278,0.34498276125752,563629.6875,2120176.75,2683806.4375
nigeria_state,NGA,Nigeria,Katsina,2023,25338,NGA-21_1,10314910,514640.140444188,490090.52612175833,540936.9443486097,38730.21619681603,209744.4416783059,239641.20487850107,449385.646556807,488115.86275362305,465865.44407925906,446890.2166886385,428857.0871058473,411882.9934945085,1287630.2972889943,1753495.7413682532,2241611.6041218764,0.0258944099740914,0.0093337714016536,0.0096561640026498,0.0188998069768857,0.0443048176006865,0.0142708473769885,0.0331416880544268,0.0469395754593748,0.08916474373108,0.0004783141504928,0.000923182246397,0.0018685041251553,0.002763681019618,0.003140134504304,0.0033330279328042,0.0103660295705358,0.0135050154441978,0.0156735260948716,13254.784193819994,4646.146100403662,4650.518949689056,9296.665050092715,22551.449243912713,6696.189260305381,14465.804282059476,21161.993542364857,43713.44278627757,244.8385905674556,459.5398161668518,899.8929429142211,1359.4327590810728,1604.2713496485285,1563.928564181106,4524.602208045418,6088.530772226524,7692.802121875053,0.018471714589032,0.0989077412195295,0.1935037686437961,0.1462280023810812,0.0711382817262428,0.2335550121696803,0.3127791666348506,0.2877106431413327,0.1759825269193841,,,,,,,,,,,,,,,,,,,,,,,,,,,,,,,,,,,,,,0.170966275681279,0.14071805921344302,0.20483600912605998,0.035505239471137005,0.0280822765941155,0.0452279981731698,0.288770810366152,0.178864488540458,0.446824483279995,358590.5,1348849.75,1707440.25
nigeria_state,NGA,Nigeria,Kebbi,2023,25339,NGA-22_1,10314662,240028.05582865377,228344.46378296491,252334.36561354625,17964.86217270496,96758.47623657994,110379.58721126278,207138.06344784272,225102.92562054767,213860.6062549675,205168.5976263571,196867.14484952003,189080.6416966415,591116.3841725186,804976.9904274861,1030079.916048034,0.0326935809019545,0.0169528920149796,0.0173729963574829,0.0340313658412374,0.0656123395308574,0.0184717267823583,0.0433674526461579,0.0610381076919895,0.1226455941766391,0.0005143128880056,0.0013657542971378,0.0026020898170859,0.0039134768280197,0.0042588992407094,0.0034094246706744,0.011380081518231,0.0145281626971273,0.0174975370913455,7789.624905554907,3907.9668664801993,3868.9541620832256,7776.921028563425,15566.545934118332,3987.315422540203,8735.897090898043,12723.212513438246,28289.758447556575,122.54101175612692,314.83256875885303,579.4835859499075,894.3161547087605,1016.8571664648874,735.9599744812529,2292.3924501732145,3028.3524246544675,4045.2095911193546,0.01573131097349,0.0805617292867209,0.1497778370260883,0.1149961728329342,0.0653232368162141,0.1845753085699936,0.2624106518564264,0.2380179079344878,0.1429920159487521,,,,,,,,,,,,,,,,,,,,,,,,,,,,,,,,,,,,,,0.252536956850126,0.206009501545809,0.300605845011582,0.0517221169574919,0.0398697942017932,0.06566204417773029,0.370335515628677,0.202843351687322,0.553058042626672,191863.921875,721723.3125,913587.234375
nigeria_state,NGA,Nigeria,Kogi,2023,25340,NGA-23_1,10315316,77827.12883968247,70563.43521429008,86282.32458769048,5702.337230515406,31591.4215504908,37491.76313505638,69083.18468554718,74785.52191606259,75058.16625598371,76080.30626938332,77144.33769949074,78153.80447915396,231378.44844802804,306436.61470401176,381222.13662007434,0.0239332543436084,0.0113116661216713,0.0096330340420732,0.0208357344989218,0.0442703219093316,0.0085104546711027,0.0144880369296264,0.0228751918191661,0.0661328216229256,0.000707204164313,0.0020674774987502,0.0031115087029218,0.0051549145103573,0.0057910278050895,0.0024066971613492,0.0056373896972055,0.0080180115506027,0.0136221994339705,1801.92400025099,848.9345558229797,725.8204275277059,1574.7549833506855,3376.6789836016756,641.5127929042372,1125.5800571820828,1767.09285008632,5143.771833687995,53.24508478694878,155.16309208534014,234.4429145736551,389.6060066589952,442.851091445944,181.41533881782348,437.97054415030937,619.3858829681328,1062.236974414077,0.029549018038237,0.1827739146923061,0.3230040181869998,0.2474073813248146,0.1311498941997692,0.2827930180418156,0.389106524547689,0.3505112269215942,0.2065093493177887,,,,,,,,,,,,,,,,,,,,,,,,,,,,,,,,,,,,,,0.15018794476932001,0.12422711994104099,0.18440721136968802,0.0404673336778767,0.0314037700788681,0.0536215340416043,0.226684013681003,0.100631294908512,0.37578665083458,191423.390625,720088.125,911511.515625
nigeria_state,NGA,Nigeria,Kwara,2023,25341,NGA-24_1,10314245,98129.13390937248,89674.92549900326,106916.95759184456,7206.164464821228,39920.89821080766,47270.2948604706,87191.19307127826,94397.35753609947,93398.65801541696,92687.8982493456,91514.93605879066,89865.21098584014,274068.0452939764,367466.7033093934,461864.0608454928,0.0174741916277687,0.0076057745675273,0.0074440062069474,0.0149931633413854,0.0322053615598203,0.0056638215536041,0.0098442150682651,0.0154522807443872,0.0471599960159107,0.000716051361899,0.0014307426360075,0.0025416259225987,0.0039588430496646,0.004635980239334,0.0018479723922946,0.0039440202116313,0.0057658238871031,0.0102199152702792,1657.127215632309,719.9645220590781,706.3932085649614,1426.3577306240395,3083.484946256348,530.4970749051909,903.7841178729036,1434.2811927780945,4517.766139034443,67.90518410635795,135.43445562015577,241.18562512223093,376.6200807423867,444.52526484874465,173.0887774869962,362.09518007516425,535.1839575621605,979.7092224109052,0.0409776530526942,0.1881126798204125,0.3414325367201644,0.2640432148656096,0.1441632674057455,0.3262765916625086,0.4006434422939091,0.3731374016872866,0.2168570023901885,,,,,,,,,,,,,,,,,,,,,,,,,,,,,,,,,,,,,,0.0888651281585676,0.06986254489245129,0.112849469536385,0.0344294058016515,0.0267263718673969,0.0450972101851009,0.216430039273656,0.0950083465203388,0.417012205153683,126541.2421875,476022.21875,602563.4609375
nigeria_state,NGA,Nigeria,Lagos,2023,25342,NGA-25_1,10313859,128337.36798767145,116351.27890496326,142658.9330286955,9146.89800482764,51074.06814565823,61287.87397865372,112361.94212431196,121508.8401291396,120804.96445322076,121176.11793344955,121588.27645336663,121988.952508968,364753.3468957842,485558.311349005,607067.1514781446,0.0298357213337433,0.0088488248241514,0.0085943471512573,0.0173671221029892,0.0466846828212987,0.0070284901873467,0.0115062901576789,0.0184539084975596,0.0642770764538366,0.000934437463376,0.0019160424387311,0.0034413336767381,0.0053465879091379,0.0062341842269605,0.0024971055340911,0.0048015718985098,0.0072691696849925,0.013299385228247,3614.1263356668273,1072.321914595451,1058.0115299050096,2130.3334445004607,5744.459780167288,852.0744256773759,1407.0967947742067,2259.1712204515825,8003.6310006188705,113.19233772308448,232.19063968116325,423.6471536650294,655.8377933461927,769.0301310692771,302.7278557843016,587.1811275124273,889.9089832967289,1658.939114366006,0.0313194191929651,0.2165307232098866,0.4004182768245118,0.3078568733168338,0.1338733598108474,0.3552833492727366,0.4172997406384191,0.3939094900114947,0.2072733131047309,,,,,,,,,,,,,,,,,,,,,,,,,,,,,,,,,,,,,,0.0679130385157077,0.0471958140783972,0.09752903835074371,0.037917079829888005,0.0271257232485153,0.053774437603300904,0.107082957493022,0.0513129016498391,0.22388933859142,337563.9375,1269932.25,1607496.1875
nigeria_state,NGA,Nigeria,Nasarawa,2023,25343,NGA-26_1,10314878,232218.831327796,207910.8608822251,256830.87087032117,17498.795070061125,95315.08164828565,109884.69635633344,205199.7780046191,222698.57307468023,216790.36138742627,212577.8654804399,208090.35773537224,203365.18520621175,624033.4084220239,840823.7698094501,1063522.3428841303,0.0315204981834476,0.0134087306407675,0.0099778043770251,0.0232527453265148,0.0540403053931378,0.0107305430513369,0.0203829318648716,0.03089475498832,0.0832654983868429,0.0006027988242878,0.0018399792788772,0.002631369334655,0.0044271542684969,0.0048778640415387,0.0027617117131951,0.0069504814696573,0.0096225233781658,0.0138698393494598,7310.879614263412,3039.4000843890053,2203.829071827951,5243.229156216956,12554.108770480369,2338.849431621695,4283.683672257607,6622.533103879303,19176.64187435967,139.8134512449387,417.07401881057393,581.1988308552377,998.2728496658116,1138.0863009107502,601.947901406965,1460.7154742646533,2062.6633756716183,3200.7496765823685,0.019124025920515,0.1372224804996069,0.2637222814985221,0.190392756052279,0.0906544878428038,0.2573692403061579,0.3409951775208509,0.3114613914822661,0.1669087683627217,,,,,,,,,,,,,,,,,,,,,,,,,,,,,,,,,,,,,,0.14083336964216098,0.115490632469396,0.171359839748914,0.0395163071937692,0.0305281214055875,0.0512649225868868,0.261200203095755,0.126084550061336,0.410635174407048,135132.875,508364.125,643497.0
nigeria_state,NGA,Nigeria,Niger,2023,25344,NGA-27_1,10315577,503518.42040520546,468301.4875090499,543781.8390935537,38314.48268742073,208740.24143407107,240411.80330289577,449152.0447369669,487466.5274243876,474168.4575009629,463532.04369140416,451698.3422156408,438735.8289776452,1353966.21488469,1828134.672385653,2315601.19981004,0.0216874391428928,0.0114448689265662,0.0080185605824523,0.0193716581341725,0.0406389756201835,0.0075269772196576,0.0153435961901033,0.0227550825107702,0.0624693148875633,0.000487083566075,0.0013936710786481,0.0018886108047937,0.0032524819176193,0.0036539549976106,0.002283785022338,0.0055518057280831,0.0077825850500709,0.0109683831930053,10958.621287158683,5675.768477494619,3871.054185409077,9546.822662903696,20505.44395006238,3582.5550612721427,6978.579846557219,10561.13490782936,31066.57885789174,246.12238912328655,691.1529024002629,911.7490209532814,1602.901923353544,1849.0243124768308,1086.9948655174358,2525.0742450450794,3612.069110562515,5461.093423039346,0.0224592476255834,0.1217725679158339,0.2355299040736448,0.167898994246743,0.090172361884962,0.3034133033342551,0.3618321063261586,0.3420152419305575,0.1757867658366921,,,,,,,,,,,,,,,,,,,,,,,,,,,,,,,,,,,,,,0.13653372308326,0.113255241410837,0.165192485662255,0.036496373702994,0.0285892520405337,0.047498054426697994,0.298291519522044,0.163537162977277,0.445710896781848,242544.15625,912426.75,1154970.90625
nigeria_state,NGA,Nigeria,Ogun,2023,25345,NGA-28_1,10313043,448097.700741288,407638.58476952807,493199.07702092314,33940.81182390546,183954.14126018272,211275.4213340089,395229.5625941917,429170.3744180971,418039.24570993497,409582.7008132349,400528.1455533118,390301.6162660239,1200412.4626325706,1618451.7083425056,2047622.0827606027,0.0309161028140051,0.0102310902136079,0.0066082369273542,0.0167717176728054,0.0471693043388706,0.0063998241645391,0.0129825078317726,0.0192992462289736,0.065558218548959,0.0009029316186334,0.0019943170635229,0.0023660863723145,0.0043235341137493,0.0050546846274431,0.0022213674036816,0.0052732104815121,0.0074521818834712,0.0119875048545464,13904.027800702348,4468.617456793152,2801.5830735383297,7270.200530331482,21174.22833103383,2683.9753417770225,5228.803478509196,7912.778820286218,29087.00715132005,406.0792009633499,871.0547809055248,1003.1098467076362,1874.164627613161,2280.243828576511,931.6029914609436,2123.8255093643897,3055.4285008253332,5335.672329401844,0.0292058680250076,0.1949271311155433,0.3580510805416644,0.2577871985503142,0.1076895834373567,0.3470981931019314,0.4061781090250349,0.3861384944808571,0.1834383407561989,,,,,,,,,,,,,,,,,,,,,,,,,,,,,,,,,,,,,,0.055341045216641904,0.0408207719407284,0.0774006649333569,0.0269177546716002,0.0193483216083205,0.036769550291206994,0.22075564089681,0.125967304405322,0.379415257757967,240532.1875,904895.4375,1145427.625
nigeria_state,NGA,Nigeria,Ondo,2023,25346,NGA-29_1,10315731,100550.3406838426,90971.39028682224,111738.0264688815,7467.851614794947,41203.55332141098,48700.24695898884,89903.80028039982,97371.65189519478,97102.5921612588,97310.60525391257,97539.67809784749,97811.24366643108,292661.5270181911,389764.1191794499,487135.7710746447,0.0193959857825348,0.0082292966485088,0.0082345427010863,0.0163960748549429,0.0354740426027019,0.0087722926143408,0.0159790097308974,0.0246111297961912,0.0592121161320025,0.0007616275799984,0.0021642519465459,0.0031097247403018,0.0052526123752235,0.0059366241207368,0.0033800402078537,0.0074434405410712,0.0107659332542213,0.0164236486151475,1908.033321787326,804.2684402395995,805.3690187486734,1609.637458988273,3517.670780775599,855.5705202953507,1571.4022269794689,2426.9727472748195,5944.643528050418,74.92327627594672,211.51741293095844,304.14268934994334,515.6601022809018,590.5833785568485,329.65872051794366,732.0002452975319,1061.6589658154755,1652.2423443723242,0.039267278731675,0.2629935508447221,0.3776438902783958,0.3203579162509156,0.1678904637080997,0.3853086480868257,0.465826147328666,0.4374416511300273,0.2779380019299806,,,,,,,,,,,,,,,,,,,,,,,,,,,,,,,,,,,,,,0.0834406580406095,0.06519238989546661,0.10867657905984601,0.0368874594221846,0.0282912860498,0.0476145034704979,0.267117955128391,0.131197359980231,0.444726956406718,113492.7734375,426942.40625,540435.1796875
nigeria_state,NGA,Nigeria,Osun,2023,25347,NGA-30_1,10313126,118831.72803868508,106308.02712514313,132095.12511152588,8749.732894863113,48467.66895231061,57306.737001909016,105774.40595421963,114524.13884908274,113545.86597111754,113307.41070531998,112991.05333024162,112750.09370040256,339048.55773596413,452594.4237070817,567118.5625561643,0.021579253945651,0.0077612148620551,0.0075710745841459,0.0152735287096167,0.0365231913005966,0.006100961492295,0.0115821418946554,0.0176124411852528,0.0534923699271699,0.0006468837670449,0.0015296162569431,0.0027233567836698,0.004237290423994,0.0048319778163246,0.0020033080458116,0.0042127744279254,0.0061909731748231,0.01083738299547,2489.9577398642564,892.0375854184518,871.0487240803271,1763.086309498779,4253.044049363036,694.8607772483765,1316.6088810823458,2011.4696583307225,6264.513707693757,74.64174834786688,175.8069086749948,313.3209725074569,489.1278811824517,563.7696295303185,228.1640668505413,478.89037073208857,707.0544375826298,1270.8240671129483,0.0299771145320466,0.1970846425630421,0.3597054491277376,0.2774270769089597,0.1325567341854247,0.3283593984885184,0.3637301689309636,0.351511361185234,0.20286076883385,,,,,,,,,,,,,,,,,,,,,,,,,,,,,,,,,,,,,,0.0727847625018426,0.0542784579348413,0.0967593496696707,0.0300848696023168,0.022143346024358797,0.040328862560156095,0.217450044277011,0.0963424669515345,0.353725529586434,126895.3359375,477347.75,604243.0859375
nigeria_state,NGA,Nigeria,Oyo,2023,25348,NGA-31_1,10313522,173411.81526292444,157113.15505321897,191102.4231352436,12484.957325390242,69417.78637683237,82582.74140388689,152000.52778071928,164485.48510610953,162827.6350153194,161667.10406915686,159835.36980430887,157275.54111229663,478778.0149857624,641605.6500010819,806091.1351071913,0.0184685487905716,0.0067081310014014,0.0053829998719881,0.0120550210050677,0.0303009310520359,0.0054599194580508,0.0129329421168895,0.0183222487526264,0.0480679986084907,0.0005484276059353,0.0015528003320357,0.0022175660317959,0.0037626325294241,0.0042782887172339,0.0019831423327528,0.0056520362123397,0.0076012492137421,0.0116631097031436,3035.943104403,1103.6809533630085,891.4873695188271,1995.1683228818351,5031.111427284835,891.4616477865346,2077.465802749159,2968.927450535694,8000.038877820529,90.15299617658742,255.4804237552199,367.2547195677141,622.735143322934,712.8881394995215,323.795130190837,907.907252728017,1231.702382918854,1944.5905224183757,0.0296952192700315,0.231480323164724,0.4119572885995421,0.3121216070749614,0.1416959552184375,0.3632182393878727,0.4370263286772577,0.4148644261066782,0.2430726340355167,,,,,,,,,,,,,,,,,,,,,,,,,,,,,,,,,,,,,,0.068578450917715,0.05160187046474941,0.0924672103278737,0.030238672104929202,0.0226005096196781,0.041221437853031,0.231825101609949,0.0919958901875584,0.381555527981455,227563.71875,856058.5,1083622.21875
nigeria_state,NGA,Nigeria,Plateau,2023,25349,NGA-32_1,10313750,450251.99601097155,410061.51909355866,495134.63490170566,34985.2826076464,189003.9198255697,215496.8642423787,404500.7840679484,439486.0666755948,433494.3652920951,432953.27094643493,432746.0893329591,432612.1136388717,1298311.4739182657,1731805.8392103608,2171291.9058859553,0.027429291495811,0.0125496798123246,0.0115157051006765,0.0239208665011744,0.0506940255768922,0.0083660442813244,0.0153639126361832,0.0236014217440588,0.0730989962434068,0.0006898701438019,0.0017911534481407,0.0030279885983321,0.0047645514215886,0.0052726679412737,0.002381006172748,0.005645711528323,0.0079840716148755,0.0128372883623918,12692.804160430069,5638.368487449745,4991.995336845794,10630.36382429554,23323.16798472561,3641.888486765736,6700.65498873283,10342.543475498564,33665.71146022417,319.23488190508016,804.7363207040088,1312.616538088327,2117.3528587923356,2436.587740697416,1036.4945099329973,2462.261144866932,3498.7556547999293,5935.343395497344,0.0251508553878344,0.1427250316284301,0.2629442636694664,0.199179717062285,0.1044707023631241,0.2846035823720348,0.3674657401414086,0.338287739673366,0.1763023307114693,,,,,,,,,,,,,,,,,,,,,,,,,,,,,,,,,,,,,,0.119590601493578,0.09450242654136219,0.150528047343853,0.0385534205608677,0.029688851356316503,0.0491028498467614,0.17285590797895,0.0809127108247299,0.291577665648606,159377.359375,599579.75,758957.109375
nigeria_state,NGA,Nigeria,Rivers,2023,25350,NGA-33_1,10315660,90004.14320717264,81111.39758379383,100041.50511599598,6580.792342449781,36377.156890410275,43142.88619535315,79520.04308576343,86100.8354282132,85426.60561235345,86041.1465883111,86829.13515254227,87555.8632653106,260426.14500616395,345852.7506185174,431953.58604673063,0.0286245243011302,0.0135045540716413,0.0194756013098461,0.0327171460705207,0.0604051576288917,0.0141360196295303,0.0178496219905749,0.0317333190132667,0.0902216205050742,0.0007079229087141,0.003145178263054,0.0073107705195689,0.0103806436412863,0.0108940668355374,0.0052866029789977,0.0086035232575527,0.0137956952986867,0.0240806007242892,2493.100743272173,1168.3383317075186,1697.0469765202884,2865.385308227807,5358.48605149998,1216.2087462330765,1563.498564241073,2779.7073104741494,8138.193361974129,61.65772787444491,272.10319609854827,637.0391757812228,909.142371879771,970.800099754216,454.83898221867975,753.606786054133,1208.4457682728128,2179.2458680270283,0.0247313423016832,0.232897602273197,0.3753809909773036,0.3172845094407426,0.1811705937878598,0.3739810156993506,0.4820003057821393,0.4347384934087473,0.2677800552404663,,,,,,,,,,,,,,,,,,,,,,,,,,,,,,,,,,,,,,0.08421109431710261,0.064514025920396,0.108479764292878,0.0291576520367059,0.02189332971485,0.039060060070437504,0.19860193965069,0.0947775065134518,0.383086727134944,198900.59375,748201.25,947101.84375
nigeria_state,NGA,Nigeria,Sokoto,2023,25351,NGA-34_1,10315512,355141.2074502978,335635.4842255547,375806.81954521034,26605.28021425209,143222.75798734743,162805.48413768024,306028.2421250277,332633.52233927976,315017.849186201,301482.06122402736,288102.19313074043,275696.2331303292,865280.4874850969,1180298.336671298,1512931.8590105777,0.0390082043298138,0.0185327440732649,0.0202481567929151,0.0384056469583815,0.075915715964224,0.0221388027548715,0.0608598093926577,0.0816512488316859,0.1513683517814796,0.000424160446132,0.0014149019768581,0.0026326398949173,0.0039891246737784,0.0042231658224709,0.0039218631264193,0.0135732223850032,0.0171603775691561,0.019733154026014,13809.167611728391,6328.751350157777,6660.685138191824,12989.436488349602,26798.60410007799,7052.475999408176,18110.46860821743,25162.94460762561,51961.5487077036,150.1556607266223,483.1752254810093,866.0139093955537,1349.189134876563,1499.344795603185,1249.337910377736,4039.076368609375,5288.414278987111,6787.759074590296,0.0108736214193744,0.076346059237888,0.1300187430313888,0.1038681805855603,0.0559486154578783,0.1771488354561684,0.2230243985391237,0.2101667496173902,0.1306304227530456,,,,,,,,,,,,,,,,,,,,,,,,,,,,,,,,,,,,,,0.16725714592382498,0.132323624172913,0.211053050347696,0.0426629708904913,0.0320218229476439,0.054713573071779,0.302611778459447,0.158840410874257,0.516751541019903,217427.609375,817854.4375,1035282.046875
nigeria_state,NGA,Nigeria,Taraba,2023,25352,NGA-35_1,10315664,363517.0939008618,329943.6833109161,397066.03904552973,27741.111056495243,150091.8928883222,170913.9346361673,321005.8275244895,348746.9385809848,337359.6649935372,329691.50244140613,321970.73736524145,314152.7267043744,965814.966511022,1303174.6315045592,1651921.570085544,0.0353542686368558,0.0153797576506431,0.0145059486628002,0.0296626083385167,0.0639681771517027,0.0134701569288512,0.0272631569740052,0.0403660749000406,0.1017521078216187,0.0005021284390623,0.0015296653638504,0.0024973419942421,0.0039770486776685,0.0043151934888667,0.0029970365935918,0.0081760662844021,0.0110446823918198,0.0145026339188638,13025.383955178311,5495.136840391219,4994.853292868282,10489.9901332595,23515.374088437813,4575.171415884821,8898.920187188382,13474.091603073202,36989.46569151102,184.99649309058597,546.5444050097428,859.9132103195011,1406.457615329244,1591.45410841983,1017.950735673533,2668.7357366364213,3686.6864723099543,5278.140580729784,0.0142027669761734,0.0994596533051636,0.172159853332889,0.1340761618897941,0.0676771758949957,0.2224945566278122,0.2998943333010844,0.2736129886091235,0.142693074421486,,,,,,,,,,,,,,,,,,,,,,,,,,,,,,,,,,,,,,0.150859782974073,0.126333843282939,0.181813412864731,0.0428667304950715,0.03359597236596,0.054338250225414296,0.273054117757794,0.166344879803998,0.406452737092982,121458.65625,456892.40625,578351.0625
nigeria_state,NGA,Nigeria,Yobe,2023,25353,NGA-36_1,10314496,201021.98348618875,189228.2128399259,213576.67572092867,15035.744472574876,82104.07141460323,94695.0098059664,176799.0812205696,191834.82569314452,184673.1676242682,179548.36987660415,175033.6727098289,171180.85275859377,525762.8953450267,710436.062969295,902270.8886624394,0.0273781591484942,0.0132841669132586,0.0092893893256186,0.0224501544405535,0.0492136696878658,0.0101196654579935,0.024241606939206,0.0341159554448105,0.0816506537703295,0.0004852578577264,0.0013938984627109,0.0018578421101847,0.0032206736573993,0.0036160943826812,0.0026709366723185,0.0080405300961411,0.010613095110885,0.0134945455876234,5444.718360869057,2593.6432801003148,1767.5400804173769,4361.183360517692,9805.901721386748,1878.350928349751,4300.788031741941,6179.138960091692,15985.04068147844,96.50365290773138,272.14919870842385,353.5012128065779,625.6504115150017,722.1540644227332,495.76306636203736,1426.4984863861157,1922.261552748153,2644.4156171708864,0.0177242690092657,0.1049293095918332,0.1999961509914412,0.1434588642108215,0.0736448401117165,0.2639352736911607,0.3316830487477764,0.3110889017326175,0.1654306466817391,,,,,,,,,,,,,,,,,,,,,,,,,,,,,,,,,,,,,,0.132915121272128,0.10632423642968701,0.161143613081715,0.0360793611768177,0.0278956973416849,0.047141796905983496,0.34027118778027,0.158264199243275,0.509776914897673,149324.9375,561685.0,711009.9375
nigeria_state,NGA,Nigeria,Zamfara,2023,25354,NGA-37_1,10312979,178880.19365624,168585.26221315123,189698.12823567615,13261.377480190567,72154.74839724752,83166.38382655846,155321.132223806,168582.50970399653,162167.41148832053,157967.39335567033,154149.20232080642,150643.3149566042,462759.910633081,624927.3221214016,793509.8318253981,0.0326521912461118,0.0178632289357498,0.0161562774887333,0.0337309031409522,0.0652817064868016,0.0178587902342818,0.0367892613709407,0.0539910399035247,0.1157481191704273,0.0004538481933868,0.0014356297446917,0.0023889460667131,0.0037777942675245,0.0041028894825899,0.0040931094033091,0.0106799544840274,0.0145659658067865,0.0175719800975659,5742.776226137857,3072.1578625407847,2709.2635698707095,5781.421432411495,11524.19765854935,2922.2864046607365,5781.8851502786665,8704.171554939403,20228.369213488753,79.8215530349037,246.902798128803,400.6049384485516,647.5077365773545,727.3292896122583,669.7675377315516,1678.486273867562,2348.2538115991138,3075.5831012113717,0.0138994712473039,0.0803678746913758,0.1478648821412636,0.1119980171221096,0.0631132258541818,0.2291929828176127,0.2903008673194874,0.2697848723198174,0.1520430573889515,,,,,,,,,,,,,,,,,,,,,,,,,,,,,,,,,,,,,,0.147185118297744,0.11802702356705799,0.17994719371849602,0.037818479873970294,0.0289768492639311,0.048565810445362304,0.437603097358961,0.234651554530245,0.631299346969729,200527.21875,754323.0,954850.21875
