"model_band","pfpr_pct","log_hr_zero_vs_current","log_hr_se","share","share_lower_95","share_upper_95","outside_observed_support","outside_central95"
"<1",0,0,0,0,0,0,TRUE,TRUE
"<1",0.1,-0.000310741092796193,0.000170199448839963,0.000310692817783287,-2.28500879895233e-05,0.000644124475227992,FALSE,TRUE
"<1",0.2,-0.000621484104996925,0.000340394104265808,0.000621291023751636,-4.568938309224e-05,0.00128782658805682,FALSE,TRUE
"<1",0.3,-0.000932231331152771,0.000510578236093015,0.000931796938520635,-6.85043579058409e-05,0.00193109770080457,FALSE,TRUE
"<1",0.4,-0.0012429850675293,0.00068074611007857,0.0012422128815619,-9.12814741249601e-05,0.00257392919235466,FALSE,TRUE
"<1",0.5,-0.00155374761039213,0.000850891992328578,0.00155254116948955,-0.000114007192898002,0.0032163124650384,FALSE,TRUE
"<1",0.6,-0.00186452125600678,0.00102101014942291,0.00186278411606222,-0.000136667975078941,0.0038582389448365,FALSE,TRUE
"<1",0.7,-0.00217530830063886,0.00119109484854007,0.00217294403218582,-0.000159250281479784,0.00449970008157963,FALSE,TRUE
"<1",0.8,-0.0024861110405539,0.00136114035758212,0.00248302322591432,-0.000181740573124367,0.00514068734914752,FALSE,TRUE
"<1",0.9,-0.00279693177201749,0.00153114094529984,0.00279302400245274,-0.00020412531150682,0.0057811922456662,FALSE,TRUE
"<1",1,-0.00310777279129523,0.001701090881418,0.00310294866415839,-0.00022639095885002,0.00642120629370468,FALSE,TRUE
"<1",1.1,-0.00341863639465269,0.00187098443676097,0.00341279951054252,-0.000248523978367166,0.00706072104046984,FALSE,TRUE
"<1",1.2,-0.00372952487835537,0.00204081588337849,0.00372257883827243,-0.000270510834525339,0.00769972805800034,FALSE,TRUE
"<1",1.3,-0.00404044053866893,0.00221057949467182,0.00403228894117291,-0.000292337993312852,0.00833821894335995,FALSE,TRUE
"<1",1.4,-0.00435138567185891,0.00238026954552012,0.00434193211022793,-0.000313991922507695,0.00897618531882871,FALSE,TRUE
"<1",1.5,-0.00466236257419087,0.00254988031240724,0.00465151063358216,-0.000335459091948209,0.00961361883209444,FALSE,TRUE
"<1",1.6,-0.00497337354193043,0.00271940607354888,0.00496102679654253,-0.000356725973807981,0.0102505111564427,FALSE,TRUE
"<1",1.7,-0.0052844208713431,0.00288884110902012,0.0052704828815795,-0.000377779042872284,0.0108868539909457,FALSE,TRUE
"<1",1.8,-0.00559550685869452,0.0030581797008835,0.00557988116832897,-0.000398604776816525,0.0115226390606509,FALSE,FALSE
"<1",1.9,-0.00590663380025014,0.00322741613331735,0.00588922393359292,-0.000419189656490238,0.0121578581167685,FALSE,FALSE
"<1",2,-0.0062178039922757,0.00339654469274495,0.00619851345134126,-0.000439520166200191,0.0127925029368592,FALSE,FALSE
"<1",2.1,-0.00652901973103667,0.00356555966796386,0.0065077519927127,-0.000459582793998825,0.0134265653250196,FALSE,FALSE
"<1",2.2,-0.00684028331279862,0.0037344553502761,0.00681694182601644,-0.000479364031975571,0.0140600371120694,FALSE,FALSE
"<1",2.3,-0.0071515970338272,0.00390322603361881,0.00712608521673264,-0.000498850376550397,0.0146929101557357,FALSE,FALSE
"<1",2.4,-0.00746296319038788,0.00407186601469544,0.00743518442751423,-0.000518028328769571,0.0153251763408391,FALSE,FALSE
"<1",2.5,-0.00777438407874629,0.00424036959310787,0.00774424171818733,-0.000536884394607862,0.0159568275794779,FALSE,FALSE
"<1",2.6,-0.00808586199516802,0.00440873107148892,0.00805325934575263,-0.000555405085268967,0.016587855811213,FALSE,FALSE
"<1",2.7,-0.00839739923591859,0.00457694475563572,0.0083622395643862,-0.000573576917494156,0.0172182530032522,FALSE,FALSE
"<1",2.8,-0.00870899809726361,0.00474500495464394,0.00867118462544036,-0.000591386413870909,0.0178480111506341,FALSE,FALSE
"<1",2.9,-0.00902066087546865,0.00491290598104257,0.00898009677744449,-0.000608820103146002,0.0184771222764124,FALSE,FALSE
"<1",3,-0.00933238986679926,0.00508064215092975,0.00928897826610586,-0.000625864520542141,0.0191055784318406,FALSE,FALSE
"<1",3.1,-0.00964418736752105,0.00524820778410928,0.00959783133431047,-0.000642506208077487,0.0197333716965552,FALSE,FALSE
"<1",3.2,-0.00995605567389954,0.00541559720422816,0.00990665822212344,-0.000658731714890282,0.0203604941787607,FALSE,FALSE
"<1",3.3,-0.0102679970822004,0.00558280473891495,0.0102154611667902,-0.000674527597564145,0.0209869380154144,FALSE,FALSE
"<1",3.4,-0.0105800138886891,0.00574982471991915,0.0105242424027361,-0.000689880420460254,0.0216126953724101,FALSE,FALSE
"<1",3.5,-0.0108921083896312,0.00591665148325152,0.0108330041615681,-0.000704776756051295,0.0222377584447644,FALSE,FALSE
"<1",3.6,-0.0112042828812924,0.00608327936932549,0.0111417486720743,-0.000719203185259865,0.0228621194568016,FALSE,FALSE
"<1",3.7,-0.0115165396599381,0.00624970272309959,0.0114504781602249,-0.000733146297799969,0.02348577066234,FALSE,FALSE
"<1",3.8,-0.0118288810218341,0.00641591589422101,0.0117591948491726,-0.000746592692523862,0.0241087043448782,FALSE,FALSE
"<1",3.9,-0.0121413092632458,0.00658191323717019,0.0120679009592525,-0.00075952897777154,0.0247309128177824,FALSE,FALSE
"<1",4,-0.0124538266804387,0.00674768911140679,0.0123765987079827,-0.000771941771724904,0.0253523884244741,FALSE,FALSE
"<1",4.1,-0.0127664355696786,0.0069132378815167,0.0126852903100646,-0.000783817702765921,0.0259731235386189,FALSE,FALSE
"<1",4.2,-0.0130791382272309,0.00707855391736029,0.0129939779773829,-0.000795143409838994,0.0265931105643156,FALSE,FALSE
"<1",4.3,-0.0133919369493613,0.0072436315942221,0.0133026639190056,-0.00080590554281712,0.0272123419362869,FALSE,FALSE
"<1",4.4,-0.0137048340323353,0.00740846529296168,0.0136113503411845,-0.000816090762873811,0.02783081012007,FALSE,FALSE
"<1",4.5,-0.0140178317724184,0.0075730494001659,0.013920039447355,-0.000825685742856797,0.0284485076122099,FALSE,FALSE
"<1",4.6,-0.0143309324658763,0.00773737830830263,0.0142287334381358,-0.000834677167669273,0.0290654269404516,FALSE,FALSE
"<1",4.7,-0.0146441384089746,0.00790144641587589,0.0145374345113295,-0.000843051734652933,0.0296815606639358,FALSE,FALSE
"<1",4.8,-0.0149574518979787,0.00806524812758241,0.0148461448619218,-0.000850796153977429,0.0302969013733939,FALSE,FALSE
"<1",4.9,-0.0152708752291543,0.00822877785446982,0.0151548666820818,-0.000857897149033837,0.0309114416913462,FALSE,FALSE
"<1",5,-0.015584410698767,0.00839203001409631,0.0154636021611615,-0.00086434145683234,0.0315251742722992,FALSE,FALSE
"<1",5.1,-0.0158980606030822,0.00855499903069198,0.0157723534856956,-0.000870115828406126,0.032138091802947,FALSE,FALSE
"<1",5.2,-0.0162118272383656,0.00871767933532178,0.0160811228394016,-0.000875207029217728,0.0327501870023724,FALSE,FALSE
"<1",5.3,-0.0165257129008829,0.0088800653660502,0.0163899124031787,-0.000879601839574029,0.0333614526222501,FALSE,FALSE
"<1",5.4,-0.0168397198868994,0.00904215156810765,0.0166987243551079,-0.000883287055042148,0.0339718814470523,FALSE,FALSE
"<1",5.5,-0.0171538504926809,0.00920393239405867,0.0170075608704514,-0.000886249486873325,0.0345814662942555,FALSE,FALSE
"<1",5.6,-0.0174681070144928,0.00936540230397193,0.0173164241216524,-0.000888475962431245,0.0351902000145489,FALSE,FALSE
"<1",5.7,-0.0177824917486007,0.00952655576559216,0.0176253162783336,-0.000889953325624804,0.0357980754920456,FALSE,FALSE
"<1",5.8,-0.0180970069912704,0.00968738725451399,0.0179342395072981,-0.000890668437347308,0.0364050856444961,FALSE,FALSE
"<1",5.9,-0.0184116550387672,0.00984789125435766,0.0182431959725273,-0.000890608175920793,0.0370112234235017,FALSE,FALSE
"<1",6,-0.0187264381873567,0.010008062256947,0.0185521878351812,-0.00088975943754499,0.0376164818147338,FALSE,FALSE
"<1",6.1,-0.0190413587333047,0.0101678947624891,0.018861217253597,-0.000888109136753634,0.0382208538381521,FALSE,FALSE
"<1",6.2,-0.0193564189728765,0.0103273832797567,0.0191702863832887,-0.000885644206874536,0.0388243325482275,FALSE,FALSE
"<1",6.3,-0.0196716212023378,0.0104865223262718,0.0194793973769462,-0.000882351600496545,0.0394269110341662,FALSE,FALSE
"<1",6.4,-0.0199869677179542,0.0106453064284928,0.0197885523844342,-0.000878218289942279,0.0400285824201374,FALSE,FALSE
"<1",6.5,-0.0203024608159913,0.0108037301220025,0.0200977535527919,-0.00087323126774641,0.040629339865503,FALSE,FALSE
"<1",6.6,-0.0206181027927145,0.0109617879516995,0.0204070030262309,-0.000867377547140613,0.0412291765650501,FALSE,FALSE
"<1",6.7,-0.0209338959443895,0.0111194744719917,0.0207163029461354,-0.000860644162543167,0.0418280857492274,FALSE,FALSE
"<1",6.8,-0.0212498425672819,0.0112767842469919,0.0210256554510602,-0.000853018170057007,0.0424260606843828,FALSE,FALSE
"<1",6.9,-0.0215659449576572,0.0114337118507161,0.0213350626767299,-0.000844486647971987,0.0430230946730061,FALSE,FALSE
"<1",7,-0.021882205411781,0.0115902518672848,0.0216445267560383,-0.000835036697274916,0.0436191810539737,FALSE,FALSE
"<1",7.1,-0.0221986262259188,0.011746398891126,0.0219540498190461,-0.000824655442165367,0.0442143132027962,FALSE,FALSE
"<1",7.2,-0.0225152096963363,0.011902147527182,0.0222636339929805,-0.000813330030578152,0.0448084845318711,FALSE,FALSE
"<1",7.3,-0.0228319581192991,0.0120574923911176,0.0225732814022334,-0.000801047634712893,0.0454016884907376,FALSE,FALSE
"<1",7.4,-0.0231488737910726,0.0122124281095325,0.0228829941683603,-0.000787795451569817,0.0459939185663347,FALSE,FALSE
"<1",7.5,-0.0234659590079225,0.0123669493201755,0.0231927744100791,-0.000773560703493326,0.046585168283265,FALSE,FALSE
"<1",7.6,-0.0237832160661143,0.012521050672162,0.023502624243268,-0.000758330638721327,0.0471754312040602,FALSE,FALSE
"<1",7.7,-0.0241006472619137,0.0126747268261946,0.0238125457809648,-0.000742092531942795,0.0477647009294516,FALSE,FALSE
"<1",7.8,-0.0244182548915861,0.0128279724547868,0.0241225411333649,-0.000724833684861759,0.0483529710986451,FALSE,FALSE
"<1",7.9,-0.0247360412513972,0.0129807822424893,0.0244326124078196,-0.000706541426769292,0.048940235389599,FALSE,FALSE
"<1",8,-0.0250540086376125,0.0131331508861201,0.0247427617088347,-0.000687203115122603,0.0495264875193074,FALSE,FALSE
"<1",8.1,-0.0253721593464976,0.0132850730949976,0.0250529911380691,-0.000666806136131237,0.0501117212440877,FALSE,FALSE
"<1",8.2,-0.025690495674318,0.0134365435911769,0.0253633027943327,-0.000645337905351928,0.0506959303598721,FALSE,FALSE
"<1",8.3,-0.0260090199173395,0.0135875571096898,0.0256736987735846,-0.000622785868290565,0.0512791087025045,FALSE,FALSE
"<1",8.4,-0.0263277343718274,0.0137381083987882,0.0259841811689314,-0.000599137501012148,0.051861250148042,FALSE,FALSE
"<1",8.5,-0.0266466413340474,0.0138881922201906,0.0262947520706255,-0.00057438031075896,0.052442348613061,FALSE,FALSE
"<1",8.6,-0.0269657431002651,0.0140378033493332,0.0266054135660632,-0.000548501836576509,0.0530223980549688,FALSE,FALSE
"<1",8.7,-0.0272850419667461,0.0141869365756235,0.0269161677397823,-0.000521489649948803,0.0536013924723201,FALSE,FALSE
"<1",8.8,-0.0276045402297558,0.0143355867026988,0.0272270166734609,-0.000493331355440052,0.0541793259051393,FALSE,FALSE
"<1",8.9,-0.0279242401855599,0.0144837485486877,0.0275379624459146,-0.000464014591347706,0.0547561924352477,FALSE,FALSE
"<1",9,-0.028244144130424,0.0146314169464763,0.0278490071330948,-0.00043352703036148,0.0553319861865964,FALSE,FALSE
"<1",9.1,-0.0285642543606137,0.0147785867439776,0.0281601528080867,-0.000401856380232379,0.0559067013256057,FALSE,FALSE
"<1",9.2,-0.0288845731723944,0.0149252528044062,0.0284714015411069,-0.000368990384451928,0.0564803320615094,FALSE,FALSE
"<1",9.3,-0.0292051028620318,0.0150714100065557,0.0287827553995014,-0.000334916822937181,0.057052872646706,FALSE,FALSE
"<1",9.4,-0.0295258457257914,0.0152170532450816,0.0290942164477428,-0.000299623512729053,0.0576243173771155,FALSE,FALSE
"<1",9.5,-0.0298468040599389,0.0153621774307885,0.029405786747429,-0.000263098308697085,0.0581946605925427,FALSE,FALSE
"<1",9.6,-0.0301679801607398,0.0155067774909207,0.0297174683572801,-0.000225329104254657,0.058763896677048,FALSE,FALSE
"<1",9.7,-0.0304893763244596,0.0156508483694591,0.0300292633331358,-0.000186303832083956,0.0593320200593225,FALSE,FALSE
"<1",9.8,-0.0308109948473639,0.0157943850274209,0.0303411737279543,-0.000146010464871615,0.0598990252130734,FALSE,FALSE
"<1",9.9,-0.0311328380257184,0.015937382443166,0.030653201591808,-0.000104437016052339,0.0604649066574132,FALSE,FALSE
"<1",10,-0.0314549081557886,0.0160798356127064,0.0309653489718825,-6.15715405654083e-05,0.0610296589572579,FALSE,FALSE
"<1",10.1,-0.03177720753384,0.016221739550022,0.0312776179124734,-1.74021356185161e-05,0.0615932767237318,FALSE,FALSE
"<1",10.2,-0.0320997384561382,0.0163630892873809,0.0315900104549836,2.80830585351888e-05,0.062155754614581,FALSE,FALSE
"<1",10.3,-0.0324225032189489,0.0165038798756649,0.0319025286379208,7.48958578108416e-05,0.0627170873345927,FALSE,FALSE
"<1",10.4,-0.0327455041185375,0.0166441063847004,0.0322151744968951,0.000123048033494277,0.0632772696360242,FALSE,FALSE
"<1",10.5,-0.0330687434511697,0.0167837639035946,0.0325279500646162,0.000172551311433899,0.0638362963190391,FALSE,FALSE
"<1",10.6,-0.033392223513111,0.0169228475410774,0.0328408573708898,0.000223417371220336,0.0643941622321519,FALSE,FALSE
"<1",10.7,-0.033715946600627,0.0170613524258489,0.0331538984426161,0.00027565784535577,0.0649508622726811,FALSE,FALSE
"<1",10.8,-0.0340399150099832,0.0171992737069323,0.033467075303786,0.000329284318410505,0.0655063913872116,FALSE,FALSE
"<1",10.9,-0.0343641310374453,0.0173366065540336,0.0337803899754787,0.000384308326169425,0.0660607445720645,FALSE,FALSE
"<1",11,-0.0346885969792789,0.0174733461579061,0.0340938444758585,0.000440741354764129,0.0666139168737778,FALSE,FALSE
"<1",11.1,-0.0350133151317493,0.017609487730722,0.0344074408201719,0.000498594839795308,0.067165903389595,FALSE,FALSE
"<1",11.2,-0.0353382877911224,0.0177450265064499,0.0347211810207446,0.000557880165440561,0.067716699267964,FALSE,FALSE
"<1",11.3,-0.0356635172536636,0.0178799577412384,0.0350350670869786,0.000618608663551345,0.0682662997090453,FALSE,FALSE
"<1",11.4,-0.0359890058156385,0.0180142767138071,0.0353491010253486,0.00068079161273582,0.0688146999652305,FALSE,FALSE
"<1",11.5,-0.0363147557733127,0.018147978725843,0.0356632848393996,0.000744440237429367,0.0693618953416706,FALSE,FALSE
"<1",11.6,-0.0366407694229517,0.0182810591024049,0.0359776205297432,0.000809565706951454,0.0699078811968152,FALSE,FALSE
"<1",11.7,-0.0369670490608211,0.0184135131923342,0.0362921100940542,0.000876179134549515,0.0704526529429622,FALSE,FALSE
"<1",11.8,-0.0372935969831866,0.0185453363686726,0.0366067555270679,0.000944291576427947,0.0709962060468178,FALSE,FALSE
"<1",11.9,-0.0376204154863136,0.0186765240290876,0.0369215588205767,0.00101391403076478,0.0715385360300685,FALSE,FALSE
"<1",12,-0.0379475068664677,0.0188070715963046,0.0372365219634261,0.00108505743671261,0.0720796384699642,FALSE,FALSE
"<1",12.1,-0.0382748734199146,0.0189369745185478,0.0375516469415121,0.00115773267338615,0.0726195089999127,FALSE,FALSE
"<1",12.2,-0.0386025174429198,0.0190662282699872,0.0378669357377776,0.00123195055883407,0.0731581433100862,FALSE,FALSE
"<1",12.3,-0.0389304412317488,0.0191948283511947,0.0381823903322084,0.00130772184899719,0.0736955371480406,FALSE,FALSE
"<1",12.4,-0.0392586470826672,0.019322770289608,0.0384980127018303,0.00138505723664972,0.074231686319346,FALSE,FALSE
"<1",12.5,-0.0395871372919407,0.0194500496400022,0.0388138048207055,0.00146396735032683,0.0747665866882312,FALSE,FALSE
"<1",12.6,-0.0399159141558347,0.0195766619849702,0.0391297686599286,0.00154446275323483,0.0753002341782408,FALSE,FALSE
"<1",12.7,-0.0402449799706149,0.0197026029354117,0.0394459061876232,0.0016265539421465,0.0758326247729048,FALSE,FALSE
"<1",12.8,-0.0405743370325468,0.0198278681310307,0.0397622193689385,0.00171025134627911,0.0763637545164229,FALSE,FALSE
"<1",12.9,-0.040903987637896,0.0199524532408416,0.0400787101660453,0.00179556532615677,0.0768936195143625,FALSE,FALSE
"<1",13,-0.0412339340829281,0.0200763539636856,0.0403953805381319,0.00188250617245489,0.07742221593437,FALSE,FALSE
"<1",13.1,-0.0415641786639086,0.0201995660287549,0.0407122324414013,0.00197108410482794,0.0779495400068982,FALSE,FALSE
"<1",13.2,-0.0418947236771031,0.0203220851961271,0.0410292678290666,0.00206130927072001,0.0784755880259469,FALSE,FALSE
"<1",13.3,-0.0422255714187773,0.0204439072573097,0.0413464886513469,0.0021531917441564,0.0790003563498195,FALSE,FALSE
"<1",13.4,-0.0425567241851965,0.0205650280357934,0.0416638968554646,0.00224674152451798,0.0795238414018952,FALSE,FALSE
"<1",13.5,-0.0428881842726266,0.0206854433876165,0.0419814943856399,0.00234196853529722,0.0800460396714167,FALSE,FALSE
"<1",13.6,-0.0432199539773329,0.0208051492019391,0.0422992831830881,0.00243888262283387,0.0805669477142943,FALSE,FALSE
"<1",13.7,-0.0435520355955811,0.0209241414016278,0.0426172651860148,0.00253749355503363,0.0810865621539263,FALSE,FALSE
"<1",13.8,-0.0438844314236367,0.0210424159438516,0.0429354423296124,0.00263781102006533,0.0816048796820363,FALSE,FALSE
"<1",13.9,-0.0442171437577654,0.0211599688206877,0.0432538165460554,0.00273984462503918,0.0821218970595285,FALSE,FALSE
"<1",14,-0.0445501748942327,0.0212767960597401,0.043572389764497,0.00284360389466476,0.0826376111173591,FALSE,FALSE
"<1",14.1,-0.0448835271293041,0.0213928937247679,0.043891163911064,0.00294909826988798,0.0831520187574273,FALSE,FALSE
"<1",14.2,-0.0452172027592454,0.0215082579163267,0.0442101409088533,0.00305633710650755,0.0836651169534838,FALSE,FALSE
"<1",14.3,-0.0455512040803219,0.021622884772421,0.0445293226779279,0.00316532967376937,0.0841769027520585,FALSE,FALSE
"<1",14.4,-0.0458855333887993,0.021736770469169,0.0448487111353113,0.00327608515293965,0.0846873732734068,FALSE,FALSE
"<1",14.5,-0.0462201929809431,0.02184991122148,0.0451683081949849,0.00338861263585588,0.0851965257124769,FALSE,FALSE
"<1",14.6,-0.046555185153019,0.0219623032837443,0.045488115767882,0.00350292112345441,0.0857043573398953,FALSE,FALSE
"<1",14.7,-0.0468905122012925,0.0220739429505361,0.0458081357618849,0.00361901952427623,0.0862108655029742,FALSE,FALSE
"<1",14.8,-0.0472261764220292,0.0221848265573294,0.0461283700818191,0.00373691665294829,0.0867160476267391,FALSE,FALSE
"<1",14.9,-0.0475621801114947,0.0222949504812276,0.0464488206294501,0.00385662122864094,0.087219901214978,FALSE,FALSE
"<1",15,-0.0478985255659544,0.0224043111417071,0.0467694893034776,0.00397814187350232,0.0877224238513129,FALSE,FALSE
"<1",15.1,-0.0482352150816741,0.0225129050013744,0.0470903779995321,0.00410148711106562,0.0882236132002924,FALSE,FALSE
"<1",15.2,-0.0485722509549193,0.0226207285667378,0.0474114886101695,0.00422666536463367,0.0887234670085082,FALSE,FALSE
"<1",15.3,-0.0489096354819554,0.0227277783889937,0.047732823024867,0.00435368495563571,0.0892219831057345,FALSE,FALSE
"<1",15.4,-0.0492473709590482,0.0228340510648283,0.0480543831300182,0.00448255410195941,0.0897191594060905,FALSE,FALSE
"<1",15.5,-0.0495854596824632,0.0229395432372337,0.0483761708089284,0.00461328091625512,0.0902149939092285,FALSE,FALSE
"<1",15.6,-0.049923903948466,0.0230442515963403,0.0486981879418098,0.00474587340421329,0.0907094847015454,FALSE,FALSE
"<1",15.7,-0.0502627060533221,0.0231481728802648,0.0490204364057771,0.00488033946281474,0.0912026299574203,FALSE,FALSE
"<1",15.8,-0.0506018682932971,0.0232513038759744,0.0493429180748423,0.00501668687855172,0.0916944279404776,FALSE,FALSE
"<1",15.9,-0.0509413929646566,0.0233536414201677,0.0496656348199099,0.00515492332562062,0.0921848770048765,FALSE,FALSE
"<1",16,-0.0512812823636661,0.0234551824001726,0.0499885885087724,0.00529505636408578,0.0926739755966277,FALSE,FALSE
"<1",16.1,-0.0516215387865913,0.0235559237548612,0.0503117810061048,0.00543709343801246,0.0931617222549372,FALSE,FALSE
"<1",16.2,-0.0519621645296977,0.0236558624755825,0.0506352141734603,0.00558104187357056,0.0936481156135782,FALSE,FALSE
"<1",16.3,-0.0523031618892508,0.0237549956071129,0.0509588898692647,0.00572690887710625,0.0941331544022919,FALSE,FALSE
"<1",16.4,-0.0526445331615163,0.0238533202486257,0.0512828099488117,0.00587470153318237,0.0946168374482171,FALSE,FALSE
"<1",16.5,-0.0529862806427597,0.0239508335546782,0.0516069762642583,0.0060244268025873,0.0950991636773509,FALSE,FALSE
"<1",16.6,-0.0533284066292466,0.0240475327362191,0.0519313906646183,0.00617609152030973,0.0955801321160377,FALSE,FALSE
"<1",16.7,-0.0536709134172426,0.0241434150616146,0.0522560549957591,0.00632970239348152,0.096059741892491,FALSE,FALSE
"<1",16.8,-0.0540138033030132,0.0242384778576952,0.0525809711003949,0.00648526599928478,0.096537992238347,FALSE,FALSE
"<1",16.9,-0.054357078582824,0.0243327185108217,0.0529061408180825,0.00664278878282609,0.0970148824902495,FALSE,FALSE
"<1",17,-0.0547007415529406,0.0244261344679731,0.0532315659852155,0.00680227705497394,0.0974904120914686,FALSE,FALSE
"<1",17.1,-0.0550447945096286,0.0245187232378553,0.0535572484350196,0.00696373699016073,0.0979645805935531,FALSE,FALSE
"<1",17.2,-0.0553892397491534,0.0246104823920308,0.0538831899975467,0.00712717462414825,0.098437387658017,FALSE,FALSE
"<1",17.3,-0.0557340795677808,0.0247014095660715,0.0542093924996699,0.00729259585175535,0.0989088330580623,FALSE,FALSE
"<1",17.4,-0.0560793162617763,0.0247915024607333,0.0545358577650782,0.00746000642454803,0.0993789166803355,FALSE,FALSE
"<1",17.5,-0.0564249521274054,0.0248807588431538,0.054862587614271,0.00762941194848987,0.0998476385267228,FALSE,FALSE
"<1",17.6,-0.0567709894609337,0.0249691765480734,0.0551895838645526,0.0078008178815544,0.100314998716182,FALSE,FALSE
"<1",17.7,-0.0571174305586268,0.0250567534790805,0.055516848330027,0.00797422953129523,0.100780997486611,FALSE,FALSE
"<1",17.8,-0.0574642777167503,0.025143487609881,0.0558443828215919,0.00814965205237728,0.101245635196757,FALSE,FALSE
"<1",17.9,-0.0578115332315698,0.0252293769855924,0.0561721891469336,0.00832709044406421,0.101708912328168,FALSE,FALSE
"<1",18,-0.0581591993993507,0.0253144197240636,0.0565002691105214,0.00850654954766528,0.102170829487175,FALSE,FALSE
"<1",18.1,-0.0585072785163587,0.0253986140172208,0.0568286245136022,0.00868803404393692,0.102631387406927,FALSE,FALSE
"<1",18.2,-0.0588557728788594,0.0254819581324388,0.0571572571541938,0.00887154845044169,0.103090586949462,FALSE,FALSE
"<1",18.3,-0.0592046847831183,0.0255644504139407,0.057486168827081,0.00905709711886149,0.10354842910782,FALSE,FALSE
"<1",18.4,-0.059554016525401,0.0256460892842234,0.0578153613238083,0.00924468423226521,0.104004915008203,FALSE,FALSE
"<1",18.5,-0.0599037704019731,0.0257268732455129,0.058144836432675,0.0094343138023294,0.104460045912179,FALSE,FALSE
"<1",18.6,-0.0602539487091002,0.0258068008812465,0.0584745959387294,0.00962598966651218,0.104913823218929,FALSE,FALSE
"<1",18.7,-0.0606045537430477,0.025885870857585,0.0588046416237626,0.00981971548517835,0.10536624846754,FALSE,FALSE
"<1",18.8,-0.0609555878000814,0.0259640819249547,0.0591349752663032,0.0100154947386748,0.105817323339351,FALSE,FALSE
"<1",18.9,-0.0613070531764667,0.0260414329196191,0.059465598641611,0.0102133307243568,0.106267049660343,FALSE,FALSE
"<1",19,-0.0616589521684693,0.0261179227652817,0.0597965135216716,0.0104132265535628,0.106715429403573,FALSE,FALSE
"<1",19.1,-0.0620112870723547,0.0261935504747205,0.0601277216751899,0.010615185148537,0.107162464691669,FALSE,FALSE
"<1",19.2,-0.0623640577316381,0.026268316786085,0.0604592225631254,0.0108192036438728,0.107608158469666,FALSE,FALSE
"<1",19.3,-0.0627172534243028,0.0263422295335095,0.0607910057231583,0.011025254958769,0.108052516655781,FALSE,FALSE
"<1",19.4,-0.0630708605840317,0.0264152984321633,0.0611230580365189,0.0112333055635191,0.108495545905217,FALSE,FALSE
"<1",19.5,-0.063424865644468,0.0264875331707427,0.061455366402209,0.0114433219945537,0.108937252811357,FALSE,FALSE
"<1",19.6,-0.063779255039255,0.0265589434099009,0.0617879177370766,0.0116552708581268,0.109377643903259,FALSE,FALSE
"<1",19.7,-0.0641340152020357,0.0266295387807326,0.0621206989758496,0.0118691188338383,0.109816725643215,FALSE,FALSE
"<1",19.8,-0.0644891325664535,0.0266993288832861,0.0624536970711689,0.0120848326780882,0.110254504424366,FALSE,FALSE
"<1",19.9,-0.0648445935661515,0.0267683232851007,0.0627868989936184,0.0123023792274637,0.110690986568365,FALSE,FALSE
"<1",20,-0.0652003846347729,0.02683653151977,0.0631202917317553,0.0125217254020616,0.111126178323089,FALSE,FALSE
"<1",20.1,-0.0655564922059609,0.0269039630855281,0.0634538622921358,0.0127428382087483,0.111560085860407,FALSE,FALSE
"<1",20.2,-0.0659129027133586,0.0269706274438594,0.063787597699342,0.0129656847443577,0.11199271527398,FALSE,FALSE
"<1",20.3,-0.0662696025906093,0.0270365340181315,0.0641214849960042,0.01319023219883,0.112424072577116,FALSE,FALSE
"<1",20.4,-0.0666265782713562,0.0271016921922482,0.0644555112428236,0.0134164478582924,0.112854163700662,FALSE,FALSE
"<1",20.5,-0.0669838161892425,0.0271661113093244,0.064789663518592,0.0136442991080834,0.113282994490942,FALSE,FALSE
"<1",20.6,-0.0673413027779114,0.0272298006703813,0.0651239289202096,0.0138737534357208,0.113710570707728,FALSE,FALSE
"<1",20.7,-0.067699024471006,0.0272927695330605,0.0654582945627025,0.0141047784338167,0.114136898022258,FALSE,FALSE
"<1",20.8,-0.0680569677021696,0.0273550271103579,0.0657927475792361,0.0143373418029384,0.114561982015284,FALSE,FALSE
"<1",20.9,-0.0684151189050454,0.0274165825693762,0.0661272751211293,0.0145714113544185,0.114985828175163,FALSE,FALSE
"<1",21,-0.0687734645132765,0.0274774450300948,0.0664618643578642,0.0148069550131125,0.11540844189598,FALSE,FALSE
"<1",21.1,-0.0691319909605061,0.0275376235641587,0.0667965024770968,0.0150439408201077,0.115829828475705,FALSE,FALSE
"<1",21.2,-0.0694906846803775,0.0275971271936837,0.0671311766846637,0.0152823369353817,0.116249993114388,FALSE,FALSE
"<1",21.3,-0.0698495321065338,0.027655964890079,0.0674658742045885,0.0155221116404125,0.116668940912386,FALSE,FALSE
"<1",21.4,-0.0702085196726183,0.027714145572887,0.0678005822790855,0.0157632333407413,0.117086676868619,FALSE,FALSE
"<1",21.5,-0.070567633812274,0.0277716781086393,0.0681352881685621,0.016005670568487,0.117503205878862,FALSE,FALSE
"<1",21.6,-0.0709268609591443,0.0278285713097283,0.0684699791516198,0.0162493919848147,0.117918532734072,FALSE,FALSE
"<1",21.7,-0.0712861875468724,0.0278848339332965,0.0688046425250526,0.0164943663823574,0.118332662118734,FALSE,FALSE
"<1",21.8,-0.0716456000091013,0.0279404746801398,0.0691392656038443,0.0167405626875921,0.118745598609251,FALSE,FALSE
"<1",21.9,-0.0720050847794743,0.0279955021936284,0.0694738357211641,0.0169879499631707,0.119157346672361,FALSE,FALSE
"<1",22,-0.0723646282916347,0.0280499250586418,0.0698083402283598,0.0172364974102051,0.119567910663572,FALSE,FALSE
"<1",22.1,-0.0727242169792255,0.0281037518005204,0.0701427664949503,0.0174861743705083,0.119977294825651,FALSE,FALSE
"<1",22.2,-0.07308383727589,0.0281569908840326,0.0704771019086156,0.0177369503287902,0.120385503287114,FALSE,FALSE
"<1",22.3,-0.0734434756152715,0.0282096507123564,0.070811333875185,0.0179887949148096,0.12079254006077,FALSE,FALSE
"<1",22.4,-0.073803118431013,0.0282617396260781,0.0711454498186246,0.0182416779054819,0.121198409042279,FALSE,FALSE
"<1",22.5,-0.0741627521567577,0.0283132659022046,0.0714794371810218,0.0184955692269425,0.121603114008746,FALSE,FALSE
"<1",22.6,-0.074522363226149,0.0283642377531931,0.0718132834225692,0.0187504389565666,0.122006658617341,FALSE,FALSE
"<1",22.7,-0.07488193807283,0.0284146633259947,0.0721469760215458,0.019006257324945,0.122409046403948,FALSE,FALSE
"<1",22.8,-0.0752414631304437,0.0284645507011151,0.0724805024742977,0.019262994717816,0.122810280781847,FALSE,FALSE
"<1",22.9,-0.0756009248326336,0.0285139078916894,0.0728138502952156,0.0195206216779537,0.12321036504042,FALSE,FALSE
"<1",23,-0.0759603096130427,0.0285627428425745,0.0731470070167123,0.0197791089070118,0.123609302343889,FALSE,FALSE
"<1",23.1,-0.0763196039053143,0.0286110634294558,0.0734799601891969,0.0200384272673252,0.124007095730082,FALSE,FALSE
"<1",23.2,-0.0766787941430915,0.0286588774579712,0.073812697381049,0.0202985477836646,0.124403748109229,FALSE,FALSE
"<1",23.3,-0.0770378667600175,0.0287061926628502,0.0741452061785894,0.0205594416449502,0.124799262262788,FALSE,FALSE
"<1",23.4,-0.0773968081897356,0.0287530167070705,0.0744774741860508,0.0208210802059196,0.125193640842297,FALSE,FALSE
"<1",23.5,-0.077755604865889,0.0287993571810303,0.0748094890255455,0.0210834349887513,0.125586886368262,FALSE,FALSE
"<1",23.6,-0.0781142432221207,0.0288452216017374,0.0751412383370329,0.021346477684644,0.125979001229069,FALSE,FALSE
"<1",23.7,-0.0784727096920741,0.0288906174120155,0.0754727097782836,0.0216101801553514,0.126369987679931,FALSE,FALSE
"<1",23.8,-0.0788309907093922,0.0289355519797278,0.075803891024843,0.0218745144346721,0.126759847841861,FALSE,FALSE
"<1",23.9,-0.0791890727077185,0.0289800325970168,0.0761347697699934,0.0221394527298935,0.127148583700677,FALSE,FALSE
"<1",24,-0.0795469421206959,0.0290240664795634,0.0764653337247139,0.0224049674231919,0.127536197106043,FALSE,FALSE
"<1",24.1,-0.0799045853819677,0.0290676607658621,0.0767955706176384,0.0226710310729857,0.12792268977053,FALSE,FALSE
"<1",24.2,-0.0802619889251771,0.0291108225165155,0.0771254681950131,0.0229376164152437,0.128308063268723,FALSE,FALSE
"<1",24.3,-0.0806191391839673,0.0291535587135458,0.077455014220651,0.0232046963647466,0.128692319036348,FALSE,FALSE
"<1",24.4,-0.0809760225919815,0.0291958762597266,0.077784196475886,0.0234722440163027,0.129075458369433,FALSE,FALSE
"<1",24.5,-0.0813326255828629,0.0292377819779313,0.0781130027595243,0.023740232645916,0.129457482423512,FALSE,FALSE
"<1",24.6,-0.0816889345902546,0.0292792826105025,0.0784414208877952,0.0240086357119091,0.129838392212843,FALSE,FALSE
"<1",24.7,-0.0820449360478,0.0293203848186399,0.0787694386942995,0.0242774268559972,0.130218188609679,FALSE,FALSE
"<1",24.8,-0.0824006163891421,0.0293610951818071,0.079097044029957,0.024546579904315,0.130596872343557,FALSE,FALSE
"<1",24.9,-0.0827559620479241,0.0294014201971598,0.0794242247629512,0.0248160688683956,0.130974444000631,FALSE,FALSE
"<1",25,-0.0831109594577894,0.0294413662789933,0.0797509687786739,0.0250858679461022,0.131350904023032,FALSE,FALSE
"<1",25.1,-0.083465595052381,0.0294809397582099,0.0800772639796674,0.0253559515225101,0.131726252708268,FALSE,FALSE
"<1",25.2,-0.0838198552653421,0.0295201468818087,0.0804030982855648,0.0256262941707397,0.132100490208658,FALSE,FALSE
"<1",25.3,-0.084173726530316,0.0295589938123945,0.0807284596330294,0.0258968706527417,0.132473616530794,FALSE,FALSE
"<1",25.4,-0.0845271952809458,0.0295974866277098,0.0810533359756925,0.0261676559200311,0.132845631535054,FALSE,FALSE
"<1",25.5,-0.0848802479508748,0.029635631320187,0.0813777152840888,0.026438625114373,0.133216534935132,FALSE,FALSE
"<1",25.6,-0.0852328709737461,0.0296734337965239,0.081701585545591,0.0267097535684163,0.133586326297622,FALSE,FALSE
"<1",25.7,-0.0855850507832029,0.0297108998772798,0.0820249347643428,0.0269810168062788,0.133955005041625,FALSE,FALSE
"<1",25.8,-0.0859367738128884,0.0297480352964961,0.08234775096119,0.0272523905440805,0.134322570438406,FALSE,FALSE
"<1",25.9,-0.0862880264964459,0.0297848457013378,0.0826700221736099,0.0275238506904247,0.134689021611072,FALSE,FALSE
"<1",26,-0.0866387952675185,0.0298213366517597,0.0829917364556398,0.0277953733468305,0.135054357534309,FALSE,FALSE
"<1",26.1,-0.0869890665597494,0.029857513620195,0.0833128818778034,0.0280669348081094,0.135418577034137,FALSE,FALSE
"<1",26.2,-0.0873388268067817,0.0298933819912682,0.0836334465270359,0.0283385115626938,0.135781678787715,FALSE,FALSE
"<1",26.3,-0.0876880624422589,0.0299289470615318,0.083953418506607,0.0286100802929103,0.136143661323185,FALSE,FALSE
"<1",26.4,-0.0880367598998238,0.0299642140392272,0.0842727859360435,0.0288816178752006,0.136504523019551,FALSE,FALSE
"<1",26.5,-0.0883849056131199,0.0299991880440707,0.0845915369510492,0.0291531013802907,0.136864262106599,FALSE,FALSE
"<1",26.6,-0.0887324860157903,0.0300338741070636,0.0849096597034237,0.0294245080733045,0.137222876664859,FALSE,FALSE
"<1",26.7,-0.0890794875414781,0.0300682771703285,0.0852271423609798,0.029695815413826,0.137580364625604,FALSE,FALSE
"<1",26.8,-0.0894258966238266,0.0301024020869699,0.0855439731074595,0.0299670010559058,0.137936723770894,FALSE,FALSE
"<1",26.9,-0.089771699696479,0.0301362536209616,0.0858601401424478,0.0302380428480133,0.138291951733659,FALSE,FALSE
"<1",27,-0.0901168831930785,0.0301698364470594,0.0861756316812855,0.030508918832936,0.138646045997821,FALSE,FALSE
"<1",27.1,-0.0904614335472682,0.0302031551507406,0.0864904359549805,0.0307796072476222,0.138999003898462,FALSE,FALSE
"<1",27.2,-0.0908053371926913,0.0302362142281693,0.0868045412101176,0.0310500865229687,0.139350822622028,FALSE,FALSE
"<1",27.3,-0.0911485805629912,0.0302690180861896,0.0871179357087662,0.0313203352835548,0.139701499206587,FALSE,FALSE
"<1",27.4,-0.0914911500918108,0.0303015710423447,0.0874306077283874,0.0315903323473188,0.140051030542111,FALSE,FALSE
"<1",27.5,-0.0918330322127936,0.0303338773249245,0.0877425455617388,0.0318600567251796,0.14039941337082,FALSE,FALSE
"<1",27.6,-0.0921742133595825,0.0303659410730394,0.088053737516778,0.032129487620602,0.140746644287559,FALSE,FALSE
"<1",27.7,-0.0925146799658209,0.0303977663367232,0.0883641719165654,0.0323986044291057,0.141092719740215,FALSE,FALSE
"<1",27.8,-0.0928544184651519,0.0304293570770633,0.0886738370991642,0.0326673867377183,0.141437636030188,FALSE,FALSE
"<1",27.9,-0.0931934152912187,0.0304607171663594,0.0889827214175394,0.0329358143243705,0.141781389312898,FALSE,FALSE
"<1",28,-0.0935316568776646,0.0304918503883104,0.0892908132394561,0.0332038671572359,0.142123975598338,FALSE,FALSE
"<1",28.1,-0.0938691296581326,0.0305227604382305,0.0895981009473751,0.0334715253940119,0.142465390751675,FALSE,FALSE
"<1",28.2,-0.0942058200662661,0.030553450923294,0.0899045729383475,0.0337387693811454,0.142805630493885,FALSE,FALSE
"<1",28.3,-0.0945417145357082,0.030583925362809,0.0902102176239086,0.0340055796529999,0.143144690402449,FALSE,FALSE
"<1",28.4,-0.0948767995001021,0.0306141871885206,0.0905150234299686,0.0342719369309649,0.143482565912076,FALSE,FALSE
"<1",28.5,-0.0952110613930909,0.030644239744944,0.0908189787967036,0.0345378221225084,0.143819252315487,FALSE,FALSE
"<1",28.6,-0.095544486648318,0.0306740862897263,0.0911220721784439,0.0348032163201712,0.144154744764232,FALSE,FALSE
"<1",28.7,-0.0958770616994264,0.0307037299940393,0.0914242920435614,0.0350681008005035,0.144489038269558,FALSE,FALSE
"<1",28.8,-0.0962087729800595,0.0307331739430017,0.0917256268743553,0.0353324570229426,0.144822127703323,FALSE,FALSE
"<1",28.9,-0.0965396069238603,0.0307624211361318,0.0920260651669368,0.0355962666286342,0.145154007798956,FALSE,FALSE
"<1",29,-0.096869549964472,0.03079147448783,0.0923255954311115,0.0358595114391942,0.145484673152457,FALSE,FALSE
"<1",29.1,-0.097198588535538,0.030820336827893,0.0926242061902611,0.0361221734554118,0.14581411822345,FALSE,FALSE
"<1",29.2,-0.0975267090707013,0.0308490109020573,0.0929218859812232,0.036384234855896,0.146142337336276,FALSE,FALSE
"<1",29.3,-0.0978538980036051,0.0308774993725746,0.0932186233541701,0.0366456779956625,0.146469324681138,FALSE,FALSE
"<1",29.4,-0.0981801417678927,0.0309058048188176,0.0935144068724852,0.0369064854046619,0.146795074315289,FALSE,FALSE
"<1",29.5,-0.0985054267972073,0.0309339297379169,0.0938092251126394,0.0371666397862502,0.147119580164264,FALSE,FALSE
"<1",29.6,-0.098829739525192,0.0309618765454294,0.0941030666640646,0.0374261240156007,0.147442836023162,FALSE,FALSE
"<1",29.7,-0.09915306638549,0.0309896475760377,0.0943959201290269,0.037684921138057,0.147764835557971,FALSE,FALSE
"<1",29.8,-0.0994753938117446,0.0310172450842809,0.0946877741224972,0.0379430143674272,0.148085572306945,FALSE,FALSE
"<1",29.9,-0.0997967082375989,0.0310446712453174,0.0949786172720218,0.0382003870842209,0.14840503968202,FALSE,FALSE
"<1",30,-0.100116996096696,0.0310719281557185,0.0952684382175902,0.0384570228338261,0.14872323097028,FALSE,FALSE
"<1",30.1,-0.100436243822679,0.0310990178342947,0.0955572256115025,0.0387129053246287,0.149040139335472,FALSE,FALSE
"<1",30.2,-0.100754437849192,0.0311259422229529,0.0958449681182343,0.0389680184260727,0.149355757819563,FALSE,FALSE
"<1",30.3,-0.101071564609877,0.0311527031875858,0.0961316544143013,0.0392223461666625,0.149670079344345,FALSE,FALSE
"<1",30.4,-0.101387610538378,0.0311793025189934,0.0964172731881218,0.0394758727319069,0.149983096713087,FALSE,FALSE
"<1",30.5,-0.101702562068338,0.0312057419338365,0.0967018131398777,0.0397285824622039,0.150294802612232,FALSE,FALSE
"<1",30.6,-0.1020164056334,0.0312320230756219,0.0969852629813749,0.0399804598506682,0.150605189613146,FALSE,FALSE
"<1",30.7,-0.102329127667207,0.0312581475157198,0.0972676114359007,0.0402314895408997,0.1509142501739,FALSE,FALSE
"<1",30.8,-0.102640714603403,0.0312841167544142,0.0975488472380817,0.040481656324694,0.151221976641117,FALSE,FALSE
"<1",30.9,-0.10295115287563,0.031309932221984,0.0978289591337386,0.0407309451396947,0.151528361251849,FALSE,FALSE
"<1",31,-0.103260428917532,0.0313355952798181,0.0981079358797409,0.040979341066988,0.151833396135506,FALSE,FALSE
"<1",31.1,-0.103568529162752,0.0313611072215613,0.0983857662438591,0.0412268293286385,0.152137073315839,FALSE,FALSE
"<1",31.2,-0.103875440044934,0.0313864692742932,0.0986624390046164,0.0414733952851682,0.152439384712953,FALSE,FALSE
"<1",31.3,-0.10418114799772,0.03141168259974,0.098937942951138,0.0417190244329764,0.152740322145381,FALSE,FALSE
"<1",31.4,-0.104485639454754,0.0314367482955176,0.0992122668830001,0.0419637024017022,0.153039877332196,FALSE,FALSE
"<1",31.5,-0.104788900849678,0.0314616673964079,0.0994853996100769,0.0422074149515307,0.153338041895171,FALSE,FALSE
"<1",31.6,-0.105090918616137,0.0314864408756674,0.0997573299523856,0.0424501479704391,0.153634807360987,FALSE,FALSE
"<1",31.7,-0.105391679187772,0.0315110696463679,0.100028046739932,0.0426918874713873,0.153930165163481,FALSE,FALSE
"<1",31.8,-0.105691168998229,0.0315355545627705,0.10029753881255,0.04293261958945,0.154224106645949,FALSE,FALSE
"<1",31.9,-0.105989374481149,0.031559896421731,0.100565795019749,0.0431723305788921,0.154516623063482,FALSE,FALSE
"<1",32,-0.106286282070175,0.0315840959641389,0.100832804220547,0.0434110068101866,0.154807705585364,FALSE,FALSE
"<1",32.1,-0.106581878198952,0.0316081538763879,0.101098555283315,0.0436486347669747,0.1550973452975,FALSE,FALSE
"<1",32.2,-0.106876149301122,0.03163207079188,0.10136303708561,0.0438852010429697,0.155385533204897,FALSE,FALSE
"<1",32.3,-0.107169081810328,0.0316558472925613,0.101626238514012,0.0441206923388037,0.155672260234193,FALSE,FALSE
"<1",32.4,-0.107460662160214,0.0316794839104904,0.101888148463962,0.0443550954588167,0.155957517236225,FALSE,FALSE
"<1",32.5,-0.107750876784423,0.0317029811294402,0.102148755839588,0.0445883973077896,0.156241294988647,FALSE,FALSE
"<1",32.6,-0.108039712116598,0.0317263393865309,0.102408049553543,0.0448205848876201,0.156523584198592,FALSE,FALSE
"<1",32.7,-0.108327154590382,0.0317495590738971,0.102666018526831,0.0450516452939412,0.156804375505376,FALSE,FALSE
"<1",32.8,-0.108613190639418,0.0317726405403861,0.10292265168864,0.0452815657126848,0.157083659483255,FALSE,FALSE
"<1",32.9,-0.10889780669735,0.0317955840932895,0.103177937976165,0.0455103334165861,0.157361426644219,FALSE,FALSE
"<1",33,-0.109180989197821,0.0318183900001075,0.103431866334436,0.0457379357616338,0.157637667440836,FALSE,FALSE
"<1",33.1,-0.109462724574473,0.0318410584903454,0.103684425716142,0.045964360183462,0.157912372269139,FALSE,FALSE
"<1",33.2,-0.109742999260951,0.0318635897573428,0.103935605081456,0.0461895941936872,0.158185531471561,FALSE,FALSE
"<1",33.3,-0.110021799690898,0.0318859839601355,0.104185393397856,0.0464136253761869,0.15845713533991,FALSE,FALSE
"<1",33.4,-0.110299112297955,0.0319082412253504,0.104433779639943,0.0466364413833233,0.158727174118392,FALSE,FALSE
"<1",33.5,-0.110574923515768,0.0319303616491321,0.104680752789265,0.0468580299321101,0.158995638006684,FALSE,FALSE
"<1",33.6,-0.110849219777978,0.0319523452991031,0.104926301834128,0.047078378800322,0.159262517163041,FALSE,FALSE
"<1",33.7,-0.11112198751823,0.0319741922163563,0.105170415769418,0.047297475822549,0.159527801707458,FALSE,FALSE
"<1",33.8,-0.111393213170166,0.0319959024174802,0.105413083596415,0.0475153088861933,0.159791481724872,FALSE,FALSE
"<1",33.9,-0.11166288316743,0.0320174758966168,0.105654294322604,0.0477318659274102,0.160053547268413,FALSE,FALSE
"<1",34,-0.111930983943664,0.0320389126275526,0.105894036961488,0.0479471349269918,0.160313988362694,FALSE,FALSE
"<1",34.1,-0.112197501932512,0.0320602125658419,0.1061323005324,0.0481611039061944,0.160572795007154,FALSE,FALSE
"<1",34.2,-0.112462423567617,0.0320813756509633,0.106369074060311,0.0483737609225099,0.16082995717944,FALSE,FALSE
"<1",34.3,-0.112725735282623,0.0321024018085087,0.106604346575638,0.0485850940653789,0.161085464838839,FALSE,FALSE
"<1",34.4,-0.112987423511172,0.0321232909524061,0.106838107114052,0.0487950914518485,0.161339307929752,FALSE,FALSE
"<1",34.5,-0.113247474686908,0.0321440429871739,0.10707034471628,0.0490037412221719,0.161591476385214,FALSE,FALSE
"<1",34.6,-0.113505875243474,0.0321646578102095,0.107301048427912,0.0492110315353518,0.161841960130466,FALSE,FALSE
"<1",34.7,-0.113762611614513,0.0321851353141107,0.107530207299201,0.0494169505646261,0.162090749086561,FALSE,FALSE
"<1",34.8,-0.114017670233668,0.0322054753890293,0.107757810384867,0.049621486492897,0.162337833174027,FALSE,FALSE
"<1",34.9,-0.114271037534583,0.0322256779250593,0.107983846743892,0.0498246275081008,0.162583202316572,FALSE,FALSE
"<1",35,-0.1145226999509,0.0322457428146574,0.108208305439321,0.0500263617985229,0.162826846444831,FALSE,FALSE
"<1",35.1,-0.114772643916263,0.0322656699550968,0.108431175538059,0.0502266775480522,0.163068755500169,FALSE,FALSE
"<1",35.2,-0.115020855864316,0.032285459250955,0.108652446110665,0.0504255629313791,0.163308919438523,FALSE,FALSE
"<1",35.3,-0.1152673222287,0.0323051106166348,0.108872106231148,0.050623006109135,0.163547328234292,FALSE,FALSE
"<1",35.4,-0.11551202944306,0.0323246239789184,0.109090144976756,0.0508189952229728,0.163783971884275,FALSE,FALSE
"<1",35.5,-0.115754963941039,0.0323439992795556,0.109306551427769,0.0510135183905899,0.164018840411661,FALSE,FALSE
"<1",35.6,-0.115996112156279,0.032363236477886,0.109521314667292,0.0512065637006907,0.164251923870055,FALSE,FALSE
"<1",35.7,-0.116235460522425,0.0323823355534944,0.109734423781038,0.0513981192078913,0.164483212347565,FALSE,FALSE
"<1",35.8,-0.116472995473119,0.0324012965089003,0.109945867857116,0.0515881729275641,0.164712695970927,FALSE,FALSE
"<1",35.9,-0.116708703442004,0.0324201193722817,0.11015563598582,0.0517767128306234,0.164940364909684,FALSE,FALSE
"<1",36,-0.116942570862724,0.0324388042002328,0.110363717259411,0.0519637268382496,0.16516620938041,FALSE,FALSE
"<1",36.1,-0.117174584168922,0.0324573510805557,0.110570100771897,0.0521492028165546,0.165390219650985,FALSE,FALSE
"<1",36.2,-0.117404729794241,0.0324757601350873,0.110774775618818,0.0523331285711857,0.16561238604492,FALSE,FALSE
"<1",36.3,-0.117632994172324,0.0324940315225592,0.110977730897026,0.0525154918418692,0.165832698945729,FALSE,FALSE
"<1",36.4,-0.117859363736814,0.0325121654414938,0.11117895570446,0.0526962802968921,0.16605114880135,FALSE,FALSE
"<1",36.5,-0.118083824921355,0.0325301621331337,0.111378439139926,0.0528754815275223,0.16626772612862,FALSE,FALSE
"<1",36.6,-0.11830636415959,0.032548021884407,0.111576170302871,0.0530530830423674,0.166482421517798,FALSE,FALSE
"<1",36.7,-0.118526967885162,0.0325657450309263,0.11177213829316,0.0532290722616705,0.166695225637139,FALSE,FALSE
"<1",36.8,-0.118745622531714,0.032583331960024,0.111966332210844,0.0534034365115436,0.166906129237519,FALSE,FALSE
"<1",36.9,-0.11896231453289,0.0326007831138219,0.112158741155936,0.0535761630181382,0.167115123157112,FALSE,FALSE
"<1",37,-0.119177030322332,0.032618098992336,0.112349354228178,0.0537472389017518,0.167322198326115,FALSE,FALSE
"<1",37.1,-0.119389756333684,0.0326352801566175,0.112538160526809,0.0539166511708714,0.167527345771535,FALSE,FALSE
"<1",37.2,-0.119600479000589,0.0326523272319281,0.112725149150337,0.0540843867161519,0.167730556622017,FALSE,FALSE
"<1",37.3,-0.11980918475669,0.032669240910952,0.112910309196297,0.0542504323043307,0.167931822112729,FALSE,FALSE
"<1",37.4,-0.12001586003563,0.0326860219570427,0.113093629761022,0.0544147745720768,0.168131133590309,FALSE,FALSE
"<1",37.5,-0.120220491271053,0.032702671207506,0.113275099939402,0.0545774000197747,0.168328482517846,FALSE,FALSE
"<1",37.6,-0.120423064896602,0.0327191895769189,0.113454708824646,0.0547382950052427,0.168523860479937,FALSE,FALSE
"<1",37.7,-0.120623567345919,0.0327355780604844,0.113632445508042,0.0548974457373849,0.168717259187782,FALSE,FALSE
"<1",37.8,-0.120821985052649,0.032751837737422,0.113808299078716,0.0550548382697762,0.168908670484344,FALSE,FALSE
"<1",37.9,-0.121018304450434,0.0327679697743948,0.113982258623388,0.0552104584941815,0.169098086349552,FALSE,FALSE
"<1",38,-0.121212511972918,0.0327839754289725,0.114154313226127,0.055364292134007,0.169285498905578,FALSE,FALSE
"<1",38.1,-0.121404594053744,0.0327998560531306,0.114324451968108,0.0555163247376833,0.169470900422148,FALSE,FALSE
"<1",38.2,-0.121594537126554,0.0328156130967858,0.11449266392736,0.055666541671982,0.169654283321925,FALSE,FALSE
"<1",38.3,-0.12178232763978,0.032831248111745,0.114658938191614,0.0558149281285275,0.169835640198832,FALSE,FALSE
"<1",38.4,-0.121967957019918,0.0328467628815159,0.114823268251412,0.0559614735689745,0.170014968148274,FALSE,FALSE
"<1",38.5,-0.122151428880723,0.0328621596046221,0.114985658376063,0.0561061781870177,0.170192275042521,FALSE,FALSE
"<1",38.6,-0.122332748666584,0.0328774406265068,0.1151461144396,0.0562490436218833,0.170367570491087,FALSE,FALSE
"<1",38.7,-0.122511921821886,0.0328926083891999,0.115304642299866,0.0563900713229258,0.170540864238805,FALSE,FALSE
"<1",38.8,-0.122688953791019,0.0329076654277871,0.115461247798623,0.0565292625563123,0.170712166160142,FALSE,FALSE
"<1",38.9,-0.122863850018368,0.0329226143669258,0.115615936761675,0.0566666184116092,0.170881486253602,FALSE,FALSE
"<1",39,-0.123036615948321,0.0329374579174088,0.115768714998979,0.0568021398082715,0.17104883463622,FALSE,FALSE
"<1",39.1,-0.123207257025266,0.0329521988727725,0.115919588304762,0.056935827502037,0.171214221538131,FALSE,FALSE
"<1",39.2,-0.123375778693589,0.0329668401059515,0.116068562457633,0.0570676820912261,0.171377657297236,FALSE,FALSE
"<1",39.3,-0.123542186397677,0.0329813845659779,0.1162156432207,0.0571977040229504,0.171539152353937,FALSE,FALSE
"<1",39.4,-0.123706485581918,0.0329958352747244,0.116360836341682,0.0573258935992287,0.171698717245966,FALSE,FALSE
"<1",39.5,-0.123868681690699,0.0330101953236911,0.116504147553019,0.0574522509830147,0.17185636260328,FALSE,FALSE
"<1",39.6,-0.124028780168407,0.0330244678708353,0.11664558257199,0.0575767762041356,0.172012099143047,FALSE,FALSE
"<1",39.7,-0.124186786459429,0.0330386561374445,0.116785147100818,0.0576994691651447,0.172165937664705,FALSE,FALSE
"<1",39.8,-0.124342706008153,0.0330527634050502,0.11692284682679,0.0578203296470872,0.172317889045089,FALSE,FALSE
"<1",39.9,-0.124496544258966,0.0330667930123841,0.117058687422359,0.0579393573151825,0.172467964233645,FALSE,FALSE
"<1",40,-0.124648306656254,0.0330807483523752,0.11719267454526,0.0580565517244228,0.17261617424771,FALSE,FALSE
"<1",40.1,-0.124797998644405,0.0330946328691866,0.117324813838619,0.0581719123250898,0.172762530167867,FALSE,FALSE
"<1",40.2,-0.124945625667807,0.0331084500552938,0.11745511093106,0.0582854384681902,0.172907043133368,FALSE,FALSE
"<1",40.3,-0.125091193170846,0.033122203448601,0.117583571436817,0.0583971294108124,0.173049724337635,FALSE,FALSE
"<1",40.4,-0.12523470659791,0.0331358966295981,0.117710200955842,0.0585069843214023,0.17319058502382,FALSE,FALSE
"<1",40.5,-0.125376171393386,0.0331495332185558,0.117835005073912,0.0586150022849635,0.173329636480444,FALSE,FALSE
"<1",40.6,-0.125515593001661,0.0331631168727586,0.117957989362735,0.0587211823081795,0.173466890037092,FALSE,FALSE
"<1",40.7,-0.125652976867122,0.0331766512837775,0.118079159380062,0.05882552332446,0.173602357060187,FALSE,FALSE
"<1",40.8,-0.125788328434156,0.0331901401747785,0.118198520669789,0.0589280241989126,0.173736048948818,FALSE,FALSE
"<1",40.9,-0.125921653147151,0.0332035872978702,0.118316078762066,0.05902868373324,0.173867977130643,FALSE,FALSE
"<1",41,-0.126052956450494,0.0332169964314874,0.1184318391734,0.059127500670564,0.173998153057846,FALSE,FALSE
"<1",41.1,-0.126182243788571,0.033230371377812,0.118545807406764,0.0592244737001768,0.174126588203169,FALSE,FALSE
"<1",41.2,-0.126309520605771,0.0332437159602306,0.118657988951698,0.0593196014622206,0.174253294055995,FALSE,FALSE
"<1",41.3,-0.12643479234648,0.0332570340208277,0.118768389284417,0.059412882552296,0.174378282118501,FALSE,FALSE
"<1",41.4,-0.126558064455086,0.0332703294179162,0.118877013867912,0.059504315526,0.174501563901869,FALSE,FALSE
"<1",41.5,-0.126679342375976,0.0332836060236022,0.118983868152054,0.0595938989033937,0.17462315092256,FALSE,FALSE
"<1",41.6,-0.126798631553536,0.033296867721387,0.1190889575737,0.0596816311734018,0.174743054698646,FALSE,FALSE
"<1",41.7,-0.126915937432155,0.0333101184038035,0.119192287556791,0.059767510798142,0.1748612867462,FALSE,FALSE
"<1",41.8,-0.127031265456219,0.0333233619700885,0.119293863512458,0.0598515362171876,0.174977858575751,FALSE,FALSE
"<1",41.9,-0.127144621070116,0.0333366023238897,0.119393690839121,0.0599337058517617,0.175092781688795,FALSE,FALSE
"<1",42,-0.127256009718232,0.0333498433710083,0.119491774922593,0.060014018108864,0.17520606757436,FALSE,FALSE
"<1",42.1,-0.127365436844955,0.0333630890171757,0.119588121136178,0.0600924713853314,0.175317727705636,FALSE,FALSE
"<1",42.2,-0.127472907894672,0.0333763431658661,0.119682734840775,0.0601690640718321,0.175427773536657,FALSE,FALSE
"<1",42.3,-0.127578428311771,0.033389609716143,0.119775621384974,0.0602437945567934,0.175536216499043,FALSE,FALSE
"<1",42.4,-0.127682003540638,0.0334028925605403,0.119866786105159,0.0603166612302642,0.175643067998801,FALSE,FALSE
"<1",42.5,-0.127783639025661,0.0334161955829786,0.119956234325604,0.0603876624877117,0.175748339413175,FALSE,FALSE
"<1",42.6,-0.127883340211226,0.0334295226567156,0.120043971358575,0.0604567967337533,0.175852042087562,FALSE,FALSE
"<1",42.7,-0.127981112541722,0.033442877642331,0.120130002504428,0.0605240623858238,0.175954187332476,FALSE,FALSE
"<1",42.8,-0.128076961461535,0.0334562643857462,0.120214333051703,0.0605894578777778,0.176054786420573,FALSE,FALSE
"<1",42.9,-0.128170892415052,0.0334696867162782,0.120296968277227,0.0606529816634279,0.176153850583731,FALSE,FALSE
"<1",43,-0.128262910846661,0.0334831484447278,0.120377913446207,0.0607146322200182,0.176251391010183,FALSE,FALSE
"<1",43.1,-0.128353022200749,0.0334966533615028,0.120457173812329,0.0607744080516341,0.176347418841708,FALSE,FALSE
"<1",43.2,-0.128441231921702,0.0335102052347756,0.120534754617853,0.0608323076925488,0.176441945170877,FALSE,FALSE
"<1",43.3,-0.128527545453909,0.0335238078086749,0.12061066109371,0.0608883297105041,0.176534981038354,FALSE,FALSE
"<1",43.4,-0.128611968241757,0.0335374648015124,0.120684898459597,0.0609424727099301,0.176626537430252,FALSE,FALSE
"<1",43.5,-0.128694505729632,0.0335511799040443,0.120757471924071,0.0609947353350985,0.176716625275545,FALSE,FALSE
"<1",43.6,-0.128775163361921,0.0335649567777668,0.120828386684647,0.0610451162732143,0.176805255443532,FALSE,FALSE
"<1",43.7,-0.128853946583013,0.0335787990532475,0.120897647927889,0.0610936142574432,0.176892438741362,FALSE,FALSE
"<1",43.8,-0.128930860837294,0.0335927103284904,0.120965260829504,0.0611402280698752,0.176978185911612,FALSE,FALSE
"<1",43.9,-0.129005911569151,0.0336066941673371,0.121031230554438,0.0611849565444247,0.177062507629912,FALSE,FALSE
"<1",44,-0.129079104222972,0.0336207540979019,0.121095562256966,0.0612277985696673,0.177145414502642,FALSE,FALSE
"<1",44.1,-0.129150444243143,0.0336348936110427,0.121158261080789,0.0612687530916131,0.177226917064668,FALSE,FALSE
"<1",44.2,-0.129219937074053,0.0336491161588671,0.121219332159123,0.0613078191164153,0.177307025777141,FALSE,FALSE
"<1",44.3,-0.129287588160087,0.0336634251532737,0.121278780614789,0.0613449957130162,0.177385751025352,FALSE,FALSE
"<1",44.4,-0.129353402945634,0.0336778239645289,0.121336611560312,0.0613802820157293,0.177463103116643,FALSE,FALSE
"<1",44.5,-0.129417386875081,0.0336923159198792,0.121392830098004,0.0614136772267564,0.177539092278364,FALSE,FALSE
"<1",44.6,-0.129479545392814,0.0337069043021993,0.121447441320061,0.061445180618642,0.177613728655903,FALSE,FALSE
"<1",44.7,-0.129539883943221,0.033721592348676,0.121500450308649,0.061474791536663,0.177687022310755,FALSE,FALSE
"<1",44.8,-0.129598407970689,0.0337363832495277,0.121551862135998,0.0615025094011543,0.177758983218658,FALSE,FALSE
"<1",44.9,-0.129655122919605,0.0337512801467611,0.121601681864487,0.0615283337097705,0.177829621267778,FALSE,FALSE
"<1",45,-0.129710034234357,0.0337662861329621,0.12164991454674,0.061552264039682,0.177898946256958,FALSE,FALSE
"<1",45.1,-0.129763147359331,0.0337814042501251,0.121696565225707,0.0615743000497081,0.177966967894014,FALSE,FALSE
"<1",45.2,-0.129814467738915,0.0337966374885174,0.12174163893476,0.0615944414823848,0.178033695794096,FALSE,FALSE
"<1",45.3,-0.129864000817497,0.0338119887855806,0.121785140697777,0.0616126881659669,0.1780991394781,FALSE,FALSE
"<1",45.4,-0.129911752039462,0.0338274610248686,0.121827075529229,0.061629040016367,0.17816330837114,FALSE,FALSE
"<1",45.5,-0.129957726849199,0.0338430570350229,0.121867448434272,0.0616434970390278,0.178226211801073,FALSE,FALSE
"<1",45.6,-0.130001930691095,0.0338587795887835,0.121906264408831,0.0616560593307302,0.178287858997089,FALSE,FALSE
"<1",45.7,-0.130044369009536,0.0338746314020389,0.121943528439686,0.0616667270813351,0.17834825908835,FALSE,FALSE
"<1",45.8,-0.130085047248911,0.0338906151329112,0.121979245504562,0.0616755005754617,0.178407421102686,FALSE,FALSE
"<1",45.9,-0.130123970853605,0.0339067333808798,0.122013420572211,0.0616823801940971,0.178465353965359,FALSE,FALSE
"<1",46,-0.130161145268007,0.0339229886859421,0.1220460586025,0.0616873664161437,0.178522066497874,FALSE,FALSE
"<1",46.1,-0.130196575936504,0.0339393835278116,0.122077164546498,0.0616904598198975,0.17857756741685,FALSE,FALSE
"<1",46.2,-0.130230268303482,0.0339559203251538,0.122106743346556,0.0616916610844636,0.178631865332952,FALSE,FALSE
"<1",46.3,-0.130262227813329,0.0339726014348596,0.122134799936397,0.0616909709911021,0.178684968749883,FALSE,FALSE
"<1",46.4,-0.130292459910432,0.0339894291513563,0.122161339241197,0.0616883904245116,0.178736886063422,FALSE,FALSE
"<1",46.5,-0.130320970039179,0.0340064057059572,0.122186366177672,0.0616839203740434,0.178787625560537,FALSE,FALSE
"<1",46.6,-0.130347763643956,0.0340235332662483,0.122209885654158,0.0616775619348506,0.178837195418545,FALSE,FALSE
"<1",46.7,-0.130372846169151,0.0340408139355133,0.122231902570696,0.0616693163089712,0.178885603704332,FALSE,FALSE
"<1",46.8,-0.130396223059151,0.0340582497521969,0.122252421819116,0.0616591848063437,0.178932858373636,FALSE,FALSE
"<1",46.9,-0.130417899758343,0.0340758426894061,0.122271448283118,0.061647168845756,0.178978967270385,FALSE,FALSE
"<1",47,-0.130437881711115,0.0340935946544492,0.122288986838357,0.0616332699557295,0.179023938126095,FALSE,FALSE
"<1",47.1,-0.130456174361852,0.034111507488414,0.12230504235252,0.0616174897753333,0.179067778559325,FALSE,FALSE
"<1",47.2,-0.130472783154944,0.0341295829657832,0.122319619685412,0.0615998300549352,0.179110496075193,FALSE,FALSE
"<1",47.3,-0.130487713534776,0.0341478227940886,0.122332723689038,0.0615802926568827,0.179152098064948,FALSE,FALSE
"<1",47.4,-0.130500970945736,0.0341662286136039,0.122344359207678,0.0615588795561198,0.179192591805609,FALSE,FALSE
"<1",47.5,-0.130512560832212,0.0341848019970748,0.122354531077974,0.0615355928407354,0.179231984459647,FALSE,FALSE
"<1",47.6,-0.13052248863859,0.0342035444494887,0.122363244129007,0.0615104347124451,0.179270283074744,FALSE,FALSE
"<1",47.7,-0.130530759809258,0.0342224574078812,0.122370503182379,0.061483407487007,0.179307494583599,FALSE,FALSE
"<1",47.8,-0.130537379788602,0.0342415422411825,0.122376313052289,0.0614545135945699,0.179343625803795,FALSE,FALSE
"<1",47.9,-0.130542354021011,0.0342608002501002,0.122380678545618,0.0614237555799555,0.179378683437727,FALSE,FALSE
"<1",48,-0.130545687950871,0.0342802326670422,0.122383604462002,0.0613911361028732,0.179412674072589,FALSE,FALSE
"<1",48.1,-0.130547387022569,0.034299840656076,0.122385095593914,0.061356657938069,0.179445604180416,FALSE,FALSE
"<1",48.2,-0.130547456680493,0.0343196253129274,0.122385156726744,0.0613203239754078,0.179477480118188,FALSE,FALSE
"<1",48.3,-0.130545902369029,0.0343395876650161,0.122383792638873,0.0612821372198885,0.179508308127992,FALSE,FALSE
"<1",48.4,-0.130542729532566,0.0343597286715303,0.122381008101752,0.0612421007915946,0.17953809433724,FALSE,FALSE
"<1",48.5,-0.13053794361549,0.0343800492235386,0.122376807879981,0.0612002179255764,0.179566844758947,FALSE,FALSE
"<1",48.6,-0.130531550062188,0.0344005501441392,0.122371196731386,0.0611564919716693,0.17959456529207,FALSE,FALSE
"<1",48.7,-0.130523554317047,0.0344212321886476,0.122364179407093,0.0611109263942444,0.179621261721898,FALSE,FALSE
"<1",48.8,-0.130513961824456,0.0344420960448211,0.122355760651607,0.0610635247718953,0.179646939720503,FALSE,FALSE
"<1",48.9,-0.1305027780288,0.0344631423331213,0.122345945202889,0.0610142907970576,0.179671604847256,FALSE,FALSE
"<1",49,-0.130490008374468,0.0344843716070134,0.122334737792428,0.0609632282755646,0.179695262549386,FALSE,FALSE
"<1",49.1,-0.130475658305845,0.0345057843533024,0.122322143145322,0.0609103411261365,0.179717918162605,FALSE,FALSE
"<1",49.2,-0.130459733267321,0.0345273809925069,0.122308165980346,0.0608556333798062,0.179739576911795,FALSE,FALSE
"<1",49.3,-0.130442238703281,0.0345491618792694,0.122292811010034,0.0607991091792794,0.179760243911737,FALSE,FALSE
"<1",49.4,-0.130423180058113,0.0345711273028025,0.122276082940751,0.0607407727782308,0.179779924167908,FALSE,FALSE
"<1",49.5,-0.130402562776204,0.0345932774873729,0.122257986472765,0.0606806285405358,0.179798622577335,FALSE,FALSE
"<1",49.6,-0.130380392301941,0.0346156125928201,0.122238526300325,0.060618680939439,0.179816343929495,FALSE,FALSE
"<1",49.7,-0.130356674079712,0.0346381327151122,0.122217707111732,0.0605549345566587,0.179833092907277,FALSE,FALSE
"<1",49.8,-0.130331413553903,0.0346608378869372,0.122195533589412,0.0604893940814282,0.179848874088005,FALSE,FALSE
"<1",49.9,-0.130304616168902,0.0346837280783291,0.122172010409991,0.0604220643094743,0.1798636919445,FALSE,FALSE
"<1",50,-0.130276287369097,0.0347068031973312,0.12214714224437,0.0603529501419331,0.179877550846214,FALSE,FALSE
"<1",50.1,-0.130246432598873,0.0347300630906919,0.122120933757789,0.0602820565842037,0.17989045506041,FALSE,FALSE
"<1",50.2,-0.130215057302619,0.034753507544598,0.12209338960991,0.06020938874474,0.17990240875339,FALSE,FALSE
"<1",50.3,-0.130182166924722,0.0347771362854406,0.122064514454881,0.0601349518337804,0.179913415991793,FALSE,FALSE
"<1",50.4,-0.130147766909568,0.0348009489806165,0.122034312941411,0.0600587511620173,0.179923480743926,FALSE,FALSE
"<1",50.5,-0.130111862701545,0.034824945239363,0.122002789712841,0.059980792139205,0.179932606881166,FALSE,FALSE
"<1",50.6,-0.130074459745041,0.0348491246136273,0.121969949407215,0.0599010802727076,0.179940798179404,FALSE,FALSE
"<1",50.7,-0.130035563484442,0.0348734865989682,0.121935796657351,0.0598196211659865,0.179948058320542,FALSE,FALSE
"<1",50.8,-0.129995179364136,0.0348980306354923,0.121900336090909,0.059736420517029,0.179954390894045,FALSE,FALSE
"<1",50.9,-0.129953312828509,0.0349227561088227,0.121863572330466,0.059651484116717,0.179959799398542,FALSE,FALSE
"<1",51,-0.129909969321949,0.0349476623510995,0.121825509993581,0.0595648178471371,0.179964287243477,FALSE,FALSE
"<1",51.1,-0.129865154288844,0.0349727486420143,0.121786153692869,0.0594764276798331,0.179967857750813,FALSE,FALSE
"<1",51.2,-0.12981887317358,0.0349980142098752,0.121745508036066,0.0593863196739992,0.179970514156781,FALSE,FALSE
"<1",51.3,-0.129771131420544,0.0350234582327043,0.1217035776261,0.0592944999746171,0.179972259613686,FALSE,FALSE
"<1",51.4,-0.129721934474124,0.0350490798393666,0.121660367061163,0.0592009748105352,0.179973097191756,FALSE,FALSE
"<1",51.5,-0.129671287778707,0.0350748781107299,0.121615880934772,0.0591057504924921,0.179973029881038,FALSE,FALSE
"<1",51.6,-0.12961919677868,0.0351008520808549,0.121570123835846,0.0590088334110827,0.179972060593349,FALSE,FALSE
"<1",51.7,-0.129565666918431,0.0351270007382169,0.121523100348767,0.0589102300346701,0.179970192164268,FALSE,FALSE
"<1",51.8,-0.129510703642345,0.0351533230269564,0.12147481505345,0.0588099469072416,0.17996742735518,FALSE,FALSE
"<1",51.9,-0.129454312394812,0.0351798178481606,0.121425272525412,0.0587079906462098,0.179963768855361,FALSE,FALSE
"<1",52,-0.129396498620217,0.035206484061173,0.121374477335837,0.0586043679401599,0.179959219284117,FALSE,FALSE
"<1",52.1,-0.129337267762949,0.0352333204849337,0.121322434051643,0.0584990855465434,0.179953781192958,FALSE,FALSE
"<1",52.2,-0.129276625267394,0.0352603258993471,0.121269147235549,0.0583921502893173,0.179947457067828,FALSE,FALSE
"<1",52.3,-0.129214576577939,0.0352874990466789,0.121214621446142,0.0582835690565325,0.179940249331375,FALSE,FALSE
"<1",52.4,-0.129151127138972,0.0353148386329805,0.121158861237942,0.058173348797868,0.17993216034526,FALSE,FALSE
"<1",52.5,-0.12908628239488,0.035342343329542,0.121101871161468,0.0580614965221137,0.17992319241252,FALSE,FALSE
"<1",52.6,-0.12902004779005,0.0353700117743718,0.121043655763302,0.057948019294603,0.179913347779967,FALSE,FALSE
"<1",52.7,-0.128952428768869,0.0353978425737037,0.120984219586159,0.0578329242345929,0.179902628640631,FALSE,FALSE
"<1",52.8,-0.128883430775724,0.0354258343035307,0.120923567168944,0.0577162185125938,0.179891037136246,FALSE,FALSE
"<1",52.9,-0.128813059255003,0.0354539855111655,0.120861703046826,0.0575979093476506,0.179878575359778,FALSE,FALSE
"<1",53,-0.128741319651093,0.035482294716826,0.120798631751292,0.0574780040045731,0.179865245357997,FALSE,FALSE
"<1",53.1,-0.128668217408381,0.0355107604152479,0.120734357810221,0.0573565097911172,0.179851049134081,FALSE,FALSE
"<1",53.2,-0.128593757971254,0.035539381077322,0.120668885747943,0.057233434055118,0.179835988650269,FALSE,FALSE
"<1",53.3,-0.128517946784099,0.0355681551517563,0.1206022200853,0.0571087841815755,0.179820065830555,FALSE,FALSE
"<1",53.4,-0.128440789291304,0.0355970810667636,0.120534365339715,0.0569825675896901,0.179803282563409,FALSE,FALSE
"<1",53.5,-0.128362290937256,0.035626157231773,0.120465326025251,0.0568547917298539,0.179785640704553,FALSE,FALSE
"<1",53.6,-0.128282457166341,0.0356553820391653,0.120395106652676,0.0567254640805921,0.179767142079767,FALSE,FALSE
"<1",53.7,-0.128201293422948,0.035684753866033,0.120323711729525,0.0565945921454611,0.17974778848773,FALSE,FALSE
"<1",53.8,-0.128118805151463,0.035714271075963,0.120251145760159,0.0564621834498977,0.179727581702906,FALSE,FALSE
"<1",53.9,-0.128034997796274,0.0357439320208426,0.120177413245834,0.0563282455380245,0.179706523478464,FALSE,FALSE
"<1",54,-0.127949876801767,0.0357737350426886,0.120102518684756,0.0561927859694096,0.179684615549234,FALSE,FALSE
"<1",54.1,-0.12786344761233,0.0358036784754988,0.120026466572144,0.0560558123157814,0.1796618596347,FALSE,FALSE
"<1",54.2,-0.127775715672351,0.0358337606471258,0.119949261400296,0.055917332157699,0.179638257442032,FALSE,FALSE
"<1",54.3,-0.127686686426215,0.0358639798811722,0.119870907658642,0.0557773530811794,0.179613810669147,FALSE,FALSE
"<1",54.4,-0.127596365318311,0.0358943344989087,0.119791409833811,0.0556358826742794,0.179588521007809,FALSE,FALSE
"<1",54.5,-0.127504757793026,0.035924822821212,0.11971077240969,0.0554929285236362,0.179562390146768,FALSE,FALSE
"<1",54.6,-0.127411869294747,0.0359554431705252,0.119628999867482,0.0553484982109634,0.179535419774924,FALSE,FALSE
"<1",54.7,-0.127317705267861,0.0359861938728381,0.119546096685769,0.055202599309506,0.179507611584536,FALSE,FALSE
"<1",54.8,-0.127222271156754,0.036017073259688,0.119462067340567,0.0550552393804518,0.179478967274451,FALSE,FALSE
"<1",54.9,-0.127125572405816,0.0360480796701817,0.119376916305391,0.0549064259693018,0.179449488553382,FALSE,FALSE
"<1",55,-0.127027614459432,0.0360792114530366,0.119290648051313,0.0547561666021994,0.179419177143207,FALSE,FALSE
"<1",55.1,-0.12692840276199,0.0361104669686414,0.119203267047016,0.0546044687822171,0.179388034782306,FALSE,FALSE
"<1",55.2,-0.126827942757877,0.0361418445911375,0.119114777758858,0.0544513399856037,0.179356063228927,FALSE,FALSE
"<1",55.3,-0.12672623989148,0.0361733427105181,0.119025184650928,0.0542967876579897,0.179323264264591,FALSE,FALSE
"<1",55.4,-0.126623299607186,0.0362049597347478,0.118934492185107,0.054140819210554,0.179289639697519,FALSE,FALSE
"<1",55.5,-0.126519127349383,0.0362366940918993,0.11884270482112,0.0539834420161488,0.179255191366097,FALSE,FALSE
"<1",55.6,-0.126413728562458,0.0362685442323105,0.1187498270166,0.0538246634053855,0.17921992114237,FALSE,FALSE
"<1",55.7,-0.126307108690798,0.0363005086307584,0.118655863227141,0.0536644906626823,0.179183830935568,FALSE,FALSE
"<1",55.8,-0.12619927317879,0.0363325857886516,0.118560817906359,0.0535029310222702,0.17914692269566,FALSE,FALSE
"<1",55.9,-0.126090227470821,0.0363647742362409,0.118464695505944,0.0533399916641625,0.179109198416944,FALSE,FALSE
"<1",56,-0.125979977011279,0.0363970725348474,0.118367500475721,0.0531756797100837,0.179070660141654,FALSE,FALSE
"<1",56.1,-0.12586852724455,0.0364294792791078,0.118269237263704,0.0530100022193618,0.179031309963615,FALSE,FALSE
"<1",56.2,-0.125755883615023,0.0364619930992371,0.118169910316155,0.05284296618478,0.178991150031912,FALSE,FALSE
"<1",56.3,-0.125642051567083,0.0364946126633082,0.118069524077634,0.0526745785283929,0.178950182554599,FALSE,FALSE
"<1",56.4,-0.125527036545119,0.036527336679549,0.117968082991063,0.0525048460973032,0.178908409802425,FALSE,FALSE
"<1",56.5,-0.125410843993518,0.0365601638986549,0.117865591497773,0.0523337756594019,0.178865834112604,FALSE,FALSE
"<1",56.6,-0.125293479356666,0.0365930931161189,0.117762054037565,0.05216137389907,0.1788224578926,FALSE,FALSE
"<1",56.7,-0.125174948078951,0.0366261231745772,0.117657475048763,0.0519876474128446,0.178778283623947,FALSE,FALSE
"<1",56.8,-0.12505525560476,0.0366592529661713,0.117551858968269,0.0518126027050465,0.178733313866096,FALSE,FALSE
"<1",56.9,-0.124934407378481,0.0366924814349256,0.117445210231616,0.0516362461833721,0.178687551260292,FALSE,FALSE
"<1",57,-0.124812408844499,0.0367258075791413,0.117337533273024,0.0514585841544489,0.178640998533471,FALSE,FALSE
"<1",57.1,-0.124689265447204,0.0367592304538051,0.117228832525454,0.0512796228193532,0.178593658502195,FALSE,FALSE
"<1",57.2,-0.124564982630981,0.0367927491730135,0.11711911242066,0.0510993682690934,0.178545534076605,FALSE,FALSE
"<1",57.3,-0.124439565840219,0.0368263629124126,0.117008377389243,0.0509178264800567,0.178496628264407,FALSE,FALSE
"<1",57.4,-0.124313020519303,0.0368600709116525,0.116896631860706,0.0507350033094194,0.178446944174884,FALSE,FALSE
"<1",57.5,-0.124185352112622,0.0368938724768564,0.116783880263506,0.0505509044905221,0.178396485022928,FALSE,FALSE
"<1",57.6,-0.124056566036323,0.0369277670106903,0.11667012700016,0.0503655355500481,0.17834525415433,FALSE,FALSE
"<1",57.7,-0.123926666674182,0.0369617549978457,0.116555375560189,0.0501788990195335,0.178293255807917,FALSE,FALSE
"<1",57.8,-0.123795657105575,0.0369958382828977,0.116439628279218,0.0499909936566763,0.178240495339854,FALSE,FALSE
"<1",57.9,-0.123663540326297,0.0370300188823572,0.116322887417064,0.049801817814061,0.178186978313849,FALSE,FALSE
"<1",58,-0.123530319332142,0.0370642989017896,0.116205155231589,0.0496113696725694,0.17813271043645,FALSE,FALSE
"<1",58.1,-0.123395997118905,0.0370986805344158,0.11608643397872,0.0494196472438025,0.178077697554893,FALSE,FALSE
"<1",58.2,-0.123260576682381,0.0371331660597185,0.115966725912484,0.0492266483724925,0.178021945654958,FALSE,FALSE
"<1",58.3,-0.123124061018366,0.0371677578420545,0.115846033285031,0.0490323707389035,0.177965460858831,FALSE,FALSE
"<1",58.4,-0.122986453122653,0.0372024583292716,0.115724358346661,0.048836811861224,0.177908249422981,FALSE,FALSE
"<1",58.5,-0.122847755991038,0.0372372700513306,0.115601703345854,0.0486399690979484,0.177850317736039,FALSE,FALSE
"<1",58.6,-0.122707972619315,0.0372721956189328,0.115478070529298,0.0484418396502503,0.17779167231669,FALSE,FALSE
"<1",58.7,-0.12256710600328,0.0373072377221515,0.115353462141909,0.0482424205643456,0.177732319811574,FALSE,FALSE
"<1",58.8,-0.122425159138726,0.037342399129069,0.115227880426868,0.0480417087338485,0.177672266993187,FALSE,FALSE
"<1",58.9,-0.12228213502145,0.0373776826844176,0.115101327625639,0.0478397009021182,0.177611520757799,FALSE,FALSE
"<1",59,-0.122138036647245,0.0374130913082251,0.114973805978004,0.0476363936645973,0.177550088123372,FALSE,FALSE
"<1",59.1,-0.121992867011907,0.0374486279944643,0.114845317722082,0.0474317834711433,0.177487976227488,FALSE,FALSE
"<1",59.2,-0.121846629111231,0.0374842958097073,0.114715865094362,0.0472258666283524,0.177425192325288,FALSE,FALSE
"<1",59.3,-0.12169932594101,0.0375200978917831,0.114585450329726,0.0470186393018754,0.177361743787402,FALSE,FALSE
"<1",59.4,-0.121550960497041,0.0375560374484393,0.114454075661478,0.0468100975187286,0.177297638097907,FALSE,FALSE
"<1",59.5,-0.121401535775117,0.0375921177560075,0.114321743321368,0.0466002371695952,0.17723288285227,FALSE,FALSE
"<1",59.6,-0.121251054771034,0.0376283421580721,0.11418845553962,0.0463890540111239,0.177167485755311,FALSE,FALSE
"<1",59.7,-0.121099520480587,0.0376647140641429,0.11405421454496,0.0461765436682188,0.177101454619161,FALSE,FALSE
"<1",59.8,-0.12094693589957,0.0377012369483308,0.113919022564639,0.0459627016363249,0.177034797361233,FALSE,FALSE
"<1",59.9,-0.120793304023778,0.0377379143480264,0.113782881824462,0.0457475232837075,0.176967522002192,FALSE,FALSE
"<1",60,-0.120638627849006,0.0377747498625826,0.113645794548811,0.0455310038537272,0.176899636663932,FALSE,FALSE
"<1",60.1,-0.120482910371049,0.037811747151999,0.113507762960675,0.0453131384671093,0.176831149567556,FALSE,FALSE
"<1",60.2,-0.120326154585702,0.0378489099356098,0.113368789281674,0.0450939221242087,0.176762069031361,FALSE,FALSE
"<1",60.3,-0.120168363488759,0.0378862419907749,0.113228875732085,0.0448733497072705,0.176692403468822,FALSE,FALSE
"<1",60.4,-0.120009540076016,0.0379237471515723,0.113088024530868,0.0446514159826862,0.17662216138659,FALSE,FALSE
"<1",60.5,-0.119849687343266,0.0379614293074948,0.112946237895693,0.044428115603246,0.176551351382479,FALSE,FALSE
"<1",60.6,-0.119688808286306,0.0379992924021474,0.112803518042962,0.0442034431103875,0.176479982143469,FALSE,FALSE
"<1",60.7,-0.119526905900929,0.0380373404319485,0.112659867187841,0.0439773929364405,0.176408062443703,FALSE,FALSE
"<1",60.8,-0.119363983182931,0.0380755774448327,0.112515287544281,0.043749959406869,0.17633560114249,FALSE,FALSE
"<1",60.9,-0.119200043128107,0.0381140075389557,0.112369781325042,0.0435211367425091,0.176262607182309,FALSE,FALSE
"<1",61,-0.119035088732251,0.0381526348614019,0.112223350741724,0.043290919061805,0.17618908958682,FALSE,FALSE
"<1",61.1,-0.118869122991157,0.0381914636068933,0.11207599800479,0.0430593003830415,0.176115057458867,FALSE,FALSE
"<1",61.2,-0.118702148900622,0.0382304980165017,0.111927725323589,0.0428262746265738,0.176040519978495,FALSE,FALSE
"<1",61.3,-0.11853416945644,0.038269742376361,0.111778534906384,0.0425918356170555,0.17596548640096,FALSE,FALSE
"<1",61.4,-0.118365187654405,0.0383092010163835,0.111628428960377,0.0423559770856626,0.175889966054742,FALSE,FALSE
"<1",61.5,-0.118195206490312,0.0383488783089762,0.111477409691733,0.0421186926723178,0.175813968339564,FALSE,FALSE
"<1",61.6,-0.118024228959957,0.0383887786677602,0.111325479305606,0.0418799759279105,0.175737502724408,FALSE,FALSE
"<1",61.7,-0.117852258059134,0.0384289065462916,0.111172640006164,0.0416398203165149,0.175660578745533,FALSE,FALSE
"<1",61.8,-0.117679296783637,0.0384692664367839,0.111018893996614,0.0413982192176079,0.175583206004493,FALSE,FALSE
"<1",61.9,-0.117505348129263,0.0385098628688323,0.110864243479226,0.0411551659282828,0.175505394166164,FALSE,FALSE
"<1",62,-0.117330415091804,0.0385507004081401,0.110708690655357,0.0409106536654633,0.17542715295676,FALSE,FALSE
"<1",62.1,-0.117154500667058,0.0385917836552465,0.110552237725482,0.0406646755681143,0.175348492161857,FALSE,FALSE
"<1",62.2,-0.116977607850817,0.0386331172442563,0.110394886889208,0.0404172246994513,0.175269421624421,FALSE,FALSE
"<1",62.3,-0.116799739638877,0.0386747058415713,0.110236640345309,0.0401682940491489,0.175189951242826,FALSE,FALSE
"<1",62.4,-0.116620899027034,0.0387165541446236,0.110077500291744,0.0399178765355466,0.175110090968887,FALSE,FALSE
"<1",62.5,-0.11644108901108,0.0387586668806109,0.109917468925684,0.0396659650078536,0.175029850805882,FALSE,FALSE
"<1",62.6,-0.116260312586813,0.0388010488052333,0.109756548443537,0.0394125522483515,0.174949240806583,FALSE,FALSE
"<1",62.7,-0.116078572750025,0.0388437047014323,0.10959474104097,0.0391576309745959,0.174868271071282,FALSE,FALSE
"<1",62.8,-0.115895872496513,0.0388866393781314,0.109432048912936,0.0389011938416155,0.174786951745822,FALSE,FALSE
"<1",62.9,-0.115712214822071,0.0389298576689793,0.109268474253695,0.03864323344411,0.174705293019629,FALSE,FALSE
"<1",63,-0.115527602722493,0.0389733644310946,0.109104019256843,0.0383837423186462,0.174623305123743,FALSE,FALSE
"<1",63.1,-0.115342039193576,0.039017164543813,0.108938686115332,0.0381227129458517,0.17454099832885,FALSE,FALSE
"<1",63.2,-0.115155527231112,0.0390612629074364,0.108772477021494,0.0378601377526068,0.17445838294332,FALSE,FALSE
"<1",63.3,-0.114968069830898,0.0391056644419848,0.108605394167067,0.0375960091142349,0.17437546931124,FALSE,FALSE
"<1",63.4,-0.114779669988728,0.0391503740859499,0.108437439743221,0.0373303193566895,0.174292267810453,FALSE,FALSE
"<1",63.5,-0.114590330700397,0.0391953967950518,0.108268615940574,0.0370630607587402,0.174208788850596,FALSE,FALSE
"<1",63.6,-0.1144000549617,0.0392407375409983,0.108098924949225,0.036794225554155,0.174125042871144,FALSE,TRUE
"<1",63.7,-0.114208845768431,0.039286401310246,0.107928368958772,0.0365238059338809,0.174041040339451,FALSE,TRUE
"<1",63.8,-0.114016706116385,0.0393323931027657,0.107756950158337,0.0362517940482212,0.173956791748793,FALSE,TRUE
"<1",63.9,-0.113823639001358,0.0393787179308094,0.107584670736591,0.0359781820090096,0.173872307616421,FALSE,TRUE
"<1",64,-0.113629647419144,0.0394253808176812,0.107411532881775,0.0357029618917822,0.173787598481608,FALSE,TRUE
"<1",64.1,-0.113434734365538,0.039472386796511,0.107237538781725,0.035426125737945,0.173702674903699,FALSE,TRUE
"<1",64.2,-0.113238902836334,0.039519740909032,0.107062690623897,0.0351476655569379,0.173617547460174,FALSE,TRUE
"<1",64.3,-0.113042155827328,0.0395674482043613,0.106886990595387,0.0348675733283962,0.173532226744699,FALSE,TRUE
"<1",64.4,-0.112844496334315,0.0396155137377843,0.106710440882955,0.0345858410043058,0.173446723365196,FALSE,TRUE
"<1",64.5,-0.112645927353088,0.039663942569543,0.106533043673052,0.0343024605111565,0.173361047941903,FALSE,TRUE
"<1",64.6,-0.112446451879444,0.0397127397636285,0.106354801151839,0.0340174237520888,0.173275211105448,FALSE,TRUE
"<1",64.7,-0.112246072909176,0.0397619103865774,0.106175715505209,0.0337307226090371,0.17318922349492,FALSE,TRUE
"<1",64.8,-0.11204479343808,0.0398114595062723,0.105995788918817,0.0334423489448674,0.173103095755951,FALSE,TRUE
"<1",64.9,-0.111842616461951,0.039861392190748,0.105815023578094,0.0331522946055091,0.173016838538799,FALSE,TRUE
"<1",65,-0.111639544976582,0.039911713507001,0.105633421668277,0.0328605514220816,0.172930462496434,FALSE,TRUE
"<1",65.1,-0.11143558197777,0.0399624285198052,0.105450985374429,0.0325671112130153,0.172843978282636,FALSE,TRUE
"<1",65.2,-0.111230730461309,0.0400135422905318,0.105267716881461,0.0322719657861648,0.172757396550093,FALSE,TRUE
"<1",65.3,-0.111024993422994,0.040065059875975,0.105083618374156,0.031975106940917,0.172670727948509,FALSE,TRUE
"<1",65.4,-0.110818373858619,0.0401169863271838,0.104898692037191,0.0316765264702911,0.172583983122712,FALSE,TRUE
"<1",65.5,-0.11061087476398,0.0401693266882984,0.10471294005516,0.0313762161630313,0.172497172710779,FALSE,TRUE
"<1",65.6,-0.110402499134871,0.0402220859953936,0.104526364612599,0.0310741678056926,0.17241030734216,FALSE,TRUE
"<1",65.7,-0.110193249967087,0.0402752692753283,0.104338967894002,0.0307703731847171,0.172323397635813,FALSE,TRUE
"<1",65.8,-0.109983130256423,0.0403288815446009,0.104150752083849,0.0304648240885026,0.172236454198344,FALSE,TRUE
"<1",65.9,-0.109772142998674,0.0403829278082125,0.103961719366629,0.0301575123094625,0.172149487622162,FALSE,TRUE
"<1",66,-0.109560291189634,0.0404374130585356,0.103771871926856,0.029848429646076,0.172062508483633,FALSE,TRUE
"<1",66.1,-0.109347577825099,0.0404923422741914,0.103581211949099,0.0295375679049281,0.171975527341253,FALSE,TRUE
"<1",66.2,-0.109134005900863,0.0405477204189336,0.103389741617997,0.0292249189027406,0.171888554733823,FALSE,TRUE
"<1",66.3,-0.108919578412721,0.0406035524405404,0.103197463118289,0.0289104744683919,0.17180160117864,FALSE,TRUE
"<1",66.4,-0.108704298356468,0.0406598432697143,0.103004378634828,0.0285942264449257,0.17171467716969,FALSE,TRUE
"<1",66.5,-0.108488168727898,0.0407165978189896,0.102810490352607,0.028276166691549,0.171627793175865,FALSE,TRUE
"<1",66.6,-0.108271192522807,0.0407738209816492,0.102615800456783,0.0279562870856169,0.171540959639178,FALSE,TRUE
"<1",66.7,-0.10805337273699,0.0408315176306494,0.102420311132694,0.0276345795246077,0.171454186972995,FALSE,TRUE
"<1",66.8,-0.107834712366241,0.0408896926175543,0.102224024565885,0.027311035928082,0.171367485560282,FALSE,TRUE
"<1",66.9,-0.107615214406354,0.0409483507714784,0.102026942942126,0.026985648239632,0.171280865751863,FALSE,TRUE
"<1",67,-0.107394881853126,0.0410074968980395,0.101829068447438,0.0266584084288144,0.171194337864686,FALSE,TRUE
"<1",67.1,-0.10717371770235,0.0410671357783213,0.101630403268112,0.0263293084930714,0.171107912180108,FALSE,TRUE
"<1",67.2,-0.106951724949821,0.0411272721678457,0.101430949590729,0.0259983404596359,0.171021598942196,FALSE,TRUE
"<1",67.3,-0.106728906591335,0.0411879107955549,0.101230709602186,0.0256654963874225,0.170935408356032,FALSE,TRUE
"<1",67.4,-0.106505265622686,0.0412490563628052,0.101029685489714,0.0253307683689032,0.170849350586047,FALSE,TRUE
"<1",67.5,-0.106280805039669,0.0413107135423704,0.1008278794409,0.0249941485319665,0.170763435754357,FALSE,TRUE
"<1",67.6,-0.106055527838079,0.0413728869774566,0.100625293643708,0.024655629041761,0.170677673939126,FALSE,TRUE
"<1",67.7,-0.105829437013711,0.0414355812807287,0.100421930286503,0.0243152021025221,0.170592075172936,FALSE,TRUE
"<1",67.8,-0.105602535562359,0.0414988010333475,0.10021779155807,0.0239728599593817,0.170506649441178,FALSE,TRUE
"<1",67.9,-0.105374826479818,0.0415625507840196,0.100012879647633,0.0236285949001598,0.170421406680462,FALSE,TRUE
"<1",68,-0.105146312761883,0.0416268350480583,0.0998071967448803,0.0232823992571384,0.17033635677704,FALSE,TRUE
"<1",68.1,-0.104916997404349,0.0416916583064577,0.0996007450399838,0.0229342654088169,0.170251509565252,FALSE,TRUE
"<1",68.2,-0.104686883403011,0.0417570250049789,0.0993935267236196,0.022584185781649,0.170166874825984,FALSE,TRUE
"<1",68.3,-0.104455973753663,0.0418229395532483,0.099185543986989,0.0222321528517587,0.170082462285151,FALSE,TRUE
"<1",68.4,-0.104224271452101,0.0418894063238704,0.0989767990218398,0.0218781591466387,0.169998281612198,FALSE,TRUE
"<1",68.5,-0.103991779494119,0.0419564296515523,0.0987672940204869,0.0215221972468268,0.169914342418616,FALSE,TRUE
"<1",68.6,-0.103758500875512,0.0420240138322428,0.0985570311758331,0.0211642597875624,0.169830654256486,FALSE,TRUE
"<1",68.7,-0.103524438592075,0.0420921631222844,0.09834601268139,0.0208043394604219,0.169747226617036,FALSE,TRUE
"<1",68.8,-0.103289595639603,0.0421608817375793,0.098134240731298,0.0204424290149329,0.169664068929225,FALSE,TRUE
"<1",68.9,-0.10305397501389,0.0422301738527705,0.0979217175203474,0.0200785212601654,0.169581190558345,FALSE,TRUE
"<1",69,-0.102817579710732,0.0423000436004357,0.097708445243999,0.0197126090663022,0.169498600804643,FALSE,TRUE
"<1",69.1,-0.102580412725923,0.0423704950702969,0.0974944260984041,0.0193446853661857,0.169416308901975,FALSE,TRUE
"<1",69.2,-0.102342477055257,0.0424415323084443,0.0972796622804254,0.0189747431568419,0.169334324016465,FALSE,TRUE
"<1",69.3,-0.102103775694531,0.0425131593165754,0.0970641559876569,0.018602775500981,0.169252655245208,FALSE,TRUE
"<1",69.4,-0.101864311639538,0.0425853800512489,0.0968479094184446,0.0182287755284744,0.169171311614979,FALSE,TRUE
"<1",69.5,-0.101624087886074,0.0426581984231542,0.0966309247719064,0.0178527364378068,0.169090302080973,FALSE,TRUE
"<1",69.6,-0.101383107429933,0.0427316182963964,0.0964132042479523,0.0174746514975054,0.169009635525571,FALSE,TRUE
"<1",69.7,-0.10114137326691,0.0428056434877966,0.0961947500473047,0.017094514047542,0.168929320757128,FALSE,TRUE
"<1",69.8,-0.1008988883928,0.0428802777662087,0.0959755643715187,0.0167123175007126,0.168849366508782,FALSE,TRUE
"<1",69.9,-0.100655655803398,0.0429555248518521,0.095755649423001,0.0163280553439886,0.168769781437294,FALSE,TRUE
"<1",70,-0.100411678494499,0.0430313884156596,0.0955350074050313,0.0159417211398457,0.168690574121909,FALSE,TRUE
"<1",70.1,-0.100166959461897,0.0431078720786429,0.095313640521781,0.015553308527563,0.16861175306325,FALSE,TRUE
"<1",70.2,-0.0999215017013868,0.043184979411274,0.0950915509783338,0.0151628112244989,0.168533326682223,FALSE,TRUE
"<1",70.3,-0.0996753082087642,0.0432627139328831,0.094868740980705,0.0147702230273388,0.168455303318966,FALSE,TRUE
"<1",70.4,-0.0994283819798234,0.043341079111073,0.0946452127358615,0.0143755378133158,0.168377691231812,FALSE,TRUE
"<1",70.5,-0.0991807260103594,0.0434200783611511,0.094420968451741,0.0139787495414059,0.168300498596283,FALSE,TRUE
"<1",70.6,-0.098932343296167,0.0434997150455776,0.0941960103372723,0.0135798522534932,0.168223733504109,FALSE,TRUE
"<1",70.7,-0.0986832368330409,0.0435799924734308,0.0939703406023942,0.0131788400755105,0.168147403962279,FALSE,TRUE
"<1",70.8,-0.098433409616776,0.0436609138998899,0.0937439614580752,0.0127757072185503,0.168071517892114,FALSE,TRUE
"<1",70.9,-0.0981828646431672,0.0437424825257347,0.093516875116333,0.0123704479799478,0.167996083128369,FALSE,TRUE
"<1",71,-0.0979316049080093,0.0438247014968627,0.0932890837902539,0.0119630567443374,0.167921107418363,FALSE,TRUE
"<1",71.1,-0.0976796334070971,0.0439075739038233,0.0930605896940119,0.0115535279846787,0.167846598421139,FALSE,TRUE
"<1",71.2,-0.0974269531362254,0.0439911027813698,0.0928313950428876,0.011141856263256,0.167772563706648,FALSE,TRUE
"<1",71.3,-0.0971735670911891,0.0440752911080283,0.0926015020532888,0.0107280362326485,0.167699010754962,FALSE,TRUE
"<1",71.4,-0.0969194782677829,0.044160141805685,0.0923709129427677,0.0103120626366711,0.16762594695552,FALSE,TRUE
"<1",71.5,-0.0966646896618018,0.0442456577391897,0.0921396299300414,0.00989393031128794,0.167553379606396,FALSE,TRUE
"<1",71.6,-0.0964092042690405,0.044331841715978,0.0919076552350104,0.00947363418549574,0.167481315913598,FALSE,TRUE
"<1",71.7,-0.0961530250852938,0.0444186964857106,0.0916749910787775,0.00905116928217897,0.167409762990398,FALSE,TRUE
"<1",71.8,-0.0958961551063566,0.0445062247399299,0.0914416396836669,0.00862653071893593,0.167338727856684,FALSE,TRUE
"<1",71.9,-0.0956385973280237,0.0445944291117346,0.0912076032732428,0.00819971370887518,0.16726821743835,FALSE,TRUE
"<1",72,-0.0953803547460899,0.0446833121754717,0.0909728840723286,0.00777071356138392,0.167198238566706,FALSE,TRUE
"<1",72.1,-0.0951214303563502,0.0447728764464458,0.090737484307025,0.00733952568286622,0.167128797977922,FALSE,TRUE
"<1",72.2,-0.0948618271545992,0.0448631243806461,0.0905014062047291,0.00690614557745295,0.167059902312497,FALSE,TRUE
"<1",72.3,-0.0946015481366318,0.0449540583744909,0.0902646519941532,0.00647056884768249,0.166991558114762,FALSE,TRUE
"<1",72.4,-0.0943405962982428,0.0450456807645892,0.0900272239053429,0.0060327911951521,0.166923771832403,FALSE,TRUE
"<1",72.5,-0.0940789746352271,0.0451379938275199,0.0897891241696956,0.00559280842114063,0.166856549816023,FALSE,TRUE
"<1",72.6,-0.0938166861433795,0.0452309997796285,0.0895503550199797,0.00515061642720172,0.166789898318725,FALSE,TRUE
"<1",72.7,-0.0935537338184948,0.0453247007768401,0.0893109186903516,0.00470621121572912,0.166723823495724,FALSE,TRUE
"<1",72.8,-0.0932901206563679,0.0454190989144907,0.0890708174163755,0.00425958889049249,0.166658331403994,FALSE,TRUE
"<1",72.9,-0.0930258496527935,0.0455141962271746,0.0888300534350406,0.00381074565714468,0.166593428001932,FALSE,TRUE
"<1",73,-0.0927609238035666,0.0456099946886091,0.0885886289847801,0.00335967782370072,0.166529119149062,FALSE,TRUE
"<1",73.1,-0.0924953461044818,0.0457064962115164,0.0883465463054885,0.00290638180098757,0.16646541060576,FALSE,TRUE
"<1",73.2,-0.0922291195513341,0.0458037026475213,0.0881038076385406,0.00245085410306711,0.166402308033008,FALSE,TRUE
"<1",73.3,-0.0919622471399183,0.0459016157870663,0.0878604152268089,0.00199309134762959,0.166339816992174,FALSE,TRUE
"<1",73.4,-0.0916947318660291,0.0460002373593428,0.0876163713146816,0.00153309025635984,0.166277942944827,FALSE,TRUE
"<1",73.5,-0.0914265767254615,0.0460995690322385,0.0873716781480809,0.00107084765527565,0.16621669125257,FALSE,TRUE
"<1",73.6,-0.0911577847140103,0.0461996124123018,0.0871263379744807,0.000606360475038037,0.166156067176904,FALSE,TRUE
"<1",73.7,-0.0908883588274702,0.0463003690447205,0.0868803530429243,0.000139625751235384,0.166096075879122,FALSE,TRUE
"<1",73.8,-0.0906183020616361,0.0464018404133184,0.0866337256040421,-0.000329359375360605,0.166036722420225,FALSE,TRUE
"<1",73.9,-0.0903476174123028,0.0465040279405662,0.0863864579100697,-0.00080059765856566,0.165978011760868,FALSE,TRUE
"<1",74,-0.0900763078752652,0.0466069329876084,0.086138552214865,-0.00127409174657966,0.165919948761327,FALSE,TRUE
"<1",74.1,-0.0898043764463181,0.0467105568543057,0.085890010773926,-0.00174984418181068,0.1658625381815,FALSE,TRUE
"<1",74.2,-0.0895318261212563,0.0468149007792918,0.0856408358444086,-0.00222785740072484,0.165805784680929,FALSE,TRUE
"<1",74.3,-0.0892586598958746,0.0469199659400466,0.0853910296851437,-0.0027081337337207,0.165749692818842,FALSE,TRUE
"<1",74.4,-0.0889848807659679,0.0470257534529826,0.0851405945566545,-0.00319067540503148,0.165694267054235,FALSE,TRUE
"<1",74.5,-0.088710491727331,0.0471322643735466,0.0848895327211743,-0.00367548453265076,0.165639511745962,FALSE,TRUE
"<1",74.6,-0.0884354957757587,0.0472394996963363,0.0846378464426635,-0.00416256312828311,0.16558543115286,FALSE,TRUE
"<1",74.7,-0.0881598959070457,0.0473474603552299,0.0843855379868267,-0.00465191309732105,0.165532029433898,FALSE,TRUE
"<1",74.8,-0.0878836951169871,0.0474561472235302,0.0841326096211302,-0.00514353623884323,0.165479310648344,FALSE,TRUE
"<1",74.9,-0.0876068964013776,0.0475655611141228,0.0838790636148191,-0.00563743424563978,0.165427278755957,FALSE,TRUE
"<1",75,-0.087329502756012,0.047675702779647,0.0836249022389339,-0.00613360870425894,0.165375937617212,FALSE,TRUE
"<1",75.1,-0.0870515171766851,0.0477865729126803,0.0833701277663281,-0.00663206109507741,0.165325290993529,FALSE,TRUE
"<1",75.2,-0.0867729426591918,0.0478981721459362,0.0831147424716846,-0.00713279279239432,0.165275342547546,FALSE,TRUE
"<1",75.3,-0.0864937821993269,0.0480105010524742,0.082858748631533,-0.00763580506454664,0.165226095843393,FALSE,TRUE
"<1",75.4,-0.0862140387928852,0.0481235601459224,0.0826021485242663,-0.00814109907404648,0.165177554347006,FALSE,TRUE
"<1",75.5,-0.0859337154356615,0.0482373498807129,0.0823449444301576,-0.00864867587774176,0.165129721426452,FALSE,TRUE
"<1",75.6,-0.0856528151234508,0.0483518706523288,0.0820871386313767,-0.00915853642699616,0.165082600352273,FALSE,TRUE
"<1",75.7,-0.0853713408520477,0.0484671227975628,0.0818287334120071,-0.00967068156789108,0.165036194297861,FALSE,TRUE
"<1",75.8,-0.0850892956172471,0.0485831065947874,0.0815697310580623,-0.0101851120414473,0.164990506339841,FALSE,TRUE
"<1",75.9,-0.0848066824148439,0.048699822264237,0.0813101338575023,-0.0107018284838678,0.164945539458484,FALSE,TRUE
"<1",76,-0.0845235042406329,0.0488172699682997,0.0810499441002505,-0.0112208314267985,0.164901296538131,FALSE,TRUE
"<1",76.1,-0.0842397640904089,0.048935449811821,0.0807891640782094,-0.0117421212976105,0.164857780367642,FALSE,TRUE
"<1",76.2,-0.0839554649599666,0.0490543618424176,0.0805277960852776,-0.0122656984196989,0.164814993640859,FALSE,TRUE
"<1",76.3,-0.0836706098451011,0.0491740060508006,0.080265842417366,-0.0127915630128008,0.164772938957089,FALSE,TRUE
"<1",76.4,-0.083385201741607,0.04929438237111,0.0800033053724137,-0.0133197151933322,0.164731618821608,FALSE,TRUE
"<1",76.5,-0.0830992436452793,0.0494154906812576,0.0797401872504045,-0.0138501549747401,0.16469103564617,FALSE,TRUE
"<1",76.6,-0.0828127385519127,0.0495373308032798,0.0794764903533829,-0.014382882267874,0.16465119174955,FALSE,TRUE
"<1",76.7,-0.082525689457302,0.0496599025037,0.0792122169854701,-0.0149178968813728,0.164612089358089,FALSE,TRUE
"<1",76.8,-0.0822380993572421,0.0497832054938985,0.0789473694528803,-0.0154551985220674,0.164573730606261,FALSE,TRUE
"<1",76.9,-0.0819499712475278,0.0499072394304921,0.0786819500639362,-0.0159947867954005,0.164536117537258,FALSE,TRUE
"<1",77,-0.081661308123954,0.0500320039157216,0.0784159611290853,-0.0165366612058597,0.164499252103578,FALSE,TRUE
"<1",77.1,-0.0813721129823154,0.0501574984978473,0.0781494049609155,-0.0170808211574274,0.164463136167644,FALSE,TRUE
"<1",77.2,-0.0810823888184069,0.050283722671552,0.0778822838741711,-0.0176272659540433,0.164427771502424,FALSE,TRUE
"<1",77.3,-0.0807921386280234,0.0504106758783518,0.0776146001857679,-0.0181759948000821,0.164393159792072,FALSE,TRUE
"<1",77.4,-0.0805013654069595,0.0505383575070139,0.0773463562148099,-0.0187270068008443,0.164359302632574,FALSE,TRUE
"<1",77.5,-0.0802100721510103,0.0506667668939813,0.077077554282604,-0.0192803009630589,0.164326201532418,FALSE,TRUE
"<1",77.6,-0.0799182618559704,0.0507959033238044,0.0768081967126757,-0.0198358761954003,0.164293857913266,FALSE,TRUE
"<1",77.7,-0.0796259375176348,0.0509257660295782,0.0765382858307849,-0.020393731309017,0.164262273110645,FALSE,TRUE
"<1",77.8,-0.0793331021317982,0.0510563541933866,0.0762678239649411,-0.0209538650180707,0.164231448374641,FALSE,TRUE
"<1",77.9,-0.0790397586942554,0.0511876669467518,0.0759968134454189,-0.0215162759402878,0.164201384870614,FALSE,TRUE
"<1",78,-0.0787459102008014,0.0513197033710898,0.0757252566047728,-0.022080962597522,0.164172083679915,FALSE,TRUE
"<1",78.1,-0.0784515596472309,0.0514524624981705,0.0754531557778533,-0.0226479234163253,0.164143545800618,FALSE,TRUE
"<1",78.2,-0.0781567100293387,0.0515859433105835,0.0751805133018213,-0.0232171567285313,0.164115772148259,FALSE,TRUE
"<1",78.3,-0.0778613643429197,0.0517201447422086,0.0749073315161636,-0.0237886607718474,0.164088763556583,FALSE,TRUE
"<1",78.4,-0.0775655255837687,0.0518550656786901,0.0746336127627077,-0.0243624336904535,0.164062520778305,FALSE,TRUE
"<1",78.5,-0.0772691967476806,0.0519907049579166,0.0743593593856374,-0.0249384735356133,0.164037044485875,FALSE,TRUE
"<1",78.6,-0.0769723808304501,0.0521270613705037,0.0740845737315071,-0.0255167782662913,0.164012335272248,FALSE,TRUE
"<1",78.7,-0.076675080827872,0.052264133660281,0.0738092581492567,-0.0260973457497777,0.163988393651669,FALSE,TRUE
"<1",78.8,-0.0763772997357413,0.0524019205247825,0.0735334149902267,-0.0266801737623217,0.16396522006046,FALSE,TRUE
"<1",78.9,-0.0760790405498527,0.0525404206157404,0.0732570466081731,-0.0272652599897709,0.163942814857812,FALSE,TRUE
"<1",79,-0.0757803062660011,0.052679632539582,0.0729801553592818,-0.027852602028217,0.163921178326589,FALSE,TRUE
"<1",79.1,-0.0754810998799813,0.0528195548579288,0.0727027436021832,-0.0284421973846489,0.163900310674132,FALSE,TRUE
"<1",79.2,-0.075181424387588,0.052960186088099,0.0724248136979667,-0.0290340434776108,0.163880212033071,FALSE,TRUE
"<1",79.3,-0.0748812827846162,0.0531015247036117,0.072146368010196,-0.0296281376378651,0.163860882462144,FALSE,TRUE
"<1",79.4,-0.0745806780668606,0.0532435691346936,0.0718674089049223,-0.0302244771090605,0.163842321947015,FALSE,TRUE
"<1",79.5,-0.0742796132301162,0.0533863177687876,0.0715879387506998,-0.0308230590484064,0.163824530401101,FALSE,TRUE
"<1",79.6,-0.0739780912701777,0.0535297689510625,0.0713079599185995,-0.0314238805273483,0.163807507666403,FALSE,TRUE
"<1",79.7,-0.0736761151828398,0.0536739209849249,0.0710274747822233,-0.0320269385322509,0.163791253514334,FALSE,TRUE
"<1",79.8,-0.0733736879638976,0.0538187721325317,0.070746485717719,-0.0326322299650803,0.163775767646561,FALSE,TRUE
"<1",79.9,-0.0730708126091458,0.0539643206153043,0.0704649951037933,-0.0332397516440934,0.163761049695837,FALSE,TRUE
"<1",80,-0.0727674921143792,0.054110564614443,0.0701830053217273,-0.0338495003045278,0.163747099226848,FALSE,TRUE
"<1",80.1,-0.0724637294753926,0.0542575022714422,0.0699005187553889,-0.0344614725992947,0.163733915737053,FALSE,TRUE
"<1",80.2,-0.0721595276879809,0.0544051316886063,0.0696175377912482,-0.0350756650996735,0.163721498657526,FALSE,TRUE
"<1",80.3,-0.0718548897479389,0.0545534509295655,0.0693340648183909,-0.0356920742960083,0.163709847353809,FALSE,TRUE
"<1",80.4,-0.0715498186510613,0.0547024580197919,0.0690501022285314,-0.0363106965984072,0.163698961126751,FALSE,TRUE
"<1",80.5,-0.0712443173931432,0.0548521509471149,0.068765652416028,-0.0369315283374403,0.163688839213363,FALSE,TRUE
"<1",80.6,-0.0709383889699793,0.0550025276622374,0.0684807177778956,-0.0375545657648402,0.16367948078766,FALSE,TRUE
"<1",80.7,-0.0706320363773643,0.0551535860792502,0.0681953007138194,-0.0381798050542024,0.163670884961514,FALSE,TRUE
"<1",80.8,-0.0703252626110931,0.0553053240761468,0.0679094036261693,-0.0388072423016859,0.163663050785497,FALSE,TRUE
"<1",80.9,-0.0700180706669606,0.0554577394953364,0.0676230289200123,-0.0394368735267143,0.163655977249733,FALSE,TRUE
"<1",81,-0.0697104635407616,0.055610830144157,0.0673361790031267,-0.0400686946726749,0.163649663284745,FALSE,TRUE
"<1",81.1,-0.069402444228291,0.055764593795386,0.0670488562860158,-0.0407027016076196,0.163644107762295,FALSE,TRUE
"<1",81.2,-0.0690940157253434,0.0559190281877511,0.0667610631819202,-0.0413388901249623,0.163639309496233,FALSE,TRUE
"<1",81.3,-0.0687851810277138,0.056074131026438,0.0664728021068319,-0.0419772559441769,0.163635267243339,FALSE,TRUE
"<1",81.4,-0.0684759431311969,0.0562298999835978,0.0661840754795076,-0.0426177947114932,0.163631979704164,FALSE,TRUE
"<1",81.5,-0.0681663050315877,0.0563863326988522,0.0658948857214813,-0.0432605020005907,0.163629445523865,FALSE,TRUE
"<1",81.6,-0.0678562697246809,0.0565434267797965,0.0656052352570775,-0.0439053733132913,0.163627663293047,FALSE,TRUE
"<1",81.7,-0.0675458402062714,0.0567011798025013,0.065315126513425,-0.0445524040802487,0.163626631548591,FALSE,TRUE
"<1",81.8,-0.067235019472154,0.0568595893120108,0.0650245619204686,-0.0452015896616367,0.163626348774489,FALSE,TRUE
"<1",81.9,-0.0669238105181234,0.0570186528228405,0.0647335439109833,-0.0458529253478339,0.163626813402669,FALSE,TRUE
"<1",82,-0.0666122163399746,0.0571783678194709,0.0644420749205861,-0.0465064063601055,0.163628023813821,FALSE,TRUE
"<1",82.1,-0.0663002399335024,0.0573387317568399,0.0641501573877494,-0.0471620278512823,0.163629978338217,FALSE,TRUE
"<1",82.2,-0.0659878842945016,0.0574997420608315,0.0638577937538136,-0.0478197849064372,0.163632675256528,FALSE,TRUE
"<1",82.3,-0.065675152418767,0.0576613961287625,0.0635649864629997,-0.0484796725435563,0.163636112800639,FALSE,TRUE
"<1",82.4,-0.0653620473020934,0.0578236913298662,0.0632717379624217,-0.049141685714208,0.163640289154456,FALSE,TRUE
"<1",82.5,-0.0650485719402757,0.0579866250057729,0.0629780507020995,-0.0498058193042075,0.163645202454711,FALSE,TRUE
"<1",82.6,-0.0647347293291087,0.0581501944709875,0.0626839271349711,-0.0504720681342781,0.163650850791763,FALSE,TRUE
"<1",82.7,-0.0644205224643872,0.058314397013364,0.0623893697169051,-0.0511404269607068,0.163657232210397,FALSE,TRUE
"<1",82.8,-0.0641059543419061,0.0584792298945766,0.062094380906713,-0.0518108904759966,0.163664344710608,FALSE,TRUE
"<1",82.9,-0.0637910279574601,0.0586446903505877,0.0617989631661615,-0.0524834533095144,0.163672186248391,FALSE,TRUE
"<1",83,-0.0634757463068441,0.0588107755921121,0.0615031189599847,-0.0531581100281338,0.163680754736525,FALSE,TRUE
"<1",83.1,-0.063160112385853,0.0589774828050782,0.0612068507558964,-0.0538348551368728,0.163690048045342,FALSE,TRUE
"<1",83.2,-0.0628441291902815,0.0591448091510855,0.0609101610246015,-0.054513683079527,0.163700064003502,FALSE,TRUE
"<1",83.3,-0.0625277997159245,0.0593127517678579,0.060613052239809,-0.0551945882392983,0.163710800398755,FALSE,TRUE
"<1",83.4,-0.0622111269585768,0.059481307769694,0.0603155268782434,-0.0558775649394165,0.163722254978703,FALSE,TRUE
"<1",83.5,-0.0618941139140332,0.0596504742479137,0.0600175874196565,-0.056562607443758,0.16373442545155,FALSE,TRUE
"<1",83.6,-0.0615767635780886,0.0598202482713,0.0597192363468394,-0.0572497099574565,0.16374730948685,FALSE,TRUE
"<1",83.7,-0.0612590789465378,0.0599906268865382,0.0594204761456344,-0.0579388666275105,0.16376090471625,FALSE,TRUE
"<1",83.8,-0.0609410630151756,0.06016160711865,0.0591213093049462,-0.0586300715433836,0.163775208734225,FALSE,TRUE
"<1",83.9,-0.0606227187797968,0.0603331859714243,0.058821738316754,-0.0593233187375997,0.163790219098803,FALSE,TRUE
"<1",84,-0.0603040492361962,0.060505360427844,0.058521765676123,-0.0600186021863316,0.163805933332295,FALSE,TRUE
"<1",84.1,-0.0599850573801688,0.0606781274505082,0.0582213938812154,-0.0607159158099848,0.163822348922002,FALSE,TRUE
"<1",84.2,-0.0596657462075093,0.0608514839820504,0.0579206254333026,-0.0614152534737744,0.163839463320932,FALSE,TRUE
"<1",84.3,-0.0593461187140125,0.0610254269455531,0.0576194628367758,-0.0621166089882961,0.163857273948502,FALSE,TRUE
"<1",84.4,-0.0590261778954732,0.0611999532449576,0.0573179085991579,-0.0628199761100914,0.16387577819123,FALSE,TRUE
"<1",84.5,-0.0587059267476864,0.0613750597654696,0.0570159652311142,-0.0635253485422052,0.16389497340343,FALSE,TRUE
"<1",84.6,-0.0583853682664468,0.0615507433739607,0.056713635246464,-0.0642327199347401,0.163914856907892,FALSE,TRUE
"<1",84.7,-0.0580645054475492,0.0617270009193657,0.0564109211621915,-0.0649420838854002,0.163935425996559,FALSE,TRUE
"<1",84.8,-0.0577433412867885,0.0619038292330754,0.0561078254984566,-0.0656534339400319,0.163956677931197,FALSE,TRUE
"<1",84.9,-0.0574218787799595,0.0620812251293249,0.0558043507786062,-0.0663667635931571,0.163978609944056,FALSE,TRUE
"<1",85,-0.057100120922857,0.0622591854055778,0.0555004995291853,-0.0670820662884988,0.164001219238527,FALSE,TRUE
"<1",85.1,-0.0567780707112759,0.0624377068429062,0.0551962742799469,-0.0677993354195021,0.164024502989787,FALSE,TRUE
"<1",85.2,-0.0564557311410109,0.0626167862063657,0.0548916775638636,-0.0685185643298474,0.164048458345445,FALSE,TRUE
"<1",85.3,-0.0561331052078569,0.0627964202453665,0.0545867119171382,-0.0692397463139567,0.164073082426171,FALSE,TRUE
"<1",85.4,-0.0558101959076087,0.06297660569404,0.0542813798792138,-0.0699628746174952,0.164098372326329,FALSE,TRUE
"<1",85.5,-0.0554870062360612,0.0631573392716005,0.0539756839927849,-0.0706879424378626,0.16412432511459,FALSE,TRUE
"<1",85.6,-0.0551635391890093,0.0633386176827034,0.0536696268038076,-0.0714149429246824,0.16415093783455,FALSE,TRUE
"<1",85.7,-0.0548397977622475,0.0635204376177979,0.0533632108615102,-0.0721438691802814,0.164178207505334,FALSE,TRUE
"<1",85.8,-0.0545157849515709,0.0637027957534762,0.0530564387184033,-0.0728747142601616,0.164206131122192,FALSE,TRUE
"<1",85.9,-0.0541915037527743,0.0638856887528176,0.0527493129302902,-0.0736074711734693,0.164234705657094,FALSE,TRUE
"<1",86,-0.0538669571616524,0.0640691132657282,0.0524418360562771,-0.0743421328834535,0.164263928059311,FALSE,TRUE
"<1",86.1,-0.0535421481740002,0.0642530659292769,0.0521340106587834,-0.0750786923079205,0.164293795255992,FALSE,TRUE
"<1",86.2,-0.0532170797856124,0.064437543368026,0.0518258393035514,-0.0758171423196796,0.164324304152735,FALSE,TRUE
"<1",86.3,-0.0528917549922838,0.0646225421943581,0.0515173245596567,-0.0765574757469834,0.164355451634146,FALSE,TRUE
"<1",86.4,-0.0525661767898093,0.064808059008798,0.0512084689995178,-0.0772996853739614,0.164387234564399,FALSE,TRUE
"<1",86.5,-0.0522403481739838,0.0649940904003307,0.0508992751989064,-0.0780437639410458,0.164419649787778,FALSE,TRUE
"<1",86.6,-0.051914272140602,0.0651806329467149,0.0505897457369565,-0.0787897041453924,0.164452694129221,FALSE,TRUE
"<1",86.7,-0.0515879516854587,0.0653676832147921,0.0502798831961746,-0.0795374986412929,0.164486364394854,FALSE,TRUE
"<1",86.8,-0.0512613898043489,0.0655552377607909,0.0499696901624497,-0.0802871400405822,0.164520657372515,FALSE,TRUE
"<1",86.9,-0.0509345894930672,0.0657432931306279,0.0496591692250619,-0.0810386209130383,0.164555569832272,FALSE,TRUE
"<1",87,-0.0506075537474086,0.0659318458602035,0.0493483229766927,-0.081791933786775,0.16459109852694,FALSE,TRUE
"<1",87.1,-0.0502802855631679,0.0661208924756935,0.0490371540134343,-0.08254707114863,0.164627240192582,FALSE,TRUE
"<1",87.2,-0.0499527879361399,0.0663104294938369,0.0487256649347989,-0.0833040254445445,0.164663991549005,FALSE,TRUE
"<1",87.3,-0.0496250638621194,0.0665004534222189,0.0484138583437278,-0.0840627890799368,0.164701349300257,FALSE,TRUE
"<1",87.4,-0.0492971163369012,0.06669096075955,0.0481017368466008,-0.0848233544200707,0.164739310135105,FALSE,TRUE
"<1",87.5,-0.0489689483562802,0.0668819479959406,0.0477893030532456,-0.0855857137904152,0.164777870727512,FALSE,TRUE
"<1",87.6,-0.0486405629160512,0.0670734116131719,0.0474765595769463,-0.0863498594770002,0.164817027737113,FALSE,TRUE
"<1",87.7,-0.048311963012009,0.0672653480849621,0.0471635090344531,-0.0871157837267644,0.164856777809669,FALSE,TRUE
"<1",87.8,-0.0479831516399485,0.0674577538772287,0.0468501540459908,-0.0878834787478964,0.164897117577531,FALSE,TRUE
"<1",87.9,-0.0476541317956644,0.067650625448347,0.0465364972352676,-0.0886529367101718,0.164938043660082,FALSE,TRUE
"<1",88,-0.0473249064749517,0.0678439592494039,0.0462225412294845,-0.0894241497452819,0.164979552664188,FALSE,TRUE
"<1",88.1,-0.0469954786736051,0.0680377517244483,0.0459082886593432,-0.0901971099471568,0.165021641184624,FALSE,TRUE
"<1",88.2,-0.0466658513874194,0.068231999310737,0.0455937421590551,-0.0909718093722831,0.165064305804511,FALSE,TRUE
"<1",88.3,-0.0463360276121895,0.068426698438977,0.0452789043663504,-0.0917482400400145,0.165107543095734,FALSE,TRUE
"<1",88.4,-0.0460060103437102,0.0686218455335636,0.0449637779224857,-0.0925263939328775,0.165151349619359,FALSE,TRUE
"<1",88.5,-0.0456758025777763,0.0688174370128147,0.0446483654722534,-0.0933062629968704,0.165195721926044,FALSE,TRUE
"<1",88.6,-0.0453454073101828,0.069013469289201,0.0443326696639889,-0.0940878391417559,0.165240656556437,FALSE,TRUE
"<1",88.7,-0.0450148275367243,0.0692099387695731,0.04401669314958,-0.0948711142413494,0.165286150041578,FALSE,TRUE
"<1",88.8,-0.0446840662531957,0.0694068418553837,0.0437004385844746,-0.0956560801337996,0.165332198903284,FALSE,TRUE
"<1",88.9,-0.0443531264553918,0.0696041749429068,0.0433839086276887,-0.0964427286218656,0.165378799654535,FALSE,TRUE
"<1",89,-0.0440220111391075,0.069801934423453,0.0430671059418151,-0.0972310514731856,0.165425948799853,FALSE,TRUE
"<1",89.1,-0.0436907233001376,0.070000116683581,0.0427500331930304,-0.0980210404205428,0.165473642835669,FALSE,TRUE
"<1",89.2,-0.0433592659342769,0.0701987181053057,0.0424326930511039,-0.0988126871621235,0.16552187825069,FALSE,TRUE
"<1",89.3,-0.0430276420373203,0.0703977350663018,0.0421150881894049,-0.0996059833617708,0.165570651526257,FALSE,TRUE
"<1",89.4,-0.0426958546050625,0.0705971639401055,0.0417972212849108,-0.100400920649233,0.165619959136701,FALSE,TRUE
"<1",89.5,-0.0423639066332984,0.0707970010963107,0.0414790950182142,-0.101197490620405,0.165669797549685,FALSE,TRUE
"<1",89.6,-0.0420318011178229,0.0709972429007634,0.0411607120735316,-0.101995684837568,0.165720163226546,FALSE,TRUE
"<1",89.7,-0.0416995410544306,0.0711978857157511,0.0408420751387094,-0.10279549482962,0.165771052622632,FALSE,TRUE
"<1",89.8,-0.0413671294389166,0.0713989259001902,0.0405231869052332,-0.103596912092301,0.16582246218763,FALSE,TRUE
"<1",89.9,-0.0410345692670755,0.0716003598098089,0.0402040500682334,-0.104399928088418,0.165874388365887,FALSE,TRUE
"<1",90,-0.0407018635347023,0.0718021837973273,0.0398846673264941,-0.105204534248062,0.165926827596733,FALSE,TRUE
"<1",90.1,-0.0403690152375917,0.0720043942126343,0.0395650413824593,-0.106010721968816,0.165979776314786,FALSE,TRUE
"<1",90.2,-0.0400360273715386,0.0722069874029604,0.0392451749422403,-0.106818482615965,0.166033230950265,FALSE,TRUE
"<1",90.3,-0.0397029029323378,0.0724099597130486,0.0389250707156232,-0.107627807522696,0.166087187929287,FALSE,TRUE
"<1",90.4,-0.0393696449157841,0.0726133074853207,0.0386047314160755,-0.108438687990297,0.166141643674163,FALSE,TRUE
"<1",90.5,-0.0390362563176724,0.0728170270600415,0.0382841597607528,-0.109251115288349,0.16619659460369,FALSE,TRUE
"<1",90.6,-0.0387027401337975,0.0730211147754793,0.0379633584705068,-0.110065080654913,0.166252037133431,FALSE,TRUE
"<1",90.7,-0.0383690993599542,0.0732255669680636,0.0376423302698906,-0.110880575296711,0.166307967676003,FALSE,TRUE
"<1",90.8,-0.0380353369919373,0.0734303799725395,0.0373210778871664,-0.111697590389313,0.166364382641342,FALSE,TRUE
"<1",90.9,-0.0377014560255416,0.0736355501221197,0.0369996040543121,-0.1125161170773,0.166421278436979,FALSE,TRUE
"<1",91,-0.0373674594565621,0.0738410737486324,0.0366779115070273,-0.113336146474441,0.1664786514683,FALSE,TRUE
"<1",91.1,-0.0370333502807935,0.0740469471826676,0.0363560029847402,-0.114157669663859,0.166536498138807,FALSE,TRUE
"<1",91.2,-0.0366991314940305,0.0742531667537198,0.0360338812306139,-0.114980677698188,0.166594814850374,FALSE,TRUE
"<1",91.3,-0.0363648060920682,0.0744597287903277,0.0357115489915529,-0.115805161599732,0.16665359800349,FALSE,TRUE
"<1",91.4,-0.0360303770707012,0.0746666296202117,0.035389009018209,-0.116631112360618,0.166712843997513,FALSE,TRUE
"<1",91.5,-0.0356958474257245,0.0748738655704079,0.0350662640649878,-0.117458520942947,0.166772549230901,FALSE,TRUE
"<1",91.6,-0.0353612201529328,0.0750814329674004,0.0347433168900545,-0.118287378278936,0.166832710101451,FALSE,TRUE
"<1",91.7,-0.0350264982481209,0.0752893281372498,0.0344201702553401,-0.119117675271058,0.166893323006532,FALSE,TRUE
"<1",91.8,-0.0346916847070838,0.0754975474057196,0.0340968269265474,-0.119949402792185,0.166954384343304,FALSE,TRUE
"<1",91.9,-0.0343567825256161,0.0757060870984005,0.0337732896731565,-0.120782551685713,0.167015890508947,FALSE,TRUE
"<1",92,-0.0340217946995129,0.0759149435408306,0.0334495612684312,-0.121617112765701,0.167077837900873,FALSE,TRUE
"<1",92.1,-0.0336867242245688,0.0761241130586152,0.0331256444894241,-0.122453076816988,0.16714022291694,FALSE,TRUE
"<1",92.2,-0.0333515740965786,0.0763335919775421,0.0328015421169823,-0.123290434595323,0.167203041955662,FALSE,TRUE
"<1",92.3,-0.0330163473113373,0.0765433766236956,0.0324772569357533,-0.124129176827477,0.167266291416409,FALSE,TRUE
"<1",92.4,-0.0326810468646397,0.076753463323568,0.0321527917341901,-0.124969294211366,0.167329967699613,FALSE,TRUE
"<1",92.5,-0.0323456757522805,0.0769638484041682,0.0318281493045567,-0.125810777416157,0.167394067206957,FALSE,TRUE
"<1",92.6,-0.0320102369700547,0.0771745281931286,0.0315033324429335,-0.126653617082377,0.167458586341572,FALSE,TRUE
"<1",92.7,-0.0316747335137569,0.0773854990188092,0.0311783439492223,-0.127497803822024,0.167523521508223,FALSE,TRUE
"<1",92.8,-0.0313391683791822,0.0775967572103994,0.0308531866271515,-0.128343328218664,0.16758886911349,FALSE,TRUE
"<1",92.9,-0.0310035445621251,0.0778082990980184,0.0305278632842814,-0.129190180827531,0.167654625565953,FALSE,TRUE
"<1",93,-0.0306678650583807,0.0780201210128119,0.0302023767320089,-0.130038352175625,0.167720787276364,FALSE,TRUE
"<1",93.1,-0.0303321328637438,0.0782322192870483,0.0298767297855722,-0.130887832761804,0.167787350657821,FALSE,TRUE
"<1",93.2,-0.029996350974009,0.0784445902542119,0.0295509252640561,-0.131738613056874,0.167854312125938,FALSE,TRUE
"<1",93.3,-0.0296605223849714,0.0786572302490934,0.0292249659903967,-0.132590683503676,0.167921668099005,FALSE,TRUE
"<1",93.4,-0.0293246500924257,0.07887013560788,0.0288988547913854,-0.133444034517171,0.167989414998155,FALSE,TRUE
"<1",93.5,-0.0289887370921667,0.0790833026682417,0.0285725944976744,-0.134298656484523,0.168057549247519,FALSE,TRUE
"<1",93.6,-0.0286527863799893,0.0792967277694172,0.02824618794378,-0.135154539765175,0.168126067274382,FALSE,TRUE
"<1",93.7,-0.0283168009516883,0.0795104072522966,0.0279196379680883,-0.136011674690928,0.168194965509329,FALSE,TRUE
"<1",93.8,-0.0279807838030584,0.0797243374595027,0.0275929474128587,-0.136870051566013,0.168264240386399,FALSE,TRUE
"<1",93.9,-0.0276447379298946,0.0799385147354706,0.0272661191242282,-0.137729660667165,0.168333888343228,FALSE,TRUE
"<1",94,-0.0273086663279917,0.0801529354265249,0.026939155952216,-0.138590492243688,0.168403905821185,FALSE,TRUE
"<1",94.1,-0.0269725719931445,0.0803675958809558,0.0266120607507268,-0.139452536517525,0.168474289265515,FALSE,TRUE
"<1",94.2,-0.0266364579211478,0.0805824924490928,0.0262848363775556,-0.140315783683319,0.168545035125472,FALSE,TRUE
"<1",94.3,-0.0263003271077964,0.0807976214833768,0.025957485694391,-0.141180223908477,0.16861613985445,FALSE,TRUE
"<1",94.4,-0.0259641825488852,0.0810129793384309,0.0256300115668194,-0.14204584733323,0.168687599910113,FALSE,TRUE
"<1",94.5,-0.025628027240209,0.0812285623711285,0.0253024168643285,-0.142912644070688,0.168759411754517,FALSE,TRUE
"<1",94.6,-0.0252918641775627,0.0814443669406609,0.0249747044603111,-0.143780604206897,0.168831571854237,FALSE,TRUE
"<1",94.7,-0.0249556963567409,0.0816603894086028,0.0246468772320683,-0.144649717800892,0.168904076680484,FALSE,TRUE
"<1",94.8,-0.0246195267386928,0.0818766261616806,0.0243189380268151,-0.145519974975643,0.168976922717246,TRUE,TRUE
"<1",94.9,-0.0242833570189908,0.0820930744152117,0.023990888460617,-0.146391369134248,0.169050106747321,TRUE,TRUE
"<1",95,-0.0239471872992889,0.0823097324350618,0.0236627285955499,-0.147263897848453,0.169123625940678,TRUE,TRUE
"<1",95.1,-0.023611017579587,0.0825265985691251,0.023334458394528,-0.148137558981702,0.169197477516967,TRUE,TRUE
"<1",95.2,-0.023274847859885,0.0827436711810377,0.0230060778204536,-0.149012350424167,0.169271658722027,TRUE,TRUE
"<1",95.3,-0.022938678140183,0.0829609486500121,0.0226775868362166,-0.149888270092476,0.169346166827612,TRUE,TRUE
"<1",95.4,-0.0226025084204811,0.0831784293706745,0.0223489854046939,-0.150765315929447,0.169420999131129,TRUE,TRUE
"<1",95.5,-0.0222663387007791,0.0833961117529032,0.0220202734887504,-0.151643485903829,0.16949615295537,TRUE,TRUE
"<1",95.6,-0.0219301689810772,0.0836139942216688,0.0216914510512383,-0.152522778010037,0.169571625648256,TRUE,TRUE
"<1",95.7,-0.0215939992613752,0.0838320752168755,0.0213625180549973,-0.153403190267896,0.169647414582573,TRUE,TRUE
"<1",95.8,-0.0212578295416733,0.0840503531932055,0.0210334744628548,-0.154284720722384,0.169723517155723,TRUE,TRUE
"<1",95.9,-0.0209216598219713,0.0842688266199631,0.0207043202376253,-0.155167367443382,0.169799930789461,TRUE,TRUE
"<1",96,-0.0205854901022694,0.0844874939809218,0.0203750553421113,-0.156051128525419,0.169876652929654,TRUE,TRUE
"<1",96.1,-0.0202493203825674,0.0847063537741727,0.0200456797391024,-0.15693600208743,0.169953681046027,TRUE,TRUE
"<1",96.2,-0.0199131506628654,0.0849254045119738,0.0197161933913759,-0.157821986272504,0.170031012631916,TRUE,TRUE
"<1",96.3,-0.0195769809431635,0.0851446447206022,0.0193865962616966,-0.158709079247647,0.17010864520403,TRUE,TRUE
"<1",96.4,-0.0192408112234615,0.0853640729402062,0.0190568883128165,-0.159597279203538,0.170186576302207,TRUE,TRUE
"<1",96.5,-0.0189046415037596,0.0855836877246605,0.0187270695074755,-0.160486584354292,0.170264803489173,TRUE,TRUE
"<1",96.6,-0.0185684717840577,0.085803487641422,0.0183971398084006,-0.161376992937225,0.170343324350313,TRUE,TRUE
"<1",96.7,-0.0182323020643557,0.0860234712713874,0.0180670991783065,-0.162268503212621,0.170422136493429,TRUE,TRUE
"<1",96.8,-0.0178961323446538,0.0862436372087521,0.0177369475798952,-0.163161113463499,0.170501237548517,TRUE,TRUE
"<1",96.9,-0.0175599626249518,0.0864639840608712,0.0174066849758563,-0.164054821995389,0.170580625167531,TRUE,TRUE
"<1",97,-0.0172237929052498,0.0866845104481211,0.0170763113288668,-0.1649496271361,0.170660297024162,TRUE,TRUE
"<1",97.1,-0.0168876231855479,0.0869052150037634,0.0167458266015911,-0.165845527235505,0.170740250813611,TRUE,TRUE
"<1",97.2,-0.0165514534658459,0.0871260963738096,0.0164152307566811,-0.166742520665309,0.170820484252368,TRUE,TRUE
"<1",97.3,-0.016215283746144,0.0873471532168877,0.0160845237567762,-0.167640605818841,0.170900995077993,TRUE,TRUE
"<1",97.4,-0.015879114026442,0.0875683842041103,0.015753705564503,-0.168539781110826,0.170981781048899,TRUE,TRUE
"<1",97.5,-0.0155429443067401,0.087789788018943,0.0154227761424759,-0.169440044977182,0.171062839944135,TRUE,TRUE
"<1",97.6,-0.0152067745870381,0.0880113633570764,0.0150917354532966,-0.170341395874799,0.171144169563175,TRUE,TRUE
"<1",97.7,-0.0148706048673362,0.0882331089262972,0.0147605834595539,-0.171243832281334,0.171225767725711,TRUE,TRUE
"<1",97.8,-0.0145344351476342,0.0884550234463617,0.0144293201238245,-0.172147352695,0.171307632271437,TRUE,TRUE
"<1",97.9,-0.0141982654279322,0.0886771056488712,0.0140979454086723,-0.173051955634363,0.171389761059848,TRUE,TRUE
"<1",98,-0.0138620957082303,0.0888993542771477,0.0137664592766484,-0.173957639638137,0.171472151970038,TRUE,TRUE
"<1",98.1,-0.0135259259885284,0.0891217680861116,0.0134348616902918,-0.174864403264984,0.171554802900494,TRUE,TRUE
"<1",98.2,-0.0131897562688264,0.0893443458421606,0.0131031526121285,-0.175772245093315,0.171637711768897,TRUE,TRUE
"<1",98.3,-0.0128535865491244,0.0895670863230497,0.012771332004672,-0.176681163721091,0.171720876511928,TRUE,TRUE
"<1",98.4,-0.0125174168294225,0.0897899883177728,0.0124393998304232,-0.177591157765629,0.171804295085069,TRUE,TRUE
"<1",98.5,-0.0121812471097205,0.0900130506264452,0.0121073560518705,-0.178502225863411,0.171887965462411,TRUE,TRUE
"<1",98.6,-0.0118450773900186,0.0902362720601882,0.0117752006314897,-0.17941436666989,0.171971885636465,TRUE,TRUE
"<1",98.7,-0.0115089076703166,0.0904596514410138,0.0114429335317436,-0.180327578859306,0.172056053617967,TRUE,TRUE
"<1",98.8,-0.0111727379506147,0.0906831876017115,0.011110554715083,-0.181241861124493,0.172140467435697,TRUE,TRUE
"<1",98.9,-0.0108365682309127,0.0909068793857362,0.0107780641439456,-0.1821572121767,0.17222512513629,TRUE,TRUE
"<1",99,-0.0105003985112108,0.0911307256470971,0.0104454617807564,-0.183073630745405,0.172310024784057,TRUE,TRUE
"<1",99.1,-0.0101642287915088,0.0913547252502477,0.0101127475879285,-0.183991115578134,0.172395164460796,TRUE,TRUE
"<1",99.2,-0.00982805907180685,0.0915788770699779,0.00977992152786122,-0.184909665440286,0.172480542265622,TRUE,TRUE
"<1",99.3,-0.00949188935210491,0.0918031799913058,0.00944698356294227,-0.185829279114951,0.172566156314783,TRUE,TRUE
"<1",99.4,-0.00915571963240292,0.0920276329093721,0.00911393365554614,-0.186749955402738,0.172652004741487,TRUE,TRUE
"<1",99.5,-0.00881954991270099,0.0922522347293348,0.00878077176803493,-0.187671693121602,0.172738085695728,TRUE,TRUE
"<1",99.6,-0.00848338019299905,0.0924769843662656,0.008447497862758,-0.188594491106671,0.172824397344115,TRUE,TRUE
"<1",99.7,-0.00814721047329708,0.0927018807450467,0.00811411190205191,-0.189518348210079,0.172910937869702,TRUE,TRUE
"<1",99.8,-0.00781104075359513,0.0929269228002697,0.0077806138482408,-0.190443263300796,0.172997705471819,TRUE,TRUE
"<1",99.9,-0.00747487103389316,0.0931521094761348,0.00744700366363593,-0.191369235264462,0.173084698365904,TRUE,TRUE
"<1",100,-0.00713870131419123,0.0933774397263515,0.00711328131053612,-0.192296263003227,0.173171914783345,TRUE,TRUE
"1-5",0,0,0,0,0,0,TRUE,TRUE
"1-5",0.1,-0.000817024024880484,0.000228949176268866,0.000816690351631122,0.000368215831298424,0.00126496366848206,FALSE,TRUE
"1-5",0.2,-0.00163403927274316,0.000457892152059515,0.00163270495744416,0.00073629945313225,0.00252830632684387,FALSE,TRUE
"1-5",0.3,-0.00245103525110959,0.000686821515142169,0.00244803391683468,0.00110425494273447,0.0037900051527997,FALSE,TRUE
"1-5",0.4,-0.00326800145965871,0.000915729848035907,0.00326266735509118,0.00147208637383112,0.00505003742936827,FALSE,TRUE
"1-5",0.5,-0.00408492739806977,0.00114460973370943,0.0040765954311669,0.00183979781331689,0.00630838056347383,FALSE,TRUE
"1-5",0.6,-0.0049018025660218,0.00137345375574158,0.00488980833760633,0.00220739332094821,0.00756501208583704,FALSE,TRUE
"1-5",0.7,-0.00571861646319389,0.00160225449848208,0.0057022963004707,0.00257487694903524,0.00881990965086044,FALSE,TRUE
"1-5",0.8,-0.00653535858926518,0.00183100454721249,0.00651404957926416,0.00294225274213522,0.0100730510365059,FALSE,TRUE
"1-5",0.9,-0.00735201844391473,0.00205969648830725,0.00732505846685694,0.00330952473674551,0.0113244141441649,FALSE,TRUE
"1-5",1,-0.00816858552682179,0.00228832290939511,0.0081353132894092,0.0036766969609966,0.0125739769985231,FALSE,TRUE
"1-5",1.1,-0.00898504933766525,0.00251687639952067,0.00894480440629286,0.00404377343434503,0.0138217177474178,FALSE,TRUE
"1-5",1.2,-0.00980139937612437,0.00274534954930649,0.00975352221001313,0.00441075816726688,0.0150676146616885,FALSE,TRUE
"1-5",1.3,-0.0106176251418782,0.00297373495111528,0.010561457126129,0.00477765516094963,0.0163116461350218,FALSE,TRUE
"1-5",1.4,-0.0114337161346058,0.00320202519921274,0.0113685996131724,0.0051444684069859,0.0175537906837899,FALSE,TRUE
"1-5",1.5,-0.0122496618539862,0.00343021288993057,0.012174940162567,0.00551120188706467,0.0187940269468825,FALSE,TRUE
"1-5",1.6,-0.0130654517996987,0.00365829062183028,0.012980469298546,0.00587785957266396,0.0200323336855339,FALSE,TRUE
"1-5",1.7,-0.0138810754714224,0.00388625099586712,0.0137851775780684,0.00624444542474167,0.0212686897831428,FALSE,TRUE
"1-5",1.8,-0.0146965223688362,0.00411408661555492,0.0145890555907351,0.00661096339342704,0.0225030742450875,FALSE,FALSE
"1-5",1.9,-0.0155117819916194,0.0043417900871312,0.015392093958704,0.00697741741771052,0.023735466198535,FALSE,FALSE
"1-5",2,-0.0163268438394509,0.00456935401972318,0.0161942833366036,0.00734381142513352,0.0249658448922452,FALSE,FALSE
"1-5",2.1,-0.01714169741201,0.00479677102551425,0.0169956144114468,0.00771014933147784,0.0261941896963693,FALSE,FALSE
"1-5",2.2,-0.0179563322089757,0.00502403371991119,0.0177960779025428,0.0080764350404533,0.0274204801022426,FALSE,FALSE
"1-5",2.3,-0.0187707377300271,0.00525113472171218,0.0185956645614083,0.00844267244338515,0.0286446957221738,FALSE,FALSE
"1-5",2.4,-0.0195849034748433,0.00547806665327551,0.0193943651716786,0.00880886541890047,0.0298668162892272,FALSE,FALSE
"1-5",2.5,-0.0203988189431036,0.0057048221406892,0.0201921705490171,0.00917501783261376,0.0310868216570023,FALSE,FALSE
"1-5",2.6,-0.0212124736344868,0.00593139381394133,0.0209890715410239,0.00954113353681041,0.032304691799407,FALSE,FALSE
"1-5",2.7,-0.0220258570486721,0.00615777430709142,0.0217850590271441,0.00990721637013059,0.0335204068104272,FALSE,FALSE
"1-5",2.8,-0.0228389586853387,0.00638395625844266,0.0225801239185749,0.010273270157251,0.034733946903892,FALSE,FALSE
"1-5",2.9,-0.0236517680441656,0.00660993231071507,0.0233742571581718,0.0106392987085649,0.0359452924132333,FALSE,FALSE
"1-5",3,-0.0244642746248319,0.00683569511121986,0.024167449720354,0.011005305819862,0.0371544237912436,FALSE,FALSE
"1-5",3.1,-0.0252764679270168,0.00706123731203458,0.0249596926110096,0.0113712952720054,0.0383613216098274,FALSE,FALSE
"1-5",3.2,-0.0260883374503993,0.0072865515701796,0.0257509768673988,0.0117372708306085,0.0395659665597504,FALSE,FALSE
"1-5",3.3,-0.0268998726946586,0.00751163054779562,0.0265412935580572,0.0121032362457094,0.0407683394503834,FALSE,FALSE
"1-5",3.4,-0.0277110631594737,0.00773646691232239,0.0273306337826983,0.0124691952514437,0.0419684212094441,FALSE,FALSE
"1-5",3.5,-0.0285218983445238,0.00796105333667862,0.028118988672114,0.012835151565716,0.0431661928827345,FALSE,FALSE
"1-5",3.6,-0.0293323677494879,0.00818538249944324,0.0289063493880765,0.0132011088898686,0.0443616356338743,FALSE,FALSE
"1-5",3.7,-0.0301424608740451,0.00840944708503789,0.0296927071232371,0.01356707090835,0.0455547307440329,FALSE,FALSE
"1-5",3.8,-0.0309521672178747,0.00863323978391084,0.0304780531010257,0.0139330412883797,0.0467454596116563,FALSE,FALSE
"1-5",3.9,-0.0317614762806556,0.00885675329272217,0.0312623785755487,0.0142990236796116,0.0479338037521915,FALSE,FALSE
"1-5",4,-0.0325703775620669,0.00907998031453064,0.0320456748314871,0.0146650217137958,0.0491197447978091,FALSE,FALSE
"1-5",4.1,-0.0333788605617878,0.00930291355898183,0.0328279331839926,0.0150310390044374,0.050303264497122,FALSE,FALSE
"1-5",4.2,-0.0341869147794974,0.0095255457424979,0.0336091449785836,0.0153970791464533,0.051484344714901,FALSE,FALSE
"1-5",4.3,-0.0349945297148748,0.00974786958846901,0.0343893015910407,0.0157631457158268,0.0526629674317902,FALSE,FALSE
"1-5",4.4,-0.0358016948675989,0.00996987782744617,0.0351683944273007,0.0161292422692594,0.0538391147440165,FALSE,FALSE
"1-5",4.5,-0.0366083997373491,0.010191563197336,0.0359464149233508,0.0164953723438205,0.0550127688631008,FALSE,FALSE
"1-5",4.6,-0.0374146338238044,0.0104129184435972,0.0367233545451208,0.016861539456594,0.0561839121155633,FALSE,FALSE
"1-5",4.7,-0.0382203866266438,0.0106339363194386,0.0374992047883759,0.0172277471043225,0.0573525269426302,FALSE,FALSE
"1-5",4.8,-0.0390256476455465,0.0108546095860189,0.0382739571786076,0.017593998763049,0.0585185958999351,FALSE,FALSE
"1-5",4.9,-0.0398304063801916,0.0110749310126494,0.0390476032709253,0.0179602978877551,0.0596821016572229,FALSE,FALSE
"1-5",5,-0.0406346523302582,0.0112948933769966,0.0398201346499447,0.0183266479119961,0.0608430269980469,FALSE,FALSE
"1-5",5.1,-0.0414383749954253,0.0115144894652892,0.0405915429296788,0.0186930522475344,0.0620013548194696,FALSE,FALSE
"1-5",5.2,-0.0422415638753722,0.011733712072525,0.0413618197534255,0.0190595142839683,0.0631570681317585,FALSE,FALSE
"1-5",5.3,-0.0430442084697778,0.0119525540026814,0.0421309567936551,0.0194260373883582,0.0643101500580823,FALSE,FALSE
"1-5",5.4,-0.0438462982783213,0.0121710080689271,0.0428989457518982,0.0197926249048496,0.0654605838342055,FALSE,FALSE
"1-5",5.5,-0.0446478228006818,0.0123890670938366,0.0436657783586321,0.020159280154292,0.0666083528081829,FALSE,FALSE
"1-5",5.6,-0.0454487715365383,0.0126067239096065,0.0444314463731653,0.0205260064338557,0.0677534404400518,FALSE,FALSE
"1-5",5.7,-0.0462491339855701,0.0128239713582744,0.0451959415835245,0.0208928070166433,0.0688958303015254,FALSE,FALSE
"1-5",5.8,-0.0470488996474563,0.0130408022919404,0.0459592558063369,0.0212596851512988,0.0700355060756834,FALSE,FALSE
"1-5",5.9,-0.0478480580218757,0.0132572095729901,0.0467213808867153,0.0216266440616125,0.0711724515566647,FALSE,FALSE
"1-5",6,-0.0486465986085077,0.0134731860743212,0.0474823086981404,0.0219936869461216,0.0723066506493582,FALSE,FALSE
"1-5",6.1,-0.0494445109070313,0.0136887246795717,0.0482420311423433,0.0223608169777076,0.0734380873690933,FALSE,FALSE
"1-5",6.2,-0.0502417844171256,0.0139038182833517,0.0490005401491869,0.022728037303189,0.074566745841332,FALSE,FALSE
"1-5",6.3,-0.0510384086384697,0.0141184597914769,0.0497578276765474,0.0230953510429099,0.0756926103013598,FALSE,FALSE
"1-5",6.4,-0.0518343730707428,0.0143326421212054,0.0505138857101936,0.0234627612903253,0.076815665093977,FALSE,FALSE
"1-5",6.5,-0.0526296672136238,0.0145463582014768,0.0512687062636678,0.0238302711115798,0.0779358946731912,FALSE,FALSE
"1-5",6.6,-0.053424280566792,0.0147596009731552,0.0520222813781636,0.0241978835450842,0.0790532836019096,FALSE,FALSE
"1-5",6.7,-0.0542182026299263,0.0149723633892738,0.052774603122405,0.0245656016010863,0.0801678165516327,FALSE,FALSE
"1-5",6.8,-0.055011422902706,0.0151846384152832,0.0535256635925242,0.0249334282612369,0.0812794783021488,FALSE,FALSE
"1-5",6.9,-0.0558039308848102,0.015396419029303,0.0542754549119376,0.0253013664781511,0.0823882537412282,FALSE,FALSE
"1-5",7,-0.0565957160759178,0.0156076982223758,0.0550239692312235,0.0256694191749652,0.0834941278643206,FALSE,FALSE
"1-5",7.1,-0.057386767975708,0.0158184689987251,0.0557711987279973,0.0260375892448881,0.0845970857742533,FALSE,FALSE
"1-5",7.2,-0.05817707608386,0.0160287243760162,0.0565171356067862,0.0264058795507469,0.085697112680929,FALSE,FALSE
"1-5",7.3,-0.0589666299000529,0.0162384573856199,0.0572617720989048,0.0267742929245288,0.0867941939010285,FALSE,FALSE
"1-5",7.4,-0.0597554189239657,0.0164476610728809,0.0580051004623283,0.027142832166916,0.0878883148577116,FALSE,FALSE
"1-5",7.5,-0.0605434326552774,0.0166563284973884,0.0587471129815655,0.0275115000468159,0.0889794610803234,FALSE,FALSE
"1-5",7.6,-0.0613306605936674,0.016864452733251,0.0594878019675329,0.0278802993008854,0.0900676182041,FALSE,FALSE
"1-5",7.7,-0.0621170922388145,0.017072026869375,0.0602271597574248,0.0282492326330498,0.0911527719698779,FALSE,FALSE
"1-5",7.8,-0.062902717090398,0.0172790440097467,0.0609651787145866,0.0286183027140148,0.0922349082238051,FALSE,FALSE
"1-5",7.9,-0.063687524648097,0.0174854972737178,0.0617018512283846,0.0289875121807741,0.0933140129170554,FALSE,FALSE
"1-5",8,-0.0644715044115905,0.0176913797962957,0.0624371697140766,0.0293568636361086,0.0943900721055452,FALSE,FALSE
"1-5",8.1,-0.0652546458805577,0.0178966847284372,0.063171126612682,0.0297263596480818,0.0954630719496526,FALSE,FALSE
"1-5",8.2,-0.0660369385546776,0.0181014052373461,0.06390371439085,0.0300960027495265,0.0965329987139408,FALSE,FALSE
"1-5",8.3,-0.0668183719336293,0.0183055345067752,0.0646349255407291,0.0304657954375264,0.0975998387668837,FALSE,FALSE
"1-5",8.4,-0.067598935517092,0.0185090657373328,0.0653647525798348,0.0308357401728904,0.0986635785805948,FALSE,FALSE
"1-5",8.5,-0.0683786188047448,0.0187119921467931,0.0660931880509162,0.0312058393796196,0.0997242047305613,FALSE,FALSE
"1-5",8.6,-0.0691574112962667,0.018914306970411,0.0668202245218243,0.0315760954443689,0.100781703895379,FALSE,FALSE
"1-5",8.7,-0.0699353024913369,0.0191160034612418,0.067545854585377,0.0319465107158988,0.101836062856496,FALSE,FALSE
"1-5",8.8,-0.0707122818896345,0.0193170748904655,0.068270070859225,0.0323170875045224,0.102887268497954,FALSE,FALSE
"1-5",8.9,-0.0714883389908385,0.019517514547715,0.0689928659857175,0.0326878280815436,0.103935307806138,FALSE,FALSE
"1-5",9,-0.0722634632946281,0.0197173157414103,0.0697142326317663,0.0330587346786877,0.104980167869532,FALSE,FALSE
"1-5",9.1,-0.0730376443006824,0.0199164717990967,0.07043416348871,0.0334298094875246,0.106021835878476,FALSE,FALSE
"1-5",9.2,-0.0738108715086804,0.0201149760677885,0.0711526512721771,0.0338010546588838,0.107060299124929,FALSE,FALSE
"1-5",9.3,-0.0745831344183013,0.0203128219143177,0.0718696887219495,0.0341724723022615,0.108095545002234,FALSE,FALSE
"1-5",9.4,-0.0753544225292241,0.0205100027256875,0.0725852686018246,0.0345440644852189,0.109127561004899,FALSE,FALSE
"1-5",9.5,-0.0761247253411281,0.0207065119094319,0.0732993836994769,0.0349158332327723,0.110156334728367,FALSE,FALSE
"1-5",9.6,-0.0768940323536922,0.0209023428939802,0.0740120268263197,0.035287780526775,0.111181853868807,FALSE,FALSE
"1-5",9.7,-0.0776623330665956,0.0210974891290274,0.0747231908173659,0.0356599083052893,0.1122041062229,FALSE,FALSE
"1-5",9.8,-0.0784296169795175,0.0212919440859095,0.0754328685310878,0.0360322184619509,0.113223079687636,FALSE,FALSE
"1-5",9.9,-0.0791958735921367,0.0214857012579859,0.076141052849277,0.0364047128453224,0.11423876226012,FALSE,FALSE
"1-5",10,-0.0799610924041326,0.0216787541610263,0.0768477366769041,0.0367773932582389,0.115251142037376,FALSE,FALSE
"1-5",10.1,-0.0807252629151842,0.0218710963336048,0.0775529129419767,0.0371502614571434,0.116260207216166,FALSE,FALSE
"1-5",10.2,-0.0814883746249706,0.0220627213374996,0.0782565745953978,0.0375233191514117,0.117265946092812,FALSE,FALSE
"1-5",10.3,-0.0822504170331708,0.0222536227580985,0.0789587146108235,0.0378965680026693,0.118268347063021,FALSE,FALSE
"1-5",10.4,-0.0830113796394641,0.022443794204812,0.0796593259845203,0.0382700096240953,0.119267398621732,FALSE,FALSE
"1-5",10.5,-0.0837712519435295,0.0226332293114919,0.0803584017352212,0.0386436455797187,0.120263089362948,FALSE,FALSE
"1-5",10.6,-0.084530023445046,0.0228219217368573,0.0810559349039827,0.039017477383702,0.1212554079796,FALSE,FALSE
"1-5",10.7,-0.0852876836436929,0.0230098651649267,0.0817519185540393,0.039391506499615,0.122244343263399,FALSE,FALSE
"1-5",10.8,-0.0860442220391492,0.0231970533054575,0.0824463457706598,0.0397657343396973,0.123229884104707,FALSE,FALSE
"1-5",10.9,-0.086799628131094,0.0233834798943927,0.0831392096610012,0.0401401622641093,0.124212019492415,FALSE,FALSE
"1-5",11,-0.0875538914192063,0.0235691386943147,0.0838305033539628,0.0405147915801722,0.12519073851383,FALSE,FALSE
"1-5",11.1,-0.0883070014031654,0.0237540234949064,0.0845202200000404,0.0408896235415954,0.126166030354566,FALSE,FALSE
"1-5",11.2,-0.0890589475826503,0.0239381281134195,0.0852083527711791,0.041264659347693,0.12713788429845,FALSE,FALSE
"1-5",11.3,-0.0898097194573402,0.0241214463951518,0.0858948948606261,0.0416399001425868,0.128106289727435,FALSE,FALSE
"1-5",11.4,-0.090559306526914,0.0243039722139306,0.0865798394827824,0.0420153470143979,0.129071236121526,FALSE,FALSE
"1-5",11.5,-0.091307698291051,0.0244856994726052,0.0872631798730558,0.0423910009944254,0.130032713058708,FALSE,FALSE
"1-5",11.6,-0.0920548842494302,0.024666622103548,0.0879449092877106,0.0427668630563107,0.130990710214896,FALSE,FALSE
"1-5",11.7,-0.0928008539017308,0.0248467340691621,0.0886250210037194,0.0431429341151912,0.131945217363883,FALSE,FALSE
"1-5",11.8,-0.0935455967476317,0.0250260293623999,0.0893035083186133,0.0435192150268374,0.132896224377308,FALSE,FALSE
"1-5",11.9,-0.0942891022868122,0.025204502007288,0.0899803645503314,0.0438957065867785,0.133843721224633,FALSE,FALSE
"1-5",12,-0.0950313600189513,0.025382146059463,0.0906555830370702,0.0442724095294131,0.134787697973129,FALSE,FALSE
"1-5",12.1,-0.0957723594437282,0.0255589556067147,0.091329157137133,0.0446493245271051,0.135728144787878,FALSE,FALSE
"1-5",12.2,-0.0965120900608219,0.0257349247695398,0.0920010802287776,0.0450264521892654,0.136665051931777,FALSE,FALSE
"1-5",12.3,-0.0972505413699115,0.0259100477017042,0.092671345710065,0.0454037930614186,0.137598409765573,FALSE,FALSE
"1-5",12.4,-0.0979877028706762,0.0260843185908152,0.0933399469987066,0.0457813476242546,0.13852820874789,FALSE,FALSE
"1-5",12.5,-0.098723564062795,0.0262577316589038,0.0940068775319113,0.0461591162926636,0.13945443943528,FALSE,FALSE
"1-5",12.6,-0.0994581144459471,0.0264302811630164,0.0946721307662319,0.0465370994147567,0.140377092482292,FALSE,FALSE
"1-5",12.7,-0.100191343519811,0.0266019613958172,0.0953357001774122,0.0469152972708691,0.141296158641537,FALSE,FALSE
"1-5",12.8,-0.100923240784067,0.0267727666862009,0.0959975792602314,0.0472937100725472,0.142211628763791,FALSE,FALSE
"1-5",12.9,-0.101653795738394,0.0269426913999161,0.0966577615283504,0.0476723379615187,0.143123493798086,FALSE,FALSE
"1-5",13,-0.10238299788247,0.0271117299401992,0.0973162405141561,0.0480511810086454,0.144031744791842,FALSE,FALSE
"1-5",13.1,-0.103110836715975,0.0272798767484197,0.0979730097686065,0.0484302392128585,0.14493637289099,FALSE,FALSE
"1-5",13.2,-0.103837301738587,0.0274471263047372,0.0986280628610736,0.048809512500076,0.145837369340128,FALSE,FALSE
"1-5",13.3,-0.104562382449987,0.0276134731287689,0.0992813933791878,0.049189000722102,0.146734725482686,FALSE,FALSE
"1-5",13.4,-0.105286068349853,0.0277789117802697,0.0999329949286811,0.0495687036555061,0.147628432761102,FALSE,FALSE
"1-5",13.5,-0.106008348937864,0.0279434368598242,0.100582861133229,0.0499486210004855,0.148518482717025,FALSE,FALSE
"1-5",13.6,-0.106729213713699,0.0281070430095505,0.101230985634292,0.0503287523797064,0.149404866991527,FALSE,FALSE
"1-5",13.7,-0.107448652177037,0.0282697249138171,0.101877362090961,0.0507090973371257,0.150287577325336,FALSE,FALSE
"1-5",13.8,-0.108166653827558,0.0284314772999721,0.102521984179795,0.0510896553367933,0.151166605559081,FALSE,FALSE
"1-5",13.9,-0.108883208164941,0.0285922949390857,0.103164845594663,0.0514704257616325,0.152041943633568,FALSE,FALSE
"1-5",14,-0.109598304688864,0.0287521726467059,0.103805940046584,0.0518514079122001,0.152913583590057,FALSE,FALSE
"1-5",14.1,-0.110311932899007,0.0289111052836275,0.104445261263569,0.0522326010054246,0.153781517570571,FALSE,FALSE
"1-5",14.2,-0.111024082295049,0.0290690877566755,0.10508280299046,0.0526140041733228,0.154645737818221,FALSE,FALSE
"1-5",14.3,-0.111734742376669,0.0292261150195021,0.105718558988769,0.0529956164616939,0.155506236677546,FALSE,FALSE
"1-5",14.4,-0.112443902643546,0.0293821820733981,0.106352523036514,0.0533774368287904,0.156363006594883,FALSE,FALSE
"1-5",14.5,-0.113151552595359,0.0295372839681194,0.106984688928063,0.0537594641439659,0.157216040118746,FALSE,FALSE
"1-5",14.6,-0.113857681731787,0.0296914158027284,0.107615050473968,0.0541416971862995,0.158065329900233,FALSE,FALSE
"1-5",14.7,-0.11456227955251,0.0298445727264501,0.108243601500804,0.0545241346431948,0.158910868693457,FALSE,FALSE
"1-5",14.8,-0.115265335557206,0.0299967499395445,0.108870335851005,0.0549067751089559,0.159752649355994,FALSE,FALSE
"1-5",14.9,-0.115966839245555,0.0301479426941949,0.109495247382704,0.0552896170833365,0.160590664849351,FALSE,FALSE
"1-5",15,-0.116666780117236,0.0302981462954116,0.110118329969564,0.0556726589700635,0.161424908239468,FALSE,FALSE
"1-5",15.1,-0.117365147671927,0.0304473561019537,0.110739577500619,0.0560558990753351,0.162255372697234,FALSE,FALSE
"1-5",15.2,-0.118061931409309,0.030595567527266,0.111358983880107,0.0564393356062919,0.163082051499028,FALSE,FALSE
"1-5",15.3,-0.118757120829059,0.0307427760404347,0.111976543027305,0.0568229666694591,0.16390493802729,FALSE,FALSE
"1-5",15.4,-0.119450705430857,0.0308889771671598,0.112592248876366,0.0572067902691632,0.164724025771112,FALSE,FALSE
"1-5",15.5,-0.120142674714383,0.0310341664907459,0.113206095376152,0.0575908043059179,0.16553930832686,FALSE,FALSE
"1-5",15.6,-0.120833018179315,0.0311783396531111,0.113818076490064,0.0579750065747827,0.166350779398814,FALSE,FALSE
"1-5",15.7,-0.121521725325332,0.0313214923558145,0.114428186195884,0.0583593947636907,0.167158432799844,FALSE,FALSE
"1-5",15.8,-0.122208785652114,0.0314636203611033,0.115036418485601,0.0587439664517462,0.167962262452108,FALSE,FALSE
"1-5",15.9,-0.12289418865934,0.0316047194929788,0.115642767365246,0.0591287191074923,0.168762262387779,FALSE,FALSE
"1-5",16,-0.123577923846688,0.0317447856382824,0.116247226854725,0.059513650087146,0.169558426749804,FALSE,FALSE
"1-5",16.1,-0.124259980713838,0.0318838147478021,0.116849790987649,0.0598987566328018,0.170350749792687,FALSE,FALSE
"1-5",16.2,-0.124940348760469,0.0320218028373992,0.11745045381117,0.0602840358706016,0.171139225883305,FALSE,FALSE
"1-5",16.3,-0.12561901748626,0.0321587459891568,0.118049209385806,0.0606694848088729,0.171923849501756,FALSE,FALSE
"1-5",16.4,-0.12629597639089,0.032294640352549,0.118646051785277,0.0610551003362305,0.172704615242233,FALSE,FALSE
"1-5",16.5,-0.126971214974038,0.0324294821456325,0.11924097509633,0.0614408792196459,0.173481517813938,FALSE,FALSE
"1-5",16.6,-0.127644722735384,0.0325632676562607,0.119833973418576,0.0618268181024788,0.17425455204202,FALSE,FALSE
"1-5",16.7,-0.128316489174606,0.0326959932433198,0.120425040864312,0.0622129135024744,0.175023712868552,FALSE,FALSE
"1-5",16.8,-0.128986503791383,0.0328276553379895,0.121014171558357,0.0625991618097224,0.175788995353542,FALSE,FALSE
"1-5",16.9,-0.129654756085396,0.0329582504450263,0.121601359637876,0.0629855592845786,0.176550394675972,FALSE,FALSE
"1-5",17,-0.130321235556322,0.0330877751440717,0.122186599252209,0.063372102055549,0.177307906134884,FALSE,FALSE
"1-5",17.1,-0.13098593170384,0.0332162260909844,0.122769884562701,0.0637587861171331,0.178061525150491,FALSE,FALSE
"1-5",17.2,-0.131648834027631,0.0333436000191987,0.12335120974253,0.0641456073276285,0.17881124726533,FALSE,FALSE
"1-5",17.3,-0.132309932027373,0.0334698937411077,0.123930568976529,0.064532561406894,0.179557068145456,FALSE,FALSE
"1-5",17.4,-0.132969215202745,0.0335951041494729,0.12450795646102,0.0649196439340713,0.180298983581665,FALSE,FALSE
"1-5",17.5,-0.133626673053426,0.0337192282188611,0.125083366403634,0.0653068503452651,0.181036989490769,FALSE,FALSE
"1-5",17.6,-0.134282295079096,0.0338422630071078,0.125656793023144,0.0656941759311778,0.181771081916898,FALSE,FALSE
"1-5",17.7,-0.134936070779433,0.0339642056568086,0.126228230549282,0.0660816158347024,0.182501257032854,FALSE,FALSE
"1-5",17.8,-0.135587989654117,0.0340850533968391,0.126797673222571,0.0664691650484694,0.1832275111415,FALSE,FALSE
"1-5",17.9,-0.136238041202826,0.0342048035439037,0.127365115294149,0.0668568184123478,0.183949840677193,FALSE,FALSE
"1-5",18,-0.13688621492524,0.0343234535041134,0.127930551025589,0.0672445706108993,0.184668242207266,FALSE,FALSE
"1-5",18.1,-0.137532500321038,0.0344410007745946,0.128493974688729,0.0676324161707846,0.18538271243354,FALSE,FALSE
"1-5",18.2,-0.138176886889899,0.0345574429451268,0.129055380565492,0.0680203494581225,0.186093248193903,FALSE,FALSE
"1-5",18.3,-0.138819364131502,0.0346727776998136,0.129614762947708,0.0684083646757976,0.186799846463915,FALSE,FALSE
"1-5",18.4,-0.139459921545526,0.0347870028187838,0.130172116136943,0.0687964558607178,0.18750250435847,FALSE,FALSE
"1-5",18.5,-0.14009854863165,0.0349001161799256,0.130727434444314,0.0691846168810224,0.188201219133506,FALSE,FALSE
"1-5",18.6,-0.140735234889554,0.0350121157606541,0.131280712190317,0.0695728414332342,0.188895988187765,FALSE,FALSE
"1-5",18.7,-0.141369969818916,0.0351229996397115,0.131831943704645,0.0699611230393611,0.189586809064593,FALSE,FALSE
"1-5",18.8,-0.142002742919416,0.0352327659990029,0.132381123326012,0.0703494550439417,0.190273679453807,FALSE,FALSE
"1-5",18.9,-0.142633543690732,0.035341413125466,0.132928245401971,0.0707378306110362,0.1909565971936,FALSE,FALSE
"1-5",19,-0.143262361632544,0.0354489394129766,0.133473304288737,0.0711262427211594,0.191635560272508,FALSE,FALSE
"1-5",19.1,-0.143889186447521,0.0355553435675035,0.134016294526792,0.0715146839868173,0.192310567317081,FALSE,FALSE
"1-5",19.2,-0.1445140138332,0.0356606303890584,0.134557215852696,0.0719031415109581,0.192981631408592,FALSE,FALSE
"1-5",19.3,-0.145136846326847,0.035764811533504,0.13509607391348,0.0722915962971099,0.193648781908145,FALSE,FALSE
"1-5",19.4,-0.145757686838608,0.0358678989976174,0.13563287465851,0.0726800291065657,0.194312048891515,FALSE,FALSE
"1-5",19.5,-0.146376538278633,0.0359699047429093,0.136167624016466,0.0730684207967582,0.194971462253156,FALSE,FALSE
"1-5",19.6,-0.146993403557067,0.0360708406937626,0.136700327895442,0.0734567523244999,0.195627051704707,FALSE,FALSE
"1-5",19.7,-0.147608285584059,0.0361707187356079,0.137230992183041,0.0738450047491426,0.196278846773546,FALSE,FALSE
"1-5",19.8,-0.148221187269755,0.0362695507131336,0.137759622746469,0.0742331592356639,0.196926876801405,FALSE,FALSE
"1-5",19.9,-0.148832111524304,0.0363673484285297,0.138286225432629,0.0746211970576781,0.197571170943032,FALSE,FALSE
"1-5",20,-0.149441061257853,0.0364641236397641,0.138810806068217,0.0750090996003794,0.198211758164904,FALSE,FALSE
"1-5",20.1,-0.150048039380548,0.0365598880588901,0.139333370459815,0.0753968483634143,0.198848667243986,FALSE,FALSE
"1-5",20.2,-0.150653048802539,0.0366546533503839,0.139853924393984,0.07578442496369,0.19948192676653,FALSE,FALSE
"1-5",20.3,-0.151256092433971,0.0367484311295117,0.140372473637356,0.0761718111381183,0.200111565126924,FALSE,FALSE
"1-5",20.4,-0.151857173184993,0.0368412329607246,0.140889023936727,0.0765589887462976,0.200737610526576,FALSE,FALSE
"1-5",20.5,-0.152456293965751,0.0369330703560808,0.141403581019153,0.0769459397731346,0.20136009097284,FALSE,FALSE
"1-5",20.6,-0.153053457686394,0.0370239547736951,0.141916150592033,0.0773326463314078,0.201979034277976,FALSE,FALSE
"1-5",20.7,-0.153648667257069,0.0371138976162133,0.14242673834321,0.077719090664274,0.202594468058153,FALSE,FALSE
"1-5",20.8,-0.154241925587923,0.0372029102293124,0.142935349941055,0.0781052551477193,0.203206419732478,FALSE,FALSE
"1-5",20.9,-0.154833235589104,0.0372910039002251,0.143441991034558,0.0784911222929562,0.203814916522063,FALSE,FALSE
"1-5",21,-0.155422600170758,0.0373781898562881,0.143946667253422,0.0788766747487676,0.204419985449127,FALSE,FALSE
"1-5",21.1,-0.156010022243034,0.0374644792635143,0.144449384208149,0.0792618953038,0.205021653336125,FALSE,FALSE
"1-5",21.2,-0.156595504716079,0.0375498832251873,0.144950147490131,0.0796467668888046,0.205619946804905,FALSE,FALSE
"1-5",21.3,-0.15717905050004,0.037634412780479,0.145448962671737,0.0800312725788305,0.206214892275906,FALSE,FALSE
"1-5",21.4,-0.157760662505065,0.0377180789030889,0.145945835306402,0.0804153955953685,0.206806515967368,FALSE,FALSE
"1-5",21.5,-0.158340343641301,0.0378008924999053,0.146440770928718,0.0807991193084471,0.207394843894587,FALSE,FALSE
"1-5",21.6,-0.158918096818896,0.037882864409688,0.146933775054515,0.0811824272386821,0.20797990186918,FALSE,FALSE
"1-5",21.7,-0.159493924947997,0.0379640054017722,0.147424853180956,0.0815653030592789,0.208561715498397,FALSE,FALSE
"1-5",21.8,-0.160067830938752,0.0380443261747929,0.147914010786618,0.0819477305979908,0.209140310184435,FALSE,FALSE
"1-5",21.9,-0.160639817701307,0.038123837355431,0.148401253331579,0.0823296938390307,0.209715711123802,FALSE,FALSE
"1-5",22,-0.16120988814581,0.0382025494971786,0.148886586257509,0.0827111769249396,0.210287943306685,FALSE,FALSE
"1-5",22.1,-0.16177804518241,0.0382804730791259,0.14937001498775,0.0830921641584103,0.210857031516361,FALSE,FALSE
"1-5",22.2,-0.162344291721253,0.0383576185047676,0.149851544927401,0.0834726400040682,0.211423000328616,FALSE,FALSE
"1-5",22.3,-0.162908630672486,0.03843399610083,0.15033118146341,0.0838525890902084,0.211985874111203,FALSE,FALSE
"1-5",22.4,-0.163471064946257,0.0385096161161174,0.150808929964651,0.0842319962104906,0.212545677023311,FALSE,FALSE
"1-5",22.5,-0.164031597452714,0.0385844887203798,0.151284795782009,0.0846108463255909,0.213102433015071,FALSE,FALSE
"1-5",22.6,-0.164590231102004,0.0386586240031994,0.151758784248469,0.0849891245648118,0.21365616582707,FALSE,FALSE
"1-5",22.7,-0.165146968804274,0.0387320319728982,0.152230900679195,0.0853668162276501,0.214206898989907,FALSE,FALSE
"1-5",22.8,-0.165701813469672,0.0388047225554648,0.152701150371611,0.0857439067853223,0.214754655823753,FALSE,FALSE
"1-5",22.9,-0.166254768008346,0.0388767055935017,0.153169538605492,0.0861203818822498,0.215299459437953,FALSE,FALSE
"1-5",23,-0.166805835330442,0.0389479908451932,0.153636070643035,0.0864962273375004,0.215841332730637,FALSE,FALSE
"1-5",23.1,-0.167355018346108,0.0390185879832929,0.154100751728951,0.0868714291461902,0.216380298388361,FALSE,FALSE
"1-5",23.2,-0.167902319965491,0.0390885065941316,0.154563587090541,0.0872459734808424,0.216916378885773,FALSE,FALSE
"1-5",23.3,-0.16844774309874,0.0391577561766464,0.155024581937777,0.0876198466927061,0.217449596485299,FALSE,FALSE
"1-5",23.4,-0.168991290656001,0.0392263461414297,0.155483741463387,0.0879930353130323,0.217979973236852,FALSE,FALSE
"1-5",23.5,-0.169532965547422,0.0392942858097989,0.15594107084293,0.0883655260543093,0.218507530977572,FALSE,FALSE
"1-5",23.6,-0.17007277068315,0.0393615844128877,0.15639657523488,0.0887373058114558,0.219032291331579,FALSE,FALSE
"1-5",23.7,-0.170610708973333,0.0394282510907579,0.156850259780705,0.0891083616629731,0.21955427570976,FALSE,FALSE
"1-5",23.8,-0.171146783328118,0.0394942948915325,0.157302129604947,0.0894786808720542,0.220073505309578,FALSE,FALSE
"1-5",23.9,-0.171680996657652,0.0395597247705505,0.157752189815297,0.089848250887653,0.220590001114899,FALSE,FALSE
"1-5",24,-0.172213351872084,0.0396245495895435,0.15820044550268,0.0902170593455093,0.221103783895853,FALSE,FALSE
"1-5",24.1,-0.17274385188156,0.0396887781158334,0.158646901741328,0.0905850940691328,0.221614874208716,FALSE,FALSE
"1-5",24.2,-0.173272499596228,0.039752419021553,0.15909156358886,0.090952343070745,0.222123292395815,FALSE,FALSE
"1-5",24.3,-0.173799297926235,0.039815480882889,0.159534436086363,0.0913187945521773,0.222629058585465,FALSE,FALSE
"1-5",24.4,-0.174324249781729,0.0398779721793465,0.159975524258461,0.091684436905727,0.223132192691925,FALSE,FALSE
"1-5",24.5,-0.174847358072857,0.0399399012930377,0.160414833113402,0.092049258714971,0.223632714415385,FALSE,FALSE
"1-5",24.6,-0.175368625709766,0.0400012765079926,0.160852367643127,0.0924132487555346,0.224130643241978,FALSE,FALSE
"1-5",24.7,-0.175888055602605,0.0400621060094936,0.16128813282335,0.0927763959958182,0.224625998443818,FALSE,FALSE
"1-5",24.8,-0.17640565066152,0.0401223978834337,0.161722133613632,0.0931386895976797,0.225118799079067,FALSE,FALSE
"1-5",24.9,-0.176921413796659,0.040182160115698,0.16215437495746,0.0935001189170729,0.225609063992027,FALSE,FALSE
"1-5",25,-0.177435347918169,0.0402414005915702,0.162584861782318,0.0938606735046419,0.226096811813264,FALSE,FALSE
"1-5",25.1,-0.177947455936198,0.0403001270951626,0.163013598999765,0.0942203431062706,0.226582060959758,FALSE,FALSE
"1-5",25.2,-0.178457740760893,0.0403583473088719,0.163440591505508,0.0945791176635875,0.227064829635077,FALSE,FALSE
"1-5",25.3,-0.178966205302402,0.0404160688128584,0.163865844179478,0.0949369873144256,0.227545135829591,FALSE,FALSE
"1-5",25.4,-0.179472852470872,0.0404732990845522,0.164289361885903,0.0952939423932366,0.228022997320704,FALSE,FALSE
"1-5",25.5,-0.17997768517645,0.040530045498184,0.16471114947338,0.0956499734314596,0.228498431673123,FALSE,FALSE
"1-5",25.6,-0.180480706329284,0.0405863153243415,0.165131211774953,0.0960050711578435,0.228971456239153,FALSE,FALSE
"1-5",25.7,-0.180981918839522,0.0406421157295527,0.16554955360818,0.0963592264987236,0.229442088159024,FALSE,FALSE
"1-5",25.8,-0.18148132561731,0.0406974537758952,0.165966179775212,0.0967124305782512,0.229910344361254,FALSE,FALSE
"1-5",25.9,-0.181978929572797,0.0407523364206321,0.166381095062859,0.0970646747185763,0.23037624156303,FALSE,FALSE
"1-5",26,-0.182474733616129,0.0408067705158754,0.16679430424267,0.0974159504399831,0.230839796270636,FALSE,FALSE
"1-5",26.1,-0.182968740657454,0.0408607628082759,0.167205812070995,0.0977662494609787,0.231301024779902,FALSE,FALSE
"1-5",26.2,-0.18346095360692,0.0409143199387416,0.167615623289065,0.0981155636983323,0.231759943176691,FALSE,FALSE
"1-5",26.3,-0.183951375374673,0.0409674484421833,0.16802374262306,0.0984638852670684,0.232216567337415,FALSE,FALSE
"1-5",26.4,-0.184440008870862,0.0410201547472885,0.168430174784178,0.0988112064804096,0.232670912929588,FALSE,FALSE
"1-5",26.5,-0.184926857005634,0.0410724451763243,0.168834924468708,0.0991575198496721,0.23312299541241,FALSE,FALSE
"1-5",26.6,-0.185411922689136,0.0411243259449678,0.169237996358099,0.0995028180841118,0.233572830037384,FALSE,FALSE
"1-5",26.7,-0.185895208831516,0.0411758031621669,0.169639395119033,0.0998470940907198,0.234020431848969,FALSE,FALSE
"1-5",26.8,-0.186376718342921,0.0412268828300296,0.170039125403489,0.100190340973971,0.234465815685271,FALSE,FALSE
"1-5",26.9,-0.186856454133498,0.0412775708437426,0.170437191848817,0.10053255203552,0.234908996178755,FALSE,FALSE
"1-5",27,-0.187334419113395,0.0413278729915206,0.170833599077805,0.10087372077385,0.235349987757014,FALSE,FALSE
"1-5",27.1,-0.18781061619276,0.0413777949545849,0.171228351698749,0.101213840883866,0.235788804643551,FALSE,FALSE
"1-5",27.2,-0.18828504828174,0.0414273423071729,0.171621454305521,0.101552906256443,0.236225460858617,FALSE,FALSE
"1-5",27.3,-0.188757718290481,0.0414765205165776,0.172012911477635,0.101890910977921,0.236659970220067,FALSE,FALSE
"1-5",27.4,-0.189228629129133,0.0415253349432186,0.172402727780319,0.102227849329548,0.237092346344265,FALSE,FALSE
"1-5",27.5,-0.189697783707841,0.0415737908407435,0.172790907764579,0.102563715786873,0.237522602647025,FALSE,FALSE
"1-5",27.6,-0.190165184936754,0.0416218933561617,0.173177455967268,0.102898505019084,0.237950752344581,FALSE,FALSE
"1-5",27.7,-0.190630835726019,0.0416696475300085,0.173562376911153,0.103232211888298,0.238376808454601,FALSE,FALSE
"1-5",27.8,-0.191094738985784,0.0417170582965421,0.173945675104981,0.1035648314488,0.238800783797237,FALSE,FALSE
"1-5",27.9,-0.191556897626195,0.0417641304839719,0.174327355043546,0.103896358946221,0.239222690996217,FALSE,FALSE
"1-5",28,-0.192017314557401,0.0418108688147196,0.174707421207755,0.104226789816675,0.239642542479964,FALSE,FALSE
"1-5",28.1,-0.192475992689548,0.0418572779057123,0.175085878064693,0.104556119685832,0.240060350482769,FALSE,FALSE
"1-5",28.2,-0.192932934932784,0.0419033622687088,0.175462730067691,0.104884344367948,0.240476127045988,FALSE,FALSE
"1-5",28.3,-0.193388144197257,0.0419491263106585,0.175837981656388,0.105211459864836,0.240889884019288,FALSE,FALSE
"1-5",28.4,-0.193841623393114,0.0419945743340932,0.176211637256798,0.10553746236478,0.241301633061928,FALSE,FALSE
"1-5",28.5,-0.194293375430503,0.0420397105375528,0.176583701281376,0.105862348241408,0.241711385644081,FALSE,FALSE
"1-5",28.6,-0.19474340321957,0.0420845390160438,0.17695417812908,0.106186114052496,0.242119153048195,FALSE,FALSE
"1-5",28.7,-0.195191709670464,0.0421290637615321,0.177323072185434,0.106508756538729,0.242524946370392,FALSE,FALSE
"1-5",28.8,-0.195638297693331,0.0421732886634689,0.177690387822599,0.106830272622404,0.242928776521911,FALSE,FALSE
"1-5",28.9,-0.19608317019832,0.0422172175093514,0.178056129399426,0.107150659406077,0.24333065423059,FALSE,FALSE
"1-5",29,-0.196526330095577,0.0422608539853171,0.17842030126153,0.107469914171162,0.243730590042386,FALSE,FALSE
"1-5",29.1,-0.19696778029525,0.0423042016767725,0.178782907741346,0.107788034376464,0.244128594322936,FALSE,FALSE
"1-5",29.2,-0.197407523707486,0.0423472640690566,0.179143953158193,0.10810501765667,0.244524677259164,FALSE,FALSE
"1-5",29.3,-0.197845563242434,0.0423900445481386,0.179503441818339,0.108420861820781,0.244918848860923,FALSE,FALSE
"1-5",29.4,-0.19828190181024,0.0424325464013507,0.179861378015063,0.108735564850479,0.245311118962679,FALSE,FALSE
"1-5",29.5,-0.198716542321051,0.0424747728181554,0.180217766028714,0.10904912489846,0.245701497225242,FALSE,FALSE
"1-5",29.6,-0.199149487685016,0.0425167268909485,0.180572610126776,0.109361540286689,0.246089993137528,FALSE,FALSE
"1-5",29.7,-0.199580740812281,0.042558411615896,0.180925914563929,0.109672809504617,0.246476616018372,FALSE,FALSE
"1-5",29.8,-0.200010304612995,0.0425998298938079,0.181277683582107,0.109982931207336,0.246861375018379,FALSE,FALSE
"1-5",29.9,-0.200438181997304,0.0426409845310459,0.181627921410565,0.110291904213675,0.247244279121815,FALSE,FALSE
"1-5",30,-0.200864375875355,0.0426818782404674,0.181976632265934,0.110599727504251,0.247625337148544,FALSE,FALSE
"1-5",30.1,-0.201288889157298,0.0427225136424045,0.182323820352285,0.110906400219452,0.248004557756001,FALSE,FALSE
"1-5",30.2,-0.201711724753277,0.0427628932656797,0.182669489861189,0.111211921657378,0.248381949441216,FALSE,FALSE
"1-5",30.3,-0.202132885573443,0.0428030195486555,0.183013644971773,0.111516291271712,0.248757520542868,FALSE,FALSE
"1-5",30.4,-0.20255237452794,0.042842894840322,0.183356289850787,0.111819508669549,0.249131279243392,FALSE,FALSE
"1-5",30.5,-0.202970194526918,0.0428825214014186,0.183697428652657,0.11212157360916,0.249503233571125,FALSE,FALSE
"1-5",30.6,-0.203386348480524,0.0429219014055928,0.184037065519548,0.112422485997705,0.24987339140249,FALSE,FALSE
"1-5",30.7,-0.203800839298904,0.0429610369405943,0.184375204581419,0.11272224588889,0.250241760464226,FALSE,FALSE
"1-5",30.8,-0.204213669892207,0.0429999300095061,0.184711849956088,0.113020853480564,0.250608348335663,FALSE,FALSE
"1-5",30.9,-0.204624843170579,0.0430385825320107,0.185047005749285,0.11331830911227,0.250973162451035,FALSE,FALSE
"1-5",31,-0.205034362044169,0.0430769963456933,0.185380676054712,0.113614613262726,0.251336210101835,FALSE,FALSE
"1-5",31.1,-0.205442229423123,0.0431151732073812,0.185712864954102,0.113909766547266,0.25169749843922,FALSE,FALSE
"1-5",31.2,-0.20584844821759,0.043153114794519,0.186043576517276,0.114203769715215,0.252057034476446,FALSE,FALSE
"1-5",31.3,-0.206253021337716,0.0431908227065808,0.1863728148022,0.114496623647208,0.252414825091358,FALSE,FALSE
"1-5",31.4,-0.206655951693649,0.0432282984665187,0.186700583855044,0.114788329352462,0.252770877028917,FALSE,FALSE
"1-5",31.5,-0.207057242195536,0.0432655435222473,0.187026887710235,0.115078887965981,0.253125196903768,FALSE,FALSE
"1-5",31.6,-0.207456895753525,0.0433025592481655,0.187351730390521,0.115368300745718,0.253477791202853,FALSE,FALSE
"1-5",31.7,-0.207854915277763,0.043339346946714,0.18767511590702,0.115656569069667,0.253828666288068,FALSE,FALSE
"1-5",31.8,-0.208251303678399,0.0433759078499699,0.187997048259282,0.115943694432911,0.25417782839896,FALSE,FALSE
"1-5",31.9,-0.208646063865578,0.0434122431212777,0.18831753143534,0.116229678444608,0.254525283655469,FALSE,FALSE
"1-5",32,-0.209039198749449,0.0434483538569174,0.188636569411771,0.116514522824927,0.254871038060711,FALSE,FALSE
"1-5",32.1,-0.209430711240158,0.0434842410878082,0.188954166153749,0.11679822940192,0.255215097503802,FALSE,FALSE
"1-5",32.2,-0.209820604247855,0.0435199057812503,0.1892703256151,0.117080800108344,0.255557467762733,FALSE,FALSE
"1-5",32.3,-0.210208880682685,0.0435553488427021,0.189585051738358,0.11736223697843,0.255898154507277,FALSE,FALSE
"1-5",32.4,-0.210595543454796,0.0435905711175953,0.189898348454822,0.11764254214459,0.256237163301944,FALSE,FALSE
"1-5",32.5,-0.210980595474336,0.0436255733931857,0.190210219684605,0.117921717834069,0.256574499608984,FALSE,FALSE
"1-5",32.6,-0.211364039651452,0.0436603564004417,0.190520669336696,0.118199766365548,0.256910168791421,FALSE,FALSE
"1-5",32.7,-0.211745878896292,0.0436949208159694,0.190829701309008,0.118476690145685,0.257244176116139,FALSE,FALSE
"1-5",32.8,-0.212126116119003,0.043729267263974,0.191137319488435,0.1187524916656,0.257576526757011,FALSE,FALSE
"1-5",32.9,-0.212504754229732,0.0437633963182592,0.191443527750906,0.119027173497311,0.257907225798065,FALSE,FALSE
"1-5",33,-0.212881796138627,0.0437973085042623,0.191748329961437,0.119300738290104,0.258236278236697,FALSE,FALSE
"1-5",33.1,-0.213257244755835,0.0438310043011271,0.192051729974188,0.119573188766859,0.258563688986928,FALSE,FALSE
"1-5",33.2,-0.213631102991504,0.0438644841438137,0.192353731632511,0.119844527720312,0.2588894628827,FALSE,FALSE
"1-5",33.3,-0.214003373755782,0.0438977484252449,0.192654338769006,0.120114758009262,0.25921360468122,FALSE,FALSE
"1-5",33.4,-0.214374059958815,0.0439307974984902,0.192953555205574,0.120383882554727,0.259536119066343,FALSE,FALSE
"1-5",33.5,-0.214743164510751,0.0439636316789863,0.193251384753469,0.120651904336038,0.259857010652001,FALSE,FALSE
"1-5",33.6,-0.215110690321737,0.0439962512467956,0.19354783121335,0.120918826386883,0.260176283985674,FALSE,FALSE
"1-5",33.7,-0.215476640301921,0.0440286564489012,0.193842898375333,0.121184651791291,0.260493943551903,FALSE,FALSE
"1-5",33.8,-0.215841017361451,0.0440608475015392,0.194136590019044,0.121449383679562,0.260809993775851,FALSE,FALSE
"1-5",33.9,-0.216203824410473,0.0440928245925687,0.194428909913668,0.121713025224138,0.261124439026901,FALSE,FALSE
"1-5",34,-0.216565064359136,0.0441245878838786,0.194719861818006,0.121975579635425,0.261437283622305,FALSE,FALSE
"1-5",34.1,-0.216924740117586,0.0441561375138326,0.195009449480518,0.122237050157549,0.261748531830867,FALSE,FALSE
"1-5",34.2,-0.217282854595971,0.0441874735997508,0.195297676639383,0.122497440064062,0.262058187876683,FALSE,FALSE
"1-5",34.3,-0.217639410704439,0.0442185962404295,0.195584547022542,0.122756752653594,0.262366255942911,FALSE,FALSE
"1-5",34.4,-0.217994411353137,0.044249505518698,0.195870064347755,0.123014991245441,0.262672740175593,FALSE,FALSE
"1-5",34.5,-0.218347859452212,0.0442802015040139,0.196154232322647,0.1232721591751,0.262977644687521,FALSE,FALSE
"1-5",34.6,-0.218699757911811,0.0443106842550954,0.196437054644761,0.12352825978975,0.263280973562145,FALSE,FALSE
"1-5",34.7,-0.219050109642083,0.0443409538225917,0.196718535001604,0.123783296443675,0.263582730857526,FALSE,FALSE
"1-5",34.8,-0.219398917553175,0.0443710102517916,0.196998677070703,0.124037272493625,0.263882920610332,FALSE,FALSE
"1-5",34.9,-0.219746184555234,0.0444008535853699,0.197277484519651,0.124290191294125,0.264181546839882,FALSE,FALSE
"1-5",35,-0.220091913558407,0.0444304838661715,0.197554961006154,0.124542056192728,0.264478613552234,FALSE,FALSE
"1-5",35.1,-0.220436107472842,0.0444599011400348,0.197831110178086,0.124792870525206,0.264774124744314,FALSE,FALSE
"1-5",35.2,-0.220778769208687,0.0444891054586519,0.198105935673533,0.125042637610684,0.265068084408096,FALSE,FALSE
"1-5",35.3,-0.221119901676088,0.0445180968824692,0.198379441120845,0.125291360746723,0.265360496534823,FALSE,FALSE
"1-5",35.4,-0.221459507785194,0.0445468754836243,0.198651630138682,0.125539043204333,0.265651365119275,FALSE,FALSE
"1-5",35.5,-0.221797590446151,0.0445754413489236,0.198922506336066,0.125785688222942,0.265940694164085,FALSE,FALSE
"1-5",35.6,-0.222134152569108,0.044603794582857,0.199192073312425,0.126031299005292,0.266228487684096,FALSE,FALSE
"1-5",35.7,-0.22246919706421,0.044631935310653,0.199460334657643,0.12627587871229,0.266514749710771,FALSE,FALSE
"1-5",35.8,-0.222802726841607,0.0446598636813718,0.19972729395211,0.126519430457792,0.26679948429664,FALSE,FALSE
"1-5",35.9,-0.223134744811446,0.0446875798710377,0.199992954766767,0.126761957303328,0.267082695519803,FALSE,FALSE
"1-5",36,-0.223465253883873,0.0447150840858114,0.200257320663152,0.127003462252772,0.267364387488475,FALSE,FALSE
"1-5",36.1,-0.223794256969036,0.044742376565201,0.200520395193452,0.127243948246953,0.267644564345579,FALSE,FALSE
"1-5",36.2,-0.224121756977083,0.0447694575853135,0.200782181900545,0.127483418158197,0.267923230273386,FALSE,FALSE
"1-5",36.3,-0.224447756818162,0.0447963274621447,0.201042684318052,0.127721874784823,0.268200389498203,FALSE,FALSE
"1-5",36.4,-0.224772259402418,0.0448229865549103,0.201301905970379,0.127959320845567,0.268476046295108,FALSE,FALSE
"1-5",36.5,-0.225095267640001,0.0448494352694167,0.201559850372766,0.128195758973952,0.268750204992737,FALSE,FALSE
"1-5",36.6,-0.225416784441057,0.0448756740614713,0.201816521031333,0.128431191712596,0.269022869978111,FALSE,FALSE
"1-5",36.7,-0.225736812715734,0.0449017034403338,0.202071921443127,0.128665621507458,0.269294045701523,FALSE,FALSE
"1-5",36.8,-0.22605535537418,0.044927523972208,0.202326055096165,0.128899050702021,0.269563736681462,FALSE,FALSE
"1-5",36.9,-0.226372415326541,0.0449531362837742,0.202578925469483,0.129131481531422,0.269831947509597,FALSE,FALSE
"1-5",37,-0.226687995482965,0.044978541065762,0.202830536033181,0.129362916116506,0.270098682855802,FALSE,FALSE
"1-5",37.1,-0.2270020987536,0.0450037390765644,0.203080890248466,0.129593356457834,0.270363947473234,FALSE,FALSE
"1-5",37.2,-0.227314728048593,0.0450287311458933,0.2033299915677,0.129822804429613,0.270627746203465,FALSE,FALSE
"1-5",37.3,-0.227625886278091,0.0450535181784756,0.203577843434444,0.130051261773579,0.270890083981655,FALSE,FALSE
"1-5",37.4,-0.227935576352242,0.0450781011577912,0.203824449283504,0.130278730092802,0.271150965841787,FALSE,FALSE
"1-5",37.5,-0.228243801181193,0.0451024811498525,0.204069812540972,0.13050521084544,0.271410396921939,FALSE,FALSE
"1-5",37.6,-0.228550563675092,0.0451266593070251,0.204313936624276,0.130730705338424,0.271668382469621,FALSE,FALSE
"1-5",37.7,-0.228855866744087,0.0451506368718913,0.20455682494222,0.13095521472108,0.271924927847156,FALSE,FALSE
"1-5",37.8,-0.229159713298324,0.0451744151811545,0.204798480895029,0.131178739978684,0.272180038537109,FALSE,FALSE
"1-5",37.9,-0.229462106247951,0.0451979956695864,0.205038907874395,0.131401281925965,0.272433720147778,FALSE,FALSE
"1-5",38,-0.229763048503115,0.0452213798740157,0.205278109263519,0.131622841200526,0.272685978418725,FALSE,FALSE
"1-5",38.1,-0.230062542973965,0.04524456943736,0.205516088437156,0.131843418256216,0.27293681922637,FALSE,FALSE
"1-5",38.2,-0.23036059257029,0.0452675661128679,0.205752848761371,0.13206301335583,0.273186248589612,FALSE,FALSE
"1-5",38.3,-0.230657199881813,0.0452903719193389,0.205988393339737,0.132281626029946,0.273434272658411,FALSE,FALSE
"1-5",38.4,-0.230952366589239,0.0453129894229049,0.206222724546246,0.132499254087805,0.273680897687021,FALSE,FALSE
"1-5",38.5,-0.231246094212986,0.0453354213821711,0.206455844620571,0.132715894872031,0.273926130072524,FALSE,FALSE
"1-5",38.6,-0.231538384273475,0.0453576706686103,0.20668775579543,0.132931545533449,0.274169976357767,FALSE,FALSE
"1-5",38.7,-0.231829238291125,0.0453797402625864,0.206918460296616,0.133146203038039,0.274412443225543,FALSE,FALSE
"1-5",38.8,-0.232118657786354,0.0454016332494334,0.207147960343017,0.13335986417379,0.274653537492872,FALSE,FALSE
"1-5",38.9,-0.232406644279584,0.0454233528155874,0.207376258146648,0.13357252555745,0.274893266105372,FALSE,FALSE
"1-5",39,-0.232693199291234,0.0454449022447734,0.207603355912673,0.133784183641166,0.275131636131717,FALSE,FALSE
"1-5",39.1,-0.232978324341723,0.0454662849142434,0.207829255839432,0.133994834719026,0.275368654758189,FALSE,FALSE
"1-5",39.2,-0.23326202095147,0.0454875042910674,0.208053960118463,0.134204474933503,0.275604329283316,FALSE,FALSE
"1-5",39.3,-0.233544290640897,0.0455085639284751,0.208277470934534,0.134413100281796,0.275838667112588,FALSE,FALSE
"1-5",39.4,-0.233825134930421,0.045529467462248,0.208499790465663,0.134620706622074,0.276071675753273,FALSE,FALSE
"1-5",39.5,-0.234104555340462,0.0455502186071621,0.208720920883145,0.134827289679627,0.276303362809299,FALSE,FALSE
"1-5",39.6,-0.234382553391441,0.0455708211534788,0.208940864351575,0.135032845052918,0.276533735976233,FALSE,FALSE
"1-5",39.7,-0.234659130603777,0.0455912789634857,0.209159623028879,0.135237368219545,0.276762803036327,FALSE,FALSE
"1-5",39.8,-0.234934288497889,0.0456115959680838,0.20937719906633,0.13544085454211,0.276990571853655,FALSE,FALSE
"1-5",39.9,-0.235208028594198,0.0456317761634235,0.209593594608582,0.135643299273994,0.277217050369322,FALSE,FALSE
"1-5",40,-0.235480352413121,0.0456518236075866,0.209808811793687,0.13584469756505,0.277442246596748,FALSE,FALSE
"1-5",40.1,-0.23575126147508,0.0456717424173153,0.210022852753125,0.136045044467196,0.277666168617034,FALSE,FALSE
"1-5",40.2,-0.236020757300494,0.0456915367647857,0.210235719611827,0.136244334939933,0.277888824574397,FALSE,FALSE
"1-5",40.3,-0.236288841409783,0.0457112108744281,0.210447414488199,0.136442563855769,0.278110222671684,FALSE,FALSE
"1-5",40.4,-0.236555515323365,0.0457307690197909,0.210657939494145,0.136639726005559,0.278330371165954,FALSE,FALSE
"1-5",40.5,-0.236820780561661,0.045750215520449,0.210867296735095,0.136835816103762,0.278549278364132,FALSE,FALSE
"1-5",40.6,-0.23708463864509,0.0457695547389564,0.211075488310027,0.137030828793618,0.278766952618737,FALSE,FALSE
"1-5",40.7,-0.237347091094072,0.0457887910778419,0.211282516311491,0.137224758652235,0.278983402323677,FALSE,FALSE
"1-5",40.8,-0.237608139429027,0.0458079289766472,0.211488382825633,0.137417600195603,0.279198635910115,FALSE,FALSE
"1-5",40.9,-0.237867785170373,0.0458269729090089,0.21169308993222,0.137609347883524,0.279412661842397,FALSE,FALSE
"1-5",41,-0.238126029838531,0.0458459273797813,0.211896639704664,0.13779999612446,0.279625488614057,FALSE,FALSE
"1-5",41.1,-0.23838287495392,0.0458647969222017,0.212099034210045,0.13798953928031,0.279837124743881,FALSE,FALSE
"1-5",41.2,-0.23863832203696,0.045883586095097,0.212300275509135,0.138177971671103,0.280047578772036,FALSE,FALSE
"1-5",41.3,-0.238892372608071,0.0459022994801315,0.212500365656421,0.138365287579613,0.28025685925627,FALSE,FALSE
"1-5",41.4,-0.239145028187671,0.0459209416790956,0.212699306700131,0.138551481255904,0.280464974768171,FALSE,FALSE
"1-5",41.5,-0.239396290296182,0.0459395173112349,0.212897100682254,0.138736546921797,0.280671933889492,FALSE,FALSE
"1-5",41.6,-0.239646160454021,0.0459580310106194,0.213093749638566,0.138920478775257,0.280877745208535,FALSE,FALSE
"1-5",41.7,-0.239894640181609,0.0459764874235535,0.213289255598653,0.139103270994714,0.281082417316607,FALSE,FALSE
"1-5",41.8,-0.240141730999366,0.0459948912060244,0.213483620585935,0.139284917743303,0.281285958804521,FALSE,FALSE
"1-5",41.9,-0.24038743442771,0.0460132470211918,0.213676846617685,0.13946541317304,0.281488378259177,FALSE,FALSE
"1-5",42,-0.240631751987062,0.0460315595369154,0.213868935705057,0.139644751428914,0.28168968426019,FALSE,FALSE
"1-5",42.1,-0.240874685197842,0.0460498334233224,0.214059889853108,0.139822926652918,0.281889885376583,FALSE,FALSE
"1-5",42.2,-0.241116235580468,0.046068073350414,0.21424971106082,0.139999932988,0.282088990163544,FALSE,FALSE
"1-5",42.3,-0.24135640465536,0.0460862839857104,0.214438401321121,0.140175764581951,0.282287007159229,FALSE,FALSE
"1-5",42.4,-0.241595193942939,0.0461044699919348,0.214625962620913,0.140350415591215,0.282483944881642,FALSE,FALSE
"1-5",42.5,-0.241832604963623,0.0461226360247356,0.214812396941089,0.140523880184636,0.282679811825557,FALSE,FALSE
"1-5",42.6,-0.242068639237832,0.0461407867304476,0.21499770625656,0.140696152547127,0.282874616459509,FALSE,FALSE
"1-5",42.7,-0.242303298285987,0.0461589267438909,0.215181892536275,0.140867226883279,0.283068367222837,FALSE,FALSE
"1-5",42.8,-0.242536583628505,0.046177060686209,0.215364957743245,0.141037097420895,0.283261072522789,FALSE,FALSE
"1-5",42.9,-0.242768496785808,0.0461951931627438,0.215546903834563,0.141205758414457,0.283452740731675,FALSE,FALSE
"1-5",43,-0.242999039278314,0.0462133287609501,0.215727732761431,0.141373204148525,0.283643380184092,FALSE,FALSE
"1-5",43.1,-0.243228212626443,0.0462314720483474,0.215907446469176,0.141539428941066,0.283832999174191,FALSE,FALSE
"1-5",43.2,-0.243456018350615,0.0462496275705094,0.216086046897279,0.14170442714672,0.284021605953007,FALSE,FALSE
"1-5",43.3,-0.24368245797125,0.0462677998490929,0.216263535979391,0.141868193159994,0.284209208725846,FALSE,FALSE
"1-5",43.4,-0.243907533008767,0.0462859933799032,0.216439915643359,0.142030721418388,0.284395815649728,FALSE,FALSE
"1-5",43.5,-0.244131244983585,0.0463042126309981,0.216615187811247,0.14219200640546,0.284581434830879,FALSE,FALSE
"1-5",43.6,-0.244353595416124,0.0463224620408306,0.216789354399356,0.142352042653819,0.284766074322291,FALSE,FALSE
"1-5",43.7,-0.244574585826804,0.0463407460164281,0.216962417318249,0.142510824748048,0.284949742121326,FALSE,FALSE
"1-5",43.8,-0.244794217736045,0.0463590689316111,0.217134378472771,0.142668347327574,0.28513244616738,FALSE,FALSE
"1-5",43.9,-0.245012492664265,0.046377435125249,0.21730523976207,0.142824605089453,0.285314194339606,FALSE,FALSE
"1-5",44,-0.245229412131885,0.0463958488995547,0.21747500307962,0.142979592791103,0.285494994454685,FALSE,FALSE
"1-5",44.1,-0.245444977659325,0.0464143145184164,0.217643670313242,0.143133305252967,0.285674854264658,FALSE,FALSE
"1-5",44.2,-0.245659190767003,0.0464328362057688,0.217811243345125,0.143285737361104,0.285853781454809,FALSE,FALSE
"1-5",44.3,-0.245872052975339,0.0464514181440017,0.217977724051848,0.143436884069723,0.286031783641607,FALSE,FALSE
"1-5",44.4,-0.246083565804754,0.046470064472407,0.218143114304403,0.143586740403647,0.2862088683707,FALSE,FALSE
"1-5",44.5,-0.246293730775666,0.0464887792856645,0.21830741596821,0.143735301460707,0.286385043114963,FALSE,FALSE
"1-5",44.6,-0.246502549408495,0.0465075666323656,0.218470630903148,0.143882562414079,0.286560315272606,FALSE,FALSE
"1-5",44.7,-0.246710023223661,0.0465264305135758,0.218632760963566,0.144028518514546,0.286734692165331,FALSE,FALSE
"1-5",44.8,-0.246916153741583,0.0465453748814363,0.218793807998311,0.144173165092702,0.286908181036548,FALSE,FALSE
"1-5",44.9,-0.247120942482682,0.046564403637803,0.218953773850748,0.144316497561084,0.287080789049644,FALSE,FALSE
"1-5",45,-0.247324390967375,0.0465835206329258,0.219112660358776,0.144458511416244,0.287252523286308,FALSE,FALSE
"1-5",45.1,-0.247526500716085,0.0466027296641656,0.219270469354856,0.144599202240749,0.287423390744908,FALSE,FALSE
"1-5",45.2,-0.247727273249228,0.0466220344747509,0.219427202666025,0.144738565705125,0.287593398338927,FALSE,FALSE
"1-5",45.3,-0.247926710087227,0.0466414387525729,0.219582862113923,0.14487659756972,0.287762552895453,FALSE,FALSE
"1-5",45.4,-0.248124812750499,0.0466609461290206,0.219737449514808,0.14501329368652,0.28793086115372,FALSE,FALSE
"1-5",45.5,-0.248321582759465,0.046680560177854,0.21989096667958,0.145148650000881,0.28809832976371,FALSE,FALSE
"1-5",45.6,-0.248517021634544,0.0467002844141179,0.220043415413802,0.145282662553212,0.288264965284806,FALSE,FALSE
"1-5",45.7,-0.248711130896156,0.0467201222930936,0.220194797517715,0.14541532748058,0.288430774184499,FALSE,FALSE
"1-5",45.8,-0.24890391206472,0.0467400772092916,0.220345114786267,0.145546641018255,0.288595762837155,FALSE,FALSE
"1-5",45.9,-0.249095366660656,0.0467601524954829,0.220494369009126,0.145676599501186,0.288759937522835,FALSE,FALSE
"1-5",46,-0.249285496204384,0.0467803514217706,0.220642561970703,0.145805199365417,0.288923304426166,FALSE,FALSE
"1-5",46.1,-0.249474302216322,0.0468006771947004,0.220789695450173,0.145932437149433,0.28908586963527,FALSE,FALSE
"1-5",46.2,-0.249661786216892,0.0468211329564122,0.220935771221492,0.146058309495437,0.289247639140756,FALSE,FALSE
"1-5",46.3,-0.249847949726512,0.0468417217838304,0.221080791053421,0.146182813150571,0.28940861883475,FALSE,FALSE
"1-5",46.4,-0.250032794265602,0.0468624466878951,0.221224756709545,0.146305944968062,0.289568814509997,FALSE,FALSE
"1-5",46.5,-0.250216321354581,0.046883310612833,0.221367669948289,0.146427701908307,0.289728231859008,FALSE,FALSE
"1-5",46.6,-0.25039853251387,0.0469043164354682,0.221509532522942,0.14654808103989,0.289886876473267,FALSE,FALSE
"1-5",46.7,-0.250579429263888,0.0469254669645741,0.221650346181678,0.146667079540537,0.290044753842494,FALSE,FALSE
"1-5",46.8,-0.250759013125053,0.0469467649402645,0.22179011266757,0.146784694698001,0.290201869353955,FALSE,FALSE
"1-5",46.9,-0.250937285617787,0.0469682130334254,0.221928833718613,0.146900923910882,0.290358228291838,FALSE,FALSE
"1-5",47,-0.251114248262509,0.046989813845188,0.222066511067747,0.147015764689387,0.290513835836681,FALSE,FALSE
"1-5",47.1,-0.251289902579637,0.0470115699064409,0.222203146442868,0.147129214656015,0.290668697064849,FALSE,FALSE
"1-5",47.2,-0.251464250089592,0.0470334836773833,0.222338741566858,0.147241271546184,0.290822816948075,FALSE,FALSE
"1-5",47.3,-0.251637292312794,0.047055557547119,0.222473298157593,0.147351933208789,0.29097620035305,FALSE,FALSE
"1-5",47.4,-0.251809030769662,0.0470777938332905,0.222606817927973,0.147461197606697,0.29112885204107,FALSE,FALSE
"1-5",47.5,-0.251979466980615,0.0471001947817539,0.222739302585934,0.147569062817172,0.291280776667745,FALSE,FALSE
"1-5",47.6,-0.252148602466073,0.0471227625662938,0.22287075383447,0.147675527032242,0.291431978782744,FALSE,FALSE
"1-5",47.7,-0.252316438746456,0.0471454992883801,0.223001173371652,0.147780588558991,0.291582462829621,FALSE,FALSE
"1-5",47.8,-0.252482977342184,0.0471684069769636,0.223130562890647,0.147884245819797,0.291732233145673,FALSE,FALSE
"1-5",47.9,-0.252648219773675,0.0471914875883137,0.223258924079737,0.147986497352495,0.291881293961867,FALSE,FALSE
"1-5",48,-0.25281216756135,0.0472147430058957,0.223386258622337,0.148087341810482,0.292029649402816,FALSE,FALSE
"1-5",48.1,-0.252974822225628,0.0472381750402891,0.223512568197015,0.14818677796275,0.29217730348681,FALSE,FALSE
"1-5",48.2,-0.253136185286929,0.047261785429146,0.223637854477512,0.148284804693865,0.292324260125902,FALSE,FALSE
"1-5",48.3,-0.253296258265672,0.0472855758371903,0.223762119132757,0.148381421003868,0.292470523126051,FALSE,FALSE
"1-5",48.4,-0.253455042682277,0.0473095478562575,0.22388536382689,0.148476626008126,0.292616096187317,FALSE,FALSE
"1-5",48.5,-0.253612540057164,0.047333703005374,0.224007590219278,0.148570418937103,0.292760982904105,FALSE,FALSE
"1-5",48.6,-0.253768751910752,0.0473580427308776,0.224128799964533,0.148662799136081,0.292905186765476,FALSE,FALSE
"1-5",48.7,-0.25392367976346,0.0473825684065778,0.224248994712536,0.148753766064809,0.293048711155498,FALSE,FALSE
"1-5",48.8,-0.254077325135709,0.0474072813339562,0.224368176108446,0.148843319297089,0.293191559353661,FALSE,FALSE
"1-5",48.9,-0.254229689547918,0.0474321827424073,0.224486345792728,0.1489314585203,0.293333734535338,FALSE,FALSE
"1-5",49,-0.254380774520506,0.0474572737895186,0.224603505401165,0.149018183534859,0.293475239772306,FALSE,FALSE
"1-5",49.1,-0.254530581573894,0.0474825555613914,0.224719656564879,0.149103494253618,0.293616078033313,FALSE,FALSE
"1-5",49.2,-0.2546791122285,0.0475080290730007,0.224834800910349,0.149187390701194,0.293756252184705,FALSE,FALSE
"1-5",49.3,-0.254826368004745,0.0475336952685949,0.224948940059428,0.149269873013244,0.293895764991104,FALSE,FALSE
"1-5",49.4,-0.254972350423048,0.0475595550221353,0.225062075629363,0.149350941435672,0.29403461911613,FALSE,FALSE
"1-5",49.5,-0.255117061003828,0.0475856091377742,0.225174209232812,0.149430596323775,0.29417281712319,FALSE,FALSE
"1-5",49.6,-0.255260501267505,0.0476118583503732,0.225285342477862,0.149508838141325,0.294310361476307,FALSE,FALSE
"1-5",49.7,-0.255402672734499,0.0476383033260599,0.225395476968047,0.149585667459596,0.294447254541007,FALSE,FALSE
"1-5",49.8,-0.255543576925229,0.0476649446628235,0.225504614302366,0.149661084956317,0.294583498585253,FALSE,FALSE
"1-5",49.9,-0.255683215360116,0.0476917828911497,0.225612756075302,0.14973509141458,0.294719095780436,FALSE,FALSE
"1-5",50,-0.255821589559577,0.0477188184746933,0.225719903876837,0.149807687721673,0.294854048202411,FALSE,FALSE
"1-5",50.1,-0.255958701044034,0.0477460518109899,0.225826059292472,0.149878874867856,0.294988357832586,FALSE,FALSE
"1-5",50.2,-0.256094551333906,0.0477734832322056,0.225931223903245,0.149948653945085,0.295122026559064,FALSE,FALSE
"1-5",50.3,-0.256229141949612,0.0478011130059245,0.226035399285747,0.150017026145666,0.295255056177832,FALSE,FALSE
"1-5",50.4,-0.256362474411572,0.0478289413359741,0.226138587012141,0.150083992760848,0.295387448393996,FALSE,FALSE
"1-5",50.5,-0.256494550240205,0.0478569683632882,0.226240788650177,0.150149555179372,0.295519204823075,FALSE,FALSE
"1-5",50.6,-0.256625370955932,0.0478851941668076,0.226342005763214,0.150213714885938,0.295650326992336,FALSE,FALSE
"1-5",50.7,-0.256754938079171,0.047913618764417,0.226442239910233,0.150276473459637,0.295780816342181,FALSE,FALSE
"1-5",50.8,-0.256883253130343,0.0479422421139201,0.226541492645857,0.150337832572306,0.29591067422758,FALSE,FALSE
"1-5",50.9,-0.257010317629867,0.04797106411405,0.226639765520367,0.150397793986833,0.296039901919554,FALSE,FALSE
"1-5",51,-0.257136133098162,0.0480000846055168,0.226737060079721,0.15045635955541,0.296168500606706,FALSE,FALSE
"1-5",51.1,-0.257260701055648,0.0480293033720916,0.226833377865567,0.150513531217713,0.296296471396797,FALSE,FALSE
"1-5",51.2,-0.257384023022745,0.0480587201417258,0.226928720415266,0.150569310999045,0.296423815318373,FALSE,FALSE
"1-5",51.3,-0.257506100519872,0.0480883345877063,0.227023089261905,0.150623701008403,0.296550533322429,FALSE,FALSE
"1-5",51.4,-0.25762693506745,0.0481181463298464,0.227116485934316,0.150676703436505,0.296676626284131,FALSE,FALSE
"1-5",51.5,-0.257746528185896,0.0481481549357112,0.227208911957091,0.150728320553753,0.296802095004579,FALSE,FALSE
"1-5",51.6,-0.257864881395632,0.0481783599218787,0.227300368850601,0.15077855470814,0.29692694021261,FALSE,FALSE
"1-5",51.7,-0.257981996217077,0.0482087607552347,0.227390858131012,0.150827408323109,0.297051162566651,FALSE,FALSE
"1-5",51.8,-0.25809787417065,0.0482393568543027,0.227480381310302,0.150874883895348,0.29717476265662,FALSE,FALSE
"1-5",51.9,-0.25821251677677,0.0482701475906071,0.227568939896277,0.150920983992542,0.297297741005862,FALSE,FALSE
"1-5",52,-0.258325925555859,0.0483011322900708,0.22765653539259,0.150965711251059,0.297420098073134,FALSE,FALSE
"1-5",52.1,-0.258438102028334,0.0483323102344461,0.227743169298756,0.151009068373597,0.297541834254637,FALSE,FALSE
"1-5",52.2,-0.258549047714616,0.0483636806627784,0.227828843110166,0.151051058126762,0.297662949886079,FALSE,FALSE
"1-5",52.3,-0.258658764135125,0.0483952427729031,0.22791355831811,0.15109168333861,0.297783445244795,FALSE,FALSE
"1-5",52.4,-0.258767252810279,0.0484269957229751,0.227997316409789,0.151130946896125,0.297903320551895,FALSE,FALSE
"1-5",52.5,-0.258874515260499,0.0484589386330304,0.22808011886833,0.151168851742651,0.298022575974465,FALSE,FALSE
"1-5",52.6,-0.258980553006204,0.0484910705865799,0.228161967172809,0.151205400875271,0.298141211627802,FALSE,FALSE
"1-5",52.7,-0.259085367567814,0.0485233906322346,0.22824286279826,0.151240597342136,0.298259227577692,FALSE,FALSE
"1-5",52.8,-0.259188960465748,0.0485558977853622,0.228322807215695,0.151274444239747,0.298376623842728,FALSE,FALSE
"1-5",52.9,-0.259291333220426,0.0485885910297751,0.228401801892122,0.151306944710179,0.29849340039667,FALSE,FALSE
"1-5",53,-0.259392487352268,0.0486214693194489,0.228479848290558,0.151338101938263,0.298609557170836,FALSE,FALSE
"1-5",53.1,-0.259492424381692,0.0486545315802713,0.228556947870045,0.151367919148718,0.298725094056547,FALSE,FALSE
"1-5",53.2,-0.259591145829119,0.0486877767118213,0.22863310208567,0.15139639960323,0.298840010907594,FALSE,FALSE
"1-5",53.3,-0.259688653214969,0.048721203589178,0.228708312388577,0.151423546597488,0.298954307542756,FALSE,FALSE
"1-5",53.4,-0.25978494805966,0.0487548110647597,0.228782580225985,0.15144936345817,0.299067983748347,FALSE,FALSE
"1-5",53.5,-0.259880031883614,0.0487885979701911,0.228855907041204,0.151473853539882,0.299181039280805,FALSE,FALSE
"1-5",53.6,-0.259973906207248,0.0488225631182001,0.228928294273651,0.151497020222048,0.299293473869318,FALSE,FALSE
"1-5",53.7,-0.260066572550982,0.0488567053045436,0.228999743358864,0.151518866905757,0.299405287218483,FALSE,FALSE
"1-5",53.8,-0.260158032435238,0.0488910233099607,0.229070255728521,0.151539397010563,0.299516479011004,FALSE,FALSE
"1-5",53.9,-0.260248287380433,0.0489255159021547,0.229139832810455,0.151558613971238,0.299627048910425,FALSE,FALSE
"1-5",54,-0.260337338906987,0.0489601818378024,0.229208476028666,0.151576521234479,0.299736996563896,FALSE,FALSE
"1-5",54.1,-0.260425188535321,0.0489950198645911,0.229276186803343,0.151593122255573,0.299846321604979,FALSE,FALSE
"1-5",54.2,-0.260511837785853,0.0490300287232826,0.229342966550874,0.151608420495016,0.299955023656482,FALSE,FALSE
"1-5",54.3,-0.260597288179004,0.0490652071498039,0.229408816683867,0.151622419415086,0.300063102333333,FALSE,FALSE
"1-5",54.4,-0.260681541235192,0.0491005538773652,0.22947373861116,0.151635122476376,0.300170557245481,FALSE,FALSE
"1-5",54.5,-0.260764598474838,0.0491360676386027,0.229537733737839,0.15164653313428,0.30027738800084,FALSE,FALSE
"1-5",54.6,-0.260846461418361,0.0491717471677491,0.229600803465257,0.151656654835439,0.300383594208253,FALSE,FALSE
"1-5",54.7,-0.260927131586181,0.0492075912028285,0.229662949191043,0.151665491014142,0.300489175480501,FALSE,FALSE
"1-5",54.8,-0.261006610498717,0.0492435984878773,0.229724172309122,0.151673045088686,0.300594131437336,FALSE,FALSE
"1-5",54.9,-0.261084899676389,0.0492797677751902,0.229784474209728,0.151679320457692,0.30069846170855,FALSE,FALSE
"1-5",55,-0.261162000639617,0.0493160978275908,0.229843856279423,0.151684320496384,0.300802165937071,FALSE,FALSE
"1-5",55.1,-0.261237914908819,0.049352587420727,0.229902319901106,0.151688048552822,0.300905243782096,FALSE,FALSE
"1-5",55.2,-0.261312644004417,0.0493892353453905,0.229959866454033,0.151690507944097,0.301007694922251,FALSE,FALSE
"1-5",55.3,-0.261386189446828,0.0494260404098607,0.230016497313833,0.151691701952482,0.301109519058779,FALSE,FALSE
"1-5",55.4,-0.261458552756474,0.0494630014422719,0.230072213852519,0.151691633821548,0.301210715918767,FALSE,FALSE
"1-5",55.5,-0.261529735453773,0.0495001172930044,0.230127017438506,0.151690306752235,0.301311285258389,FALSE,FALSE
"1-5",55.6,-0.261599739059145,0.0495373868370983,0.230180909436625,0.151687723898888,0.301411226866194,FALSE,FALSE
"1-5",55.7,-0.261668565093009,0.049574808976691,0.230233891208138,0.151683888365247,0.301510540566408,FALSE,FALSE
"1-5",55.8,-0.261736215075786,0.0496123826434769,0.230285964110755,0.151678803200409,0.301609226222277,FALSE,FALSE
"1-5",55.9,-0.261802690527895,0.0496501068011896,0.230337129498645,0.151672471394736,0.30170728373943,FALSE,FALSE
"1-5",56,-0.261867992969755,0.0496879804481065,0.230387388722455,0.151664895875742,0.301804713069276,FALSE,FALSE
"1-5",56.1,-0.261932123921787,0.0497260026195749,0.230436743129322,0.151656079503927,0.301901514212423,FALSE,FALSE
"1-5",56.2,-0.261995084904409,0.0497641723905609,0.230485194062889,0.151646025068583,0.301997687222129,FALSE,FALSE
"1-5",56.3,-0.262056877438041,0.0498024888782179,0.23053274286332,0.151634735283556,0.302093232207779,FALSE,FALSE
"1-5",56.4,-0.262117503043104,0.0498409512444784,0.230579390867314,0.151622212782977,0.302188149338388,FALSE,FALSE
"1-5",56.5,-0.262176963240015,0.049879558698665,0.230625139408119,0.151608460116949,0.302282438846132,FALSE,FALSE
"1-5",56.6,-0.262235259549196,0.0499183105001232,0.230669989815548,0.151593479747204,0.302376101029902,FALSE,FALSE
"1-5",56.7,-0.262292393491066,0.0499572059608741,0.230713943415995,0.151577274042723,0.302469136258888,FALSE,FALSE
"1-5",56.8,-0.262348366586043,0.0499962444482876,0.230757001532446,0.15155984527531,0.302561544976187,FALSE,FALSE
"1-5",56.9,-0.262403180354549,0.0500354253877756,0.230799165484496,0.151541195615146,0.302653327702436,FALSE,FALSE
"1-5",57,-0.262456836317002,0.0500747482655044,0.230840436588361,0.151521327126297,0.302744485039468,FALSE,FALSE
"1-5",57.1,-0.262509335993822,0.0501142126311274,0.230880816156897,0.151500241762185,0.302835017674001,FALSE,FALSE
"1-5",57.2,-0.262560680905429,0.0501538181005364,0.23092030549961,0.151477941361036,0.302924926381339,FALSE,FALSE
"1-5",57.3,-0.262610872572243,0.050193564358632,0.230958905922671,0.151454427641279,0.303014212029107,FALSE,FALSE
"1-5",57.4,-0.262659912514682,0.0502334511621129,0.230996618728933,0.15142970219692,0.303102875581009,FALSE,FALSE
"1-5",57.5,-0.262707802253166,0.0502734783422839,0.231033445217944,0.151403766492878,0.303190918100601,FALSE,FALSE
"1-5",57.6,-0.262754543308116,0.0503136458078812,0.231069386685957,0.15137662186029,0.303278340755101,FALSE,FALSE
"1-5",57.7,-0.262800137414368,0.050353953859672,0.231104444590819,0.151348269155186,0.303365145394252,FALSE,FALSE
"1-5",57.8,-0.262844587345311,0.050394404397469,0.231138621185579,0.151318707450083,0.303451336771816,FALSE,FALSE
"1-5",57.9,-0.262887896188331,0.0504349998793313,0.23117191896129,0.151287935150088,0.303536920618424,FALSE,FALSE
"1-5",58,-0.262930067030888,0.0504757428657714,0.231204340405624,0.151255950484543,0.303621902800288,FALSE,FALSE
"1-5",58.1,-0.262971102960438,0.0505166360180949,0.231235888002852,0.151222751509673,0.303706289316851,FALSE,FALSE
"1-5",58.2,-0.263011007064437,0.0505576820968433,0.23126656423387,0.151188336111115,0.303790086298629,FALSE,FALSE
"1-5",58.3,-0.263049782430343,0.0505988839602402,0.231296371576228,0.151152702006447,0.303873300005061,FALSE,FALSE
"1-5",58.4,-0.263087432145613,0.050640244562643,0.231325312504152,0.151115846747694,0.303955936822368,FALSE,FALSE
"1-5",58.5,-0.263123959297703,0.0506817669529983,0.231353389488581,0.151077767723834,0.30403800326142,FALSE,FALSE
"1-5",58.6,-0.263159366974071,0.050723454273302,0.231380604997186,0.151038462163291,0.304119505955613,FALSE,FALSE
"1-5",58.7,-0.263193658262174,0.0507653097570631,0.231406961494399,0.150997927136411,0.304200451658748,FALSE,FALSE
"1-5",58.8,-0.263226836249468,0.050807336727772,0.231432461441444,0.150956159557944,0.304280847242928,FALSE,FALSE
"1-5",58.9,-0.26325890402341,0.0508495385973717,0.231457107296359,0.150913156189501,0.304360699696456,FALSE,FALSE
"1-5",59,-0.263289864671458,0.0508919188647342,0.231480901514026,0.150868913642011,0.304440016121737,FALSE,FALSE
"1-5",59.1,-0.263319721281068,0.0509344811141392,0.231503846546195,0.15082342837817,0.304518803733196,FALSE,FALSE
"1-5",59.2,-0.263348476939698,0.0509772290137569,0.231525944841515,0.150776696714876,0.304597069855195,FALSE,FALSE
"1-5",59.3,-0.263376134734804,0.0510201663141345,0.231547198845556,0.150728714825659,0.304674821919962,FALSE,FALSE
"1-5",59.4,-0.263402697753843,0.0510632968466852,0.231567611000838,0.150679478743106,0.304752067465524,FALSE,FALSE
"1-5",59.5,-0.263428169084272,0.0511066245221811,0.231587183746858,0.150628984361273,0.304828814133644,FALSE,FALSE
"1-5",59.6,-0.263452551813549,0.051150153329249,0.231605919520114,0.150577227438092,0.304905069667769,FALSE,FALSE
"1-5",59.7,-0.263475849029129,0.0511938873328687,0.231623820754132,0.150524203597774,0.304980841910977,FALSE,FALSE
"1-5",59.8,-0.263498063818471,0.0512378306728745,0.231640889879495,0.150469908333196,0.305056138803937,FALSE,FALSE
"1-5",59.9,-0.26351919926903,0.05128198756246,0.231657129323864,0.150414337008294,0.30513096838287,FALSE,FALSE
"1-5",60,-0.263539258468265,0.0513263622866842,0.231672541512009,0.150357484860437,0.305205338777512,FALSE,FALSE
"1-5",60.1,-0.263558244503632,0.0513709592009815,0.231687128865831,0.150299347002806,0.30527925820909,FALSE,FALSE
"1-5",60.2,-0.263576160462587,0.0514157827296736,0.231700893804389,0.150239918426757,0.305352734988296,FALSE,FALSE
"1-5",60.3,-0.263593009432589,0.0514608373644834,0.231713838743926,0.150179194004183,0.305425777513266,FALSE,FALSE
"1-5",60.4,-0.263608794501093,0.051506127663052,0.231725966097897,0.150117168489871,0.305498394267568,FALSE,FALSE
"1-5",60.5,-0.263623518755556,0.0515516582474572,0.231737278276988,0.150053836523854,0.305570593818186,FALSE,FALSE
"1-5",60.6,-0.263637185283437,0.0515974338027346,0.231747777689148,0.149989192633752,0.30564238481352,FALSE,FALSE
"1-5",60.7,-0.263649797172191,0.0516434590754008,0.231757466739613,0.149923231237114,0.305713775981376,FALSE,FALSE
"1-5",60.8,-0.263661357509276,0.051689738871978,0.231766347830926,0.149855946643752,0.305784776126969,FALSE,FALSE
"1-5",60.9,-0.263671869382149,0.0517362780575211,0.231774423362969,0.149787333058073,0.305855394130926,FALSE,FALSE
"1-5",61,-0.263681335878266,0.0517830815541467,0.231781695732986,0.1497173845814,0.305925638947296,FALSE,FALSE
"1-5",61.1,-0.263689760085085,0.0518301543395639,0.231788167335604,0.149646095214298,0.305995519601554,FALSE,FALSE
"1-5",61.2,-0.263697145090062,0.0518775014456063,0.231793840562863,0.149573458858886,0.306065045188621,FALSE,FALSE
"1-5",61.3,-0.263703493980654,0.051925127956767,0.231798717804239,0.149499469321149,0.306134224870877,FALSE,FALSE
"1-5",61.4,-0.263708809844319,0.0519730390087337,0.231802801446668,0.149424120313248,0.306203067876181,FALSE,FALSE
"1-5",61.5,-0.263713095768513,0.0520212397869275,0.231806093874572,0.149347405455823,0.306271583495892,FALSE,FALSE
"1-5",61.6,-0.263716354840694,0.0520697355250412,0.231808597469881,0.149269318280289,0.306339781082897,FALSE,FALSE
"1-5",61.7,-0.263718590148318,0.0521185315035812,0.23181031461206,0.149189852231136,0.306407670049634,FALSE,FALSE
"1-5",61.8,-0.263719804778842,0.0521676330484097,0.231811247678134,0.149109000668219,0.306475259866127,FALSE,FALSE
"1-5",61.9,-0.263720001819723,0.0522170455292898,0.231811399042708,0.149026756869044,0.306542560058014,FALSE,FALSE
"1-5",62,-0.263719184358418,0.0522667743584306,0.231810771077995,0.148943114031053,0.306609580204588,FALSE,FALSE
"1-5",62.1,-0.263717355482385,0.052316824989036,0.23180936615384,0.148858065273906,0.306676329936827,FALSE,FALSE
"1-5",62.2,-0.263714518279079,0.0523672029138536,0.231807186637743,0.148771603641755,0.306742818935443,FALSE,FALSE
"1-5",62.3,-0.263710675835958,0.052417913663726,0.231804234894881,0.148683722105517,0.306809056928918,FALSE,FALSE
"1-5",62.4,-0.26370583124048,0.0524689628061441,0.231800513288136,0.148594413565145,0.306875053691551,FALSE,FALSE
"1-5",62.5,-0.2636999875801,0.0525203559438017,0.231796024178115,0.14850367085189,0.306940819041508,FALSE,FALSE
"1-5",62.6,-0.263693147942276,0.0525720987131523,0.231790769923177,0.148411486730565,0.307006362838869,FALSE,FALSE
"1-5",62.7,-0.263685315414465,0.0526241967829676,0.231784752879453,0.148317853901804,0.307071694983683,FALSE,FALSE
"1-5",62.8,-0.263676493084124,0.0526766558528983,0.231777975400873,0.14822276500431,0.307136825414021,FALSE,FALSE
"1-5",62.9,-0.263666684038709,0.0527294816520367,0.231770439839187,0.148126212617113,0.307201764104039,FALSE,FALSE
"1-5",63,-0.263655891365679,0.0527826799374813,0.231762148543989,0.14802818926181,0.307266521062031,FALSE,FALSE
"1-5",63.1,-0.263644118152488,0.052836256492904,0.231753103862741,0.147928687404812,0.307331106328499,FALSE,FALSE
"1-5",63.2,-0.263631367486596,0.0528902171271193,0.231743308140795,0.147827699459577,0.307395529974219,FALSE,FALSE
"1-5",63.3,-0.263617642455458,0.0529445676726561,0.231732763721416,0.147725217788849,0.307459802098306,FALSE,FALSE
"1-5",63.4,-0.263602946146531,0.052999313984332,0.231721472945807,0.147621234706881,0.307523932826292,FALSE,FALSE
"1-5",63.5,-0.263587281647273,0.0530544619378296,0.231709438153131,0.14751574248167,0.307587932308197,FALSE,FALSE
"1-5",63.6,-0.263570652045141,0.0531100174282767,0.231696661680532,0.147408733337169,0.307651810716614,FALSE,TRUE
"1-5",63.7,-0.263553060427591,0.0531659863688285,0.231683145863159,0.147300199455506,0.307715578244786,FALSE,TRUE
"1-5",63.8,-0.26353450988208,0.053222374689253,0.231668893034191,0.147190132979195,0.307779245104696,FALSE,TRUE
"1-5",63.9,-0.263515003496065,0.0532791883345193,0.231653905524856,0.147078526013346,0.307842821525157,FALSE,TRUE
"1-5",64,-0.263494544357004,0.05333643326339,0.231638185664455,0.146965370627859,0.307906317749905,FALSE,TRUE
"1-5",64.1,-0.263473135552353,0.053394115447016,0.231621735780386,0.146850658859625,0.3079697440357,FALSE,TRUE
"1-5",64.2,-0.263450780169569,0.0534522408675358,0.231604558198161,0.146734382714715,0.308033110650426,FALSE,TRUE
"1-5",64.3,-0.263427481296109,0.0535108155166775,0.231586655241437,0.146616534170562,0.308096427871202,FALSE,TRUE
"1-5",64.4,-0.263403242019431,0.0535698453943662,0.23156802923203,0.146497105178143,0.308159705982494,FALSE,TRUE
"1-5",64.5,-0.26337806542699,0.0536293365073338,0.231548682489943,0.146376087664152,0.308222955274229,FALSE,TRUE
"1-5",64.6,-0.263351954606245,0.0536892948677349,0.231528617333382,0.14625347353316,0.308286186039925,FALSE,TRUE
"1-5",64.7,-0.263324912644651,0.0537497264917655,0.231507836078784,0.146129254669781,0.308349408574811,FALSE,TRUE
"1-5",64.8,-0.263296942629666,0.0538106373982875,0.231486341040837,0.146003422940819,0.308412633173971,FALSE,TRUE
"1-5",64.9,-0.263268047648748,0.0538720336074578,0.231464134532499,0.145875970197419,0.308475870130476,FALSE,TRUE
"1-5",65,-0.263238230789352,0.0539339211393622,0.231441218865022,0.145746888277199,0.308539129733536,FALSE,TRUE
"1-5",65.1,-0.263207495138936,0.0539963060126552,0.231417596347976,0.145616169006383,0.308602422266655,FALSE,TRUE
"1-5",65.2,-0.263175843784956,0.0540591942432046,0.231393269289266,0.145483804201922,0.308665758005786,FALSE,TRUE
"1-5",65.3,-0.26314327981487,0.0541225918427425,0.231368239995155,0.145349785673611,0.308729147217504,FALSE,TRUE
"1-5",65.4,-0.263109806316135,0.0541865048175221,0.231342510770287,0.145214105226188,0.308792600157178,FALSE,TRUE
"1-5",65.5,-0.263075426376208,0.0542509391669801,0.231316083917709,0.145076754661437,0.30885612706716,FALSE,TRUE
"1-5",65.6,-0.263040143082545,0.0543159008824069,0.231288961738887,0.14493772578027,0.308919738174968,FALSE,TRUE
"1-5",65.7,-0.263003959522604,0.0543813959456218,0.231261146533733,0.144797010384805,0.308983443691494,FALSE,TRUE
"1-5",65.8,-0.262966878783841,0.0544474303276568,0.231232640600623,0.144654600280437,0.309047253809211,FALSE,TRUE
"1-5",65.9,-0.262928903953714,0.0545140099874463,0.23120344623642,0.144510487277892,0.309111178700389,FALSE,TRUE
"1-5",66,-0.262890038119679,0.0545811408705249,0.231173565736494,0.144364663195275,0.309175228515325,FALSE,TRUE
"1-5",66.1,-0.262850284369193,0.054648828907733,0.23114300139474,0.144217119860106,0.309239413380581,FALSE,TRUE
"1-5",66.2,-0.262809645789714,0.0547170800139297,0.231111755503604,0.144067849111343,0.309303743397233,FALSE,TRUE
"1-5",66.3,-0.262768125468698,0.0547859000867146,0.2310798303541,0.143916842801397,0.309368228639127,FALSE,TRUE
"1-5",66.4,-0.262725726493602,0.0548552950051579,0.231047228235833,0.143764092798132,0.309432879151153,FALSE,TRUE
"1-5",66.5,-0.262682451951884,0.0549252706285389,0.231013951437018,0.143609590986853,0.309497704947522,FALSE,TRUE
"1-5",66.6,-0.262638304930999,0.0549958327950943,0.2309800022445,0.14345332927228,0.309562716010063,FALSE,TRUE
"1-5",66.7,-0.262593288518406,0.0550669873207748,0.230945382943776,0.143295299580517,0.309627922286529,FALSE,TRUE
"1-5",66.8,-0.262547405801561,0.0551387399980122,0.230910095819015,0.143135493860993,0.30969333368891,FALSE,TRUE
"1-5",66.9,-0.26250065986792,0.0552110965944957,0.230874143153077,0.142973904088401,0.309758960091768,FALSE,TRUE
"1-5",67,-0.262453053804942,0.0552840628519589,0.230837527227534,0.142810522264621,0.309824811330583,FALSE,TRUE
"1-5",67.1,-0.262404590700083,0.0553576444849764,0.230800250322692,0.142645340420621,0.309890897200107,FALSE,TRUE
"1-5",67.2,-0.2623552736408,0.0554318471797722,0.230762314717608,0.142478350618354,0.309957227452738,FALSE,TRUE
"1-5",67.3,-0.262305105714549,0.0555066765930378,0.230723722690111,0.142309544952627,0.310023811796909,FALSE,TRUE
"1-5",67.4,-0.262254090008788,0.0555821383507625,0.230684476516822,0.142138915552967,0.310090659895485,FALSE,TRUE
"1-5",67.5,-0.262202229610974,0.0556582380470751,0.230644578473174,0.14196645458546,0.310157781364187,FALSE,TRUE
"1-5",67.6,-0.262149527608564,0.0557349812430967,0.230604030833433,0.14179215425458,0.310225185770017,FALSE,TRUE
"1-5",67.7,-0.262095987089014,0.0558123734658062,0.230562835870715,0.141616006805,0.310292882629716,FALSE,TRUE
"1-5",67.8,-0.262041611139782,0.0558904202069182,0.230520995857006,0.141438004523381,0.310360881408221,FALSE,TRUE
"1-5",67.9,-0.261986402848325,0.0559691269217733,0.230478513063184,0.141258139740149,0.310429191517155,FALSE,TRUE
"1-5",68,-0.261930365302099,0.0560484990282409,0.230435389759038,0.141076404831252,0.310497822313319,FALSE,TRUE
"1-5",68.1,-0.261873501588562,0.0561285419056359,0.230391628213282,0.140892792219895,0.31056678309722,FALSE,TRUE
"1-5",68.2,-0.26181581479517,0.0562092608936486,0.230347230693583,0.14070729437826,0.310636083111597,FALSE,TRUE
"1-5",68.3,-0.261757308009381,0.0562906612912878,0.230302199466574,0.140519903829208,0.31070573153998,FALSE,TRUE
"1-5",68.4,-0.26169798431865,0.0563727483558384,0.230256536797874,0.140330613147955,0.310775737505264,FALSE,TRUE
"1-5",68.5,-0.261637846810437,0.0564555273018333,0.230210244952109,0.140139414963733,0.310846110068298,FALSE,TRUE
"1-5",68.6,-0.261576898572196,0.056539003300039,0.23016332619293,0.139946301961429,0.310916858226502,FALSE,TRUE
"1-5",68.7,-0.261515142691386,0.0566231814764568,0.230115782783031,0.139751266883206,0.310987990912493,FALSE,TRUE
"1-5",68.8,-0.261452582255463,0.0567080669113387,0.230067616984171,0.139554302530094,0.311059516992743,FALSE,TRUE
"1-5",68.9,-0.261389220351884,0.0567936646382178,0.230018831057188,0.139355401763571,0.311131445266248,FALSE,TRUE
"1-5",69,-0.261325060068106,0.0568799796429556,0.229969427262021,0.139154557507114,0.311203784463225,FALSE,TRUE
"1-5",69.1,-0.261260104491587,0.0569670168628034,0.229919407857729,0.138951762747732,0.311276543243828,FALSE,TRUE
"1-5",69.2,-0.261194356709782,0.057054781185481,0.229868775102508,0.138747010537471,0.311349730196882,FALSE,TRUE
"1-5",69.3,-0.26112781981015,0.0571432774482703,0.229817531253708,0.138540293994906,0.311423353838647,FALSE,TRUE
"1-5",69.4,-0.261060496880146,0.0572325104371261,0.229765678567857,0.138331606306598,0.311497422611596,FALSE,TRUE
"1-5",69.5,-0.260992391007228,0.0573224848858035,0.229713219300673,0.138120940728534,0.311571944883222,FALSE,TRUE
"1-5",69.6,-0.260923505278853,0.0574132054750013,0.229660155707086,0.137908290587547,0.311646928944867,FALSE,TRUE
"1-5",69.7,-0.260853842782478,0.0575046768315233,0.229606490041254,0.1376936492827,0.311722383010569,FALSE,TRUE
"1-5",69.8,-0.26078340660556,0.057596903527456,0.229552224556586,0.137477010286657,0.311798315215942,FALSE,TRUE
"1-5",69.9,-0.260712199835555,0.0576898900793644,0.229497361505752,0.137258367147025,0.31187473361707,FALSE,TRUE
"1-5",70,-0.260640225559921,0.0577836409475042,0.229441903140709,0.137037713487669,0.311951646189432,FALSE,TRUE
"1-5",70.1,-0.260567486866115,0.0578781605350535,0.229385851712712,0.136815043010005,0.31202906082685,FALSE,TRUE
"1-5",70.2,-0.260493986841593,0.0579734531873605,0.229329209472339,0.136590349494263,0.312106985340461,FALSE,TRUE
"1-5",70.3,-0.260419728573813,0.0580695231912102,0.229271978669502,0.136363626800734,0.312185427457712,FALSE,TRUE
"1-5",70.4,-0.260344715150232,0.0581663747741095,0.229214161553469,0.136134868870978,0.312264394821384,FALSE,TRUE
"1-5",70.5,-0.260268949658306,0.0582640121035899,0.22915576037288,0.135904069729016,0.31234389498864,FALSE,TRUE
"1-5",70.6,-0.260192435185492,0.0583624392865294,0.229096777375766,0.13567122348249,0.312423935430096,FALSE,TRUE
"1-5",70.7,-0.260115174819248,0.058461660368492,0.229037214809564,0.135436324323799,0.312504523528924,FALSE,TRUE
"1-5",70.8,-0.26003717164703,0.0585616793330875,0.228977074921136,0.135199366531208,0.312585666579973,FALSE,TRUE
"1-5",70.9,-0.259958428756295,0.0586625001013483,0.228916359956788,0.134960344469929,0.312667371788922,FALSE,TRUE
"1-5",71,-0.259878949234501,0.0587641265311264,0.228855072162284,0.134719252593177,0.312749646271459,FALSE,TRUE
"1-5",71.1,-0.259798736169104,0.058866562416509,0.228793213782865,0.134476085443194,0.312832497052482,FALSE,TRUE
"1-5",71.2,-0.259717792647561,0.0589698114872533,0.228730787063266,0.134230837652252,0.312915931065333,FALSE,TRUE
"1-5",71.3,-0.259636121757329,0.05907387740824,0.228667794247732,0.133983503943623,0.312999955151053,FALSE,TRUE
"1-5",71.4,-0.259553726585865,0.059178763778947,0.228604237580038,0.133734079132528,0.313084576057668,FALSE,TRUE
"1-5",71.5,-0.259470610220626,0.0592844741329413,0.228540119303503,0.133482558127049,0.3131698004395,FALSE,TRUE
"1-5",71.6,-0.25938677574907,0.0593910119373913,0.228475441661008,0.13322893592902,0.313255634856505,FALSE,TRUE
"1-5",71.7,-0.259302226258652,0.0594983805925977,0.228410206895011,0.132973207634889,0.313342085773638,FALSE,TRUE
"1-5",71.8,-0.25921696483683,0.0596065834315442,0.228344417247568,0.132715368436553,0.313429159560249,FALSE,TRUE
"1-5",71.9,-0.259130994571061,0.0597156237194675,0.228278074960346,0.13245541362216,0.313516862489498,FALSE,TRUE
"1-5",72,-0.259044318548802,0.0598255046534471,0.228211182274639,0.132193338576889,0.313605200737807,FALSE,TRUE
"1-5",72.1,-0.258956939857509,0.0599362293620139,0.228143741431389,0.131929138783697,0.31369418038433,FALSE,TRUE
"1-5",72.2,-0.258868861584641,0.060047800904779,0.228075754671197,0.131662809824044,0.313783807410462,FALSE,TRUE
"1-5",72.3,-0.258780086817653,0.0601602222720816,0.228007224234344,0.131394347378584,0.313874087699359,FALSE,TRUE
"1-5",72.4,-0.258690618644003,0.0602734963846559,0.227938152360804,0.13112374722783,0.313965027035502,FALSE,TRUE
"1-5",72.5,-0.258600460151147,0.0603876260933184,0.227868541290262,0.130851005252794,0.314056631104278,FALSE,TRUE
"1-5",72.6,-0.258509614426543,0.0605026141786737,0.22779839326213,0.130576117435592,0.314148905491592,FALSE,TRUE
"1-5",72.7,-0.258418084557647,0.0606184633508396,0.227727710515562,0.13029907986003,0.314241855683503,FALSE,TRUE
"1-5",72.8,-0.258325873631917,0.0607351762491923,0.227656495289472,0.130019888712156,0.314335487065892,FALSE,TRUE
"1-5",72.9,-0.25823298473681,0.0608527554421296,0.227584749822549,0.129738540280786,0.314429804924152,FALSE,TRUE
"1-5",73,-0.258139420959781,0.0609712034268539,0.227512476353272,0.129455030958001,0.314524814442911,FALSE,TRUE
"1-5",73.1,-0.25804518538829,0.0610905226291745,0.227439677119926,0.129169357239622,0.314620520705774,FALSE,TRUE
"1-5",73.2,-0.257950281109791,0.0612107154033276,0.22736635436062,0.128881515725649,0.314716928695097,FALSE,TRUE
"1-5",73.3,-0.257854711211743,0.0613317840318166,0.227292510313299,0.12859150312068,0.314814043291787,FALSE,TRUE
"1-5",73.4,-0.257758478781602,0.0614537307252699,0.227218147215765,0.128299316234299,0.31491186927513,FALSE,TRUE
"1-5",73.5,-0.257661586906825,0.061576557622318,0.227143267305687,0.128004951981441,0.315010411322638,FALSE,TRUE
"1-5",73.6,-0.257564038674869,0.0617002667894885,0.227067872820618,0.127708407382722,0.31510967400993,FALSE,TRUE
"1-5",73.7,-0.257465837173191,0.0618248602211203,0.226991965998013,0.127409679564752,0.315209661810638,FALSE,TRUE
"1-5",73.8,-0.257366985489249,0.0619503398392945,0.226915549075242,0.127108765760417,0.315310379096332,FALSE,TRUE
"1-5",73.9,-0.257267486710498,0.0620767074937851,0.226838624289606,0.126805663309135,0.315411830136481,FALSE,TRUE
"1-5",74,-0.257167343924397,0.0622039649620258,0.226761193878353,0.126500369657086,0.315514019098428,FALSE,TRUE
"1-5",74.1,-0.257066560218401,0.0623321139490961,0.22668326007869,0.126192882357415,0.315616950047399,FALSE,TRUE
"1-5",74.2,-0.256965138679968,0.0624611560877236,0.226604825127801,0.125883199070414,0.315720626946533,FALSE,TRUE
"1-5",74.3,-0.256863082396555,0.0625910929383042,0.226525891262864,0.125571317563675,0.315825053656939,FALSE,TRUE
"1-5",74.4,-0.256760394455619,0.0627219259889398,0.226446460721061,0.125257235712216,0.31593023393777,FALSE,TRUE
"1-5",74.5,-0.256657077944617,0.0628536566554922,0.226366535739595,0.124940951498588,0.316036171446333,FALSE,TRUE
"1-5",74.6,-0.256553135951005,0.0629862862816544,0.226286118555707,0.124622463012955,0.316142869738211,FALSE,TRUE
"1-5",74.7,-0.256448571562241,0.0631198161390377,0.226205211406686,0.124301768453145,0.316250332267417,FALSE,TRUE
"1-5",74.8,-0.256343387865782,0.0632542474272762,0.226123816529889,0.123978866124688,0.31635856238657,FALSE,TRUE
"1-5",74.9,-0.256237587949084,0.0633895812741465,0.226041936162751,0.123653754440817,0.316467563347084,FALSE,TRUE
"1-5",75,-0.256131174899605,0.0635258187357033,0.225959572542805,0.123326431922458,0.316577338299399,FALSE,TRUE
"1-5",75.1,-0.256024151804801,0.0636629607964314,0.22587672790769,0.12299689719819,0.316687890293211,FALSE,TRUE
"1-5",75.2,-0.25591652175213,0.0638010083694125,0.225793404495169,0.122665149004183,0.316799222277745,FALSE,TRUE
"1-5",75.3,-0.255808287829048,0.0639399622965071,0.225709604543145,0.122331186184116,0.316911337102037,FALSE,TRUE
"1-5",75.4,-0.255699453123013,0.064079823348552,0.225625330289671,0.121995007689072,0.317024237515241,FALSE,TRUE
"1-5",75.5,-0.25559002072148,0.0642205922255715,0.225540583972967,0.12165661257741,0.317137926166953,FALSE,TRUE
"1-5",75.6,-0.255479993711909,0.0643622695570039,0.225455367831434,0.121316000014619,0.317252405607567,FALSE,TRUE
"1-5",75.7,-0.255369375181754,0.0645048559019418,0.225369684103668,0.120973169273148,0.317367678288637,FALSE,TRUE
"1-5",75.8,-0.255258168218473,0.0646483517493862,0.225283535028472,0.120628119732218,0.317483746563268,FALSE,TRUE
"1-5",75.9,-0.255146375909524,0.0647927575185145,0.225196922844874,0.120280850877611,0.317600612686522,FALSE,TRUE
"1-5",76,-0.255034001342363,0.0649380735589616,0.225109849792137,0.119931362301443,0.317718278815847,FALSE,TRUE
"1-5",76.1,-0.254921047604447,0.0650843001511142,0.225022318109774,0.119579653701911,0.317836747011521,FALSE,TRUE
"1-5",76.2,-0.254807517783233,0.0652314375064184,0.224934330037564,0.119225724883034,0.317956019237115,FALSE,TRUE
"1-5",76.3,-0.254693414966178,0.0653794857676985,0.224845887815561,0.118869575754359,0.318076097359978,FALSE,TRUE
"1-5",76.4,-0.254578742240738,0.0655284450094897,0.224756993684113,0.11851120633066,0.318196983151734,FALSE,TRUE
"1-5",76.5,-0.254463502694372,0.0656783152383817,0.224667649883871,0.118150616731618,0.318318678288797,FALSE,TRUE
"1-5",76.6,-0.254347699414536,0.0658290963933743,0.224577858655805,0.117787807181479,0.318441184352906,FALSE,TRUE
"1-5",76.7,-0.254231335488686,0.0659807883462445,0.224487622241217,0.1174227780087,0.318564502831675,FALSE,TRUE
"1-5",76.8,-0.25411441400428,0.0661333909019246,0.224396942881755,0.117055529645573,0.318688635119157,FALSE,TRUE
"1-5",76.9,-0.253996938048775,0.0662869037988908,0.224305822819424,0.116686062627842,0.318813582516426,FALSE,TRUE
"1-5",77,-0.253878910709628,0.0664413267095631,0.224214264296602,0.116314377594292,0.31893934623217,FALSE,TRUE
"1-5",77.1,-0.253760335074295,0.0665966592407148,0.224122269556049,0.115940475286335,0.319065927383304,FALSE,TRUE
"1-5",77.2,-0.253641214230234,0.0667529009338922,0.224029840840926,0.115564356547569,0.319193326995596,FALSE,TRUE
"1-5",77.3,-0.253521551264901,0.0669100512658438,0.223936980394804,0.115186022323337,0.319321546004303,FALSE,TRUE
"1-5",77.4,-0.253401349265754,0.0670681096489589,0.223843690461677,0.114805473660255,0.319450585254822,FALSE,TRUE
"1-5",77.5,-0.253280611320249,0.0672270754317153,0.223749973285977,0.114422711705744,0.31958044550336,FALSE,TRUE
"1-5",77.6,-0.253159340515844,0.067386947899136,0.223655831112585,0.114037737707532,0.319711127417605,FALSE,TRUE
"1-5",77.7,-0.253037539939995,0.067547726273254,0.223561266186843,0.113650553013158,0.319842631577422,FALSE,TRUE
"1-5",77.8,-0.25291521268016,0.067709409713585,0.223466280754571,0.113261159069451,0.31997495847555,FALSE,TRUE
"1-5",77.9,-0.252792361823795,0.0678719973176093,0.223370877062072,0.112869557422008,0.320108108518315,FALSE,TRUE
"1-5",78,-0.252668990458357,0.0680354881212595,0.223275057356154,0.112475749714653,0.320242082026357,FALSE,TRUE
"1-5",78.1,-0.252545101671303,0.0681998810994169,0.223178823884134,0.112079737688888,0.320376879235359,FALSE,TRUE
"1-5",78.2,-0.25242069855009,0.0683651751664143,0.223082178893857,0.111681523183331,0.320512500296796,FALSE,TRUE
"1-5",78.3,-0.252295784182176,0.0685313691765455,0.222985124633702,0.111281108133147,0.320648945278687,FALSE,TRUE
"1-5",78.4,-0.252170361655016,0.0686984619245816,0.222887663352601,0.110878494569469,0.320786214166355,FALSE,TRUE
"1-5",78.5,-0.252044434056069,0.0688664521462932,0.222789797300046,0.110473684618805,0.320924306863205,FALSE,TRUE
"1-5",78.6,-0.251918004472791,0.0690353385189783,0.222691528726102,0.110066680502441,0.321063223191497,FALSE,TRUE
"1-5",78.7,-0.251791075992638,0.0692051196619962,0.222592859881423,0.109657484535831,0.321202962893142,FALSE,TRUE
"1-5",78.8,-0.251663651703069,0.0693757941373064,0.222493793017259,0.109246099127985,0.32134352563049,FALSE,TRUE
"1-5",78.9,-0.251535734691539,0.0695473604500126,0.22239433038547,0.108832526780842,0.321484910987141,FALSE,TRUE
"1-5",79,-0.251407328045506,0.0697198170489119,0.222294474238539,0.108416770088641,0.321627118468748,FALSE,TRUE
"1-5",79.1,-0.251278434852427,0.0698931623270475,0.222194226829583,0.107998831737279,0.321770147503838,FALSE,TRUE
"1-5",79.2,-0.251149058199759,0.0700673946222666,0.222093590412363,0.10757871450367,0.321913997444633,FALSE,TRUE
"1-5",79.3,-0.251019201174958,0.0702425122177819,0.221992567241299,0.107156421255095,0.322058667567878,FALSE,TRUE
"1-5",79.4,-0.250888866865482,0.0704185133427365,0.221891159571477,0.106731954948537,0.322204157075675,FALSE,TRUE
"1-5",79.5,-0.250758058358788,0.0705953961727728,0.221789369658667,0.106305318630028,0.322350465096319,FALSE,TRUE
"1-5",79.6,-0.250626778742332,0.0707731588306042,0.221687199759328,0.105876515433974,0.322497590685145,FALSE,TRUE
"1-5",79.7,-0.250495031103572,0.07095179938659,0.221584652130624,0.105445548582485,0.322645532825373,FALSE,TRUE
"1-5",79.8,-0.250362818529964,0.0711313158593122,0.221481729030432,0.105012421384699,0.322794290428956,FALSE,TRUE
"1-5",79.9,-0.250230144108966,0.0713117062161563,0.221378432717357,0.104577137236096,0.322943862337443,FALSE,TRUE
"1-5",80,-0.250097010928034,0.0714929683738923,0.221274765450739,0.104139699617819,0.323094247322824,FALSE,TRUE
"1-5",80.1,-0.249963422074625,0.0716751001992597,0.221170729490668,0.103700112095981,0.323245444088403,FALSE,TRUE
"1-5",80.2,-0.249829380636197,0.0718580995095524,0.221066327097992,0.103258378320977,0.323397451269651,FALSE,TRUE
"1-5",80.3,-0.249694889700206,0.0720419640732062,0.220961560534329,0.102814502026785,0.323550267435079,FALSE,TRUE
"1-5",80.4,-0.249559952354109,0.0722266916103875,0.220856432062081,0.102368487030272,0.323703891087096,FALSE,TRUE
"1-5",80.5,-0.249424571685364,0.0724122797935823,0.22075094394444,0.101920337230498,0.323858320662885,FALSE,TRUE
"1-5",80.6,-0.249288750781426,0.0725987262481872,0.220645098445401,0.10147005660801,0.324013554535268,FALSE,TRUE
"1-5",80.7,-0.249152492729754,0.0727860285530995,0.220538897829774,0.101017649224143,0.324169591013577,FALSE,TRUE
"1-5",80.8,-0.249015800617804,0.0729741842413092,0.220432344363192,0.100563119220315,0.324326428344525,FALSE,TRUE
"1-5",80.9,-0.248878677533032,0.0731631908004904,0.220325440312124,0.100106470817326,0.324484064713078,FALSE,TRUE
"1-5",81,-0.248741126562897,0.0733530456735924,0.220218187943885,0.0996477083146499,0.324642498243321,FALSE,TRUE
"1-5",81.1,-0.248603150794854,0.0735437462594316,0.220110589526644,0.0991868360897303,0.324801726999336,FALSE,TRUE
"1-5",81.2,-0.248464753316362,0.073735289913282,0.22000264732944,0.0987238585972772,0.324961748986065,FALSE,TRUE
"1-5",81.3,-0.248325937214876,0.0739276739474655,0.219894363622186,0.0982587803685607,0.325122562150184,FALSE,TRUE
"1-5",81.4,-0.248186705577854,0.0741208956319418,0.219785740675683,0.0977916060107069,0.325284164380966,FALSE,TRUE
"1-5",81.5,-0.248047061492753,0.0743149521948965,0.21967678076163,0.0973223402059948,0.325446553511153,FALSE,TRUE
"1-5",81.6,-0.24790700804703,0.074509840823329,0.219567486152633,0.0968509877111543,0.325609727317815,FALSE,TRUE
"1-5",81.7,-0.247766548328141,0.0747055586636383,0.219457859122216,0.0963775533566636,0.325773683523217,FALSE,TRUE
"1-5",81.8,-0.247625685423543,0.0749021028222079,0.219347901944829,0.0959020420460517,0.325938419795677,FALSE,TRUE
"1-5",81.9,-0.247484422420695,0.0750994703659887,0.219237616895863,0.095424458755199,0.326103933750425,FALSE,TRUE
"1-5",82,-0.247342762407052,0.0752976583230802,0.219127006251652,0.0949448085316424,0.326270222950458,FALSE,TRUE
"1-5",82.1,-0.247200708470071,0.0754966636833103,0.219016072289492,0.0944630964938813,0.326437284907395,FALSE,TRUE
"1-5",82.2,-0.24705826369721,0.075696483398812,0.218904817287643,0.0939793278306865,0.326605117082322,FALSE,TRUE
"1-5",82.3,-0.246915431175925,0.0758971143845982,0.218793243525341,0.0934935078004122,0.326773716886642,FALSE,TRUE
"1-5",82.4,-0.246772213993674,0.0760985535191351,0.218681353282812,0.0930056417303096,0.326943081682917,FALSE,TRUE
"1-5",82.5,-0.246628615237913,0.0763007976449114,0.218569148841274,0.0925157350158452,0.327113208785705,FALSE,TRUE
"1-5",82.6,-0.246484637996099,0.0765038435690066,0.218456632482953,0.0920237931200208,0.327284095462398,FALSE,TRUE
"1-5",82.7,-0.24634028535569,0.0767076880636547,0.218343806491088,0.091529821572698,0.327455738934051,FALSE,TRUE
"1-5",82.8,-0.246195560404141,0.0769123278668068,0.218230673149944,0.0910338259699258,0.327628136376207,FALSE,TRUE
"1-5",82.9,-0.246050466228911,0.0771177596826895,0.218117234744818,0.0905358119732721,0.327801284919727,FALSE,TRUE
"1-5",83,-0.245905005917456,0.0773239801823601,0.218003493562049,0.0900357853091593,0.327975181651596,FALSE,TRUE
"1-5",83.1,-0.245759182557233,0.0775309860042597,0.217889451889029,0.089533751768204,0.328149823615745,FALSE,TRUE
"1-5",83.2,-0.245612999235699,0.0777387737547617,0.217775112014212,0.08902971720456,0.328325207813858,FALSE,TRUE
"1-5",83.3,-0.245466459040311,0.0779473400087175,0.217660476227119,0.088523687535268,0.328501331206168,FALSE,TRUE
"1-5",83.4,-0.245319565058526,0.0781566813099985,0.217545546818352,0.0880156687396071,0.328678190712265,FALSE,TRUE
"1-5",83.5,-0.2451723203778,0.0783667941720342,0.217430326079599,0.0875056668584532,0.328855783211878,FALSE,TRUE
"1-5",83.6,-0.245024728085592,0.0785776750783472,0.217314816303645,0.086993687993641,0.329034105545669,FALSE,TRUE
"1-5",83.7,-0.244876791269357,0.0787893204830836,0.217199019784382,0.0864797383073314,0.329213154516013,FALSE,TRUE
"1-5",83.8,-0.244728513016554,0.0790017268115399,0.217082938816814,0.0859638240213839,0.329392926887768,FALSE,TRUE
"1-5",83.9,-0.244579896414638,0.0792148904606861,0.216966575697067,0.0854459514167344,0.329573419389053,FALSE,TRUE
"1-5",84,-0.244430944551066,0.0794288077996842,0.2168499327224,0.0849261268327779,0.329754628712004,FALSE,TRUE
"1-5",84.1,-0.244281660513296,0.0796434751704031,0.21673301219121,0.0844043566667567,0.329936551513536,FALSE,TRUE
"1-5",84.2,-0.244132047388785,0.0798588888879286,0.216615816403042,0.0838806473731547,0.330119184416092,FALSE,TRUE
"1-5",84.3,-0.24398210826499,0.0800750452410702,0.216498347658598,0.0833550054630965,0.33030252400839,FALSE,TRUE
"1-5",84.4,-0.243831846229366,0.0802919404928622,0.216380608259743,0.0828274375037527,0.330486566846158,FALSE,TRUE
"1-5",84.5,-0.243681264369373,0.0805095708810617,0.216262600509518,0.0822979501177508,0.330671309452869,FALSE,TRUE
"1-5",84.6,-0.243530365772465,0.0807279326186413,0.21614432671214,0.0817665499825916,0.330856748320468,FALSE,TRUE
"1-5",84.7,-0.243379153526102,0.0809470218942777,0.21602578917302,0.081233243830073,0.331042879910086,FALSE,TRUE
"1-5",84.8,-0.243227630717738,0.0811668348728353,0.215906990198761,0.0806980384457174,0.331229700652756,FALSE,TRUE
"1-5",84.9,-0.243075800434832,0.0813873676958462,0.215787932097174,0.0801609406682076,0.331417206950117,FALSE,TRUE
"1-5",85,-0.24292366576484,0.0816086164819839,0.215668617177282,0.0796219573888268,0.331605395175114,FALSE,TRUE
"1-5",85.1,-0.242771229795219,0.0818305773275345,0.215549047749328,0.0790810955509065,0.331794261672687,FALSE,TRUE
"1-5",85.2,-0.242618495613426,0.0820532463068609,0.215429226124783,0.0785383621492791,0.33198380276046,FALSE,TRUE
"1-5",85.3,-0.242465466306919,0.0822766194728641,0.215309154616356,0.0779937642297388,0.332174014729414,FALSE,TRUE
"1-5",85.4,-0.242312144963153,0.0825006928574387,0.215188835537995,0.0774473088885056,0.332364893844562,FALSE,TRUE
"1-5",85.5,-0.242158534669587,0.0827254624719238,0.215068271204904,0.0768990032716996,0.332556436345607,FALSE,TRUE
"1-5",85.6,-0.242004638513676,0.0829509243075493,0.214947463933541,0.0763488545748187,0.332748638447608,FALSE,TRUE
"1-5",85.7,-0.241850459582879,0.0831770743358773,0.214826416041633,0.0757968700422232,0.332941496341619,FALSE,TRUE
"1-5",85.8,-0.241696000964651,0.0834039085092383,0.214705129848178,0.0752430569666295,0.333135006195338,FALSE,TRUE
"1-5",85.9,-0.24154126574645,0.0836314227611629,0.214583607673456,0.0746874226886055,0.33332916415374,FALSE,TRUE
"1-5",86,-0.241386257015734,0.0838596130068085,0.214461851839032,0.0741299745960776,0.333523966339705,FALSE,TRUE
"1-5",86.1,-0.241230977859957,0.084088475143381,0.214339864667768,0.0735707201238404,0.333719408854637,FALSE,TRUE
"1-5",86.2,-0.241075431366579,0.0843180050505515,0.214217648483827,0.0730096667530745,0.33391548777908,FALSE,TRUE
"1-5",86.3,-0.240919620623055,0.0845481985908684,0.21409520561268,0.0724468220108714,0.334112199173323,FALSE,TRUE
"1-5",86.4,-0.240763548716843,0.0847790516101645,0.213972538381113,0.0718821934697635,0.334309539077998,FALSE,TRUE
"1-5",86.5,-0.2406072187354,0.0850105599379584,0.213849649117236,0.0713157887472619,0.334507503514672,FALSE,TRUE
"1-5",86.6,-0.240450633766182,0.0852427193878526,0.213726540150488,0.0707476155053998,0.334706088486432,FALSE,TRUE
"1-5",86.7,-0.240293796896646,0.0854755257579248,0.21360321381164,0.0701776814502831,0.334905289978459,FALSE,TRUE
"1-5",86.8,-0.24013671121425,0.0857089748311155,0.213479672432811,0.0696059943316478,0.335105103958603,FALSE,TRUE
"1-5",86.9,-0.239979379806451,0.0859430623756107,0.213355918347465,0.0690325619424222,0.335305526377939,FALSE,TRUE
"1-5",87,-0.239821805760705,0.0861777841452183,0.213231953890423,0.0684573921182984,0.335506553171328,FALSE,TRUE
"1-5",87.1,-0.239663992164469,0.0864131358797419,0.213107781397867,0.0678804927373076,0.33570818025796,FALSE,TRUE
"1-5",87.2,-0.2395059421052,0.0866491133053474,0.212983403207347,0.0673018717194033,0.335910403541898,FALSE,TRUE
"1-5",87.3,-0.239347658670356,0.0868857121349261,0.21285882165779,0.0667215370260513,0.336113218912609,FALSE,TRUE
"1-5",87.4,-0.239189144947393,0.0871229280684527,0.2127340390895,0.0661394966598249,0.336316622245492,FALSE,TRUE
"1-5",87.5,-0.239030404023768,0.087360756793338,0.21260905784417,0.0655557586640074,0.336520609402395,FALSE,TRUE
"1-5",87.6,-0.238871438986939,0.0875991939847774,0.212483880264885,0.064970331122201,0.33672517623213,FALSE,TRUE
"1-5",87.7,-0.238712252924361,0.0878382353060941,0.21235850869613,0.064383222157941,0.336930318570975,FALSE,TRUE
"1-5",87.8,-0.238552848923493,0.0880778764090774,0.212232945483792,0.0637944399343184,0.337136032243172,FALSE,TRUE
"1-5",87.9,-0.23839323007179,0.0883181129343171,0.212107192975173,0.0632039926536067,0.337342313061416,FALSE,TRUE
"1-5",88,-0.23823339945671,0.088558940511532,0.211981253518987,0.0626118885568955,0.337549156827345,FALSE,TRUE
"1-5",88.1,-0.238073360165711,0.0888003547598944,0.211855129465373,0.0620181359237318,0.337756559332009,FALSE,TRUE
"1-5",88.2,-0.237913115286248,0.0890423512883499,0.211728823165896,0.0614227430717651,0.337964516356341,FALSE,TRUE
"1-5",88.3,-0.237752667905779,0.089284925695932,0.211602336973556,0.0608257183564009,0.338173023671624,FALSE,TRUE
"1-5",88.4,-0.237592021111761,0.0895280735720726,0.211475673242791,0.060227070170458,0.338382077039942,FALSE,TRUE
"1-5",88.5,-0.23743117799165,0.0897717904969076,0.211348834329482,0.0596268069438347,0.338591672214631,FALSE,TRUE
"1-5",88.6,-0.237270141632904,0.0900160720415781,0.211221822590963,0.0590249371431777,0.338801804940721,FALSE,TRUE
"1-5",88.7,-0.23710891512298,0.0902609137685269,0.211094640386019,0.0584214692715601,0.33901247095537,FALSE,TRUE
"1-5",88.8,-0.236947501549335,0.0905063112317902,0.210967290074898,0.0578164118681631,0.339223665988293,FALSE,TRUE
"1-5",88.9,-0.236785903999425,0.0907522599772857,0.210839774019311,0.0572097735079647,0.339435385762187,FALSE,TRUE
"1-5",89,-0.236624125560707,0.090998755543095,0.210712094582443,0.0566015628014337,0.33964762599314,FALSE,TRUE
"1-5",89.1,-0.23646216932064,0.0912457934597427,0.21058425412895,0.0559917883942297,0.339860382391046,FALSE,TRUE
"1-5",89.2,-0.236300038366678,0.0914933692504706,0.210456255024972,0.0553804589669085,0.340073650660002,FALSE,TRUE
"1-5",89.3,-0.23613773578628,0.0917414784315072,0.210328099638131,0.0547675832346339,0.340287426498709,FALSE,TRUE
"1-5",89.4,-0.235975264666902,0.0919901165123339,0.210199790337543,0.0541531699468941,0.340501705600855,FALSE,TRUE
"1-5",89.5,-0.235812628096002,0.0922392789959456,0.210071329493815,0.0535372278872247,0.340716483655504,FALSE,TRUE
"1-5",89.6,-0.235649829161036,0.0924889613791081,0.209942719479054,0.0529197658729358,0.340931756347469,FALSE,TRUE
"1-5",89.7,-0.235486870949461,0.0927391591526113,0.209813962666874,0.0523007927548456,0.341147519357682,FALSE,TRUE
"1-5",89.8,-0.235323756548734,0.0929898678015168,0.209685061432394,0.05168031741702,0.34136376836356,FALSE,TRUE
"1-5",89.9,-0.235160489046313,0.0932410828054038,0.209556018152247,0.051058348776515,0.341580499039362,FALSE,TRUE
"1-5",90,-0.234997071529653,0.0934927996386084,0.209426835204584,0.0504348957831275,0.341797707056541,FALSE,TRUE
"1-5",90.1,-0.234833507086213,0.0937450137704607,0.209297514969078,0.0498099674191487,0.342015388084091,FALSE,TRUE
"1-5",90.2,-0.234669798803448,0.093997720665517,0.209168059826925,0.0491835726991237,0.342233537788885,FALSE,TRUE
"1-5",90.3,-0.234505949768817,0.0942509157837882,0.209038472160855,0.0485557206696168,0.342452151836007,FALSE,TRUE
"1-5",90.4,-0.234341963069775,0.0945045945809644,0.208908754355129,0.0479264204089804,0.342671225889087,FALSE,TRUE
"1-5",90.5,-0.234177841793781,0.0947587525086352,0.208778908795548,0.04729568102713,0.342890755610617,FALSE,TRUE
"1-5",90.6,-0.23401358902829,0.0950133850145071,0.208648937869453,0.0466635116653231,0.34311073666227,FALSE,TRUE
"1-5",90.7,-0.23384920786076,0.0952684875426161,0.208518843965733,0.0460299214959436,0.343331164705208,FALSE,TRUE
"1-5",90.8,-0.233684701378648,0.0955240555335368,0.208388629474825,0.0453949197222915,0.343552035400394,FALSE,TRUE
"1-5",90.9,-0.23352007266941,0.0957800844245881,0.208258296788722,0.0447585155783747,0.343773344408884,FALSE,TRUE
"1-5",91,-0.233355324820504,0.0960365696500353,0.20812784830097,0.0441207183287093,0.343995087392126,FALSE,TRUE
"1-5",91.1,-0.233190460919387,0.0962935066412878,0.207997286406678,0.0434815372681208,0.344217260012247,FALSE,TRUE
"1-5",91.2,-0.233025484053515,0.096550890827094,0.207866613502521,0.0428409817215519,0.344439857932337,FALSE,TRUE
"1-5",91.3,-0.232860397310346,0.0968087176337323,0.207735831986739,0.0421990610438743,0.344662876816727,FALSE,TRUE
"1-5",91.4,-0.232695203777337,0.0970669824851991,0.207604944259142,0.0415557846197043,0.344886312331261,FALSE,TRUE
"1-5",91.5,-0.232529906541943,0.0973256808033919,0.207473952721118,0.0409111618632234,0.345110160143564,FALSE,TRUE
"1-5",91.6,-0.232364508691624,0.0975848080082912,0.207342859775629,0.0402652022180027,0.345334415923306,FALSE,TRUE
"1-5",91.7,-0.232199013313834,0.097844359518137,0.207211667827219,0.039617915156831,0.345559075342459,FALSE,TRUE
"1-5",91.8,-0.232033423496032,0.0981043307496031,0.207080379282015,0.0389693101815481,0.345784134075547,FALSE,TRUE
"1-5",91.9,-0.231867742325675,0.098364717117968,0.206948996547733,0.0383193968228815,0.346009587799897,FALSE,TRUE
"1-5",92,-0.231701972890218,0.0986255140372817,0.206817522033676,0.0376681846402865,0.346235432195879,FALSE,TRUE
"1-5",92.1,-0.23153611827712,0.0988867169205309,0.206685958150739,0.0370156832217912,0.346461662947145,FALSE,TRUE
"1-5",92.2,-0.231370181573836,0.0991483211797994,0.206554307311416,0.0363619021838445,0.346688275740863,FALSE,TRUE
"1-5",92.3,-0.231204165867825,0.0994103222264262,0.206422571929794,0.0357068511711687,0.346915266267944,FALSE,TRUE
"1-5",92.4,-0.231038074246543,0.0996727154711608,0.206290754421564,0.0350505398566142,0.347142630223266,FALSE,TRUE
"1-5",92.5,-0.230871909797447,0.0999354963243144,0.206158857204019,0.0343929779410206,0.347370363305895,FALSE,TRUE
"1-5",92.6,-0.230705675607994,0.10019866019591,0.206026882696059,0.0337341751530775,0.347598461219296,FALSE,TRUE
"1-5",92.7,-0.230539374765641,0.100462202495826,0.205894833318188,0.0330741412491927,0.347826919671547,FALSE,TRUE
"1-5",92.8,-0.230373010357845,0.100726118633943,0.205762711492525,0.0324128860133612,0.348055734375544,FALSE,TRUE
"1-5",92.9,-0.230206585472063,0.10099040402028,0.2056305196428,0.031750419257038,0.348284901049202,FALSE,TRUE
"1-5",93,-0.230040103195751,0.101255054065134,0.205498260194356,0.0310867508190158,0.34851441541565,FALSE,TRUE
"1-5",93.1,-0.229873566616368,0.101520064179214,0.205365935574155,0.0304218905653031,0.34874427320343,FALSE,TRUE
"1-5",93.2,-0.229706978821369,0.101785429773773,0.205233548210778,0.0297558483890085,0.348974470146681,FALSE,TRUE
"1-5",93.3,-0.229540342898211,0.102051146260738,0.205101100534426,0.0290886342102257,0.349205001985326,FALSE,TRUE
"1-5",93.4,-0.229373661934353,0.102317209052834,0.204968594976923,0.0284202579759228,0.349435864465251,FALSE,TRUE
"1-5",93.5,-0.22920693901725,0.10258361356371,0.204836033971717,0.0277507296598344,0.349667053338484,FALSE,TRUE
"1-5",93.6,-0.229040177234359,0.10285035520806,0.204703419953884,0.0270800592623561,0.349898564363369,FALSE,TRUE
"1-5",93.7,-0.228873379673138,0.10311742940174,0.204570755360127,0.0264082568104423,0.350130393304731,FALSE,TRUE
"1-5",93.8,-0.228706549421043,0.103384831561887,0.204438042628779,0.0257353323575071,0.350362535934046,FALSE,TRUE
"1-5",93.9,-0.228539689565532,0.103652557107031,0.204305284199804,0.0250612959833267,0.350594988029599,FALSE,TRUE
"1-5",94,-0.228372803194062,0.103920601457206,0.204172482514798,0.0243861577939464,0.350827745376643,FALSE,TRUE
"1-5",94.1,-0.228205893394088,0.104188960034061,0.204039640016992,0.0237099279215873,0.351060803767557,FALSE,TRUE
"1-5",94.2,-0.228038963253069,0.104457628260965,0.203906759151252,0.0230326165245593,0.351294159001989,FALSE,TRUE
"1-5",94.3,-0.227872015858461,0.104726601563109,0.203773842364081,0.0223542337871734,0.351527806887012,FALSE,TRUE
"1-5",94.4,-0.227705054297721,0.104995875367615,0.203640892103618,0.0216747899196575,0.35176174323726,FALSE,TRUE
"1-5",94.5,-0.227538081658307,0.105265445103627,0.203507910819641,0.0209942951580756,0.351995963875076,FALSE,TRUE
"1-5",94.6,-0.227371101027675,0.105535306202415,0.20337490096357,0.0203127597642473,0.352230464630643,FALSE,TRUE
"1-5",94.7,-0.227204115493281,0.10580545409747,0.203241864988464,0.019630194025671,0.352465241342119,FALSE,TRUE
"1-5",94.8,-0.227037128106672,0.106075884252774,0.203108805320405,0.018946608166028,0.352700289868279,TRUE,TRUE
"1-5",94.9,-0.226870140615299,0.106346593160101,0.202975723347705,0.0182620091809514,0.352935606532719,TRUE,TRUE
"1-5",95,-0.226703153123925,0.1066175786147,0.202842619150124,0.0175763999632711,0.353171188253543,TRUE,TRUE
"1-5",95.1,-0.226536165632552,0.106888838513256,0.202709492723952,0.0168897831168419,0.353407032013331,TRUE,TRUE
"1-5",95.2,-0.226369178141178,0.107160370771632,0.202576344065475,0.0162021612172206,0.353643134822554,TRUE,TRUE
"1-5",95.3,-0.226202190649805,0.107432173324679,0.202443173170981,0.015513536811939,0.353879493719292,TRUE,TRUE
"1-5",95.4,-0.226035203158431,0.107704244126049,0.202309980036757,0.014823912420772,0.354116105768973,TRUE,TRUE
"1-5",95.5,-0.225868215667058,0.10797658114801,0.202176764659088,0.0141332905360055,0.354352968064101,TRUE,TRUE
"1-5",95.6,-0.225701228175684,0.108249182381262,0.202043527034261,0.0134416736227007,0.354590077723991,TRUE,TRUE
"1-5",95.7,-0.225534240684311,0.108522045834752,0.201910267158558,0.0127490641189563,0.354827431894508,TRUE,TRUE
"1-5",95.8,-0.225367253192938,0.108795169535499,0.201776985028266,0.0120554644361692,0.355065027747806,TRUE,TRUE
"1-5",95.9,-0.225200265701564,0.10906855152841,0.201643680639666,0.0113608769592908,0.355302862482072,TRUE,TRUE
"1-5",96,-0.225033278210191,0.109342189876106,0.201510353989042,0.0106653040470825,0.355540933321268,TRUE,TRUE
"1-5",96.1,-0.224866290718817,0.109616082658745,0.201377005072677,0.0099687480323688,0.355779237514878,TRUE,TRUE
"1-5",96.2,-0.224699303227444,0.10989022797385,0.201243633886851,0.00927121122228702,0.35601777233766,TRUE,TRUE
"1-5",96.3,-0.22453231573607,0.110164623936136,0.201110240427845,0.00857269589853582,0.356256535089396,TRUE,TRUE
"1-5",96.4,-0.224365328244697,0.110439268677339,0.200976824691941,0.00787320431762029,0.356495523094647,TRUE,TRUE
"1-5",96.5,-0.224198340753324,0.110714160346046,0.200843386675417,0.00717273871109614,0.356734733702508,TRUE,TRUE
"1-5",96.6,-0.22403135326195,0.110989297107533,0.200709926374553,0.00647130128580986,0.356974164286366,TRUE,TRUE
"1-5",96.7,-0.223864365770577,0.111264677143593,0.200576443785628,0.00576889422413773,0.357213812243663,TRUE,TRUE
"1-5",96.8,-0.223697378279203,0.111540298652375,0.200442938904918,0.00506551968422297,0.357453674995661,TRUE,TRUE
"1-5",96.9,-0.22353039078783,0.111816159848225,0.200309411728702,0.004361179800209,0.357693749987202,TRUE,TRUE
"1-5",97,-0.223363403296456,0.112092258961518,0.200175862253256,0.00365587668247203,0.35793403468648,TRUE,TRUE
"1-5",97.1,-0.223196415805083,0.112368594238506,0.200042290474857,0.0029496124178503,0.358174526584808,TRUE,TRUE
"1-5",97.2,-0.22302942831371,0.112645163941153,0.199908696389778,0.00224238906987206,0.358415223196395,TRUE,TRUE
"1-5",97.3,-0.222862440822336,0.112921966346987,0.199775079994295,0.00153420867898091,0.358656122058114,TRUE,TRUE
"1-5",97.4,-0.222695453330963,0.11319899974894,0.199641441284683,0.000825073262758269,0.358897220729285,TRUE,TRUE
"1-5",97.5,-0.222528465839589,0.113476262455196,0.199507780257215,0.000114984816145136,0.359138516791448,TRUE,TRUE
"1-5",97.6,-0.222361478348216,0.113753752789039,0.199374096908163,-0.000596054688339676,0.359380007848147,TRUE,TRUE
"1-5",97.7,-0.222194490856842,0.114031469088708,0.199240391233801,-0.0013080433003827,0.359621691524715,TRUE,TRUE
"1-5",97.8,-0.222027503365469,0.114309409707239,0.199106663230398,-0.00202097909166121,0.359863565468053,TRUE,TRUE
"1-5",97.9,-0.221860515874095,0.114587573012327,0.198972912894228,-0.00273486015563096,0.360105627346424,TRUE,TRUE
"1-5",98,-0.221693528382722,0.114865957386177,0.198839140221559,-0.00344968460731576,0.360347874849239,TRUE,TRUE
"1-5",98.1,-0.221526540891349,0.115144561225358,0.198705345208662,-0.00416545058309903,0.360590305686847,TRUE,TRUE
"1-5",98.2,-0.221359553399975,0.115423382940663,0.198571527851806,-0.00488215624051858,0.360832917590332,TRUE,TRUE
"1-5",98.3,-0.221192565908602,0.115702420956966,0.19843768814726,-0.00559979975806102,0.361075708311308,TRUE,TRUE
"1-5",98.4,-0.221025578417228,0.115981673713086,0.198303826091291,-0.00631837933496082,0.361318675621713,TRUE,TRUE
"1-5",98.5,-0.220858590925855,0.116261139661643,0.198169941680166,-0.00703789319099957,0.361561817313614,TRUE,TRUE
"1-5",98.6,-0.220691603434481,0.116540817268924,0.198036034910153,-0.00775833956630856,0.361805131199004,TRUE,TRUE
"1-5",98.7,-0.220524615943108,0.116820705014749,0.197902105777517,-0.00847971672117209,0.362048615109608,TRUE,TRUE
"1-5",98.8,-0.220357628451735,0.117100801392334,0.197768154278523,-0.00920202293583317,0.362292266896688,TRUE,TRUE
"1-5",98.9,-0.220190640960361,0.117381104908159,0.197634180409438,-0.00992525651030229,0.362536084430851,TRUE,TRUE
"1-5",99,-0.220023653468988,0.117661614081837,0.197500184166524,-0.0106494157641659,0.362780065601857,TRUE,TRUE
"1-5",99.1,-0.219856665977614,0.117942327445984,0.197366165546045,-0.0113744990363998,0.363024208318433,TRUE,TRUE
"1-5",99.2,-0.219689678486241,0.118223243546088,0.197232124544264,-0.0121005046851803,0.363268510508083,TRUE,TRUE
"1-5",99.3,-0.219522690994867,0.118504360940385,0.197098061157444,-0.0128274310877021,0.363512970116906,TRUE,TRUE
"1-5",99.4,-0.219355703503494,0.118785678199731,0.196963975381846,-0.0135552766399945,0.363757585109411,TRUE,TRUE
"1-5",99.5,-0.21918871601212,0.119067193907477,0.19682986721373,-0.0142840397567396,0.364002353468337,TRUE,TRUE
"1-5",99.6,-0.219021728520747,0.119348906659344,0.196695736649359,-0.0150137188710959,0.364247273194474,TRUE,TRUE
"1-5",99.7,-0.218854741029374,0.119630815063304,0.19656158368499,-0.0157443124345182,0.364492342306485,TRUE,TRUE
"1-5",99.8,-0.218687753538,0.119912917739456,0.196427408316885,-0.0164758189165846,0.364737558840729,TRUE,TRUE
"1-5",99.9,-0.218520766046627,0.120195213319908,0.1962932105413,-0.0172082368048214,0.364982920851089,TRUE,TRUE
"1-5",100,-0.218353778555253,0.120477700448658,0.196158990354494,-0.017941564604532,0.365228426408801,TRUE,TRUE
"6-11",0,0,0,0,0,0,TRUE,TRUE
"6-11",0.1,-0.00212054962563068,0.000323968252788277,0.00211830284868786,0.0014844689345257,0.00275173442015408,FALSE,TRUE
"6-11",0.2,-0.00424107095566103,0.000647926334777362,0.00423209031456662,0.00296672588500435,0.00549584883269039,FALSE,TRUE
"6-11",0.3,-0.00636153016413901,0.000971862087454757,0.00634133847050244,0.00444676420898538,0.00823230728782687,FALSE,TRUE
"6-11",0.4,-0.00848189339983079,0.00129576334358751,0.00844602362817592,0.00592457730999607,0.0109610743636963,FALSE,TRUE
"6-11",0.5,-0.010602126811502,0.00161961793651371,0.0105461223618732,0.00740015864440502,0.0136821152055823,FALSE,TRUE
"6-11",0.6,-0.0127221965479186,0.00194341370034656,0.0126416115069921,0.00887350172082002,0.0163953955220488,FALSE,TRUE
"6-11",0.7,-0.0148420687578461,0.00226713847017853,0.0147324681585408,0.010344600099488,0.0191008815810549,FALSE,TRUE
"6-11",0.8,-0.0169617095900506,0.00259078008228597,0.0168186696696365,0.0118134473916983,0.0217985402060585,FALSE,TRUE
"6-11",0.9,-0.0190810851932977,0.00291432637433374,0.0189001936499951,0.0132800372591871,0.024488338772105,FALSE,TRUE
"6-11",1,-0.0212001617163535,0.00323776518558052,0.02097701796442,0.0147443634135459,0.0271702452019066,FALSE,TRUE
"6-11",1.1,-0.0233189053079836,0.00356108435708424,0.0230491207312854,0.0162064196156311,0.0298442279619096,FALSE,TRUE
"6-11",1.2,-0.0254372821169538,0.00388427173190824,0.0251164803210161,0.0176661996749764,0.0325102560583512,FALSE,TRUE
"6-11",1.3,-0.0275552582920301,0.00420731515532782,0.0271790753545645,0.0191236974492077,0.0351682990333084,FALSE,TRUE
"6-11",1.4,-0.0296727999819782,0.00453020247503732,0.0292368847018818,0.0205789068434586,0.0378183269607343,FALSE,TRUE
"6-11",1.5,-0.0317898733355638,0.00485292154135805,0.0312898874803882,0.0220318218097898,0.040460310442489,FALSE,TRUE
"6-11",1.6,-0.033906444501553,0.00517546020744667,0.0333380630534383,0.0234824363466086,0.0430942206043617,FALSE,TRUE
"6-11",1.7,-0.0360224796287114,0.00549780632950447,0.0353813910287837,0.0249307444980907,0.0457200290920849,FALSE,TRUE
"6-11",1.8,-0.0381379448658048,0.00581994776698742,0.0374198512570322,0.0263767403536043,0.0483377080673423,FALSE,FALSE
"6-11",1.9,-0.0402528063615991,0.00614187238281704,0.0394534238301049,0.0278204180471341,0.0509472302037701,FALSE,FALSE
"6-11",2,-0.0423670302648603,0.00646356804359229,0.0414820890796896,0.0292617717567086,0.0535485686829543,FALSE,FALSE
"6-11",2.1,-0.0444805827243539,0.00678502261980224,0.043505827575692,0.0307007957038269,0.0561416971904204,FALSE,FALSE
"6-11",2.2,-0.0465934298888457,0.00710622398604001,0.0455246201246837,0.0321374841528879,0.0587265899116207,FALSE,FALSE
"6-11",2.3,-0.0487055379071018,0.00742716002121767,0.0475384477683493,0.0335718314106201,0.0613032215279173,FALSE,FALSE
"6-11",2.4,-0.0508168729278879,0.00774781860878224,0.0495472917819283,0.0350038318255125,0.063871567212561,FALSE,FALSE
"6-11",2.5,-0.0529274010999697,0.00806818763693299,0.0515511336726584,0.036433479787246,0.0664316026266676,FALSE,FALSE
"6-11",2.6,-0.0550370885721132,0.00838825499884,0.0535499551782135,0.0378607697261261,0.0689833039151927,FALSE,FALSE
"6-11",2.7,-0.057145901493084,0.00870800859286399,0.0555437382651415,0.0392856961125161,0.0715266477029035,FALSE,FALSE
"6-11",2.8,-0.0592538060116481,0.00902743632277758,0.0575324651272996,0.0407082534562705,0.0740616110903505,FALSE,FALSE
"6-11",2.9,-0.0613607682765714,0.009346526097988,0.0595161181842886,0.0421284363061696,0.0765881716498376,FALSE,FALSE
"6-11",3,-0.0634667544366194,0.0096652658337612,0.0614946800798836,0.0435462392493531,0.0791063074213916,FALSE,FALSE
"6-11",3.1,-0.065571730640558,0.00998364345144775,0.0634681336804654,0.0449616569107558,0.0816159969087333,FALSE,FALSE
"6-11",3.2,-0.0676756630371532,0.0103016468787102,0.06543646207345,0.0463746839525422,0.0841172190752493,FALSE,FALSE
"6-11",3.3,-0.0697785177751708,0.0106192640497521,0.0673996485657151,0.0477853150735411,0.0866099533399619,FALSE,FALSE
"6-11",3.4,-0.0718802610033766,0.0109364829055491,0.069357676682027,0.0491935450086807,0.0890941795735054,FALSE,FALSE
"6-11",3.5,-0.0739808588705363,0.0112532913940812,0.071310530163466,0.0505993685284231,0.0915698780941006,FALSE,FALSE
"6-11",3.6,-0.0760802775254157,0.0115696774705678,0.0732581929658507,0.0520027804381987,0.0940370296635339,FALSE,FALSE
"6-11",3.7,-0.0781784831167808,0.0118856290977042,0.0752006492581615,0.053403775577841,0.0964956154831402,FALSE,FALSE
"6-11",3.8,-0.0802754417933971,0.0122011342458996,0.0771378834209627,0.0548023488210189,0.0989456171897862,FALSE,FALSE
"6-11",3.9,-0.0823711197040308,0.0125161808935187,0.079069880044825,0.0561984950746703,0.101387016851861,FALSE,FALSE
"6-11",4,-0.0844654829974475,0.0128307570271237,0.0809966239287454,0.0575922092784344,0.10381979696527,FALSE,FALSE
"6-11",4.1,-0.086558497822413,0.0131448506417197,0.0829181000785697,0.058983486404083,0.106243940449432,FALSE,FALSE
"6-11",4.2,-0.0886501303276932,0.0134584497410023,0.0848342937054108,0.0603723214549509,0.108659430643283,FALSE,FALSE
"6-11",4.3,-0.0907403466620539,0.0137715423376069,0.08674519022407,0.0617587094653652,0.111066251301288,FALSE,FALSE
"6-11",4.4,-0.092829112974261,0.0140841164533612,0.0886507752514558,0.0631426455000745,0.113464386589454,FALSE,FALSE
"6-11",4.5,-0.0949163954130801,0.01439616011954,0.0905510346050034,0.0645241246536747,0.115853821081353,FALSE,FALSE
"6-11",4.6,-0.0970021601272773,0.0147076613771221,0.0924459543010945,0.0659031420500362,0.118234539754151,FALSE,FALSE
"6-11",4.7,-0.099086373265618,0.0150186082770509,0.0943355205534757,0.0672796928417263,0.120606527984644,FALSE,FALSE
"6-11",4.8,-0.101169000976869,0.0153289888804968,0.0962197197716796,0.068653772209434,0.122969771545302,FALSE,FALSE
"6-11",4.9,-0.103250009409794,0.0156387912591227,0.0980985385594424,0.070025375361389,0.125324256600322,FALSE,FALSE
"6-11",5,-0.105329364713161,0.015948003495353,0.0999719637131253,0.0713944975327819,0.127669969701688,FALSE,FALSE
"6-11",5.1,-0.107407033035735,0.0162566136826447,0.101839982220134,0.0727611339851818,0.130006897785239,FALSE,FALSE
"6-11",5.2,-0.109482980526282,0.0165646099257621,0.103702581257341,0.0741252800059496,0.132335028166752,FALSE,FALSE
"6-11",5.3,-0.111557173333568,0.0168719803410547,0.105559748189502,0.0754869309076532,0.134654348538024,FALSE,FALSE
"6-11",5.4,-0.113629577606358,0.0171787130567379,0.107411470567685,0.0768460820274766,0.136964846962978,FALSE,FALSE
"6-11",5.5,-0.115700159493418,0.017484796213178,0.109257736127685,0.0782027287266283,0.139266511873763,FALSE,FALSE
"6-11",5.6,-0.117768885143514,0.017790217963179,0.111098532788455,0.0795568663897478,0.141559332066882,FALSE,FALSE
"6-11",5.7,-0.119835720705413,0.0180949664722751,0.112933848650523,0.0809084904243079,0.143843296699316,FALSE,FALSE
"6-11",5.8,-0.121900632327879,0.0183990299190244,0.11476367199442,0.0822575962600152,0.146118395284669,FALSE,FALSE
"6-11",5.9,-0.123963586159678,0.0187023964953085,0.116587991279106,0.083604179348207,0.148384617689322,FALSE,FALSE
"6-11",6,-0.126024548349577,0.0190050544066342,0.118406795140398,0.0849482351612458,0.150641954128595,FALSE,FALSE
"6-11",6.1,-0.128083485046342,0.0193069918724405,0.120220072389393,0.0862897591919107,0.15289039516293,FALSE,FALSE
"6-11",6.2,-0.130140362398737,0.0196081971264081,0.122027812010904,0.0876287469527841,0.155129931694078,FALSE,FALSE
"6-11",6.3,-0.132195146555529,0.0199086584167744,0.123830003161884,0.0889651939756368,0.157360554961305,FALSE,FALSE
"6-11",6.4,-0.134247803665484,0.0202083640066521,0.125626635169862,0.0902990958108085,0.159582256537609,FALSE,FALSE
"6-11",6.5,-0.136298299877367,0.0205073021743516,0.127417697531375,0.0916304480265842,0.16179502832595,FALSE,FALSE
"6-11",6.6,-0.138346601339944,0.0208054612137088,0.129203179910402,0.0929592462085677,0.163998862555498,FALSE,FALSE
"6-11",6.7,-0.140392674201982,0.0211028294344167,0.130983072136798,0.0942854859590504,0.166193751777888,FALSE,FALSE
"6-11",6.8,-0.142436484612245,0.0213993951623618,0.132757364204735,0.0956091628963761,0.168379688863496,FALSE,FALSE
"6-11",6.9,-0.1444779987195,0.0216951467399656,0.134526046271139,0.0969302726543015,0.170556666997732,FALSE,FALSE
"6-11",7,-0.146517182672513,0.0219900725265301,0.136289108654133,0.0982488108813522,0.172724679677337,FALSE,FALSE
"6-11",7.1,-0.148554002620049,0.0222841608985894,0.138046541831475,0.0995647732401737,0.174883720706709,FALSE,FALSE
"6-11",7.2,-0.150588424710874,0.0225774002502655,0.139798336439008,0.100878155406879,0.177033784194237,FALSE,FALSE
"6-11",7.3,-0.152620415093754,0.0228697789936295,0.141544483269101,0.102188953070389,0.179174864548651,FALSE,FALSE
"6-11",7.4,-0.154649939917455,0.0231612855590687,0.1432849732691,0.103497161931769,0.181306956475394,FALSE,FALSE
"6-11",7.5,-0.156676965330743,0.0234519083956582,0.145019797539778,0.104802777703562,0.183430054973003,FALSE,FALSE
"6-11",7.6,-0.158701457482383,0.023741635971539,0.146748947333787,0.106105796109113,0.185544155329516,FALSE,FALSE
"6-11",7.7,-0.160723382521141,0.0240304567743013,0.148472414054108,0.107406212881888,0.187649253118888,FALSE,FALSE
"6-11",7.8,-0.162742706595784,0.0243183593113738,0.150190189252514,0.10870402376479,0.189745344197428,FALSE,FALSE
"6-11",7.9,-0.164759395855076,0.0246053321104192,0.151902264628023,0.109999224509468,0.191832424700256,FALSE,FALSE
"6-11",8,-0.166773416447784,0.0248913637197352,0.153608632025361,0.111291810875617,0.193910491037778,FALSE,FALSE
"6-11",8.1,-0.168784734522673,0.0251764427086627,0.155309283433423,0.112581778630277,0.19597953989217,FALSE,FALSE
"6-11",8.2,-0.17079331622851,0.025460557668,0.157004210983739,0.113869123547119,0.198039568213899,FALSE,FALSE
"6-11",8.3,-0.17279912771406,0.025743697210423,0.158693406948942,0.115153841405733,0.200090573218244,FALSE,FALSE
"6-11",8.4,-0.174802135128089,0.0260258499709131,0.160376863741235,0.116435927990897,0.202132552381848,FALSE,FALSE
"6-11",8.5,-0.176802304619363,0.0263070046071917,0.162054573910868,0.117715379091852,0.204165503439286,FALSE,FALSE
"6-11",8.6,-0.178799602336647,0.0265871498001613,0.163726530144607,0.118992190501558,0.206189424379652,FALSE,FALSE
"6-11",8.7,-0.180793994428708,0.0268662742543543,0.165392725264213,0.120266358015954,0.208204313443171,FALSE,FALSE
"6-11",8.8,-0.182785447044311,0.027144366698389,0.167053152224925,0.121537877433199,0.210210169117821,FALSE,FALSE
"6-11",8.9,-0.184773926332222,0.0274214158854331,0.168707804113937,0.122806744552913,0.212206990135987,FALSE,FALSE
"6-11",9,-0.186759398441207,0.0276974105936752,0.170356674148885,0.124072955175407,0.214194775471131,FALSE,FALSE
"6-11",9.1,-0.188741829520032,0.0279723396268038,0.171999755676336,0.125336505100903,0.216173524334478,FALSE,FALSE
"6-11",9.2,-0.190721185717462,0.0282461918144948,0.173637042170274,0.126597390128751,0.218143236171737,FALSE,FALSE
"6-11",9.3,-0.192697433182264,0.0285189560129067,0.175268527230596,0.127855606056629,0.220103910659826,FALSE,FALSE
"6-11",9.4,-0.194670538063202,0.028790621105185,0.176894204581607,0.129111148679742,0.222055547703638,FALSE,FALSE
"6-11",9.5,-0.196640466509044,0.0290611760019749,0.178514068070517,0.130364013790004,0.22399814743281,FALSE,FALSE
"6-11",9.6,-0.198607184668554,0.0293306096419424,0.180128111665942,0.13161419717522,0.22593171019853,FALSE,FALSE
"6-11",9.7,-0.200570658690499,0.0295989109923055,0.181736329456412,0.132861694618248,0.227856236570361,FALSE,FALSE
"6-11",9.8,-0.202530854723645,0.0298660690493737,0.18333871564887,0.134106501896156,0.229771727333083,FALSE,FALSE
"6-11",9.9,-0.204487738916756,0.0301320728390974,0.184935264567187,0.135348614779371,0.231678183483569,FALSE,FALSE
"6-11",10,-0.2064412774186,0.030396911417627,0.186525970650674,0.136588029030812,0.233575606227675,FALSE,FALSE
"6-11",10.1,-0.208391436377941,0.030660573871882,0.188110828452597,0.137824740405017,0.235463996977159,FALSE,FALSE
"6-11",10.2,-0.210338181943547,0.03092304932013,0.189689832638693,0.139058744647254,0.237343357346623,FALSE,FALSE
"6-11",10.3,-0.212281480264181,0.0311843269125761,0.191262977985694,0.140290037492624,0.239213689150477,FALSE,FALSE
"6-11",10.4,-0.214221297488611,0.0314443958319635,0.19283025937985,0.141518614665154,0.241074994399935,FALSE,FALSE
"6-11",10.5,-0.216157599765602,0.031703245294184,0.194391671815459,0.142744471876873,0.242927275300025,FALSE,FALSE
"6-11",10.6,-0.21809035324392,0.0319608645489004,0.19594721039339,0.143967604826875,0.244770534246636,FALSE,FALSE
"6-11",10.7,-0.220019524072331,0.0322172428801801,0.197496870319625,0.14518800920038,0.246604773823579,FALSE,FALSE
"6-11",10.8,-0.221945078399601,0.03247236960714,0.199040646903792,0.146405680667768,0.248429996799684,FALSE,FALSE
"6-11",10.9,-0.223866982374494,0.0327262340846037,0.2005785355577,0.147620614883609,0.250246206125919,FALSE,FALSE
"6-11",11,-0.225785202145778,0.0329788257037707,0.202110531793891,0.148832807485673,0.252053404932531,FALSE,FALSE
"6-11",11.1,-0.227699703862218,0.0332301338928981,0.203636631224175,0.150042254093934,0.253851596526223,FALSE,FALSE
"6-11",11.2,-0.22961045367258,0.0334801481179951,0.205156829558187,0.151248950309553,0.255640784387352,FALSE,FALSE
"6-11",11.3,-0.23151741772563,0.0337288578835305,0.206671122601936,0.152452891713847,0.257420972167153,FALSE,FALSE
"6-11",11.4,-0.233420562170133,0.0339762527331533,0.208179506256359,0.153654073867247,0.259192163684995,FALSE,FALSE
"6-11",11.5,-0.235319853154855,0.0342223222504276,0.209681976515879,0.154852492308235,0.260954362925664,FALSE,FALSE
"6-11",11.6,-0.237215256828562,0.0344670560595805,0.21117852946697,0.15604814255227,0.262707574036674,FALSE,FALSE
"6-11",11.7,-0.239106739340021,0.0347104438262655,0.212669161286717,0.157241020090694,0.264451801325604,FALSE,FALSE
"6-11",11.8,-0.240994266837996,0.0349524752583395,0.214153868241386,0.158431120389624,0.266187049257467,FALSE,FALSE
"6-11",11.9,-0.242877805471253,0.035193140106655,0.215632646684994,0.159618438888828,0.26791332245211,FALSE,FALSE
"6-11",12,-0.244757321388559,0.0354324281658683,0.217105493057885,0.160802971000577,0.269630625681638,FALSE,FALSE
"6-11",12.1,-0.24663278073868,0.0356703292752622,0.218572403885304,0.161984712108486,0.271338963867874,FALSE,FALSE
"6-11",12.2,-0.24850414967038,0.0359068333195858,0.22003337577598,0.163163657566337,0.273038342079846,FALSE,FALSE
"6-11",12.3,-0.250371394332426,0.0361419302299103,0.221488405420709,0.164339802696875,0.274728765531306,FALSE,FALSE
"6-11",12.4,-0.252234480873583,0.0363756099845011,0.222937489590939,0.165513142790593,0.276410239578276,FALSE,FALSE
"6-11",12.5,-0.254093375442619,0.0366078626097083,0.224380625137363,0.166683673104496,0.278082769716636,FALSE,FALSE
"6-11",12.6,-0.255948044188297,0.0368386781808731,0.22581780898851,0.167851388860839,0.279746361579734,FALSE,FALSE
"6-11",12.7,-0.257798453259384,0.0370680468232543,0.227249038149342,0.169016285245852,0.281401020936028,FALSE,FALSE
"6-11",12.8,-0.259644568804647,0.0372959587129709,0.228674309699854,0.170178357408437,0.283046753686771,FALSE,FALSE
"6-11",12.9,-0.26148635697285,0.0375224040779655,0.230093620793676,0.171337600458851,0.284683565863716,FALSE,FALSE
"6-11",13,-0.26332378391276,0.0377473731989861,0.231506968656681,0.172494009467354,0.286311463626867,FALSE,FALSE
"6-11",13.1,-0.265156815773142,0.0379708564105874,0.232914350585589,0.17364757946285,0.287930453262253,FALSE,FALSE
"6-11",13.2,-0.266985418702762,0.0381928441021532,0.234315763946587,0.174798305431494,0.289540541179744,FALSE,FALSE
"6-11",13.3,-0.268809558850386,0.0384133267189384,0.235711206173936,0.175946182315274,0.291141733910899,FALSE,FALSE
"6-11",13.4,-0.27062920236478,0.0386322947631334,0.237100674768598,0.177091205010577,0.292734038106849,FALSE,FALSE
"6-11",13.5,-0.27244431539471,0.0388497387949492,0.238484167296851,0.178233368366721,0.294317460536219,FALSE,FALSE
"6-11",13.6,-0.274254864088941,0.039065649433725,0.239861681388917,0.179372667184466,0.295892008083079,FALSE,FALSE
"6-11",13.7,-0.276060814596239,0.0392800173590587,0.24123321473759,0.180509096214499,0.297457687744942,FALSE,FALSE
"6-11",13.8,-0.27786213306537,0.0394928333119605,0.242598765096866,0.181642650155888,0.299014506630792,FALSE,FALSE
"6-11",13.9,-0.279658785645101,0.0397040880960303,0.24395833028058,0.18277332365451,0.300562471959151,FALSE,FALSE
"6-11",14,-0.281450738484196,0.0399137725786598,0.245311908161039,0.183901111301451,0.302101591056186,FALSE,FALSE
"6-11",14.1,-0.283237957731421,0.0401218776922589,0.246659496667667,0.185026007631379,0.303631871353857,FALSE,FALSE
"6-11",14.2,-0.285020409535543,0.0403283944355083,0.248001093785645,0.186148007120881,0.305153320388097,FALSE,FALSE
"6-11",14.3,-0.286798060045327,0.0405333138746378,0.24933669755456,0.187267104186776,0.306665945797041,FALSE,FALSE
"6-11",14.4,-0.288570875409539,0.0407366271447322,0.250666306067053,0.188383293184391,0.30816975531929,FALSE,FALSE
"6-11",14.5,-0.290338821776945,0.0409383254510632,0.251989917467473,0.189496568405807,0.30966475679222,FALSE,FALSE
"6-11",14.6,-0.29210186529631,0.041138400070451,0.25330752995053,0.190606924078075,0.311150958150326,FALSE,FALSE
"6-11",14.7,-0.293859972116401,0.0413368423526534,0.254619141759958,0.191714354361392,0.312628367423622,FALSE,FALSE
"6-11",14.8,-0.295613108385983,0.0415336437217853,0.255924751187173,0.192818853347249,0.314096992736068,FALSE,FALSE
"6-11",14.9,-0.297361240253822,0.0417287956777675,0.257224356569938,0.193920415056536,0.315556842304053,FALSE,FALSE
"6-11",15,-0.299104333868684,0.0419222897978071,0.258517956291032,0.195019033437617,0.317007924434918,FALSE,FALSE
"6-11",15.1,-0.300842355379335,0.0421141177379095,0.25980554877692,0.196114702364365,0.318450247525524,FALSE,FALSE
"6-11",15.2,-0.30257527093454,0.0423042712344219,0.261087132496423,0.19720741563416,0.319883820060869,FALSE,FALSE
"6-11",15.3,-0.304303046683066,0.0424927421056114,0.262362705959401,0.198297166965842,0.321308650612746,FALSE,FALSE
"6-11",15.4,-0.306025648773677,0.0426795222532757,0.263632267715424,0.199383949997636,0.322724747838458,FALSE,FALSE
"6-11",15.5,-0.307743043355141,0.0428646036643898,0.264895816352459,0.200467758285021,0.324132120479571,FALSE,FALSE
"6-11",15.6,-0.309455196576222,0.0430479784127873,0.266153350495553,0.201548585298568,0.325530777360727,FALSE,FALSE
"6-11",15.7,-0.311162074585687,0.0432296386608791,0.26740486880552,0.20262642442173,0.326920727388493,FALSE,FALSE
"6-11",15.8,-0.312863643532302,0.0434095766614089,0.26865036997763,0.203701268948589,0.328301979550279,FALSE,FALSE
"6-11",15.9,-0.314559869564831,0.0435877847592473,0.269889852740306,0.204773112081554,0.329674542913292,FALSE,FALSE
"6-11",16,-0.316250718832042,0.0437642553932251,0.271123315853812,0.205841946929019,0.33103842662355,FALSE,FALSE
"6-11",16.1,-0.3179361574827,0.0439389810980065,0.27235075810896,0.206907766502967,0.332393639904952,FALSE,FALSE
"6-11",16.2,-0.31961615166557,0.0441119545060042,0.273572178325801,0.207970563716528,0.333740192058398,FALSE,FALSE
"6-11",16.3,-0.321290667529419,0.0442831683493357,0.274787575352336,0.209030331381485,0.335078092460963,FALSE,FALSE
"6-11",16.4,-0.322959671223012,0.0444526154618237,0.275996948063219,0.210087062205734,0.336407350565137,FALSE,FALSE
"6-11",16.5,-0.324623128895115,0.0446202887810402,0.277200295358463,0.211140748790683,0.337727975898114,FALSE,FALSE
"6-11",16.6,-0.326281006694494,0.0447861813503962,0.278397616162155,0.2121913836286,0.339039978061143,FALSE,FALSE
"6-11",16.7,-0.327933270769915,0.0449502863212776,0.279588909421163,0.213238959099912,0.340343366728938,FALSE,FALSE
"6-11",16.8,-0.329579887270143,0.0451125969552292,0.280774174103861,0.214283467470435,0.341638151649153,FALSE,FALSE
"6-11",16.9,-0.331220822343945,0.0452731066261865,0.281953409198837,0.215324900888558,0.342924342641913,FALSE,FALSE
"6-11",17,-0.332856042140086,0.0454318088227589,0.283126613713619,0.21636325138236,0.344201949599414,FALSE,FALSE
"6-11",17.1,-0.334485512807332,0.0455886971505624,0.284293786673397,0.217398510856664,0.345470982485587,FALSE,FALSE
"6-11",17.2,-0.336109200494449,0.0457437653346061,0.285454927119747,0.218430671090036,0.346731451335824,FALSE,FALSE
"6-11",17.3,-0.337727071350202,0.0458970072217314,0.286610034109357,0.219459723731717,0.347983366256776,FALSE,FALSE
"6-11",17.4,-0.339339091523358,0.0460484167831069,0.287759106712759,0.22048566029848,0.349226737426216,FALSE,FALSE
"6-11",17.5,-0.340945227162683,0.0461979881167797,0.288902144013058,0.221508472171435,0.350461575092979,FALSE,FALSE
"6-11",17.6,-0.342545444416941,0.0463457154502833,0.290039145104666,0.222528150592753,0.351687889576963,FALSE,FALSE
"6-11",17.7,-0.344139709434899,0.0464915931433066,0.291170109092038,0.223544686662322,0.352905691269211,FALSE,FALSE
"6-11",17.8,-0.345727988365324,0.0466356156904215,0.292295035088412,0.224558071334332,0.354114990632068,FALSE,FALSE
"6-11",17.9,-0.347310247356979,0.0467777777238744,0.293413922214543,0.225568295413785,0.355315798199408,FALSE,FALSE
"6-11",18,-0.348886452558632,0.0469180740164396,0.294526769597449,0.226575349552924,0.356508124576943,FALSE,FALSE
"6-11",18.1,-0.350456570119049,0.0470564994843395,0.295633576369152,0.227579224247594,0.357691980442609,FALSE,FALSE
"6-11",18.2,-0.352020566186994,0.0471930491902304,0.296734341665425,0.228579909833507,0.358867376547039,FALSE,FALSE
"6-11",18.3,-0.353578406911234,0.0473277183462573,0.297829064624539,0.229577396482443,0.360034323714109,FALSE,FALSE
"6-11",18.4,-0.355130058440535,0.0474605023171785,0.298917744386009,0.230571674198349,0.361192832841576,FALSE,FALSE
"6-11",18.5,-0.356675486923662,0.0475913966235624,0.300000380089347,0.231562732813362,0.3623429149018,FALSE,FALSE
"6-11",18.6,-0.358214658509381,0.0477203969450571,0.301076970872815,0.232550561983744,0.363484580942553,FALSE,FALSE
"6-11",18.7,-0.359747539346459,0.0478474991237362,0.302147515872175,0.233535151185716,0.36461784208792,FALSE,FALSE
"6-11",18.8,-0.36127409558366,0.0479726991675215,0.303212014219448,0.234516489711213,0.365742709539291,FALSE,FALSE
"6-11",18.9,-0.362794293369751,0.0480959932536842,0.304270465041668,0.235494566663528,0.366859194576447,FALSE,FALSE
"6-11",19,-0.364308098853498,0.048217377732428,0.305322867459643,0.236469370952872,0.367967308558742,FALSE,FALSE
"6-11",19.1,-0.365815484886635,0.0483368523875595,0.306369225236096,0.237440891535262,0.369067071183214,FALSE,FALSE
"6-11",19.2,-0.367316458056894,0.0484544335112596,0.307409565462382,0.238409118483086,0.370158543577109,FALSE,FALSE
"6-11",19.3,-0.368811035542089,0.0485701425280816,0.308443922376483,0.239374042331984,0.371241799367093,FALSE,FALSE
"6-11",19.4,-0.370299234523815,0.0486840008259797,0.309472329999615,0.240335653731875,0.372316911569439,FALSE,FALSE
"6-11",19.5,-0.371781072183665,0.0487960297516116,0.310494822135411,0.241293943450047,0.373383952589053,FALSE,FALSE
"6-11",19.6,-0.373256565703234,0.0489062506075223,0.311511432371715,0.242248902374284,0.374442994223173,FALSE,FALSE
"6-11",19.7,-0.374725732264116,0.0490146846493637,0.312522194082364,0.243200521515918,0.37549410766505,FALSE,FALSE
"6-11",19.8,-0.376188589047906,0.0491213530831516,0.313527140428954,0.244148792012799,0.376537363507623,FALSE,FALSE
"6-11",19.9,-0.377645153236198,0.0492262770625542,0.314526304362587,0.245093705132179,0.377572831747171,FALSE,FALSE
"6-11",20,-0.379095442010585,0.0493294776862135,0.315519718625607,0.246035252273543,0.378600581786953,FALSE,FALSE
"6-11",20.1,-0.380539472552663,0.0494309759950961,0.316507415753322,0.246973424971349,0.379620682440818,FALSE,FALSE
"6-11",20.2,-0.381977262044026,0.0495307929698723,0.317489428075706,0.247908214897722,0.38063320193681,FALSE,FALSE
"6-11",20.3,-0.383408827666267,0.049628949528322,0.318465787719095,0.24883961386507,0.381638207920728,FALSE,FALSE
"6-11",20.4,-0.384834186600982,0.0497254665227673,0.319436526607859,0.249767613828646,0.382635767459674,FALSE,FALSE
"6-11",20.5,-0.386253356029765,0.0498203647375278,0.320401676466069,0.250692206889055,0.383625947045574,FALSE,FALSE
"6-11",20.6,-0.387666353134209,0.0499136648864003,0.321361268819143,0.251613385294696,0.384608812598663,FALSE,FALSE
"6-11",20.7,-0.389073195095909,0.0500053876101606,0.32231533499548,0.252531141444161,0.385584429470943,FALSE,FALSE
"6-11",20.8,-0.39047389909646,0.0500955534740863,0.323263906128084,0.253445467888575,0.386552862449618,FALSE,FALSE
"6-11",20.9,-0.391868482317456,0.0501841829654999,0.32420701315617,0.254356357333894,0.387514175760486,FALSE,FALSE
"6-11",21,-0.39325696194049,0.0502712964913324,0.325144686826757,0.255263802643144,0.388468433071306,FALSE,FALSE
"6-11",21.1,-0.394639355147158,0.0503569143757046,0.326076957696249,0.256167796838629,0.389415697495133,FALSE,FALSE
"6-11",21.2,-0.396015679119054,0.0504410568575279,0.327003856132,0.257068333104081,0.390356031593615,FALSE,FALSE
"6-11",21.3,-0.397385951037772,0.0505237440881221,0.327925412313872,0.257965404786776,0.391289497380257,FALSE,FALSE
"6-11",21.4,-0.398750188084905,0.0506049961288514,0.328841656235774,0.258859005399602,0.392216156323656,FALSE,FALSE
"6-11",21.5,-0.40010840744205,0.0506848329487762,0.32975261770719,0.259749128623091,0.393136069350694,FALSE,FALSE
"6-11",21.6,-0.401460626290799,0.0507632744223224,0.330658326354691,0.260635768307411,0.394049296849704,FALSE,FALSE
"6-11",21.7,-0.402806861812747,0.0508403403269671,0.331558811623445,0.261518918474312,0.394955898673596,FALSE,FALSE
"6-11",21.8,-0.404147131189489,0.0509160503409395,0.332454102778701,0.26239857331905,0.39585593414295,FALSE,FALSE
"6-11",21.9,-0.405481451602618,0.0509904240409386,0.333344228907266,0.263274727212256,0.396749462049076,FALSE,FALSE
"6-11",22,-0.406809840233729,0.0510634808998666,0.334229218918976,0.264147374701782,0.397636540657036,FALSE,FALSE
"6-11",22.1,-0.408132314264417,0.0511352402845781,0.335109101548145,0.265016510514504,0.398517227708638,FALSE,FALSE
"6-11",22.2,-0.409448890876275,0.0512057214536446,0.335983905355004,0.265882129558096,0.399391580425387,FALSE,FALSE
"6-11",22.3,-0.410759587250898,0.0512749435551361,0.336853658727137,0.266744226922764,0.400259655511416,FALSE,FALSE
"6-11",22.4,-0.41206442056988,0.0513429256244174,0.33771838988089,0.267602797882946,0.401121509156367,FALSE,FALSE
"6-11",22.5,-0.413363408014816,0.0514096865819613,0.338578126862782,0.268457837898984,0.401977197038254,FALSE,FALSE
"6-11",22.6,-0.414656566767299,0.0514752452311784,0.339432897550899,0.269309342618757,0.402826774326289,FALSE,FALSE
"6-11",22.7,-0.415943914008925,0.0515396202562625,0.340282729656271,0.270157307879281,0.403670295683672,FALSE,FALSE
"6-11",22.8,-0.417225466921287,0.0516028302200542,0.341127650724248,0.271001729708278,0.404507815270356,FALSE,FALSE
"6-11",22.9,-0.418501242685979,0.0516648935619208,0.341967688135857,0.271842604325706,0.405339386745783,FALSE,FALSE
"6-11",23,-0.419771258484597,0.0517258285956542,0.342802869109151,0.272679928145269,0.406165063271581,FALSE,FALSE
"6-11",23.1,-0.421035531498733,0.0517856535073869,0.343633220700548,0.273513697775875,0.406984897514247,FALSE,FALSE
"6-11",23.2,-0.422294078909984,0.0518443863535264,0.344458769806153,0.274343910023077,0.407798941647787,FALSE,FALSE
"6-11",23.3,-0.423546917899942,0.0519020450587085,0.345279543163076,0.27517056189047,0.408607247356342,FALSE,FALSE
"6-11",23.4,-0.424794065650202,0.0519586474137704,0.346095567350736,0.275993650581059,0.409409865836779,FALSE,FALSE
"6-11",23.5,-0.426035539342359,0.0520142110737436,0.346906868792154,0.276813173498593,0.410206847801259,FALSE,FALSE
"6-11",23.6,-0.427271356158006,0.0520687535558675,0.34771347375524,0.277629128248863,0.410998243479788,FALSE,FALSE
"6-11",23.7,-0.428501533278738,0.0521222922376247,0.348515408354057,0.278441512640962,0.411784102622731,FALSE,FALSE
"6-11",23.8,-0.42972608788615,0.0521748443547975,0.349312698550093,0.27925032468852,0.412564474503318,FALSE,FALSE
"6-11",23.9,-0.430945037161835,0.0522264269995476,0.350105370153506,0.280055562610892,0.413339407920118,FALSE,FALSE
"6-11",24,-0.432158398287389,0.0522770571185194,0.350893448824369,0.280857224834319,0.414108951199501,FALSE,FALSE
"6-11",24.1,-0.433366188444404,0.0523267515109666,0.3516769600739,0.281655309993045,0.414873152198076,FALSE,FALSE
"6-11",24.2,-0.434568424814476,0.0523755268269042,0.352455929265682,0.282449816930403,0.415632058305111,FALSE,FALSE
"6-11",24.3,-0.435765124579199,0.0524233995652862,0.353230381616881,0.283240744699861,0.416385716444945,FALSE,FALSE
"6-11",24.4,-0.436956304920167,0.0524703860722097,0.354000342199437,0.284028092566029,0.417134173079368,FALSE,FALSE
"6-11",24.5,-0.438141983018974,0.0525165025391461,0.354765835941267,0.284811860005629,0.417877474210004,FALSE,FALSE
"6-11",24.6,-0.439322176057215,0.0525617650012009,0.355526887627437,0.285592046708423,0.418615665380674,FALSE,FALSE
"6-11",24.7,-0.440496901216484,0.0526061893354022,0.356283521901342,0.286368652578105,0.419348791679739,FALSE,FALSE
"6-11",24.8,-0.441666175678375,0.0526497912590198,0.357035763265868,0.287141677733148,0.42007689774245,FALSE,FALSE
"6-11",24.9,-0.442830016624483,0.0526925863279141,0.35778363608454,0.28791112250761,0.420800027753273,FALSE,FALSE
"6-11",25,-0.443988441236401,0.0527345899349185,0.358527164582672,0.288676987451904,0.421518225448213,FALSE,FALSE
"6-11",25.1,-0.445141466695725,0.0527758173082528,0.359266372848502,0.28943927333351,0.42223153411713,FALSE,FALSE
"6-11",25.2,-0.446289110184048,0.0528162835099721,0.360001284834313,0.290197981137663,0.422939996606053,FALSE,FALSE
"6-11",25.3,-0.447431388882965,0.0528560034344495,0.360731924357554,0.290953112067978,0.423643655319483,FALSE,FALSE
"6-11",25.4,-0.44856831997407,0.0528949918068948,0.361458315101947,0.291704667547041,0.424342552222699,FALSE,FALSE
"6-11",25.5,-0.449699920638957,0.05293326318191,0.362180480618584,0.292452649216951,0.42503672884406,FALSE,FALSE
"6-11",25.6,-0.450826208059221,0.0529708319420833,0.362898444327019,0.29319705893981,0.425726226277308,FALSE,FALSE
"6-11",25.7,-0.451947199416456,0.0530077122966212,0.363612229516349,0.293937898798172,0.426411085183872,FALSE,FALSE
"6-11",25.8,-0.453062911892256,0.0530439182800211,0.364321859346284,0.294675171095434,0.427091345795172,FALSE,FALSE
"6-11",25.9,-0.454173362668216,0.0530794637507846,0.365027356848213,0.29540887835619,0.427767047914933,FALSE,FALSE
"6-11",26,-0.45527856892593,0.0531143623901734,0.365728744926261,0.29613902332652,0.428438230921498,FALSE,FALSE
"6-11",26.1,-0.456378547846991,0.0531486277010079,0.36642604635833,0.296865608974238,0.429104933770152,FALSE,FALSE
"6-11",26.2,-0.457473316612995,0.0531822730065106,0.367119283797145,0.297588638489078,0.429767194995449,FALSE,FALSE
"6-11",26.3,-0.458562892405536,0.0532153114491946,0.367808479771277,0.298308115282837,0.430425052713557,FALSE,FALSE
"6-11",26.4,-0.459647292406208,0.0532477559897983,0.368493656686172,0.299024042989454,0.431078544624601,FALSE,FALSE
"6-11",26.5,-0.460726533796605,0.0532796194062686,0.369174836825156,0.299736425465038,0.431727708015034,FALSE,FALSE
"6-11",26.6,-0.461800633758321,0.053310914292792,0.369852042350451,0.300445266787838,0.432372579760004,FALSE,FALSE
"6-11",26.7,-0.462869609472952,0.0533416530588754,0.370525295304162,0.30115057125816,0.433013196325749,FALSE,FALSE
"6-11",26.8,-0.46393347812209,0.0533718479284789,0.371194617609277,0.301852343398216,0.433649593772005,FALSE,FALSE
"6-11",26.9,-0.464992256887331,0.0534015109391992,0.371860031070638,0.302550587951921,0.434281807754423,FALSE,FALSE
"6-11",27,-0.466045962950269,0.0534306539415073,0.372521557375926,0.303245309884634,0.434909873527021,FALSE,FALSE
"6-11",27.1,-0.467094613492499,0.0534592885980394,0.373179218096618,0.303936514382823,0.435533825944638,FALSE,FALSE
"6-11",27.2,-0.468138225695613,0.0534874263829443,0.37383303468895,0.304624206853684,0.43615369946542,FALSE,FALSE
"6-11",27.3,-0.469176816741207,0.0535150785812858,0.374483028494868,0.305308392924685,0.436769528153328,FALSE,FALSE
"6-11",27.4,-0.470210403810875,0.053542256288504,0.37512922074297,0.305989078443056,0.437381345680668,FALSE,FALSE
"6-11",27.5,-0.471239004086211,0.0535689704099341,0.375771632549443,0.3066662694752,0.437989185330642,FALSE,FALSE
"6-11",27.6,-0.47226263474881,0.0535952316603854,0.376410284918989,0.307339972306058,0.438593079999933,FALSE,FALSE
"6-11",27.7,-0.473281312980266,0.0536210505637809,0.37704519874575,0.308010193438388,0.439193062201315,FALSE,FALSE
"6-11",27.8,-0.474295055962172,0.0536464374528586,0.377676394814219,0.308676939591984,0.439789164066286,FALSE,FALSE
"6-11",27.9,-0.475303880876125,0.0536714024689356,0.378303893800147,0.309340217702835,0.440381417347739,FALSE,FALSE
"6-11",28,-0.476307804903717,0.0536959555617363,0.378927716271444,0.310000034922197,0.440969853422659,FALSE,FALSE
"6-11",28.1,-0.477306845226543,0.0537201064892852,0.379547882689068,0.310656398615611,0.441554503294854,FALSE,FALSE
"6-11",28.2,-0.478301019026197,0.0537438648178658,0.380164413407914,0.311309316361839,0.442135397597723,FALSE,FALSE
"6-11",28.3,-0.479290343484274,0.0537672399220459,0.380777328677691,0.311958795951732,0.442712566597047,FALSE,FALSE
"6-11",28.4,-0.480274835782368,0.0537902409847718,0.381386648643792,0.31260484538703,0.443286040193833,FALSE,FALSE
"6-11",28.5,-0.481254513102073,0.0538128769975302,0.38199239334816,0.313247472879075,0.443855847927177,FALSE,FALSE
"6-11",28.6,-0.482229392624983,0.0538351567605807,0.382594582730147,0.313886686847468,0.44442201897718,FALSE,FALSE
"6-11",28.7,-0.483199491532694,0.0538570888832587,0.38319323662736,0.314522495918632,0.44498458216789,FALSE,FALSE
"6-11",28.8,-0.484164827006798,0.05387868178435,0.383788374776511,0.315154908924314,0.445543565970295,FALSE,FALSE
"6-11",28.9,-0.485125416228891,0.0538999436925383,0.384380016814253,0.3157839349,0.446098998505348,FALSE,FALSE
"6-11",29,-0.486081276380567,0.0539208826469258,0.384968182278008,0.316409583083262,0.44665090754704,FALSE,FALSE
"6-11",29.1,-0.487032424643419,0.0539415064976281,0.385552890606797,0.317031862912013,0.447199320525514,FALSE,FALSE
"6-11",29.2,-0.487978878199043,0.053961822906445,0.386134161142051,0.3176507840227,0.447744264530219,FALSE,FALSE
"6-11",29.3,-0.488920654229032,0.0539818393476065,0.386712013128432,0.318266356248404,0.448285766313114,FALSE,FALSE
"6-11",29.4,-0.489857769914982,0.0540015631085961,0.38728646571463,0.318878589616868,0.448823852291919,FALSE,FALSE
"6-11",29.5,-0.490790242438485,0.054021001291052,0.387857537954164,0.319487494348438,0.449358548553402,FALSE,FALSE
"6-11",29.6,-0.491718088981137,0.0540401608117461,0.388425248806179,0.320093080853925,0.449889880856726,FALSE,FALSE
"6-11",29.7,-0.492641326724532,0.0540590484036429,0.38898961713623,0.320695359732391,0.450417874636838,FALSE,FALSE
"6-11",29.8,-0.493559972850263,0.054077670617038,0.389550661717058,0.321294341768837,0.450942555007903,FALSE,FALSE
"6-11",29.9,-0.494474044539926,0.0540960338207775,0.390108401229373,0.321890037931828,0.451463946766798,FALSE,FALSE
"6-11",30,-0.495383558975115,0.0541141442035582,0.390662854262615,0.322482459371014,0.451982074396647,FALSE,FALSE
"6-11",30.1,-0.496288533337424,0.0541320077753111,0.391214039315722,0.323071617414581,0.452496962070412,FALSE,FALSE
"6-11",30.2,-0.497188984808447,0.0541496303686658,0.39176197479788,0.323657523566613,0.453008633654533,FALSE,FALSE
"6-11",30.3,-0.498084930569778,0.0541670176405004,0.39230667902928,0.324240189504365,0.453517112712627,FALSE,FALSE
"6-11",30.4,-0.498976387803012,0.0541841750735736,0.392848170241858,0.324819627075453,0.454022422509228,FALSE,FALSE
"6-11",30.5,-0.499863373689744,0.0542011079782421,0.393386466580037,0.325395848294962,0.454524586013596,FALSE,FALSE
"6-11",30.6,-0.500745905411567,0.0542178214942635,0.393921586101459,0.325968865342456,0.45502362590357,FALSE,FALSE
"6-11",30.7,-0.501624000150075,0.0542343205926844,0.394453546777711,0.326538690558913,0.455519564569476,FALSE,FALSE
"6-11",30.8,-0.502497675086864,0.0542506100778148,0.394982366495048,0.327105336443567,0.456012424118097,FALSE,FALSE
"6-11",30.9,-0.503366947403526,0.0542666945892894,0.395508063055111,0.327668815650659,0.456502226376699,FALSE,FALSE
"6-11",31,-0.504231834281658,0.0542825786042164,0.396030654175633,0.328229140986106,0.456988992897102,FALSE,FALSE
"6-11",31.1,-0.505092352902852,0.0542982664394137,0.39655015749115,0.328786325404075,0.457472744959825,FALSE,FALSE
"6-11",31.2,-0.505948520448704,0.0543137622537333,0.397066590553695,0.329340382003475,0.457953503578279,FALSE,FALSE
"6-11",31.3,-0.506800354100807,0.0543290700504747,0.397579970833496,0.329891324024354,0.458431289503016,FALSE,FALSE
"6-11",31.4,-0.507647871040756,0.0543441936798868,0.398090315719663,0.330439164844208,0.458906123226044,FALSE,FALSE
"6-11",31.5,-0.508491088450145,0.0543591368417603,0.398597642520872,0.330983917974198,0.4593780249852,FALSE,FALSE
"6-11",31.6,-0.509330023510568,0.0543739030881086,0.399101968466045,0.331525597055285,0.459847014768576,FALSE,FALSE
"6-11",31.7,-0.51016469340362,0.0543884958259398,0.399603310705018,0.332064215854262,0.46031311231901,FALSE,FALSE
"6-11",31.8,-0.510995115310895,0.0544029183201194,0.400101686309214,0.332599788259706,0.46077633713864,FALSE,FALSE
"6-11",31.9,-0.511821306413987,0.0544171736963234,0.400597112272303,0.333132328277834,0.461236708493512,FALSE,FALSE
"6-11",32,-0.512643283894491,0.054431264944083,0.401089605510859,0.333661850028267,0.461694245418253,FALSE,FALSE
"6-11",32.1,-0.513461064934,0.0544451949199203,0.401579182865014,0.334188367739706,0.462148966720808,FALSE,FALSE
"6-11",32.2,-0.51427466671411,0.054458966350577,0.402065861099105,0.334711895745514,0.462600890987231,FALSE,FALSE
"6-11",32.3,-0.515084106416414,0.0544725818363338,0.402549656902314,0.335232448479204,0.463050036586546,FALSE,FALSE
"6-11",32.4,-0.515889401222507,0.0544860438544231,0.403030586889308,0.335750040469844,0.463496421675664,FALSE,FALSE
"6-11",32.5,-0.516690568313983,0.0544993547625341,0.403508667600872,0.336264686337358,0.463940064204371,FALSE,FALSE
"6-11",32.6,-0.517487624872436,0.054512516802411,0.403983915504531,0.336776400787741,0.464380981920368,FALSE,FALSE
"6-11",32.7,-0.518280588079461,0.0545255321035434,0.404456346995181,0.337285198608183,0.464819192374382,FALSE,FALSE
"6-11",32.8,-0.519069475116652,0.0545384026869514,0.4049259783957,0.337791094662095,0.465254712925339,FALSE,FALSE
"6-11",32.9,-0.519854303165603,0.0545511304690629,0.405392825957563,0.338294103884048,0.465687560745601,FALSE,FALSE
"6-11",33,-0.520635089407909,0.0545637172656857,0.405856905861454,0.338794241274612,0.466117752826263,FALSE,FALSE
"6-11",33.1,-0.521411851025163,0.0545761647960727,0.406318234217861,0.339291521895112,0.46654530598252,FALSE,FALSE
"6-11",33.2,-0.52218460519896,0.0545884746870817,0.406776827067687,0.339785960862277,0.466970236859095,FALSE,FALSE
"6-11",33.3,-0.522953369110895,0.0546006484774295,0.407232700382833,0.340277573342809,0.467392561935732,FALSE,FALSE
"6-11",33.4,-0.523718159942562,0.0546126876220398,0.407685870066793,0.34076637454785,0.467812297532756,FALSE,FALSE
"6-11",33.5,-0.524478994875554,0.0546245934964868,0.408136351955242,0.34125237972736,0.468229459816695,FALSE,FALSE
"6-11",33.6,-0.525235891091468,0.0546363674015323,0.40858416181661,0.341735604164394,0.46864406480597,FALSE,FALSE
"6-11",33.7,-0.525988865771895,0.054648010567759,0.409029315352663,0.342216063169298,0.469056128376649,FALSE,FALSE
"6-11",33.8,-0.526737936098431,0.0546595241602979,0.409471828199072,0.342693772073793,0.469465666268271,FALSE,FALSE
"6-11",33.9,-0.527483119252671,0.0546709092836515,0.409911715925985,0.343168746224983,0.469872694089728,FALSE,FALSE
"6-11",34,-0.528224432416208,0.0546821669866118,0.410348994038582,0.343641000979257,0.470277227325218,FALSE,FALSE
"6-11",34.1,-0.528961892770637,0.0546932982672748,0.410783677977641,0.344110551696097,0.47067928134027,FALSE,FALSE
"6-11",34.2,-0.529695517497552,0.0547043040781496,0.41121578312009,0.344577413731798,0.471078871387824,FALSE,FALSE
"6-11",34.3,-0.530425323778547,0.0547151853313639,0.411645324779554,0.345041602433085,0.471476012614389,FALSE,FALSE
"6-11",34.4,-0.531151328795217,0.0547259429039654,0.412072318206905,0.345503133130642,0.471870720066261,FALSE,FALSE
"6-11",34.5,-0.531873549729155,0.0547365776433189,0.412496778590801,0.345962021132541,0.47226300869581,FALSE,FALSE
"6-11",34.6,-0.532592003761957,0.0547470903726004,0.412918721058223,0.346418281717577,0.472652893367838,FALSE,FALSE
"6-11",34.7,-0.533306708075217,0.0547574818963867,0.413338160675011,0.346871930128509,0.473040388866002,FALSE,FALSE
"6-11",34.8,-0.534017679850528,0.0547677530063421,0.413755112446389,0.347322981565202,0.473425509899305,FALSE,FALSE
"6-11",34.9,-0.534724936269486,0.0547779044870015,0.414169591317494,0.347771451177678,0.473808271108654,FALSE,FALSE
"6-11",35,-0.535428494513684,0.0547879371216504,0.414581612173894,0.348217354059062,0.474188687073493,FALSE,FALSE
"6-11",35.1,-0.536128371764717,0.0547978516983017,0.414991189842105,0.348660705238446,0.474566772318499,FALSE,FALSE
"6-11",35.2,-0.536824585204178,0.0548076490157702,0.415398339090105,0.34910151967364,0.474942541320346,FALSE,FALSE
"6-11",35.3,-0.537517152013663,0.054817329889843,0.415803074627844,0.349539812243842,0.475316008514543,FALSE,FALSE
"6-11",35.4,-0.538206089374766,0.054826895159549,0.416205411107744,0.349975597742195,0.475687188302344,FALSE,FALSE
"6-11",35.5,-0.538891414469081,0.0548363456935245,0.416605363125206,0.350408890868264,0.476056095057714,FALSE,FALSE
"6-11",35.6,-0.539573144478201,0.0548456823964775,0.417002945219103,0.350839706220401,0.476422743134384,FALSE,FALSE
"6-11",35.7,-0.540251296583723,0.0548549062157489,0.417398171872275,0.351268058288022,0.476787146872963,FALSE,FALSE
"6-11",35.8,-0.540925887967239,0.0548640181479727,0.417791057512018,0.35169396144378,0.477149320608125,FALSE,FALSE
"6-11",35.9,-0.541596935810344,0.0548730192458334,0.418181616510568,0.352117429935648,0.477509278675868,FALSE,FALSE
"6-11",36,-0.542264457294632,0.0548819106249223,0.418569863185587,0.352538477878893,0.477867035420843,FALSE,FALSE
"6-11",36.1,-0.542928469601699,0.0548906934706921,0.418955811800635,0.35295711924796,0.478222605203752,FALSE,FALSE
"6-11",36.2,-0.543588989913137,0.0548993690455092,0.41933947656565,0.353373367868254,0.478576002408824,FALSE,FALSE
"6-11",36.3,-0.544246035410541,0.0549079386958065,0.419720871637414,0.353787237407829,0.478927241451357,FALSE,FALSE
"6-11",36.4,-0.544899623275506,0.0549164038593326,0.420100011120026,0.354198741368964,0.479276336785335,FALSE,FALSE
"6-11",36.5,-0.545549770689626,0.0549247660725023,0.420476909065356,0.354607893079657,0.479623302911116,FALSE,FALSE
"6-11",36.6,-0.546196494834495,0.054933026977844,0.420851579473514,0.35501470568501,0.479968154383193,FALSE,FALSE
"6-11",36.7,-0.546839812891708,0.0549411883315478,0.4212240362933,0.355419192138512,0.48031090581803,FALSE,FALSE
"6-11",36.8,-0.547479742042858,0.0549492520111117,0.421594293422661,0.355821365193232,0.480651571901968,FALSE,FALSE
"6-11",36.9,-0.54811629946954,0.0549572200230874,0.421962364709134,0.356221237392904,0.480990167399204,FALSE,FALSE
"6-11",37,-0.548749502353349,0.0549650945109254,0.422328263950297,0.356618821062915,0.481326707159847,FALSE,FALSE
"6-11",37.1,-0.549379367875878,0.0549728777629193,0.422692004894209,0.357014128301194,0.481661206128043,FALSE,FALSE
"6-11",37.2,-0.550005913218723,0.0549805722202495,0.423053601239847,0.357407170969,0.481993679350176,FALSE,FALSE
"6-11",37.3,-0.550629155563476,0.0549881804851258,0.423413066637543,0.357797960681611,0.482324141983143,FALSE,FALSE
"6-11",37.4,-0.551249112091733,0.0549957053290292,0.423770414689415,0.358186508798908,0.482652609302701,FALSE,FALSE
"6-11",37.5,-0.551865799985088,0.0550031497010533,0.424125658949793,0.358572826415867,0.482979096711886,FALSE,FALSE
"6-11",37.6,-0.552479236425135,0.0550105167363441,0.424478812925648,0.358956924352946,0.483303619749514,FALSE,FALSE
"6-11",37.7,-0.553089438593468,0.0550178097646385,0.424829890077009,0.359338813146373,0.483626194098741,FALSE,FALSE
"6-11",37.8,-0.553696423671682,0.055025032318902,0.425178903817385,0.359718503038333,0.483946835595712,FALSE,FALSE
"6-11",37.9,-0.554300208841371,0.0550321881440638,0.425525867514177,0.36009600396706,0.484265560238272,FALSE,FALSE
"6-11",38,-0.55490081128413,0.0550392812058508,0.425870794489089,0.360471325556826,0.484582384194754,FALSE,FALSE
"6-11",38.1,-0.555498248181625,0.0550463156996105,0.426213698018581,0.360844477108013,0.484897323812768,FALSE,FALSE
"6-11",38.2,-0.556092537057322,0.0550532955630362,0.426554591530232,0.361215468426574,0.485210395303287,FALSE,FALSE
"6-11",38.3,-0.556683696564398,0.0550602233411518,0.426893489054122,0.361584311745978,0.485521614002272,FALSE,FALSE
"6-11",38.4,-0.557271745589113,0.0550671014896294,0.427230404707772,0.361951019518408,0.485830995226098,FALSE,FALSE
"6-11",38.5,-0.557856703017727,0.0550739327057333,0.427565352562754,0.362315603852099,0.486138554485495,FALSE,FALSE
"6-11",38.6,-0.558438587736502,0.0550807199200691,0.427898346645115,0.362678076522852,0.486444307477006,FALSE,FALSE
"6-11",38.7,-0.559017418631699,0.0550874662884228,0.428229400935801,0.36303844898539,0.48674827007457,FALSE,FALSE
"6-11",38.8,-0.559593214589576,0.055094175183688,0.428558529371071,0.363396732384548,0.48705045832123,FALSE,FALSE
"6-11",38.9,-0.560165994496396,0.0551008501878825,0.428885745842915,0.363752937566303,0.487350888420967,FALSE,FALSE
"6-11",39,-0.560735777238419,0.0551074950842508,0.429211064199463,0.364107075088654,0.487649576730655,FALSE,FALSE
"6-11",39.1,-0.561302581701906,0.0551141138494551,0.429534498245394,0.364459155232333,0.487946539752135,FALSE,FALSE
"6-11",39.2,-0.561866426773116,0.0551207106458511,0.429856061742338,0.364809188011373,0.488241794124413,FALSE,FALSE
"6-11",39.3,-0.562427331338311,0.0551272898138508,0.430175768409278,0.365157183183521,0.488535356615965,FALSE,FALSE
"6-11",39.4,-0.562985314283752,0.055133855864369,0.430493631922948,0.365503150260501,0.488827244117168,FALSE,FALSE
"6-11",39.5,-0.563540394495698,0.0551404134713548,0.430809665918222,0.365847098518129,0.489117473632834,FALSE,FALSE
"6-11",39.6,-0.564092590860411,0.0551469674644074,0.431123883988509,0.366189037006284,0.489406062274868,FALSE,FALSE
"6-11",39.7,-0.564641922264151,0.0551535228214738,0.431436299686138,0.366528974558732,0.489693027255022,FALSE,FALSE
"6-11",39.8,-0.565188407593178,0.0551600846616303,0.431746926522742,0.366866919802812,0.489978385877769,FALSE,FALSE
"6-11",39.9,-0.565732065733754,0.0551666582379459,0.432055777969636,0.367202881168978,0.490262155533282,FALSE,FALSE
"6-11",40,-0.566272915572138,0.0551732489304266,0.432362867458197,0.367536866900202,0.490544353690513,FALSE,FALSE
"6-11",40.1,-0.566810975994592,0.0551798622390422,0.432668208380234,0.367868885061245,0.490824997890385,FALSE,FALSE
"6-11",40.2,-0.567346265887376,0.0551865037768322,0.43297181408836,0.368198943547783,0.49110410573908,FALSE,FALSE
"6-11",40.3,-0.567878804136751,0.0551931792630934,0.43327369789636,0.36852705009541,0.491381694901431,FALSE,FALSE
"6-11",40.4,-0.568408609628977,0.0551998945166466,0.433573873079551,0.3688532122885,0.491657783094419,FALSE,FALSE
"6-11",40.5,-0.568935701250315,0.055206655449183,0.433872352875148,0.369177437568942,0.491932388080763,FALSE,FALSE
"6-11",40.6,-0.569460097887025,0.0552134680586896,0.434169150482614,0.369499733244744,0.492205527662613,FALSE,FALSE
"6-11",40.7,-0.569981818425368,0.0552203384229543,0.43446427906402,0.369820106498508,0.492477219675334,FALSE,FALSE
"6-11",40.8,-0.570500881751605,0.0552272726931483,0.434757751744393,0.370138564395777,0.492747481981398,FALSE,FALSE
"6-11",40.9,-0.571017306751996,0.0552342770874884,0.435049581612064,0.370455113893261,0.493016332464356,FALSE,FALSE
"6-11",41,-0.571531112312803,0.0552413578849763,0.435339781719012,0.370769761846929,0.493283789022916,FALSE,FALSE
"6-11",41.1,-0.572042317320284,0.0552485214192164,0.435628365081209,0.371082515019988,0.493549869565111,FALSE,FALSE
"6-11",41.2,-0.572550940660702,0.055255774072312,0.43591534467895,0.371393380090727,0.493814592002559,FALSE,FALSE
"6-11",41.3,-0.573057001220316,0.0552631222688384,0.436200733457199,0.371702363660252,0.494077974244814,FALSE,FALSE
"6-11",41.4,-0.573560517885387,0.0552705724698948,0.436484544325911,0.372009472260089,0.494340034193808,FALSE,FALSE
"6-11",41.5,-0.574061509542177,0.0552781311672329,0.436766790160368,0.372314712359671,0.494600789738388,FALSE,FALSE
"6-11",41.6,-0.574559995076944,0.055285804877464,0.437047483801502,0.372618090373709,0.49486025874894,FALSE,FALSE
"6-11",41.7,-0.575055993375951,0.055293600136344,0.437326638056217,0.372919612669439,0.495118459072097,FALSE,FALSE
"6-11",41.8,-0.575549523325458,0.0553015234931355,0.437604265697713,0.373219285573754,0.495375408525549,FALSE,FALSE
"6-11",41.9,-0.576040603811724,0.0553095815050487,0.437880379465797,0.373517115380216,0.495631124892925,FALSE,FALSE
"6-11",42,-0.576529253721012,0.0553177807317601,0.438154992067204,0.373813108355956,0.495885625918778,FALSE,FALSE
"6-11",42.1,-0.577015491939581,0.0553261277300094,0.438428116175902,0.374107270748454,0.496138929303648,FALSE,FALSE
"6-11",42.2,-0.577499337353692,0.0553346290482751,0.438699764433403,0.374399608792202,0.496391052699217,FALSE,FALSE
"6-11",42.3,-0.577980808849606,0.055343291221529,0.438969949449067,0.374690128715256,0.496642013703547,FALSE,FALSE
"6-11",42.4,-0.578459925313583,0.0553521207660693,0.439238683800405,0.374978836745671,0.496891829856412,FALSE,FALSE
"6-11",42.5,-0.578936705631884,0.0553611241744331,0.439505980033378,0.37526573911782,0.497140518634705,FALSE,FALSE
"6-11",42.6,-0.579411168690769,0.055370307910389,0.439771850662695,0.375550842078602,0.497388097447946,FALSE,FALSE
"6-11",42.7,-0.579883333376499,0.0553796784040091,0.440036308172102,0.375834151893531,0.497634583633864,FALSE,FALSE
"6-11",42.8,-0.580353218575335,0.0553892420468212,0.440299365014679,0.376115674852717,0.497879994454072,FALSE,FALSE
"6-11",42.9,-0.580820843173537,0.0553990051870428,0.440561033613123,0.376395417276731,0.498124347089826,FALSE,FALSE
"6-11",43,-0.581286226057366,0.0554089741248948,0.440821326360034,0.376673385522353,0.498367658637871,FALSE,FALSE
"6-11",43.1,-0.581749386113083,0.0554191551079977,0.441080255618199,0.376949585988213,0.49860994610637,FALSE,FALSE
"6-11",43.2,-0.582210342226947,0.0554295543268494,0.44133783372087,0.377224025120317,0.49885122641093,FALSE,FALSE
"6-11",43.3,-0.58266911328522,0.055440177910386,0.44159407297204,0.377496709417452,0.499091516370698,FALSE,FALSE
"6-11",43.4,-0.583125718174163,0.0554510319216249,0.44184898564672,0.377767645436493,0.499330832704555,FALSE,FALSE
"6-11",43.5,-0.583580175780035,0.0554621223533917,0.442102583991205,0.378036839797579,0.499569192027399,FALSE,FALSE
"6-11",43.6,-0.584032504989098,0.0554734551241313,0.442354880223348,0.378304299189194,0.499806610846501,FALSE,FALSE
"6-11",43.7,-0.584482724687612,0.0554850360738032,0.442605886532819,0.378570030373117,0.500043105557964,FALSE,FALSE
"6-11",43.8,-0.584930853761837,0.055496870959862,0.442855615081375,0.378834040189275,0.500278692443259,FALSE,FALSE
"6-11",43.9,-0.585376911098035,0.0555089654533232,0.443104078003115,0.379096335560468,0.500513387665851,FALSE,FALSE
"6-11",44,-0.585820915582465,0.0555213251349162,0.44335128740474,0.379356923496993,0.500747207267913,FALSE,FALSE
"6-11",44.1,-0.586262886101389,0.0555339554913222,0.443597255365806,0.379615811101144,0.500980167167128,FALSE,FALSE
"6-11",44.2,-0.586702841541067,0.0555468619115016,0.443841993938979,0.379873005571604,0.501212283153582,FALSE,FALSE
"6-11",44.3,-0.58714080078776,0.0555600496831072,0.44408551515028,0.380128514207723,0.501443570886738,FALSE,FALSE
"6-11",44.4,-0.587576782727727,0.0555735239889873,0.444327830999335,0.380382344413679,0.501674045892504,FALSE,FALSE
"6-11",44.5,-0.588010806247231,0.0555872899037768,0.444568953459621,0.380634503702526,0.501903723560393,FALSE,FALSE
"6-11",44.6,-0.588442890232531,0.0556013523905787,0.4448088944787,0.380884999700128,0.502132619140763,FALSE,FALSE
"6-11",44.7,-0.588873053569888,0.0556157162977352,0.445047665978468,0.381133840148977,0.502360747742156,FALSE,FALSE
"6-11",44.8,-0.589301315145563,0.0556303863556894,0.445285279855382,0.381381032911899,0.50258812432872,FALSE,FALSE
"6-11",44.9,-0.589727693845816,0.0556453671739384,0.4455217479807,0.381626585975639,0.502814763717727,FALSE,FALSE
"6-11",45,-0.590152208556908,0.0556606632380784,0.44575708220071,0.381870507454335,0.503040680577173,FALSE,FALSE
"6-11",45.1,-0.590574878165099,0.0556762789069417,0.445991294336956,0.38211280559288,0.50326588942348,FALSE,FALSE
"6-11",45.2,-0.590995721556651,0.0556922184098267,0.446224396186469,0.38235348877016,0.503490404619281,FALSE,FALSE
"6-11",45.3,-0.591414757617823,0.055708485843821,0.446456399521988,0.382592565502179,0.503714240371294,FALSE,FALSE
"6-11",45.4,-0.591832005234876,0.0557250851712187,0.446687316092178,0.382830044445075,0.503937410728298,FALSE,FALSE
"6-11",45.5,-0.592247483294071,0.0557420202170315,0.446917157621853,0.383065934398006,0.504159929579189,FALSE,FALSE
"6-11",45.6,-0.592661210681668,0.0557592946665951,0.44714593581219,0.383300244305935,0.504381810651136,FALSE,FALSE
"6-11",45.7,-0.593073206283929,0.0557769120632701,0.447373662340942,0.383532983262287,0.504603067507828,FALSE,FALSE
"6-11",45.8,-0.593483488987113,0.0557948758062387,0.447600348862648,0.383764160511494,0.504823713547807,FALSE,FALSE
"6-11",45.9,-0.593892077677481,0.0558131891483981,0.447826007008844,0.383993785451423,0.505043762002901,FALSE,FALSE
"6-11",46,-0.594298991241295,0.0558318551943487,0.448050648388265,0.384221867635686,0.505263225936749,FALSE,FALSE
"6-11",46.1,-0.594704248564813,0.0558508768984809,0.448274284587053,0.384448416775835,0.505482118243411,FALSE,FALSE
"6-11",46.2,-0.595107868534298,0.055870257063157,0.448496927168953,0.384673442743441,0.505700451646084,FALSE,FALSE
"6-11",46.3,-0.595509870036009,0.0558899983369918,0.448718587675516,0.384896955572049,0.505918238695898,FALSE,FALSE
"6-11",46.4,-0.595910271956208,0.0559101032132302,0.448939277626292,0.385118965459025,0.506135491770813,FALSE,FALSE
"6-11",46.5,-0.596309093181154,0.0559305740282227,0.449159008519025,0.385339482767281,0.506352223074607,FALSE,FALSE
"6-11",46.6,-0.596706352597109,0.0559514129599988,0.449377791829842,0.385558518026886,0.506568444635957,FALSE,FALSE
"6-11",46.7,-0.597102069090333,0.0559726220269388,0.449595639013446,0.385776081936554,0.506784168307616,FALSE,FALSE
"6-11",46.8,-0.597496261547086,0.0559942030865438,0.449812561503297,0.385992185365024,0.506999405765674,FALSE,FALSE
"6-11",46.9,-0.59788894885363,0.056016157834304,0.450028570711802,0.386206839352317,0.507214168508924,FALSE,FALSE
"6-11",47,-0.598280149896225,0.0560384878026663,0.45024367803049,0.386420055110879,0.507428467858317,FALSE,FALSE
"6-11",47.1,-0.59866988356113,0.0560611943600994,0.450457894830195,0.386631844026605,0.5076423149565,FALSE,FALSE
"6-11",47.2,-0.599058168734609,0.0560842787102581,0.450671232461235,0.386842217659755,0.507855720767466,FALSE,FALSE
"6-11",47.3,-0.599445024302919,0.0561077418912464,0.450883702253579,0.387051187745741,0.508068696076276,FALSE,FALSE
"6-11",47.4,-0.599830469152323,0.0561315847749789,0.451095315517028,0.387258766195811,0.508281251488888,FALSE,FALSE
"6-11",47.5,-0.600214522169081,0.0561558080666402,0.451306083541378,0.387464965097609,0.508493397432072,FALSE,FALSE
"6-11",47.6,-0.600597202239453,0.0561804123042437,0.45151601759659,0.387669796715628,0.508705144153417,FALSE,FALSE
"6-11",47.7,-0.6009785282497,0.0562053978582872,0.451725128932954,0.387873273491536,0.508916501721431,FALSE,FALSE
"6-11",47.8,-0.601358519086083,0.0562307649315082,0.451933428781256,0.388075408044404,0.509127480025728,FALSE,FALSE
"6-11",47.9,-0.601737193634862,0.0562565135587351,0.45214092835293,0.388276213170809,0.509338088777314,FALSE,FALSE
"6-11",48,-0.602114570782298,0.0562826436068373,0.452347638840225,0.388475701844824,0.509548337508953,FALSE,FALSE
"6-11",48.1,-0.602490669414651,0.0563091547747721,0.452553571416354,0.3886738872179,0.509758235575629,FALSE,FALSE
"6-11",48.2,-0.602865508418182,0.056336046593728,0.452758737235653,0.388870782618636,0.509967792155099,FALSE,FALSE
"6-11",48.3,-0.603239106679152,0.0563633184273652,0.452963147433728,0.389066401552428,0.510177016248529,FALSE,FALSE
"6-11",48.4,-0.603611483083821,0.0563909694721516,0.453166813127606,0.389260757701023,0.510385916681221,FALSE,FALSE
"6-11",48.5,-0.60398265651845,0.0564189987577952,0.453369745415879,0.389453864921944,0.510594502103432,FALSE,FALSE
"6-11",48.6,-0.6043526458693,0.056447405147771,0.453571955378854,0.389645737247821,0.510802780991271,FALSE,FALSE
"6-11",48.7,-0.60472147002263,0.0564761873399428,0.45377345407869,0.389836388885603,0.511010761647688,FALSE,FALSE
"6-11",48.8,-0.605089147864702,0.0565053438672795,0.453974252559538,0.390025834215663,0.511218452203553,FALSE,FALSE
"6-11",48.9,-0.605455698281776,0.0565348730986644,0.454174361847684,0.390214087790802,0.511425860618809,FALSE,FALSE
"6-11",49,-0.605821140160113,0.0565647732397984,0.454373792951677,0.390401164335137,0.511632994683721,FALSE,FALSE
"6-11",49.1,-0.606185492385974,0.0565950423341945,0.454572556862467,0.390587078742886,0.511839862020198,FALSE,FALSE
"6-11",49.2,-0.606548773845618,0.0566256782642648,0.454770664553536,0.390771846077053,0.512046470083208,FALSE,FALSE
"6-11",49.3,-0.606911003425307,0.0566566787524986,0.454968126981024,0.390955481567997,0.512252826162265,FALSE,FALSE
"6-11",49.4,-0.607272200011302,0.0566880413627299,0.455164955083857,0.391138000611911,0.512458937383008,FALSE,FALSE
"6-11",49.5,-0.607632382489862,0.056719763501496,0.455361159783872,0.391319418769186,0.512664810708846,FALSE,FALSE
"6-11",49.6,-0.607991569747248,0.0567518424194833,0.45555675198594,0.391499751762682,0.5128704529427,FALSE,FALSE
"6-11",49.7,-0.608349780669722,0.0567842752130627,0.45575174257808,0.391679015475894,0.513075870728806,FALSE,FALSE
"6-11",49.8,-0.608707034143543,0.0568170588259108,0.455946142431586,0.391857225951016,0.513281070554609,FALSE,FALSE
"6-11",49.9,-0.609063349054973,0.0568501900507186,0.456139962401136,0.392034399386913,0.513486058752727,FALSE,FALSE
"6-11",50,-0.609418744290271,0.0568836655309854,0.456333213324905,0.392210552136988,0.51369084150299,FALSE,FALSE
"6-11",50.1,-0.609773238735699,0.0569174817628971,0.456525906024681,0.392385700706954,0.513895424834557,FALSE,FALSE
"6-11",50.2,-0.610126851277517,0.0569516350972888,0.45671805130597,0.392559861752515,0.514099814628105,FALSE,FALSE
"6-11",50.3,-0.610479600801985,0.0569861217416897,0.456909659958107,0.392733052076944,0.514304016618092,FALSE,FALSE
"6-11",50.4,-0.610831506195364,0.0570209377624508,0.457100742754355,0.392905288628572,0.514508036395086,FALSE,FALSE
"6-11",50.5,-0.611182586343916,0.0570560790869524,0.457291310452012,0.393076588498186,0.514711879408175,FALSE,FALSE
"6-11",50.6,-0.6115328601339,0.0570915415058931,0.45748137379251,0.393246968916329,0.514915550967434,FALSE,FALSE
"6-11",50.7,-0.611882346451576,0.057127320675657,0.457670943501516,0.393416447250519,0.515119056246472,FALSE,FALSE
"6-11",50.8,-0.612231064183207,0.057163412120759,0.457860030289021,0.393585041002365,0.515322400285037,FALSE,FALSE
"6-11",50.9,-0.612579032215051,0.0571998112363678,0.458048644849444,0.393752767804611,0.515525587991694,FALSE,FALSE
"6-11",51,-0.612926269433371,0.0572365132909048,0.458236797861716,0.393919645418077,0.515728624146563,FALSE,FALSE
"6-11",51.1,-0.613272794724426,0.0572735134287183,0.458424499989374,0.394085691728525,0.515931513404125,FALSE,FALSE
"6-11",51.2,-0.613618626974477,0.0573108066728316,0.458611761880648,0.394250924743438,0.51613426029609,FALSE,FALSE
"6-11",51.3,-0.613963785069784,0.0573483879277645,0.458798594168547,0.394415362588708,0.516336869234325,FALSE,FALSE
"6-11",51.4,-0.614308287896609,0.0573862519824272,0.458985007470938,0.39457902350525,0.516539344513844,FALSE,FALSE
"6-11",51.5,-0.614652154341211,0.0574243935130853,0.459171012390638,0.394741925845533,0.516741690315857,FALSE,FALSE
"6-11",51.6,-0.614995403289852,0.0574628070863945,0.459356619515482,0.394904088070023,0.516943910710882,FALSE,FALSE
"6-11",51.7,-0.615338053628792,0.0575014871625052,0.459541839418407,0.395065528743557,0.517146009661906,FALSE,FALSE
"6-11",51.8,-0.615680124244292,0.0575404280982352,0.459726682657526,0.39522626653163,0.51734799102761,FALSE,FALSE
"6-11",51.9,-0.616021634022612,0.057579624150309,0.459911159776201,0.395386320196613,0.517549858565648,FALSE,FALSE
"6-11",52,-0.616362601850012,0.0576190694786642,0.460095281303113,0.395545708593886,0.517751615935974,FALSE,FALSE
"6-11",52.1,-0.616703046612754,0.0576587581498229,0.460279057752333,0.395704450667902,0.517953266704233,FALSE,FALSE
"6-11",52.2,-0.617042987197098,0.057698684140327,0.460462499623389,0.395862565448178,0.518154814345193,FALSE,FALSE
"6-11",52.3,-0.617382442489305,0.0577388413402377,0.460645617401328,0.396020072045208,0.518356262246237,FALSE,FALSE
"6-11",52.4,-0.617721431375635,0.0577792235566966,0.460828421556783,0.396176989646306,0.518557613710901,FALSE,FALSE
"6-11",52.5,-0.618059972742348,0.057819824517549,0.461010922546032,0.396333337511382,0.51875887196246,FALSE,FALSE
"6-11",52.6,-0.618398085475707,0.0578606378750276,0.461193130811057,0.396489134968645,0.518960040147566,FALSE,FALSE
"6-11",52.7,-0.61873578846197,0.0579016572094958,0.461375056779601,0.396644401410234,0.519161121339931,FALSE,FALSE
"6-11",52.8,-0.619073100587398,0.0579428760332504,0.461556710865222,0.396799156287788,0.519362118544052,FALSE,FALSE
"6-11",52.9,-0.619410040738253,0.0579842877943816,0.461738103467349,0.396953419107946,0.519563034698993,FALSE,FALSE
"6-11",53,-0.619746627800795,0.0580258858806906,0.461919244971327,0.397107209427778,0.519763872682198,FALSE,FALSE
"6-11",53.1,-0.620082880661284,0.0580676636236638,0.462100145748473,0.397260546850158,0.519964635313355,FALSE,FALSE
"6-11",53.2,-0.620418818205981,0.0581096143025023,0.462280816156118,0.397413451019064,0.520165325358303,FALSE,FALSE
"6-11",53.3,-0.620754459321147,0.0581517311482064,0.462461266537652,0.397565941614826,0.520365945532974,FALSE,FALSE
"6-11",53.4,-0.621089822893042,0.0581940073477141,0.462641507222568,0.3977180383493,0.520566498507389,FALSE,FALSE
"6-11",53.5,-0.621424927807927,0.0582364360480931,0.462821548526505,0.397869760960989,0.520766986909677,FALSE,FALSE
"6-11",53.6,-0.621759792952062,0.0582790103607852,0.463001400751283,0.398021129210098,0.520967413330146,FALSE,FALSE
"6-11",53.7,-0.622094437211708,0.0583217233659036,0.463181074184941,0.398172162873534,0.521167780325393,FALSE,FALSE
"6-11",53.8,-0.622428879473126,0.0583645681165807,0.463360579101774,0.398322881739843,0.521368090422439,FALSE,FALSE
"6-11",53.9,-0.622763138622575,0.0584075376433667,0.463539925762364,0.398473305604088,0.521568346122919,FALSE,FALSE
"6-11",54,-0.623097233546318,0.0584506249586797,0.463719124413611,0.398623454262675,0.521768549907293,FALSE,FALSE
"6-11",54.1,-0.623431183130614,0.0584938230613036,0.463898185288762,0.398773347508114,0.521968704239104,FALSE,FALSE
"6-11",54.2,-0.623765006261725,0.058537124940937,0.464077118607441,0.398923005123731,0.522168811569264,FALSE,FALSE
"6-11",54.3,-0.624098721825909,0.058580523582789,0.464255934575669,0.39907244687832,0.52236887434038,FALSE,FALSE
"6-11",54.4,-0.624432348709429,0.0586240119722253,0.464434643385892,0.399221692520737,0.522568894991107,FALSE,FALSE
"6-11",54.5,-0.624765905798545,0.05866758309946,0.464613255216998,0.399370761774452,0.522768875960546,FALSE,FALSE
"6-11",54.6,-0.625099411979517,0.0587112299642962,0.464791780234341,0.399519674332028,0.522968819692664,FALSE,FALSE
"6-11",54.7,-0.625432886138606,0.0587549455809132,0.464970228589753,0.399668449849563,0.523168728640752,FALSE,FALSE
"6-11",54.8,-0.625766347162073,0.0587987229827004,0.465148610421566,0.39981710794107,0.523368605271918,FALSE,FALSE
"6-11",54.9,-0.626099813936178,0.0588425552271378,0.465326935854618,0.399965668172807,0.523568452071602,FALSE,FALSE
"6-11",55,-0.626433305347182,0.0588864354007222,0.465505215000272,0.400114150057558,0.523768271548133,FALSE,FALSE
"6-11",55.1,-0.626766840281345,0.05893035662394,0.465683457956418,0.400262573048853,0.523968066237316,FALSE,FALSE
"6-11",55.2,-0.627100437624928,0.0589743120562852,0.46586167480749,0.400410956535147,0.52416783870704,FALSE,FALSE
"6-11",55.3,-0.627434116264192,0.0590182949013231,0.466039875624462,0.400559319833939,0.524367591561928,FALSE,FALSE
"6-11",55.4,-0.627767895085397,0.0590622984117996,0.46621807046486,0.40070768218585,0.524567327448012,FALSE,FALSE
"6-11",55.5,-0.628101792974804,0.0591063158947954,0.46639626937276,0.40085606274864,0.524767049057441,FALSE,FALSE
"6-11",55.6,-0.628435828818673,0.0591503407169259,0.466574482378789,0.401004480591182,0.524966759133211,FALSE,FALSE
"6-11",55.7,-0.628770021503265,0.0591943663095861,0.466752719500123,0.401152954687384,0.525166460473937,FALSE,FALSE
"6-11",55.8,-0.629104389914841,0.0592383861742406,0.466930990740484,0.401301503910059,0.525366155938644,FALSE,FALSE
"6-11",55.9,-0.629438952939661,0.0592823938877587,0.467109306090135,0.401450147024749,0.525565848451593,FALSE,FALSE
"6-11",56,-0.629773729463986,0.0593263831077955,0.467287675525872,0.401598902683495,0.525765541007136,FALSE,FALSE
"6-11",56.1,-0.630108738374076,0.0593703475782171,0.467466109011013,0.401747789418563,0.525965236674597,FALSE,FALSE
"6-11",56.2,-0.630443998556192,0.0594142811345723,0.467644616495391,0.401896825636118,0.526164938603187,FALSE,FALSE
"6-11",56.3,-0.630779528896595,0.0594581777096094,0.467823207915338,0.402046029609845,0.526364650026941,FALSE,FALSE
"6-11",56.4,-0.631115348281545,0.059502031338839,0.468001893193671,0.402195419474529,0.526564374269697,FALSE,FALSE
"6-11",56.5,-0.631451475597303,0.0595458361661419,0.468180682239676,0.40234501321958,0.526764114750088,FALSE,FALSE
"6-11",56.6,-0.631787929730129,0.0595895864494247,0.468359584949087,0.402494828682511,0.526963874986577,FALSE,FALSE
"6-11",56.7,-0.632124729566284,0.0596332765663199,0.468538611204071,0.402644883542364,0.527163658602515,FALSE,FALSE
"6-11",56.8,-0.632461893992029,0.0596769010199343,0.468717770873199,0.402795195313094,0.527363469331226,FALSE,FALSE
"6-11",56.9,-0.632799441893624,0.059720454444643,0.468897073811428,0.402945781336895,0.52756331102113,FALSE,FALSE
"6-11",57,-0.63313739215733,0.0597639316119316,0.469076529860071,0.403096658777485,0.527763187640888,FALSE,FALSE
"6-11",57.1,-0.633475763669407,0.0598073274362853,0.469256148846772,0.403247844613336,0.527963103284578,FALSE,FALSE
"6-11",57.2,-0.633814575316116,0.0598506369811259,0.469435940585474,0.403399355630857,0.528163062176907,FALSE,FALSE
"6-11",57.3,-0.634153845983718,0.0598938554647975,0.469615914876392,0.403551208417529,0.528363068678444,FALSE,FALSE
"6-11",57.4,-0.634493594558473,0.0599369782666002,0.469796081505975,0.403703419354991,0.528563127290889,FALSE,FALSE
"6-11",57.5,-0.634833839770582,0.0599800009841841,0.469976450164157,0.403856004459082,0.528763242636223,FALSE,FALSE
"6-11",57.6,-0.63517459250466,0.0600229219725375,0.470157026370225,0.404008971831404,0.528963418178456,FALSE,FALSE
"6-11",57.7,-0.63551585228542,0.0600657435288549,0.470337809618462,0.404162318191672,0.529163655664842,FALSE,FALSE
"6-11",57.8,-0.63585761774832,0.0601084684626742,0.470518798932429,0.40431603913404,0.529363956893508,FALSE,FALSE
"6-11",57.9,-0.636199887528824,0.0601510998012042,0.470699993336446,0.404470130002109,0.529564323859976,FALSE,FALSE
"6-11",58,-0.636542660262391,0.0601936407865253,0.470881391855598,0.404624585892543,0.529764758754147,FALSE,FALSE
"6-11",58.1,-0.636885934584484,0.0602360948728126,0.471062993515738,0.404779401658672,0.529965263957321,FALSE,FALSE
"6-11",58.2,-0.637229709130562,0.0602784657235776,0.471244797343492,0.40493457191405,0.530165842039234,FALSE,FALSE
"6-11",58.3,-0.637573982536087,0.0603207572089308,0.471426802366257,0.405090091036006,0.530366495755125,FALSE,FALSE
"6-11",58.4,-0.63791875343652,0.0603629734028629,0.471609007612212,0.405245953169154,0.530567228042825,FALSE,FALSE
"6-11",58.5,-0.638264020467322,0.060405118580544,0.471791412110315,0.405402152228886,0.530768042019863,FALSE,FALSE
"6-11",58.6,-0.638609782263955,0.0604471972156417,0.471974014890308,0.405558681904836,0.530968940980604,FALSE,FALSE
"6-11",58.7,-0.638956037461879,0.060489213977655,0.472156814982724,0.405715535664328,0.531169928393401,FALSE,FALSE
"6-11",58.8,-0.639302784696555,0.0605311737292658,0.472339811418884,0.405872706755794,0.531371007897768,FALSE,FALSE
"6-11",58.9,-0.639650022603444,0.0605730815237053,0.472523003230904,0.406030188212172,0.531572183301579,FALSE,FALSE
"6-11",59,-0.639997749818008,0.0606149426021363,0.4727063894517,0.406187972854281,0.531773458578277,FALSE,FALSE
"6-11",59.1,-0.640345964975708,0.0606567623910493,0.472889969114985,0.40634605329418,0.531974837864111,FALSE,FALSE
"6-11",59.2,-0.640694666712004,0.060698546499673,0.473073741255279,0.406504421938504,0.532176325455387,FALSE,FALSE
"6-11",59.3,-0.641043853662358,0.0607403007173975,0.473257704907909,0.406663070991776,0.532377925805731,FALSE,FALSE
"6-11",59.4,-0.64139352446223,0.0607820310112101,0.473441859109011,0.406821992459711,0.532579643523377,FALSE,FALSE
"6-11",59.5,-0.641743677747083,0.0608237435231424,0.473626202895535,0.406981178152489,0.532781483368468,FALSE,FALSE
"6-11",59.6,-0.642094312152376,0.0608654445677296,0.473810735305248,0.407140619688023,0.532983450250369,FALSE,FALSE
"6-11",59.7,-0.642445426313571,0.0609071406294785,0.473995455376737,0.407300308495201,0.533185549224998,FALSE,FALSE
"6-11",59.8,-0.64279701886613,0.0609488383603468,0.474180362149412,0.407460235817119,0.533387785492166,FALSE,FALSE
"6-11",59.9,-0.643149088445512,0.0609905445772302,0.474365454663507,0.407620392714291,0.533590164392941,FALSE,FALSE
"6-11",60,-0.64350163368718,0.0610322662594586,0.474550731960088,0.407780770067855,0.533792691407009,FALSE,FALSE
"6-11",60.1,-0.643854653226594,0.0610740105462996,0.474736193081051,0.407941358582754,0.533995372150057,FALSE,FALSE
"6-11",60.2,-0.644208145699215,0.061115784734469,0.474921837069128,0.408102148790911,0.534198212371165,FALSE,FALSE
"6-11",60.3,-0.644562109740504,0.0611575962756475,0.475107662967889,0.408263131054392,0.53440121795021,FALSE,FALSE
"6-11",60.4,-0.644916543985923,0.0611994527740036,0.475293669821744,0.408424295568548,0.534604394895269,FALSE,FALSE
"6-11",60.5,-0.645271447070933,0.061241361983721,0.47547985667595,0.408585632365161,0.534807749340049,FALSE,FALSE
"6-11",60.6,-0.645626817630994,0.06128333180653,0.475666222576607,0.408747131315562,0.53501128754131,FALSE,FALSE
"6-11",60.7,-0.645982654301568,0.0613253702892437,0.47585276657067,0.408908782133755,0.535215015876301,FALSE,FALSE
"6-11",60.8,-0.646338955718115,0.0613674856212966,0.476039487705942,0.40907057437952,0.535418940840206,FALSE,FALSE
"6-11",60.9,-0.646695720516098,0.0614096861322855,0.476226385031086,0.409232497461514,0.535623069043592,FALSE,FALSE
"6-11",61,-0.647052947330976,0.0614519802895125,0.476413457595621,0.40939454064036,0.535827407209865,FALSE,FALSE
"6-11",61.1,-0.647410634798211,0.0614943766955296,0.476600704449929,0.409556693031733,0.536031962172732,FALSE,FALSE
"6-11",61.2,-0.647768781553264,0.0615368840856833,0.476788124645257,0.409718943609433,0.536236740873662,FALSE,FALSE
"6-11",61.3,-0.648127386231596,0.0615795113256602,0.476975717233718,0.409881281208455,0.536441750359363,FALSE,FALSE
"6-11",61.4,-0.648486447468669,0.0616222674090306,0.477163481268296,0.410043694528056,0.53664699777925,FALSE,FALSE
"6-11",61.5,-0.648845963899943,0.0616651614547932,0.477351415802849,0.410206172134811,0.536852490382921,FALSE,FALSE
"6-11",61.6,-0.649205934160879,0.0617082027049162,0.47753951989211,0.410368702465668,0.537058235517641,FALSE,FALSE
"6-11",61.7,-0.649566356886938,0.0617514005218778,0.477727792591691,0.410531273830994,0.537264240625817,FALSE,FALSE
"6-11",61.8,-0.649927230713581,0.0617947643862032,0.477916232958085,0.410693874417627,0.537470513242482,FALSE,FALSE
"6-11",61.9,-0.650288554276271,0.0618383038939991,0.47810484004867,0.410856492291915,0.537677060992781,FALSE,FALSE
"6-11",62,-0.650650326210467,0.0618820287544843,0.478293612921711,0.411019115402752,0.537883891589453,FALSE,FALSE
"6-11",62.1,-0.65101254515163,0.0619259487875163,0.478482550636361,0.411181731584621,0.538091012830315,FALSE,FALSE
"6-11",62.2,-0.651375209735222,0.0619700739211138,0.478671652252669,0.411344328560626,0.538298432595746,FALSE,FALSE
"6-11",62.3,-0.651738318596704,0.0620144141889736,0.478860916831575,0.411506893945525,0.538506158846172,FALSE,FALSE
"6-11",62.4,-0.652101870371537,0.0620589797279834,0.47905034343492,0.411669415248762,0.538714199619547,FALSE,FALSE
"6-11",62.5,-0.652465863695182,0.0621037807757275,0.479239931125445,0.4118318798775,0.538922563028834,FALSE,FALSE
"6-11",62.6,-0.652830297203099,0.0621488276679874,0.479429678966792,0.411994275139647,0.539131257259484,FALSE,FALSE
"6-11",62.7,-0.653195169530751,0.0621941308362359,0.479619586023513,0.412156588246893,0.539340290566914,FALSE,FALSE
"6-11",62.8,-0.653560479313598,0.0622397008051241,0.479809651361063,0.412318806317731,0.539549671273982,FALSE,FALSE
"6-11",62.9,-0.653926225187101,0.062285548189962,0.479999874045812,0.412480916380497,0.539759407768461,FALSE,FALSE
"6-11",63,-0.654292405786722,0.0623316836941909,0.480190253145043,0.412642905376393,0.539969508500503,FALSE,FALSE
"6-11",63.1,-0.65465901974792,0.0623781181068492,0.480380787726954,0.412804760162523,0.540179981980113,FALSE,FALSE
"6-11",63.2,-0.655026065706158,0.0624248623000295,0.480571476860663,0.412966467514925,0.540390836774606,FALSE,FALSE
"6-11",63.3,-0.655393542296897,0.0624719272263286,0.480762319616209,0.413128014131603,0.540602081506071,FALSE,FALSE
"6-11",63.4,-0.655761448155597,0.0625193239162882,0.480953315064553,0.413289386635563,0.540813724848825,FALSE,FALSE
"6-11",63.5,-0.65612978191772,0.0625670634758283,0.481144462277586,0.41345057157785,0.541025775526867,FALSE,FALSE
"6-11",63.6,-0.656498542218726,0.062615157083671,0.481335760328124,0.413611555440585,0.541238242311325,FALSE,TRUE
"6-11",63.7,-0.656867727694078,0.0626636159887566,0.481527208289917,0.413772324640005,0.541451134017902,FALSE,TRUE
"6-11",63.8,-0.657237336979235,0.06271245150765,0.481718805237648,0.413932865529501,0.541664459504319,FALSE,TRUE
"6-11",63.9,-0.657607368709659,0.0627616750219395,0.481910550246935,0.414093164402666,0.541878227667745,FALSE,TRUE
"6-11",64,-0.657977821520811,0.062811297975625,0.482102442394337,0.414253207496336,0.54209244744224,FALSE,TRUE
"6-11",64.1,-0.658348694048152,0.0628613318724988,0.482294480757352,0.414412980993635,0.542307127796174,FALSE,TRUE
"6-11",64.2,-0.658719984927143,0.0629117882735169,0.482486664414423,0.414572471027026,0.54252227772966,FALSE,TRUE
"6-11",64.3,-0.659091692793245,0.0629626787941613,0.482678992444938,0.414731663681357,0.542737906271968,FALSE,TRUE
"6-11",64.4,-0.65946381628192,0.0630140151017938,0.482871463929233,0.414890544996913,0.54295402247895,FALSE,TRUE
"6-11",64.5,-0.659836354028628,0.0630658089130005,0.483064077948595,0.415049100972468,0.543170635430446,FALSE,TRUE
"6-11",64.6,-0.66020930466883,0.0631180719909287,0.483256833585264,0.415207317568338,0.543387754227702,FALSE,TRUE
"6-11",64.7,-0.660582666837987,0.0631708161426141,0.483449729922436,0.415365180709431,0.543605387990772,FALSE,TRUE
"6-11",64.8,-0.660956439171562,0.0632240532163008,0.483642766044263,0.41552267628831,0.543823545855921,FALSE,TRUE
"6-11",64.9,-0.661330620305014,0.0632777950987519,0.483835941035858,0.415679790168238,0.544042236973033,FALSE,TRUE
"6-11",65,-0.661705208873804,0.0633320537125537,0.484029253983296,0.415836508186242,0.544261470503001,FALSE,TRUE
"6-11",65.1,-0.662080203513394,0.0633868410134112,0.484222703973616,0.415992816156164,0.54448125561513,FALSE,TRUE
"6-11",65.2,-0.662455602859245,0.0634421689874361,0.484416290094824,0.416148699871714,0.544701601484528,FALSE,TRUE
"6-11",65.3,-0.662831405546818,0.0634980496484287,0.484610011435895,0.41630414510953,0.5449225172895,FALSE,TRUE
"6-11",65.4,-0.663207610211574,0.0635544950351522,0.484803867086775,0.416459137632228,0.545144012208938,FALSE,TRUE
"6-11",65.5,-0.663584215488974,0.0636115172086006,0.484997856138383,0.41661366319145,0.545366095419713,FALSE,TRUE
"6-11",65.6,-0.663961220014479,0.0636691282492614,0.485191977682614,0.416767707530922,0.545588776094065,FALSE,TRUE
"6-11",65.7,-0.66433862242355,0.0637273402543719,0.485386230812341,0.416921256389493,0.545812063396994,FALSE,TRUE
"6-11",65.8,-0.664716421351649,0.0637861653351705,0.485580614621415,0.417074295504186,0.546035966483647,FALSE,TRUE
"6-11",65.9,-0.665094615434235,0.0638456156141437,0.485775128204671,0.417226810613237,0.546260494496715,FALSE,TRUE
"6-11",66,-0.665473203306771,0.0639057032222684,0.485969770657928,0.41737878745913,0.546485656563822,FALSE,TRUE
"6-11",66.1,-0.665852183604718,0.0639664402962513,0.486164541077991,0.417530211791634,0.546711461794922,FALSE,TRUE
"6-11",66.2,-0.666231554963536,0.0640278389757642,0.486359438562652,0.417681069370828,0.546937919279697,FALSE,TRUE
"6-11",66.3,-0.666611316018686,0.0640899114006772,0.486554462210694,0.417831345970126,0.547165038084958,FALSE,TRUE
"6-11",66.4,-0.666991465405631,0.0641526697082907,0.486749611121895,0.417981027379291,0.547392827252048,FALSE,TRUE
"6-11",66.5,-0.66737200175983,0.0642161260305646,0.486944884397023,0.418130099407448,0.547621295794256,FALSE,TRUE
"6-11",66.6,-0.667752923716744,0.0642802924913481,0.487140281137846,0.41827854788608,0.547850452694225,FALSE,TRUE
"6-11",66.7,-0.668134229911836,0.0643451812036091,0.487335800447131,0.418426358672028,0.54808030690138,FALSE,TRUE
"6-11",66.8,-0.668515918980566,0.0644108042666638,0.487531441428642,0.418573517650472,0.548310867329349,FALSE,TRUE
"6-11",66.9,-0.668897989558394,0.0644771737634088,0.487727203187148,0.418720010737908,0.548542142853403,FALSE,TRUE
"6-11",67,-0.669280440280783,0.0645443017575544,0.487923084828424,0.418865823885113,0.548774142307891,FALSE,TRUE
"6-11",67.1,-0.669663269783192,0.0646122002908612,0.488119085459249,0.419010943080095,0.5490068744837,FALSE,TRUE
"6-11",67.2,-0.670046476701084,0.0646808813803805,0.488315204187411,0.419155354351042,0.549240348125709,FALSE,TRUE
"6-11",67.3,-0.670430059669919,0.0647503570156996,0.48851144012171,0.419299043769242,0.549474571930264,FALSE,TRUE
"6-11",67.4,-0.670814017325159,0.0648206391561911,0.488707792371955,0.419441997452007,0.54970955454266,FALSE,TRUE
"6-11",67.5,-0.671198348302264,0.0648917397282705,0.488904260048974,0.419584201565568,0.549945304554635,FALSE,TRUE
"6-11",67.6,-0.671583051236695,0.0649636706226589,0.489100842264606,0.419725642327962,0.550181830501878,FALSE,TRUE
"6-11",67.7,-0.671968124763914,0.0650364436916548,0.489297538131713,0.419866306011903,0.550419140861553,FALSE,TRUE
"6-11",67.8,-0.672353567519382,0.0651100707464149,0.489494346764172,0.420006178947634,0.55065724404983,FALSE,TRUE
"6-11",67.9,-0.67273937813856,0.0651845635542434,0.489691267276885,0.42014524752576,0.550896148419444,FALSE,TRUE
"6-11",68,-0.673125555256908,0.0652599338358939,0.489888298785777,0.420283498200064,0.551135862257255,FALSE,TRUE
"6-11",68.1,-0.673512097509887,0.0653361932628812,0.490085440407798,0.420420917490306,0.551376393781844,FALSE,TRUE
"6-11",68.2,-0.67389900353296,0.065413353454807,0.490282691260924,0.420557491984993,0.551617751141107,FALSE,TRUE
"6-11",68.3,-0.674286271961587,0.0654914259766982,0.490480050464163,0.420693208344137,0.551859942409887,FALSE,TRUE
"6-11",68.4,-0.674673901431229,0.0655704223363609,0.49067751713755,0.420828053301982,0.552102975587615,FALSE,TRUE
"6-11",68.5,-0.675061890577347,0.0656503539817487,0.490875090402155,0.420962013669717,0.552346858595972,FALSE,TRUE
"6-11",68.6,-0.675450238035402,0.0657312322983488,0.491072769380081,0.421095076338152,0.552591599276581,FALSE,TRUE
"6-11",68.7,-0.675838942440856,0.0658130686065846,0.491270553194468,0.42122722828038,0.552837205388718,FALSE,TRUE
"6-11",68.8,-0.676228002429169,0.0658958741592378,0.491468440969493,0.421358456554408,0.553083684607042,FALSE,TRUE
"6-11",68.9,-0.676617416635802,0.0659796601388892,0.491666431830371,0.421488748305758,0.553331044519357,FALSE,TRUE
"6-11",69,-0.677007183696216,0.0660644376553814,0.491864524903362,0.421618090770043,0.553579292624402,FALSE,TRUE
"6-11",69.1,-0.677397302245873,0.0661502177433015,0.492062719315764,0.421746471275516,0.553828436329657,FALSE,TRUE
"6-11",69.2,-0.677787770920234,0.0662370113594882,0.492261014195922,0.421873877245582,0.554078482949189,FALSE,TRUE
"6-11",69.3,-0.67817858835476,0.0663248293805615,0.492459408673227,0.422000296201284,0.554329439701518,FALSE,TRUE
"6-11",69.4,-0.678569753184911,0.0664136826004774,0.492657901878117,0.422125715763754,0.554581313707523,FALSE,TRUE
"6-11",69.5,-0.678961264046149,0.0665035817281086,0.492856492942079,0.422250123656633,0.554834111988364,FALSE,TRUE
"6-11",69.6,-0.679353119573935,0.066594537384852,0.493055180997651,0.422373507708459,0.555087841463453,FALSE,TRUE
"6-11",69.7,-0.679745318403729,0.0666865601022635,0.493253965178425,0.422495855855009,0.555342508948443,FALSE,TRUE
"6-11",69.8,-0.680137859170994,0.0667796603197226,0.493452844619044,0.422617156141621,0.555598121153259,FALSE,TRUE
"6-11",69.9,-0.68053074051119,0.0668738483821258,0.49365181845521,0.422737396725467,0.555854684680166,FALSE,TRUE
"6-11",70,-0.680923961059778,0.0669691345376115,0.493850885823679,0.422856565877794,0.556112206021859,FALSE,TRUE
"6-11",70.1,-0.68131751945222,0.0670655289353165,0.494050045862267,0.422974651986121,0.556370691559606,FALSE,TRUE
"6-11",70.2,-0.681711414323975,0.0671630416231657,0.49424929770985,0.423091643556407,0.556630147561418,FALSE,TRUE
"6-11",70.3,-0.682105644310506,0.0672616825456945,0.494448640506366,0.423207529215166,0.556890580180261,FALSE,TRUE
"6-11",70.4,-0.682500208047274,0.0673614615419072,0.494648073392816,0.423322297711546,0.557151995452303,FALSE,TRUE
"6-11",70.5,-0.682895104169739,0.0674623883431705,0.494847595511265,0.423435937919371,0.557414399295207,FALSE,TRUE
"6-11",70.6,-0.683290331313362,0.0675644725711432,0.495047206004845,0.423548438839133,0.55767779750646,FALSE,TRUE
"6-11",70.7,-0.683685888113606,0.0676677237357442,0.495246904017754,0.423659789599943,0.557942195761746,FALSE,TRUE
"6-11",70.8,-0.68408177320593,0.0677721512331579,0.495446688695261,0.423769979461435,0.558207599613357,FALSE,TRUE
"6-11",70.9,-0.684477985225796,0.0678777643438799,0.495646559183703,0.423878997815633,0.558474014488652,FALSE,TRUE
"6-11",71,-0.684874522808664,0.0679845722308019,0.495846514630491,0.423986834188762,0.558741445688558,FALSE,TRUE
"6-11",71.1,-0.685271384589997,0.0680925839373377,0.496046554184107,0.424093478243015,0.559009898386114,FALSE,TRUE
"6-11",71.2,-0.685668569205254,0.0682018083855916,0.49624667699411,0.424198919778283,0.559279377625062,FALSE,TRUE
"6-11",71.3,-0.686066075289898,0.068312254374568,0.496446882211132,0.424303148733818,0.559549888318479,FALSE,TRUE
"6-11",71.4,-0.686463901479388,0.0684239305784255,0.496647168986884,0.424406155189867,0.559821435247464,FALSE,TRUE
"6-11",71.5,-0.686862046409187,0.0685368455447738,0.496847536474155,0.424507929369242,0.560094023059863,FALSE,TRUE
"6-11",71.6,-0.687260508714756,0.0686510076930166,0.497047983826815,0.424608461638849,0.560367656269046,FALSE,TRUE
"6-11",71.7,-0.687659287031554,0.0687664253127385,0.497248510199813,0.424707742511167,0.560642339252734,FALSE,TRUE
"6-11",71.8,-0.688058379995044,0.0688831065621385,0.497449114749182,0.424805762645668,0.560918076251866,FALSE,TRUE
"6-11",71.9,-0.688457786240687,0.0690010594665102,0.497649796632038,0.424902512850194,0.561194871369526,FALSE,TRUE
"6-11",72,-0.688857504403943,0.069120291916769,0.497850555006582,0.424997984082282,0.56147272856991,FALSE,TRUE
"6-11",72.1,-0.689257533120274,0.0692408116680269,0.498051389032102,0.425092167450433,0.56175165167735,FALSE,TRUE
"6-11",72.2,-0.68965787102514,0.0693626263382154,0.498252297868973,0.425185054215329,0.562031644375382,FALSE,TRUE
"6-11",72.3,-0.690058516754003,0.0694857434067578,0.498453280678658,0.425276635791001,0.56231271020587,FALSE,TRUE
"6-11",72.4,-0.690459468942324,0.0696101702132901,0.498654336623711,0.425366903745943,0.562594852568175,FALSE,TRUE
"6-11",72.5,-0.690860726225564,0.0697359139564315,0.498855464867776,0.42545584980417,0.562878074718381,FALSE,TRUE
"6-11",72.6,-0.691262287239184,0.069862981692605,0.499056664575591,0.425543465846223,0.563162379768568,FALSE,TRUE
"6-11",72.7,-0.691664150618645,0.0699913803349087,0.499257934912986,0.425629743910125,0.563447770686139,FALSE,TRUE
"6-11",72.8,-0.692066314999408,0.070121116652037,0.499459275046884,0.425714676192277,0.563734250293197,FALSE,TRUE
"6-11",72.9,-0.692468779016935,0.0702521972672536,0.499660684145309,0.425798255048304,0.564021821265973,FALSE,TRUE
"6-11",73,-0.692871541306685,0.0703846286574146,0.499862161377375,0.425880472993846,0.56431048613431,FALSE,TRUE
"6-11",73.1,-0.693274600504121,0.0705184171520445,0.5000637059133,0.425961322705295,0.564600247281197,FALSE,TRUE
"6-11",73.2,-0.693677955244703,0.0706535689324621,0.500265316924397,0.426040797020475,0.564891106942347,FALSE,TRUE
"6-11",73.3,-0.694081604163893,0.0707900900309595,0.500466993583081,0.426118888939276,0.565183067205845,FALSE,TRUE
"6-11",73.4,-0.694485545897151,0.070927986330032,0.500668735062868,0.426195591624223,0.565476130011827,FALSE,TRUE
"6-11",73.5,-0.694889779079939,0.0710672635616601,0.500870540538376,0.426270898401002,0.565770297152227,FALSE,TRUE
"6-11",73.6,-0.695294302347718,0.071207927306644,0.501072409185327,0.426344802758919,0.566065570270567,FALSE,TRUE
"6-11",73.7,-0.695699114335948,0.0713499829939889,0.501274340180546,0.426417298351325,0.5663619508618,FALSE,TRUE
"6-11",73.8,-0.696104213680091,0.0714934359003432,0.501476332701965,0.426488378995964,0.566659440272209,FALSE,TRUE
"6-11",73.9,-0.696509599015608,0.0716382911494878,0.501678385928621,0.426558038675289,0.566958039699347,FALSE,TRUE
"6-11",74,-0.69691526897796,0.071784553711877,0.50188049904066,0.42662627153671,0.567257750192041,FALSE,TRUE
"6-11",74.1,-0.697321222202608,0.0719322284042317,0.502082671219334,0.426693071892798,0.567558572650433,FALSE,TRUE
"6-11",74.2,-0.697727457325013,0.0720813198891832,0.502284901647006,0.426758434221434,0.567860507826084,FALSE,TRUE
"6-11",74.3,-0.698133972980637,0.0722318326749678,0.50248718950715,0.426822353165905,0.568163556322115,FALSE,TRUE
"6-11",74.4,-0.698540767804939,0.0723837711151733,0.502689533984349,0.426884823534951,0.568467718593409,FALSE,TRUE
"6-11",74.5,-0.698947840433382,0.0725371394085351,0.502891934264301,0.426945840302758,0.568772994946855,FALSE,TRUE
"6-11",74.6,-0.699355189501426,0.0726919415987832,0.503094389533813,0.427005398608905,0.56907938554164,FALSE,TRUE
"6-11",74.7,-0.699762813644533,0.0728481815745381,0.50329689898081,0.427063493758255,0.569386890389594,FALSE,TRUE
"6-11",74.8,-0.700170711498163,0.0730058630692575,0.503499461794331,0.427120121220803,0.56969550935558,FALSE,TRUE
"6-11",74.9,-0.700578881697778,0.0731649896612308,0.503702077164528,0.427175276631466,0.570005242157928,FALSE,TRUE
"6-11",75,-0.700987322878839,0.0733255647736231,0.503904744282673,0.427228955789839,0.57031608836892,FALSE,TRUE
"6-11",75.1,-0.701396033676806,0.0734875916745666,0.504107462341153,0.427281154659884,0.570628047415316,FALSE,TRUE
"6-11",75.2,-0.701805012727141,0.0736510734773004,0.504310230533475,0.427331869369594,0.570941118578931,FALSE,TRUE
"6-11",75.3,-0.702214258665305,0.0738160131403563,0.504513048054265,0.42738109621059,0.57125530099725,FALSE,TRUE
"6-11",75.4,-0.702623770126758,0.0739824134677924,0.504715914099267,0.427428831637684,0.571570593664092,FALSE,TRUE
"6-11",75.5,-0.703033545746963,0.0741502771094711,0.504918827865348,0.427475072268397,0.57188699543031,FALSE,TRUE
"6-11",75.6,-0.70344358416138,0.074319606561384,0.505121788550495,0.427519814882428,0.572204505004546,FALSE,TRUE
"6-11",75.7,-0.70385388400547,0.0744904041660198,0.505324795353819,0.427563056421081,0.572523120954011,FALSE,TRUE
"6-11",75.8,-0.704264443914694,0.0746626721127773,0.505527847475551,0.427604793986653,0.572842841705316,FALSE,TRUE
"6-11",75.9,-0.704675262524514,0.0748364124384212,0.505730944117049,0.427645024841774,0.573163665545343,FALSE,TRUE
"6-11",76,-0.70508633847039,0.0750116270275803,0.505934084480794,0.42768374640871,0.573485590622153,FALSE,TRUE
"6-11",76.1,-0.705497670387783,0.0751883176132879,0.506137267770393,0.427720956268628,0.573808614945929,FALSE,TRUE
"6-11",76.2,-0.705909256912155,0.0753664857775627,0.506340493190577,0.427756652160815,0.574132736389959,FALSE,TRUE
"6-11",76.3,-0.706321096678966,0.0755461329520306,0.506543759947206,0.427790831981863,0.574457952691658,FALSE,TRUE
"6-11",76.4,-0.706733188323678,0.0757272604185849,0.506747067247265,0.427823493784817,0.574784261453624,FALSE,TRUE
"6-11",76.5,-0.707145530481752,0.0759098693100863,0.50695041429887,0.427854635778287,0.575111660144724,FALSE,TRUE
"6-11",76.6,-0.707558121788648,0.0760939606111,0.507153800311264,0.427884256325519,0.575440146101221,FALSE,TRUE
"6-11",76.7,-0.707970960879829,0.0762795351586697,0.507357224494819,0.427912353943435,0.575769716527926,FALSE,TRUE
"6-11",76.8,-0.708384046390754,0.0764665936431278,0.507560686061036,0.427938927301642,0.57610036849939,FALSE,TRUE
"6-11",76.9,-0.708797376956885,0.0766551366089411,0.507764184222549,0.427963975221405,0.576432098961124,FALSE,TRUE
"6-11",77,-0.709210951213683,0.0768451644555901,0.507967718193123,0.427987496674585,0.576764904730841,FALSE,TRUE
"6-11",77.1,-0.70962476779661,0.0770366774384824,0.508171287187652,0.428009490782554,0.57709878249974,FALSE,TRUE
"6-11",77.2,-0.710038825341125,0.077229675669898,0.508374890422164,0.428029956815072,0.577433728833811,FALSE,TRUE
"6-11",77.3,-0.710453122482691,0.0774241591199666,0.508578527113822,0.428048894189143,0.577769740175164,FALSE,TRUE
"6-11",77.4,-0.710867657856768,0.0776201276176752,0.508782196480919,0.428066302467836,0.578106812843389,FALSE,TRUE
"6-11",77.5,-0.711282430098818,0.0778175808519056,0.508985897742885,0.428082181359082,0.578444943036941,FALSE,TRUE
"6-11",77.6,-0.711697437844301,0.0780165183725004,0.509189630120282,0.428096530714447,0.578784126834547,FALSE,TRUE
"6-11",77.7,-0.712112679728679,0.0782169395913572,0.509393392834808,0.428109350527878,0.579124360196635,FALSE,TRUE
"6-11",77.8,-0.712528154387412,0.0784188437835491,0.509597185109298,0.428120640934427,0.579465638966787,FALSE,TRUE
"6-11",77.9,-0.712943860455962,0.0786222300884716,0.509801006167721,0.428130402208946,0.579807958873212,FALSE,TRUE
"6-11",78,-0.71335979656979,0.0788270975110143,0.510004855235185,0.42813863476477,0.58015131553024,FALSE,TRUE
"6-11",78.1,-0.713775961364356,0.0790334449227559,0.510208731537932,0.428145339152374,0.580495704439833,FALSE,TRUE
"6-11",78.2,-0.714192353475123,0.0792412710631836,0.510412634303344,0.428150516058006,0.580841120993117,FALSE,TRUE
"6-11",78.3,-0.71460897153755,0.079450574540933,0.510616562759941,0.428154166302309,0.581187560471927,FALSE,TRUE
"6-11",78.4,-0.715025814187099,0.0796613538350502,0.510820516137379,0.42815629083892,0.581535018050371,FALSE,TRUE
"6-11",78.5,-0.715442880059232,0.0798736072962739,0.511024493666456,0.428156890753055,0.58188348879641,FALSE,TRUE
"6-11",78.6,-0.715860167789409,0.0800873331483358,0.511228494579107,0.428155967260076,0.582232967673447,FALSE,TRUE
"6-11",78.7,-0.71627767601309,0.0803025294892804,0.511432518108407,0.428153521704043,0.582583449541933,FALSE,TRUE
"6-11",78.8,-0.716695403365739,0.0805191942928017,0.511636563488572,0.428149555556255,0.582934929160988,FALSE,TRUE
"6-11",78.9,-0.717113348482814,0.0807373254095957,0.511840629954959,0.428144070413774,0.583287401190023,FALSE,TRUE
"6-11",79,-0.717531509999779,0.0809569205687293,0.512044716744062,0.428137067997939,0.583640860190386,FALSE,TRUE
"6-11",79.1,-0.717949886552092,0.081177977379023,0.512248823093522,0.42812855015287,0.583995300627004,FALSE,TRUE
"6-11",79.2,-0.718368476775216,0.0814004933304474,0.512452948242116,0.42811851884396,0.584350716870045,FALSE,TRUE
"6-11",79.3,-0.718787279304612,0.0816244657955325,0.512657091429766,0.428106976156358,0.584707103196576,FALSE,TRUE
"6-11",79.4,-0.719206292775741,0.0818498920307891,0.512861251897536,0.428093924293443,0.585064453792241,FALSE,TRUE
"6-11",79.5,-0.719625515824063,0.0820767691781402,0.513065428887631,0.428079365575294,0.585422762752929,FALSE,TRUE
"6-11",79.6,-0.720044947085041,0.0823050942663632,0.5132696216434,0.428063302437146,0.585782024086461,FALSE,TRUE
"6-11",79.7,-0.720464585194134,0.0825348642125416,0.513473829409335,0.42804573742785,0.586142231714276,FALSE,TRUE
"6-11",79.8,-0.720884428786804,0.0827660758235238,0.51367805143107,0.42802667320832,0.586503379473112,FALSE,TRUE
"6-11",79.9,-0.721304476498512,0.0829987257973906,0.513882286955385,0.42800611254998,0.586865461116705,FALSE,TRUE
"6-11",80,-0.72172472696472,0.0832328107249287,0.514086535230201,0.427984058333206,0.587228470317478,FALSE,TRUE
"6-11",80.1,-0.722145178820888,0.0834683270911106,0.514290795504585,0.427960513545767,0.587592400668231,FALSE,TRUE
"6-11",80.2,-0.722565830702477,0.0837052712765788,0.514495067028749,0.427935481281261,0.587957245683838,FALSE,TRUE
"6-11",80.3,-0.722986681244948,0.0839436395591347,0.514699349054047,0.427908964737556,0.588322998802937,FALSE,TRUE
"6-11",80.4,-0.723407729083763,0.0841834281152316,0.514903640832979,0.427880967215226,0.588689653389622,FALSE,TRUE
"6-11",80.5,-0.723828972854382,0.084424633021469,0.51510794161919,0.427851492115986,0.589057202735129,FALSE,TRUE
"6-11",80.6,-0.724250411192267,0.0846672502560903,0.515312250667471,0.427820542941137,0.589425640059523,FALSE,TRUE
"6-11",80.7,-0.724672042732879,0.0849112757004812,0.515516567233756,0.427788123290001,0.589794958513377,FALSE,TRUE
"6-11",80.8,-0.725093866111678,0.0851567051406683,0.515720890575127,0.427754236858369,0.590165151179455,FALSE,TRUE
"6-11",80.9,-0.725515879964126,0.0854035342688185,0.51592521994981,0.427718887436946,0.590536211074375,FALSE,TRUE
"6-11",81,-0.725938082925684,0.0856517586847365,0.516129554617176,0.427682078909804,0.590908131150285,FALSE,TRUE
"6-11",81.1,-0.726360473631812,0.0859013738973622,0.516333893837745,0.427643815252835,0.591280904296515,FALSE,TRUE
"6-11",81.2,-0.726783050717973,0.0861523753262645,0.516538236873178,0.427604100532214,0.591654523341236,FALSE,TRUE
"6-11",81.3,-0.727205812819627,0.086404758303133,0.516742582986287,0.427562938902864,0.592028981053104,FALSE,TRUE
"6-11",81.4,-0.727628758572235,0.0866585180732675,0.516946931441028,0.427520334606933,0.592404270142894,FALSE,TRUE
"6-11",81.5,-0.728051886611258,0.086913649797061,0.517151281502502,0.427476291972268,0.592780383265137,FALSE,TRUE
"6-11",81.6,-0.728475195572157,0.087170148551481,0.517355632436959,0.427430815410907,0.593157313019731,FALSE,TRUE
"6-11",81.7,-0.728898684090394,0.0874280093315437,0.517559983511792,0.427383909417573,0.593535051953559,FALSE,TRUE
"6-11",81.8,-0.729322350801429,0.0876872270517832,0.517764333995544,0.427335578568179,0.593913592562084,FALSE,TRUE
"6-11",81.9,-0.729746194340724,0.0879477965477153,0.517968683157902,0.427285827518338,0.59429292729094,FALSE,TRUE
"6-11",82,-0.730170213343739,0.0882097125772935,0.518173030269701,0.42723466100189,0.594673048537512,FALSE,TRUE
"6-11",82.1,-0.730594406445936,0.0884729698223583,0.518377374602921,0.427182083829432,0.595053948652499,FALSE,TRUE
"6-11",82.2,-0.731018772282776,0.0887375628900793,0.518581715430688,0.427128100886857,0.595435619941474,FALSE,TRUE
"6-11",82.3,-0.731443309489719,0.0890034863143888,0.518786052027278,0.427072717133916,0.595818054666424,FALSE,TRUE
"6-11",82.4,-0.731868016702227,0.0892707345574066,0.518990383668109,0.427015937602774,0.596201245047277,FALSE,TRUE
"6-11",82.5,-0.732292892555761,0.0895393020108565,0.519194709629749,0.426957767396593,0.596585183263425,FALSE,TRUE
"6-11",82.6,-0.732717935685782,0.0898091829974732,0.51939902918991,0.426898211688112,0.59696986145522,FALSE,TRUE
"6-11",82.7,-0.733143144727751,0.0900803717723995,0.519603341627451,0.426837275718258,0.59735527172547,FALSE,TRUE
"6-11",82.8,-0.733568518317129,0.0903528625245728,0.519807646222378,0.426774964794748,0.597741406140909,FALSE,TRUE
"6-11",82.9,-0.733994055089378,0.0906266493781022,0.520011942255843,0.426711284290721,0.598128256733661,FALSE,TRUE
"6-11",83,-0.734419753679957,0.090901726393634,0.520216229010143,0.426646239643376,0.598515815502685,FALSE,TRUE
"6-11",83.1,-0.734845612724329,0.0911780875697064,0.520420505768722,0.426579836352624,0.598904074415205,FALSE,TRUE
"6-11",83.2,-0.735271630857954,0.0914557268440922,0.52062477181617,0.42651207997975,0.599293025408128,FALSE,TRUE
"6-11",83.3,-0.735697806716294,0.0917346380951308,0.520829026438222,0.426442976146102,0.599682660389441,FALSE,TRUE
"6-11",83.4,-0.736124138934809,0.092014815143047,0.521033268921759,0.426372530531773,0.600072971239599,FALSE,TRUE
"6-11",83.5,-0.736550626148961,0.0922962517512583,0.521237498554809,0.426300748874322,0.60046394981289,FALSE,TRUE
"6-11",83.6,-0.73697726699421,0.0925789416276695,0.521441714626543,0.426227636967487,0.600855587938791,FALSE,TRUE
"6-11",83.7,-0.737404060106019,0.0928628784259541,0.521645916427278,0.426153200659929,0.601247877423301,FALSE,TRUE
"6-11",83.8,-0.737831004119847,0.0931480557468232,0.521850103248478,0.426077445853984,0.601640810050263,FALSE,TRUE
"6-11",83.9,-0.738258097671156,0.093434467139281,0.522054274382749,0.426000378504426,0.602034377582664,FALSE,TRUE
"6-11",84,-0.738685339395407,0.0937221061018669,0.522258429123842,0.42592200461726,0.602428571763926,FALSE,TRUE
"6-11",84.1,-0.739112727928061,0.0940109660838836,0.522462566766656,0.425842330248509,0.602823384319167,FALSE,TRUE
"6-11",84.2,-0.739540261904579,0.0943010404866126,0.52266668660723,0.425761361503038,0.603218806956463,FALSE,TRUE
"6-11",84.3,-0.739967939960422,0.094592322664514,0.522870787942748,0.425679104533379,0.603614831368077,FALSE,TRUE
"6-11",84.4,-0.740395760731051,0.0948848059264144,0.523074870071541,0.425595565538577,0.604011449231676,FALSE,TRUE
"6-11",84.5,-0.740823722851928,0.0951784835366783,0.523278932293079,0.425510750763054,0.604408652211536,FALSE,TRUE
"6-11",84.6,-0.741251824958513,0.0954733487163672,0.523482973907979,0.425424666495481,0.604806431959722,FALSE,TRUE
"6-11",84.7,-0.741680065686268,0.0957693946443832,0.523686994217999,0.425337319067676,0.605204780117255,FALSE,TRUE
"6-11",84.8,-0.742108443670653,0.0960666144585982,0.523890992526041,0.425248714853514,0.60560368831526,FALSE,TRUE
"6-11",84.9,-0.742536957547129,0.0963650012569688,0.524094968136148,0.425158860267844,0.606003148176097,FALSE,TRUE
"6-11",85,-0.742965605951158,0.0966645480986363,0.524298920353507,0.425067761765442,0.606403151314473,FALSE,TRUE
"6-11",85.1,-0.743394387518201,0.0969652480050121,0.524502848484446,0.424975425839959,0.606803689338539,FALSE,TRUE
"6-11",85.2,-0.743823300883719,0.0972670939608484,0.524706751836434,0.424881859022898,0.60720475385097,FALSE,TRUE
"6-11",85.3,-0.744252344683173,0.0975700789152937,0.524910629718083,0.424787067882604,0.607606336450023,FALSE,TRUE
"6-11",85.4,-0.744681517552023,0.0978741957829338,0.525114481439144,0.42469105902327,0.608008428730582,FALSE,TRUE
"6-11",85.5,-0.745110818125732,0.0981794374448181,0.525318306310511,0.424593839083954,0.608411022285182,FALSE,TRUE
"6-11",85.6,-0.745540245039759,0.0984857967494703,0.525522103644215,0.424495414737623,0.60881410870502,FALSE,TRUE
"6-11",85.7,-0.745969796929567,0.0987932665138851,0.525725872753431,0.424395792690201,0.609217679580944,FALSE,TRUE
"6-11",85.8,-0.746399472430616,0.0991018395245092,0.525929612952469,0.424294979679642,0.609621726504426,FALSE,TRUE
"6-11",85.9,-0.746829270178367,0.099411508538208,0.526133323556782,0.424192982475014,0.610026241068524,FALSE,TRUE
"6-11",86,-0.747259188808282,0.099722266283217,0.52633700388296,0.424089807875602,0.610431214868813,FALSE,TRUE
"6-11",86.1,-0.747689226955821,0.100034105460079,0.526540653248732,0.423985462710019,0.610836639504313,FALSE,TRUE
"6-11",86.2,-0.748119383256445,0.100347018742565,0.526744270972963,0.423879953835347,0.611242506578392,FALSE,TRUE
"6-11",86.3,-0.748549656345616,0.100660998778584,0.526947856375659,0.423773288136278,0.611648807699654,FALSE,TRUE
"6-11",86.4,-0.748980044858795,0.100976038191072,0.527151408777959,0.423665472524281,0.612055534482812,FALSE,TRUE
"6-11",86.5,-0.749410547431442,0.101292129578873,0.527354927502143,0.423556513936782,0.61246267854954,FALSE,TRUE
"6-11",86.6,-0.749841162699019,0.1016092655176,0.527558411871623,0.423446419336355,0.612870231529312,FALSE,TRUE
"6-11",86.7,-0.750271889296987,0.101927438560486,0.52776186121095,0.423335195709933,0.613278185060222,FALSE,TRUE
"6-11",86.8,-0.750702725860807,0.102246641239215,0.527965274845808,0.423222850068035,0.613686530789792,FALSE,TRUE
"6-11",86.9,-0.75113367102594,0.102566866064745,0.528168652103018,0.423109389444,0.614095260375758,FALSE,TRUE
"6-11",87,-0.751564723427847,0.102888105528115,0.528371992310533,0.422994820893248,0.614504365486841,FALSE,TRUE
"6-11",87.1,-0.751995881701989,0.103210352101231,0.528575294797441,0.422879151492545,0.614913837803507,FALSE,TRUE
"6-11",87.2,-0.752427144483827,0.103533598237647,0.528778558893964,0.422762388339285,0.615323669018704,FALSE,TRUE
"6-11",87.3,-0.752858510408822,0.10385783637333,0.528981783931455,0.422644538550794,0.61573385083859,FALSE,TRUE
"6-11",87.4,-0.753289978112436,0.104183058927405,0.5291849692424,0.422525609263639,0.616144374983238,FALSE,TRUE
"6-11",87.5,-0.753721546230129,0.104509258302895,0.529388114160418,0.422405607632953,0.61655523318733,FALSE,TRUE
"6-11",87.6,-0.754153213397363,0.10483642688744,0.529591218020257,0.42228454083178,0.616966417200839,FALSE,TRUE
"6-11",87.7,-0.754584978249598,0.105164557054007,0.529794280157797,0.422162416050426,0.617377918789688,FALSE,TRUE
"6-11",87.8,-0.755016839422295,0.105493641161584,0.529997299910048,0.422039240495829,0.617789729736399,FALSE,TRUE
"6-11",87.9,-0.755448795550917,0.105823671555863,0.530200276615148,0.42191502139094,0.618201841840724,FALSE,TRUE
"6-11",88,-0.755880845270923,0.106154640569907,0.530403209612367,0.421789765974122,0.618614246920269,FALSE,TRUE
"6-11",88.1,-0.756312987217775,0.106486540524806,0.530606098242099,0.421663481498553,0.61902693681109,FALSE,TRUE
"6-11",88.2,-0.756745220026934,0.10681936373032,0.530808941845869,0.421536175231652,0.619439903368287,FALSE,TRUE
"6-11",88.3,-0.75717754233386,0.107153102485508,0.531011739766329,0.421407854454511,0.61985313846658,FALSE,TRUE
"6-11",88.4,-0.757609952774016,0.107487749079345,0.531214491347255,0.421278526461348,0.620266634000863,FALSE,TRUE
"6-11",88.5,-0.758042449982862,0.107823295791327,0.531417195933551,0.421148198558959,0.620680381886762,FALSE,TRUE
"6-11",88.6,-0.758475032595859,0.108159734892061,0.531619852871246,0.421016878066197,0.621094374061157,FALSE,TRUE
"6-11",88.7,-0.758907699248469,0.10849705864385,0.531822461507492,0.420884572313455,0.621508602482709,FALSE,TRUE
"6-11",88.8,-0.759340448576151,0.108835259301253,0.532025021190566,0.420751288642165,0.621923059132365,FALSE,TRUE
"6-11",88.9,-0.759773279214368,0.109174329111647,0.532227531269869,0.420617034404302,0.622337736013849,FALSE,TRUE
"6-11",89,-0.760206189798581,0.109514260315768,0.532429991095922,0.420481816961911,0.622752625154144,FALSE,TRUE
"6-11",89.1,-0.76063917896425,0.109855045148244,0.532632400020372,0.420345643686637,0.62316771860396,FALSE,TRUE
"6-11",89.2,-0.761072245346836,0.110196675838115,0.532834757395982,0.420208521959267,0.623583008438185,FALSE,TRUE
"6-11",89.3,-0.761505387581801,0.110539144609344,0.53303706257664,0.420070459169289,0.623998486756331,FALSE,TRUE
"6-11",89.4,-0.761938604304606,0.110882443681313,0.53323931491735,0.419931462714456,0.624414145682963,FALSE,TRUE
"6-11",89.5,-0.762371894150712,0.11122656526931,0.533441513774239,0.419791540000366,0.624829977368115,FALSE,TRUE
"6-11",89.6,-0.762805255755579,0.111571501585007,0.533643658504548,0.419650698440045,0.625245973987695,FALSE,TRUE
"6-11",89.7,-0.76323868775467,0.111917244836925,0.533845748466639,0.419508945453551,0.625662127743882,FALSE,TRUE
"6-11",89.8,-0.763672188783444,0.112263787230886,0.534047783019989,0.419366288467582,0.626078430865505,FALSE,TRUE
"6-11",89.9,-0.764105757477364,0.11261112097046,0.534249761525192,0.419222734915094,0.626494875608417,FALSE,TRUE
"6-11",90,-0.76453939247189,0.112959238257398,0.534451683343955,0.419078292234931,0.626911454255852,FALSE,TRUE
"6-11",90.1,-0.764973092402482,0.113308131292055,0.534653547839104,0.418932967871465,0.627328159118772,FALSE,TRUE
"6-11",90.2,-0.765406855904604,0.113657792273805,0.534855354374574,0.418786769274245,0.627744982536208,FALSE,TRUE
"6-11",90.3,-0.765840681613714,0.114008213401443,0.535057102315415,0.418639703897655,0.628161916875585,FALSE,TRUE
"6-11",90.4,-0.766274568165275,0.11435938687358,0.535258791027791,0.418491779200586,0.628578954533039,FALSE,TRUE
"6-11",90.5,-0.766708514194748,0.114711304889031,0.535460419878973,0.418343002646108,0.628996087933719,FALSE,TRUE
"6-11",90.6,-0.767142518337593,0.115063959647181,0.535661988237345,0.418193381701158,0.629413309532088,FALSE,TRUE
"6-11",90.7,-0.767576579229271,0.115417343348363,0.535863495472402,0.418042923836241,0.629830611812205,FALSE,TRUE
"6-11",90.8,-0.768010695505245,0.115771448194203,0.536064940954746,0.417891636525125,0.630247987288001,FALSE,TRUE
"6-11",90.9,-0.768444865800974,0.116126266387978,0.536266324056087,0.417739527244561,0.630665428503544,FALSE,TRUE
"6-11",91,-0.76887908875192,0.116481790134945,0.536467644149243,0.417586603474002,0.631082928033298,FALSE,TRUE
"6-11",91.1,-0.769313362993544,0.116838011642681,0.536668900608137,0.417432872695333,0.631500478482366,FALSE,TRUE
"6-11",91.2,-0.769747687161306,0.117194923121399,0.536870092807799,0.417278342392605,0.631918072486732,FALSE,TRUE
"6-11",91.3,-0.770182059890669,0.117552516784262,0.537071220124363,0.417123020051786,0.632335702713485,FALSE,TRUE
"6-11",91.4,-0.770616479817093,0.117910784847688,0.537272281935065,0.416966913160512,0.632753361861041,FALSE,TRUE
"6-11",91.5,-0.77105094557604,0.118269719531651,0.537473277618247,0.416810029207846,0.633171042659354,FALSE,TRUE
"6-11",91.6,-0.771485455802969,0.118629313059965,0.53767420655335,0.416652375684052,0.633588737870119,FALSE,TRUE
"6-11",91.7,-0.771920009133343,0.118989557660567,0.537875068120918,0.416493960080362,0.634006440286962,FALSE,TRUE
"6-11",91.8,-0.772354604202622,0.119350445565793,0.538075861702593,0.416334789888767,0.63442414273563,FALSE,TRUE
"6-11",91.9,-0.772789239646268,0.119711969012643,0.538276586681117,0.416174872601805,0.634841838074167,FALSE,TRUE
"6-11",92,-0.773223914099741,0.120074120243035,0.538477242440332,0.416014215712355,0.635259519193083,FALSE,TRUE
"6-11",92.1,-0.773658626198503,0.120436891504066,0.538677828365174,0.415852826713443,0.635677179015514,FALSE,TRUE
"6-11",92.2,-0.774093374578014,0.120800275048247,0.538878343841678,0.415690713098051,0.63609481049738,FALSE,TRUE
"6-11",92.3,-0.774528157873736,0.121164263133748,0.539078788256972,0.415527882358936,0.63651240662753,FALSE,TRUE
"6-11",92.4,-0.77496297472113,0.121528848024622,0.53927916099928,0.415364341988448,0.636929960427878,FALSE,TRUE
"6-11",92.5,-0.775397823755657,0.121894021991035,0.539479461457919,0.415200099478366,0.637347464953539,FALSE,TRUE
"6-11",92.6,-0.775832703612778,0.12225977730948,0.539679689023298,0.415035162319727,0.637764913292953,FALSE,TRUE
"6-11",92.7,-0.776267612927954,0.122626106262986,0.539879843086918,0.414869538002669,0.638182298567999,FALSE,TRUE
"6-11",92.8,-0.776702550336646,0.122993001141327,0.54007992304137,0.41470323401628,0.638599613934113,FALSE,TRUE
"6-11",92.9,-0.777137514474316,0.123360454241219,0.540279928280335,0.414536257848445,0.639016852580386,FALSE,TRUE
"6-11",93,-0.777572503976423,0.123728457866509,0.540479858198581,0.41436861698571,0.639434007729665,FALSE,TRUE
"6-11",93.1,-0.77800751747843,0.124097004328365,0.540679712191964,0.414200318913141,0.639851072638644,FALSE,TRUE
"6-11",93.2,-0.778442553615797,0.124466085945458,0.540879489657427,0.414031371114194,0.640268040597949,FALSE,TRUE
"6-11",93.3,-0.778877611023985,0.124835695044128,0.541079189992998,0.413861781070587,0.640684904932218,FALSE,TRUE
"6-11",93.4,-0.779312688338456,0.125205823958566,0.541278812597789,0.413691556262181,0.641101659000171,FALSE,TRUE
"6-11",93.5,-0.779747784194671,0.125576465030965,0.541478356871994,0.413520704166861,0.641518296194682,FALSE,TRUE
"6-11",93.6,-0.78018289722809,0.125947610611689,0.541677822216891,0.413349232260425,0.641934809942836,FALSE,TRUE
"6-11",93.7,-0.780618026074175,0.126319253059419,0.541877208034839,0.413177148016477,0.642351193705988,FALSE,TRUE
"6-11",93.8,-0.781053169368387,0.126691384741302,0.542076513729275,0.413004458906323,0.64276744097981,FALSE,TRUE
"6-11",93.9,-0.781488325746187,0.127063998033099,0.542275738704717,0.412831172398873,0.64318354529434,FALSE,TRUE
"6-11",94,-0.781923493843036,0.127437085319316,0.542474882366759,0.412657295960548,0.643599500214018,FALSE,TRUE
"6-11",94.1,-0.782358672294394,0.127810638993341,0.542673944122074,0.412482837055188,0.644015299337721,FALSE,TRUE
"6-11",94.2,-0.782793859735724,0.128184651457573,0.542872923378408,0.412307803143967,0.644430936298796,FALSE,TRUE
"6-11",94.3,-0.783229054802486,0.128559115123545,0.543071819544582,0.41213220168531,0.644846404765081,FALSE,TRUE
"6-11",94.4,-0.783664256130141,0.128934022412041,0.543270632030493,0.411956040134816,0.645261698438923,FALSE,TRUE
"6-11",94.5,-0.78409946235415,0.129309365753214,0.543469360247106,0.411779325945184,0.645676811057198,FALSE,TRUE
"6-11",94.6,-0.784534672109975,0.129685137586698,0.54366800360646,0.411602066566139,0.64609173639132,FALSE,TRUE
"6-11",94.7,-0.784969884033077,0.130061330361709,0.543866561521663,0.411424269444367,0.646506468247241,FALSE,TRUE
"6-11",94.8,-0.785405096774787,0.130437936583521,0.544065033414128,0.41124594197929,0.646921000503154,TRUE,TRUE
"6-11",94.9,-0.785840309562799,0.130814950454136,0.544263418968991,0.411067089959296,0.647335328440928,TRUE,TRUE
"6-11",95,-0.786275522350811,0.131192368325243,0.54446171820271,0.410887717124485,0.647749449103445,TRUE,TRUE
"6-11",95.1,-0.786710735138824,0.131570186720137,0.544659931152843,0.41070782704776,0.648163359681111,TRUE,TRUE
"6-11",95.2,-0.787145947926836,0.131948402198262,0.544858057856935,0.410527423263798,0.648577057401491,TRUE,TRUE
"6-11",95.3,-0.787581160714848,0.132327011354802,0.545056098352512,0.410346509269497,0.648990539528859,TRUE,TRUE
"6-11",95.4,-0.78801637350286,0.132706010820274,0.545254052677086,0.410165088524416,0.649403803363757,TRUE,TRUE
"6-11",95.5,-0.788451586290872,0.133085397260122,0.545451920868151,0.409983164451215,0.649816846242568,TRUE,TRUE
"6-11",95.6,-0.788886799078884,0.133465167374321,0.545649702963185,0.409800740436077,0.650229665537079,TRUE,TRUE
"6-11",95.7,-0.789322011866897,0.13384531789698,0.545847398999651,0.409617819829143,0.65064225865406,TRUE,TRUE
"6-11",95.8,-0.789757224654909,0.134225845595954,0.546045009014993,0.409434405944925,0.651054623034847,TRUE,TRUE
"6-11",95.9,-0.790192437442921,0.134606747272457,0.546242533046642,0.409250502062726,0.651466756154925,TRUE,TRUE
"6-11",96,-0.790627650230933,0.134988019760683,0.54643997113201,0.409066111427049,0.651878655523516,TRUE,TRUE
"6-11",96.1,-0.791062863018945,0.135369659927426,0.546637323308494,0.408881237248005,0.652290318683183,TRUE,TRUE
"6-11",96.2,-0.791498075806958,0.135751664671711,0.546834589613474,0.40869588270171,0.652701743209421,TRUE,TRUE
"6-11",96.3,-0.79193328859497,0.136134030924421,0.547031770084316,0.408510050930685,0.653112926710266,TRUE,TRUE
"6-11",96.4,-0.792368501382982,0.136516755647939,0.547228864758366,0.408323745044248,0.653523866825907,TRUE,TRUE
"6-11",96.5,-0.792803714170994,0.136899835835782,0.547425873672957,0.408136968118897,0.653934561228293,TRUE,TRUE
"6-11",96.6,-0.793238926959007,0.137283268512248,0.547622796865404,0.407949723198697,0.654345007620762,TRUE,TRUE
"6-11",96.7,-0.793674139747019,0.137667050732066,0.547819634373006,0.407762013295656,0.654755203737656,TRUE,TRUE
"6-11",96.8,-0.794109352535031,0.138051179580043,0.548016386233046,0.407573841390096,0.655165147343952,TRUE,TRUE
"6-11",96.9,-0.794544565323043,0.138435652170728,0.548213052482792,0.407385210431027,0.655574836234896,TRUE,TRUE
"6-11",97,-0.794979778111055,0.138820465648063,0.548409633159494,0.407196123336507,0.655984268235637,TRUE,TRUE
"6-11",97.1,-0.795414990899068,0.139205617185057,0.548606128300385,0.407006582994003,0.65639344120087,TRUE,TRUE
"6-11",97.2,-0.79585020368708,0.139591103983446,0.548802537942685,0.40681659226075,0.656802353014482,TRUE,TRUE
"6-11",97.3,-0.796285416475092,0.13997692327337,0.548998862123595,0.406626153964097,0.657211001589199,TRUE,TRUE
"6-11",97.4,-0.796720629263104,0.140363072313048,0.549195100880301,0.406435270901859,0.657619384866246,TRUE,TRUE
"6-11",97.5,-0.797155842051116,0.140749548388454,0.549391254249973,0.406243945842658,0.658027500814997,TRUE,TRUE
"6-11",97.6,-0.797591054839129,0.141136348813007,0.549587322269764,0.406052181526261,0.658435347432645,TRUE,TRUE
"6-11",97.7,-0.798026267627141,0.141523470927253,0.549783304976812,0.405859980663917,0.658842922743863,TRUE,TRUE
"6-11",97.8,-0.798461480415153,0.141910912098557,0.549979202408237,0.405667345938686,0.65925022480048,TRUE,TRUE
"6-11",97.9,-0.798896693203165,0.142298669720798,0.550175014601144,0.405474280005766,0.659657251681149,TRUE,TRUE
"6-11",98,-0.799331905991177,0.142686741214067,0.550370741592623,0.405280785492818,0.660064001491032,TRUE,TRUE
"6-11",98.1,-0.79976711877919,0.14307512402437,0.550566383419746,0.405086865000279,0.660470472361479,TRUE,TRUE
"6-11",98.2,-0.800202331567202,0.143463815623329,0.550761940119569,0.404892521101684,0.660876662449713,TRUE,TRUE
"6-11",98.3,-0.800637544355214,0.143852813507895,0.550957411729133,0.404697756343972,0.661282569938526,TRUE,TRUE
"6-11",98.4,-0.801072757143226,0.144242115200059,0.551152798285463,0.404502573247798,0.661688193035965,TRUE,TRUE
"6-11",98.5,-0.801507969931238,0.144631718246566,0.551348099825566,0.404306974307829,0.662093529975038,TRUE,TRUE
"6-11",98.6,-0.801943182719251,0.145021620218636,0.551543316386435,0.404110961993052,0.662498579013409,TRUE,TRUE
"6-11",98.7,-0.802378395507263,0.145411818711683,0.551738448005045,0.403914538747066,0.662903338433106,TRUE,TRUE
"6-11",98.8,-0.802813608295275,0.145802311345046,0.551933494718357,0.403717706988375,0.663307806540231,TRUE,TRUE
"6-11",98.9,-0.803248821083287,0.146193095761712,0.552128456563314,0.403520469110677,0.663711981664667,TRUE,TRUE
"6-11",99,-0.803684033871299,0.146584169628053,0.552323333576844,0.403322827483149,0.664115862159802,TRUE,TRUE
"6-11",99.1,-0.804119246659312,0.146975530633556,0.552518125795859,0.403124784450731,0.664519446402241,TRUE,TRUE
"6-11",99.2,-0.804554459447324,0.147367176490567,0.552712833257255,0.402926342334402,0.664922732791533,TRUE,TRUE
"6-11",99.3,-0.804989672235336,0.147759104934031,0.55290745599791,0.402727503431455,0.665325719749896,TRUE,TRUE
"6-11",99.4,-0.805424885023348,0.148151313721232,0.553101994054689,0.402528270015772,0.665728405721945,TRUE,TRUE
"6-11",99.5,-0.80586009781136,0.148543800631547,0.553296447464439,0.402328644338089,0.66613078917443,TRUE,TRUE
"6-11",99.6,-0.806295310599373,0.148936563466195,0.553490816263991,0.40212862862626,0.666532868595966,TRUE,TRUE
"6-11",99.7,-0.806730523387385,0.149329600047989,0.553685100490162,0.401928225085524,0.666934642496777,TRUE,TRUE
"6-11",99.8,-0.807165736175397,0.149722908221092,0.553879300179749,0.401727435898759,0.667336109408435,TRUE,TRUE
"6-11",99.9,-0.807600948963409,0.150116485850782,0.554073415369538,0.401526263226738,0.667737267883611,TRUE,TRUE
"6-11",100,-0.808036161751422,0.150510330823208,0.554267446096294,0.401324709208382,0.668138116495818,TRUE,TRUE
"12-23",0,0,0,0,0,0,TRUE,TRUE
"12-23",0.1,-0.00369432084392261,0.000433165599928249,0.0036875052362707,0.0028412721921981,0.00453302012951651,FALSE,TRUE
"12-23",0.2,-0.0073885719760704,0.000866316074464427,0.00736134357907381,0.00567443171807236,0.00904539352872802,FALSE,TRUE
"12-23",0.3,-0.0110826700595601,0.00129943334218418,0.0110214835170929,0.0084994543641066,0.0135370975137017,FALSE,TRUE
"12-23",0.4,-0.0147765316952204,0.00173249930863449,0.0146678945026427,0.0113163163530374,0.018008111004151,FALSE,TRUE
"12-23",0.5,-0.0184700734838796,0.00216549588011818,0.018300547003302,0.0141249943754509,0.0224584145903024,FALSE,TRUE
"12-23",0.6,-0.0221632120263671,0.00259840496396407,0.0219194124912726,0.0169254655855886,0.0268879905110546,FALSE,TRUE
"12-23",0.7,-0.0258558639235108,0.00303120846879718,0.025524463432755,0.0197177075971585,0.0312968226322035,FALSE,TRUE
"12-23",0.8,-0.0295479457761398,0.00346388830480968,0.0291156732773434,0.0225016984791588,0.0356848964247447,FALSE,TRUE
"12-23",0.9,-0.0332393741850832,0.00389642638403196,0.0326930164474378,0.025277416751706,0.040052198943248,FALSE,TRUE
"12-23",1,-0.0369300657511692,0.00432880462060437,0.0362564683276766,0.0280448413818722,0.0443987188043103,FALSE,TRUE
"12-23",1.1,-0.0406199370752265,0.00476100493104961,0.0398060052543913,0.0308039517795319,0.0487244461650919,FALSE,TRUE
"12-23",1.2,-0.0443089047580842,0.00519300923454585,0.0433416045050833,0.0335547277932164,0.0530293727019334,FALSE,TRUE
"12-23",1.3,-0.0479968854005708,0.00562479945320047,0.046863244287923,0.0362971497059768,0.0573134915890601,FALSE,TRUE
"12-23",1.4,-0.0516837956035149,0.00605635751232476,0.0503709037312738,0.0390311982312548,0.0615767974773727,FALSE,TRUE
"12-23",1.5,-0.0553695519677452,0.0064876653407096,0.0538645628732419,0.0417568545087643,0.0658192864733316,FALSE,TRUE
"12-23",1.6,-0.0590540710940907,0.00691870487090214,0.0573442026512521,0.0444741001003801,0.0700409561179314,FALSE,TRUE
"12-23",1.7,-0.0627372695833796,0.00734945803948342,0.06080980489165,0.0471829169860348,0.0742418053657712,FALSE,FALSE
"12-23",1.8,-0.0664190640364413,0.00777990678734748,0.0642613522993346,0.0498832875596272,0.0784218345642236,FALSE,FALSE
"12-23",1.9,-0.0700993710541038,0.00821003305998145,0.0676988284474171,0.0525751946249365,0.0825810454326998,FALSE,FALSE
"12-23",2,-0.0737781072371966,0.00863981880774723,0.0711222177669133,0.055258621391549,0.0867194410420211,FALSE,FALSE
"12-23",2.1,-0.0774551891865477,0.00906924598616434,0.0745315055364625,0.0579335514707898,0.090837025793887,FALSE,FALSE
"12-23",2.2,-0.081130533502986,0.00949829655619458,0.0779266778720826,0.0605999688716675,0.0949338054004549,FALSE,FALSE
"12-23",2.3,-0.0848040567873404,0.00992695248452815,0.0813077217169559,0.0632578579968263,0.0990097868640241,FALSE,FALSE
"12-23",2.4,-0.0884756756404394,0.0103551957438714,0.084674624831247,0.0659072036385067,0.103064978456827,FALSE,FALSE
"12-23",2.5,-0.092145306663112,0.0107830083132367,0.0880273757819575,0.0685479909745176,0.107099389700936,FALSE,FALSE
"12-23",2.6,-0.0958128664561865,0.0112103721782334,0.0913659639328136,0.0711802055642153,0.111113031348273,FALSE,FALSE
"12-23",2.7,-0.0994782716204918,0.0116372693313618,0.0946903794341909,0.0738038333444938,0.115105915360747,FALSE,FALSE
"12-23",2.8,-0.103141438756857,0.0120636817723086,0.0980006132130754,0.0764188606257843,0.119078054890494,FALSE,FALSE
"12-23",2.9,-0.10680228446611,0.0124895915082442,0.10129665696306,0.0790252740880624,0.123029464260239,FALSE,FALSE
"12-23",3,-0.11046072534908,0.0129149805541229,0.104578503134382,0.0816230607768672,0.126960158943778,FALSE,FALSE
"12-23",3.1,-0.114116678006596,0.0133398309329851,0.107846144923998,0.084212208099329,0.130870155546579,FALSE,FALSE
"12-23",3.2,-0.117770059039486,0.0137641246762615,0.111099576265694,0.0867927038202055,0.134759471786499,FALSE,FALSE
"12-23",3.3,-0.121420785048579,0.0141878438240809,0.114338791820244,0.0893645360579296,0.138628126474631,FALSE,FALSE
"12-23",3.4,-0.125068772634704,0.0146109704255795,0.1175637869656,0.0919276932806643,0.142476139496268,FALSE,FALSE
"12-23",3.5,-0.12871393839869,0.0150334865392136,0.120774557787129,0.0944821643023702,0.146303531792,FALSE,FALSE
"12-23",3.6,-0.132356198941365,0.0154553742330748,0.12397110106789,0.0970279382788801,0.150110325338922,FALSE,FALSE
"12-23",3.7,-0.135995470863557,0.0158766155852083,0.127153414278953,0.0995650047039842,0.15389654313199,FALSE,FALSE
"12-23",3.8,-0.139631670766097,0.0162971926839338,0.130321495569759,0.102093353405525,0.157662209165482,FALSE,FALSE
"12-23",3.9,-0.143264715249811,0.0167170876281704,0.13347534375853,0.104612974541503,0.161407348414608,FALSE,FALSE
"12-23",4,-0.14689452091553,0.0171362825277637,0.136614958322711,0.107123858596186,0.165131986817237,FALSE,FALSE
"12-23",4.1,-0.150521004364081,0.0175547595038168,0.13974033938947,0.109625996376241,0.168836151255758,FALSE,FALSE
"12-23",4.2,-0.154144082196294,0.0179725006890249,0.142851487726233,0.112119379006858,0.172519869539075,FALSE,FALSE
"12-23",4.3,-0.157763671012998,0.0183894882280128,0.145948404731266,0.114603997927901,0.176183170384733,FALSE,FALSE
"12-23",4.4,-0.16137968741502,0.0188057042776769,0.149031092424309,0.117079844890055,0.179826083401176,FALSE,FALSE
"12-23",4.5,-0.164992048003189,0.0192211310075301,0.152099553437245,0.119546911950989,0.183448639070139,FALSE,FALSE
"12-23",4.6,-0.168600669378335,0.0196357506000513,0.155153791004828,0.12200519147153,0.187050868729175,FALSE,FALSE
"12-23",4.7,-0.172205468141286,0.0200495452510386,0.158193808955446,0.12445467611184,0.19063280455432,FALSE,FALSE
"12-23",4.8,-0.175806360892871,0.0204624971699666,0.161219611701942,0.126895358827609,0.194194479542885,FALSE,FALSE
"12-23",4.9,-0.179403264233918,0.0208745885803481,0.164231204232472,0.129327232866254,0.197735927496393,FALSE,FALSE
"12-23",5,-0.182996094765256,0.0212858017201,0.167228592101424,0.131750291763127,0.201257183003652,FALSE,FALSE
"12-23",5.1,-0.186584769087714,0.0216961188419142,0.170211781420369,0.134164529337733,0.204758281423957,FALSE,FALSE
"12-23",5.2,-0.190169203802121,0.0221055222136319,0.173180778849078,0.136569939689961,0.208239258870439,FALSE,FALSE
"12-23",5.3,-0.193749315509305,0.0225139941186246,0.176135591586573,0.138966517196314,0.211700152193546,FALSE,FALSE
"12-23",5.4,-0.197325020810095,0.0229215168561779,0.179076227362238,0.141354256506163,0.215140998964665,FALSE,FALSE
"12-23",5.5,-0.20089623630532,0.023328072741882,0.182002694426973,0.143733152537992,0.21856183745988,FALSE,FALSE
"12-23",5.6,-0.204462878595808,0.0237336441080265,0.184915001544399,0.146103200475671,0.221962706643874,FALSE,FALSE
"12-23",5.7,-0.208024864282388,0.0241382133040005,0.187813157982115,0.148464395764722,0.22534364615396,FALSE,FALSE
"12-23",5.8,-0.211582109965889,0.0245417626966987,0.190697173503005,0.150816734108602,0.228704696284266,FALSE,FALSE
"12-23",5.9,-0.21513453224714,0.0249442746709327,0.193567058356592,0.153160211464995,0.232045897970041,FALSE,FALSE
"12-23",6,-0.218682047726969,0.0253457316298479,0.196422823270446,0.155494824042105,0.235367292772121,FALSE,FALSE
"12-23",6.1,-0.222224573006205,0.0257461159953469,0.19926447944164,0.15782056829497,0.238668922861515,FALSE,FALSE
"12-23",6.2,-0.225762024685676,0.0261454102085184,0.202092038528263,0.160137440921771,0.241950831004144,FALSE,FALSE
"12-23",6.3,-0.229294319366212,0.0265435967300725,0.204905512640971,0.16244543886016,0.245213060545716,FALSE,FALSE
"12-23",6.4,-0.232821373648641,0.0269406580407823,0.207704914334609,0.164744559283585,0.248455655396735,FALSE,FALSE
"12-23",6.5,-0.236343104133792,0.0273365766419326,0.210490256599862,0.16703479959764,0.251678660017661,FALSE,FALSE
"12-23",6.6,-0.239859427422493,0.0277313350557742,0.213261552854975,0.1693161574364,0.254882119404199,FALSE,FALSE
"12-23",6.7,-0.243370260115574,0.0281249158259866,0.216018816937516,0.171588630658788,0.258066079072733,FALSE,FALSE
"12-23",6.8,-0.246875518813862,0.028517301518146,0.218762063096193,0.173852217344926,0.261230585045898,FALSE,FALSE
"12-23",6.9,-0.250375120118187,0.0289084747202023,0.22149130598272,0.176106915792516,0.264375683838292,FALSE,FALSE
"12-23",7,-0.253868980629378,0.0292984180429622,0.22420656064374,0.178352724513209,0.267501422442324,FALSE,FALSE
"12-23",7.1,-0.257357016948262,0.0296871141205805,0.226907842512795,0.180589642228992,0.270607848314207,FALSE,FALSE
"12-23",7.2,-0.26083914567567,0.0300745456110596,0.229595167402349,0.182817667868582,0.273695009360084,FALSE,FALSE
"12-23",7.3,-0.264315283412428,0.0304606951967559,0.232268551495864,0.18503680056382,0.276762953922294,FALSE,FALSE
"12-23",7.4,-0.267785346759368,0.0308455455848954,0.234928011339926,0.187247039646078,0.279811730765778,FALSE,FALSE
"12-23",7.5,-0.271249252317315,0.0312290795080976,0.237573563836425,0.189448384642668,0.282841389064622,FALSE,FALSE
"12-23",7.6,-0.274706916687101,0.0316112797249074,0.240205226234786,0.191640835273262,0.285851978388737,FALSE,FALSE
"12-23",7.7,-0.278158256469553,0.0319921290203365,0.24282301612425,0.193824391446312,0.288843548690673,FALSE,FALSE
"12-23",7.8,-0.2816031882655,0.0323716102064136,0.24542695142621,0.19599905325548,0.29181615029258,FALSE,FALSE
"12-23",7.9,-0.28504162867577,0.0327497061227439,0.248017050386594,0.198164820976074,0.294769833873297,FALSE,FALSE
"12-23",8,-0.288473494301193,0.0331263996370782,0.250593331568306,0.200321695061483,0.297704650455573,FALSE,FALSE
"12-23",8.1,-0.291898701742598,0.0335016736458914,0.253155813843715,0.202469676139629,0.300620651393441,FALSE,FALSE
"12-23",8.2,-0.295317167600812,0.0338755110749718,0.25570451638719,0.20460876500941,0.303517888359707,FALSE,FALSE
"12-23",8.3,-0.298728808476664,0.0342478948800196,0.258239458667701,0.206738962637156,0.306396413333591,FALSE,FALSE
"12-23",8.4,-0.302133540970984,0.0346188080472569,0.260760660441454,0.208860270153089,0.309256278588487,FALSE,FALSE
"12-23",8.5,-0.3055312816846,0.0349882335940474,0.263268141744592,0.210972688847784,0.312097536679872,FALSE,FALSE
"12-23",8.6,-0.308921947218341,0.0353561545695283,0.265761922885936,0.213076220168638,0.314920240433338,FALSE,FALSE
"12-23",8.7,-0.312305454173035,0.0357225540552527,0.268242024439784,0.215170865716334,0.317724442932762,FALSE,FALSE
"12-23",8.8,-0.315681719149512,0.0360874151658433,0.270708467238757,0.217256627241322,0.320510197508604,FALSE,FALSE
"12-23",8.9,-0.319050658748599,0.0364507210496594,0.273161272366699,0.219333506640286,0.323277557726345,FALSE,FALSE
"12-23",9,-0.322412189571125,0.0368124548894738,0.275600461151623,0.221401505952629,0.326026577375046,FALSE,FALSE
"12-23",9.1,-0.32576622821792,0.0371725999031647,0.278026055158712,0.223460627356955,0.328757310456048,FALSE,FALSE
"12-23",9.2,-0.329112691289812,0.0375311393444181,0.280438076183367,0.225510873167543,0.331469811171795,FALSE,FALSE
"12-23",9.3,-0.33245149538763,0.0378880565034445,0.282836546244305,0.227552245830843,0.334164133914789,FALSE,FALSE
"12-23",9.4,-0.335782557112202,0.0382433347077091,0.285221487576708,0.22958474792195,0.336840333256676,FALSE,FALSE
"12-23",9.5,-0.339105793064357,0.0385969573226746,0.287592922625425,0.231608382141101,0.33949846393746,FALSE,FALSE
"12-23",9.6,-0.342421119844924,0.0389489077525594,0.289950874038214,0.233623151310154,0.342138580854842,FALSE,FALSE
"12-23",9.7,-0.345728454054731,0.0392991694411094,0.292295364659041,0.23562905836908,0.34476073905369,FALSE,FALSE
"12-23",9.8,-0.349027712294608,0.0396477258723845,0.294626417521428,0.237626106372448,0.347364993715632,FALSE,FALSE
"12-23",9.9,-0.352318811165383,0.0399945605715608,0.296944055841842,0.239614298485914,0.349951400148781,FALSE,FALSE
"12-23",10,-0.355601667267884,0.0403396571057476,0.299248303013145,0.2415936379827,0.352520013777579,FALSE,FALSE
"12-23",10.1,-0.358876197202941,0.0406829990848209,0.301539182598076,0.243564128240085,0.355070890132769,FALSE,FALSE
"12-23",10.2,-0.362142317571381,0.0410245701622728,0.303816718322798,0.245525772735884,0.357604084841493,FALSE,FALSE
"12-23",10.3,-0.365399944974035,0.0413643540360775,0.306080934070479,0.247478575044927,0.360119653617508,FALSE,FALSE
"12-23",10.4,-0.36864899601173,0.0417023344495746,0.308331853874929,0.249422538835534,0.362617652251532,FALSE,FALSE
"12-23",10.5,-0.371889387285295,0.0420384951923701,0.310569501914279,0.251357667865994,0.365098136601706,FALSE,FALSE
"12-23",10.6,-0.375121035395559,0.0423728201012547,0.312793902504708,0.253283965981029,0.367561162584181,FALSE,FALSE
"12-23",10.7,-0.378343856943351,0.0427052930611408,0.315005080094218,0.255201437108264,0.370006786163826,FALSE,FALSE
"12-23",10.8,-0.381557768529499,0.043035898006019,0.317203059256457,0.257110085254683,0.372435063345056,FALSE,FALSE
"12-23",10.9,-0.384762686754832,0.0433646189199326,0.319387864684577,0.259009914503086,0.374846050162774,FALSE,FALSE
"12-23",11,-0.387958528220179,0.043691439837973,0.321559521185157,0.260900929008542,0.377239802673445,FALSE,FALSE
"12-23",11.1,-0.391145209526369,0.0440163448472948,0.323718053672149,0.262783132994826,0.379616376946275,FALSE,FALSE
"12-23",11.2,-0.394322647274229,0.044339318088152,0.325863487160887,0.264656530750858,0.381975829054513,FALSE,FALSE
"12-23",11.3,-0.39749075806459,0.0446603437549553,0.327995846762131,0.266521126627132,0.384318215066874,FALSE,FALSE
"12-23",11.4,-0.400649458498279,0.0449794060973513,0.330115157676154,0.268376925032134,0.386643591039069,FALSE,FALSE
"12-23",11.5,-0.403798665176125,0.0452964894213244,0.332221445186882,0.270223930428755,0.388952013005459,FALSE,FALSE
"12-23",11.6,-0.406938294698958,0.0456115780903207,0.334314734656068,0.272062147330693,0.391243536970824,FALSE,FALSE
"12-23",11.7,-0.410068263667605,0.0459246565263972,0.336395051517516,0.273891580298841,0.393518218902237,FALSE,FALSE
"12-23",11.8,-0.413188488682895,0.0462357092113928,0.338462421271338,0.275712233937674,0.395776114721063,FALSE,FALSE
"12-23",11.9,-0.416298886345658,0.0465447206881262,0.34051686947827,0.277524112891614,0.398017280295065,FALSE,FALSE
"12-23",12,-0.419399373256722,0.0468516755616179,0.342558421754008,0.279327221841387,0.400241771430624,FALSE,FALSE
"12-23",12.1,-0.422489866016915,0.0471565585003385,0.34458710376361,0.28112156550037,0.402449643865072,FALSE,FALSE
"12-23",12.2,-0.425570281227066,0.047459354237484,0.346602941215915,0.28290714861092,0.404640953259133,FALSE,FALSE
"12-23",12.3,-0.428640535488004,0.0477600475722777,0.348605959858023,0.284683975940689,0.406815755189478,FALSE,FALSE
"12-23",12.4,-0.431700545400559,0.0480586233713009,0.350596185469803,0.286452052278927,0.408974105141392,FALSE,FALSE
"12-23",12.5,-0.434750227565557,0.048355066569852,0.352573643858445,0.288211382432767,0.411116058501542,FALSE,FALSE
"12-23",12.6,-0.437789498583828,0.0486493621733353,0.354538360853053,0.289961971223488,0.413241670550864,FALSE,FALSE
"12-23",12.7,-0.440818275056202,0.0489414952586794,0.356490362299272,0.291703823482772,0.415350996457554,FALSE,FALSE
"12-23",12.8,-0.443836473583506,0.0492314509757876,0.358429674053962,0.293436944048931,0.417444091270164,FALSE,FALSE
"12-23",12.9,-0.446844010766569,0.0495192145490195,0.360356321979901,0.295161337763119,0.419521009910811,FALSE,FALSE
"12-23",13,-0.44984080320622,0.049804771278705,0.362270331940534,0.296877009465524,0.421581807168492,FALSE,FALSE
"12-23",13.1,-0.452826767503288,0.0500881065426926,0.364171729794751,0.298583963991539,0.423626537692499,FALSE,FALSE
"12-23",13.2,-0.455801820258601,0.0503692057979314,0.366060541391712,0.300282206167909,0.425655255985948,FALSE,FALSE
"12-23",13.3,-0.458765878072989,0.0506480545820883,0.367936792565699,0.301971740808852,0.427668016399411,FALSE,FALSE
"12-23",13.4,-0.461718857547279,0.0509246385152019,0.369800509131011,0.303652572712164,0.429664873124648,FALSE,FALSE
"12-23",13.5,-0.4646606752823,0.0511989433013728,0.371651716876888,0.305324706655285,0.431645880188455,FALSE,FALSE
"12-23",13.6,-0.467591247878882,0.0514709547304923,0.373490441562477,0.306988147391356,0.433611091446599,FALSE,FALSE
"12-23",13.7,-0.470510491937853,0.0517406586800104,0.375316708911827,0.308642899645229,0.435560560577878,FALSE,FALSE
"12-23",13.8,-0.473418324060041,0.0520080411167431,0.377130544608924,0.310288968109464,0.437494341078264,FALSE,FALSE
"12-23",13.9,-0.476314660846276,0.0522730880987218,0.37893197429275,0.311926357440287,0.439412486255166,FALSE,FALSE
"12-23",14,-0.479199418897386,0.0525357857770838,0.380721023552388,0.313555072253516,0.441315049221782,FALSE,FALSE
"12-23",14.1,-0.4820725148142,0.0527961203980071,0.382497717922148,0.315175117120461,0.443202082891566,FALSE,FALSE
"12-23",14.2,-0.484933865197546,0.0530540783046888,0.384262082876734,0.316786496563788,0.445073639972785,FALSE,FALSE
"12-23",14.3,-0.487783386648253,0.0533096459393697,0.386014143826433,0.318389215053339,0.44692977296319,FALSE,FALSE
"12-23",14.4,-0.49062099576715,0.0535628098454054,0.387753926112348,0.319983277001928,0.448770534144779,FALSE,FALSE
"12-23",14.5,-0.493446609155066,0.0538135566693856,0.389481455001649,0.321568686761092,0.450595975578671,FALSE,FALSE
"12-23",14.6,-0.496260143412829,0.0540618731633025,0.391196755682864,0.323145448616803,0.452406149100069,FALSE,FALSE
"12-23",14.7,-0.499061515141268,0.0543077461867699,0.392899853261192,0.324713566785138,0.45420110631334,FALSE,FALSE
"12-23",14.8,-0.501850640941212,0.0545511627092947,0.39459077275385,0.326273045407914,0.455980898587183,FALSE,FALSE
"12-23",14.9,-0.504627437413489,0.054792109812601,0.396269539085446,0.327823888548265,0.457745577049905,FALSE,FALSE
"12-23",15,-0.507391821158929,0.0550305746930095,0.397936177083385,0.329366100186189,0.459495192584799,FALSE,FALSE
"12-23",15.1,-0.510143708778359,0.0552665446638732,0.399590711473291,0.330899684214033,0.461229795825618,FALSE,FALSE
"12-23",15.2,-0.512883016872609,0.0555000071580705,0.401233166874472,0.332424644431942,0.462949437152157,FALSE,FALSE
"12-23",15.3,-0.515609662042507,0.0557309497305577,0.402863567795397,0.333940984543246,0.464654166685933,FALSE,FALSE
"12-23",15.4,-0.518323560888882,0.0559593600609828,0.404481938629208,0.335448708149803,0.466344034285964,FALSE,FALSE
"12-23",15.5,-0.521024630012563,0.0561852259563613,0.406088303649252,0.336947818747278,0.468019089544659,FALSE,FALSE
"12-23",15.6,-0.523712786014378,0.0564085353538166,0.407682687004644,0.33843831972038,0.469679381783797,FALSE,FALSE
"12-23",15.7,-0.526387945495157,0.0566292763233861,0.409265112715845,0.339920214338021,0.471324960050622,FALSE,FALSE
"12-23",15.8,-0.529050025055727,0.0568474370708954,0.410835604670271,0.341393505748435,0.472955873114031,FALSE,FALSE
"12-23",15.9,-0.531698941296918,0.0570630059409015,0.412394186617925,0.342858196974217,0.474572169460869,FALSE,FALSE
"12-23",16,-0.534334610819558,0.0572759714197085,0.413940882167047,0.34431429090731,0.476173897292329,FALSE,FALSE
"12-23",16.1,-0.536956950224476,0.0574863221384553,0.415475714779788,0.345761790303916,0.477761104520451,FALSE,FALSE
"12-23",16.2,-0.539565876112501,0.05769404687628,0.416998707767907,0.347200697779344,0.479333838764733,FALSE,FALSE
"12-23",16.3,-0.542161305084461,0.0578991345635614,0.41850988428849,0.348631015802782,0.480892147348839,FALSE,FALSE
"12-23",16.4,-0.544743153741185,0.0581015742852395,0.420009267339679,0.350052746692,0.48243607729742,FALSE,FALSE
"12-23",16.5,-0.547311338683502,0.0583013552842188,0.421496879756439,0.35146589260797,0.483965675333039,FALSE,FALSE
"12-23",16.6,-0.549865776512241,0.0584984669648547,0.422972744206322,0.352870455549413,0.485480987873199,FALSE,FALSE
"12-23",16.7,-0.55240638382823,0.0586928988965267,0.424436883185269,0.35426643734726,0.486982061027486,FALSE,FALSE
"12-23",16.8,-0.554933077232298,0.0588846408173006,0.425889319013419,0.355653839659031,0.488468940594819,FALSE,FALSE
"12-23",16.9,-0.557445773325273,0.0590736826376808,0.427330073830934,0.357032663963128,0.489941672060809,FALSE,FALSE
"12-23",17,-0.559944388707985,0.0592600144444576,0.428759169593852,0.358402911553031,0.491400300595228,FALSE,FALSE
"12-23",17.1,-0.562428839981262,0.0594436265046495,0.43017662806994,0.359764583531413,0.492844871049593,FALSE,FALSE
"12-23",17.2,-0.564899043745932,0.0596245092695452,0.431582470834574,0.361117680804145,0.494275427954863,FALSE,FALSE
"12-23",17.3,-0.567354916602825,0.059802653378847,0.432976719266631,0.362462204074217,0.495692015519248,FALSE,FALSE
"12-23",17.4,-0.569796375152769,0.0599780496649186,0.434359394544394,0.363798153835539,0.497094677626138,FALSE,FALSE
"12-23",17.5,-0.572223335996594,0.0601506891571401,0.435730517641469,0.365125530366653,0.498483457832149,FALSE,FALSE
"12-23",17.6,-0.574635715735127,0.0603205630863735,0.437090109322717,0.366444333724326,0.499858399365282,FALSE,FALSE
"12-23",17.7,-0.577033430969197,0.0604876628895417,0.438438190140199,0.367754563737033,0.501219545123213,FALSE,FALSE
"12-23",17.8,-0.579416398299633,0.0606519802143236,0.43977478042913,0.369056219998323,0.502566937671697,FALSE,FALSE
"12-23",17.9,-0.581784534327264,0.0608135069239695,0.441099900303845,0.370349301860065,0.503900619243098,FALSE,FALSE
"12-23",18,-0.584137755652918,0.060972235102239,0.442413569653775,0.371633808425575,0.505220631735052,FALSE,FALSE
"12-23",18.1,-0.586475978877425,0.0611281570584659,0.443715808139436,0.372909738542606,0.506527016709243,FALSE,FALSE
"12-23",18.2,-0.588799120601612,0.061281265332753,0.445006635188417,0.374177090796212,0.507819815390327,FALSE,FALSE
"12-23",18.3,-0.59110709742631,0.0614315527013005,0.446286069991389,0.375435863501476,0.509099068664976,FALSE,FALSE
"12-23",18.4,-0.593399825952345,0.0615790121818716,0.447554131498114,0.376686054696097,0.510364817081059,FALSE,FALSE
"12-23",18.5,-0.595677222780547,0.0617236370393999,0.448810838413459,0.377927662132829,0.511617100846967,FALSE,FALSE
"12-23",18.6,-0.597939204511745,0.0618654207917415,0.450056209193424,0.379160683271778,0.512855959831066,FALSE,FALSE
"12-23",18.7,-0.600185696555045,0.0620043596260502,0.451290266874357,0.380385117802884,0.514081440137146,FALSE,FALSE
"12-23",18.8,-0.602416709997042,0.0621404733764141,0.452513081100022,0.38160098973007,0.515293651204659,FALSE,FALSE
"12-23",18.9,-0.604632304175032,0.0622737950959078,0.453724747154277,0.382808336645505,0.516492737037737,FALSE,FALSE
"12-23",19,-0.606832538966568,0.0624043579448145,0.454925359672277,0.384007196036775,0.517678840374677,FALSE,FALSE
"12-23",19.1,-0.609017474249203,0.0625321950384397,0.45611501235526,0.385197605137946,0.518852102305666,FALSE,FALSE
"12-23",19.2,-0.611187169900491,0.0626573394430986,0.457293797982293,0.386379600935697,0.520012662294789,FALSE,FALSE
"12-23",19.3,-0.613341685797983,0.0627798241721442,0.458461808421859,0.387553220175325,0.521160658201719,FALSE,FALSE
"12-23",19.4,-0.615481081819233,0.0628996821820327,0.459619134643294,0.388718499366655,0.522296226303084,FALSE,FALSE
"12-23",19.5,-0.617605417841793,0.0630169463684235,0.460765866728088,0.389875474789852,0.52341950131351,FALSE,FALSE
"12-23",19.6,-0.619714753743218,0.0631316495623092,0.461902093881024,0.391024182501132,0.52453061640635,FALSE,FALSE
"12-23",19.7,-0.621809149401059,0.0632438245261762,0.463027904441189,0.392164658338398,0.525629703234092,FALSE,FALSE
"12-23",19.8,-0.623888664692869,0.0633535039501899,0.46414338589283,0.393296937926781,0.526716891948458,FALSE,FALSE
"12-23",19.9,-0.625953359496202,0.063460720448405,0.465248624876083,0.394421056684107,0.527792311220186,FALSE,FALSE
"12-23",20,-0.62800329368861,0.0635655065549974,0.466343707197557,0.395537049826287,0.528856088258507,FALSE,FALSE
"12-23",20.1,-0.630038527147647,0.0636678947205155,0.467428717840787,0.396644952372642,0.529908348830316,FALSE,FALSE
"12-23",20.2,-0.632059119750864,0.0637679173081508,0.468503740976547,0.397744799151147,0.530949217279037,FALSE,FALSE
"12-23",20.3,-0.634065131375816,0.0638656065900238,0.469568859973045,0.39883662480363,0.53197881654319,FALSE,FALSE
"12-23",20.4,-0.636056621900054,0.063960994743486,0.470624157405972,0.39992046379089,0.53299726817466,FALSE,FALSE
"12-23",20.5,-0.638033651201133,0.0640541138474345,0.471669715068437,0.400996350397772,0.534004692356671,FALSE,FALSE
"12-23",20.6,-0.639996279156604,0.0641449958786399,0.472705613980768,0.402064318738178,0.535001207921471,FALSE,FALSE
"12-23",20.7,-0.641944565644021,0.0642336727080848,0.473731934400193,0.40312440276003,0.535986932367729,FALSE,FALSE
"12-23",20.8,-0.643878570540937,0.064320176097313,0.4747487558304,0.40417663625018,0.536961981877643,FALSE,FALSE
"12-23",20.9,-0.645798353724904,0.0644045376947876,0.475756157030969,0.405221052839276,0.537926471333774,FALSE,FALSE
"12-23",21,-0.647703975073476,0.0644867890322585,0.476754216026694,0.406257686006574,0.5388805143356,FALSE,FALSE
"12-23",21.1,-0.649595494464205,0.064566961521137,0.477743010116787,0.407286569084716,0.539824223215791,FALSE,FALSE
"12-23",21.2,-0.651472971774644,0.0646450864488783,0.478722615883958,0.408307735264457,0.540757709056221,FALSE,FALSE
"12-23",21.3,-0.653336466882347,0.0647211949753708,0.479693109203392,0.409321217599359,0.541681081703707,FALSE,FALSE
"12-23",21.4,-0.655186039664866,0.0647953181293321,0.480654565251609,0.410327049010438,0.542594449785488,FALSE,FALSE
"12-23",21.5,-0.657021749999754,0.0648674868047113,0.481607058515211,0.411325262290781,0.543497920724442,FALSE,FALSE
"12-23",21.6,-0.658843657764564,0.0649377317570974,0.482550662799526,0.412315890110119,0.544391600754049,FALSE,FALSE
"12-23",21.7,-0.660651822836848,0.0650060836001341,0.483485451237139,0.413298965019372,0.545275594933098,FALSE,FALSE
"12-23",21.8,-0.662446305094161,0.0650725728019403,0.484411496296322,0.414274519455154,0.546150007160148,FALSE,FALSE
"12-23",21.9,-0.664227164414054,0.0651372296815375,0.485328869789354,0.415242585744246,0.547014940187743,FALSE,FALSE
"12-23",22,-0.665994460674081,0.0652000844052829,0.486237642880743,0.416203196108037,0.547870495636387,FALSE,FALSE
"12-23",22.1,-0.667748253751795,0.06526116698331,0.487137886095343,0.417156382666932,0.548716774008275,FALSE,FALSE
"12-23",22.2,-0.669488603524748,0.0653205072659763,0.488029669326374,0.418102177444732,0.5495538747008,FALSE,FALSE
"12-23",22.3,-0.671215569870494,0.0653781349403175,0.488913061843341,0.419040612372975,0.550381896019821,FALSE,FALSE
"12-23",22.4,-0.672929212666584,0.0654340795265113,0.489788132299855,0.419971719295252,0.551200935192711,FALSE,FALSE
"12-23",22.5,-0.674629591790573,0.0654883703743492,0.490654948741361,0.420895529971497,0.552011088381176,FALSE,FALSE
"12-23",22.6,-0.676316767120014,0.0655410366597174,0.491513578612771,0.421812076082233,0.552812450693861,FALSE,FALSE
"12-23",22.7,-0.677990798532458,0.0655921073810884,0.492364088765997,0.422721389232804,0.553605116198738,FALSE,FALSE
"12-23",22.8,-0.679651745905459,0.0656416113560236,0.493206545467403,0.423623500957562,0.554389177935284,FALSE,FALSE
"12-23",22.9,-0.68129966911657,0.0656895772176875,0.494041014405156,0.424518442724036,0.555164727926451,FALSE,FALSE
"12-23",23,-0.682934628043344,0.0657360334113746,0.494867560696498,0.425406245937064,0.555931857190431,FALSE,FALSE
"12-23",23.1,-0.684556682563334,0.0657810081910511,0.495686248894916,0.426286941942893,0.556690655752227,FALSE,FALSE
"12-23",23.2,-0.686165892554092,0.0658245296159108,0.496497142997237,0.427160562033253,0.557441212655018,FALSE,FALSE
"12-23",23.3,-0.687762317893172,0.0658666255469474,0.497300306450635,0.4280271374494,0.558183615971344,FALSE,FALSE
"12-23",23.4,-0.689346018458127,0.0659073236435445,0.498095802159544,0.428886699386118,0.558917952814092,FALSE,FALSE
"12-23",23.5,-0.690917054126509,0.0659466513600845,0.498883692492501,0.429739278995701,0.559644309347308,FALSE,FALSE
"12-23",23.6,-0.692475484775871,0.0659846359425769,0.499664039288898,0.430584907391891,0.560362770796819,FALSE,FALSE
"12-23",23.7,-0.694021370283766,0.0660213044253092,0.500436903865652,0.431423615653795,0.561073421460682,FALSE,FALSE
"12-23",23.8,-0.695554770527748,0.0660566836275204,0.501202347023803,0.432255434829752,0.561776344719466,FALSE,FALSE
"12-23",23.9,-0.697075745385369,0.0660908001500987,0.501960429055021,0.433080395941179,0.562471623046356,FALSE,FALSE
"12-23",24,-0.698584354734181,0.0661236803723066,0.50271120974805,0.433898529986372,0.563159338017095,FALSE,FALSE
"12-23",24.1,-0.700080658451739,0.0661553504485325,0.503454748395055,0.434709867944276,0.563839570319771,FALSE,FALSE
"12-23",24.2,-0.701564716415594,0.0661858363050737,0.504191103797917,0.43551444077821,0.564512399764435,FALSE,FALSE
"12-23",24.3,-0.7030365885033,0.0662151636369489,0.50492033427443,0.436312279439562,0.565177905292577,FALSE,FALSE
"12-23",24.4,-0.70449633459241,0.0662433579047455,0.505642497664443,0.437103414871437,0.565836164986446,FALSE,FALSE
"12-23",24.5,-0.705944014560476,0.0662704443315014,0.506357651335915,0.437887878012267,0.566487256078225,FALSE,FALSE
"12-23",24.6,-0.707379688285052,0.0662964478996238,0.507065852190907,0.438665699799376,0.567131254959064,FALSE,FALSE
"12-23",24.7,-0.70880341564369,0.0663213933478475,0.5077671566715,0.439436911172505,0.56776823718798,FALSE,FALSE
"12-23",24.8,-0.710215256513944,0.0663453051682338,0.508461620765641,0.440201543077293,0.568398277500611,FALSE,FALSE
"12-23",24.9,-0.711615270773366,0.0663682076032128,0.509149300012923,0.440959626468703,0.569021449817855,FALSE,FALSE
"12-23",25,-0.713003518299509,0.0663901246426712,0.509830249510296,0.441711192314412,0.569637827254367,FALSE,FALSE
"12-23",25.1,-0.714380058969926,0.0664110800210868,0.510504523917709,0.442456271598145,0.570247482126944,FALSE,FALSE
"12-23",25.2,-0.71574495266217,0.0664310972147134,0.51117217746369,0.443194895322957,0.570850485962791,FALSE,FALSE
"12-23",25.3,-0.717098259253794,0.0664501994388174,0.511833263950852,0.443927094514472,0.571446909507659,FALSE,FALSE
"12-23",25.4,-0.718440038622351,0.0664684096449677,0.512487836761346,0.444652900224059,0.572036822733889,FALSE,FALSE
"12-23",25.5,-0.719770350645394,0.0664857505183832,0.51313594886224,0.445372343531954,0.572620294848337,FALSE,FALSE
"12-23",25.6,-0.721089255200475,0.0665022444753382,0.51377765281084,0.446085455550335,0.573197394300197,FALSE,FALSE
"12-23",25.7,-0.722396812165148,0.0665179136606291,0.514413000759947,0.446792267426323,0.573768188788728,FALSE,FALSE
"12-23",25.8,-0.723693081416965,0.0665327799451049,0.515042044463056,0.447492810344938,0.574332745270878,FALSE,FALSE
"12-23",25.9,-0.72497812283348,0.0665468649232631,0.51566483527949,0.448187115531983,0.574891129968823,FALSE,FALSE
"12-23",26,-0.726251996292244,0.0665601899109142,0.516281424179476,0.448875214256866,0.575443408377408,FALSE,FALSE
"12-23",26.1,-0.727514761670813,0.0665727759429169,0.516891861749162,0.449557137835365,0.575989645271513,FALSE,FALSE
"12-23",26.2,-0.728766478846737,0.0665846437709868,0.517496198195579,0.450232917632314,0.576529904713327,FALSE,FALSE
"12-23",26.3,-0.730007207697571,0.0665958138615807,0.518094483351537,0.450902585064226,0.577064250059554,FALSE,FALSE
"12-23",26.4,-0.731237008100866,0.066606306393859,0.518686766680475,0.451566171601849,0.577592743968534,FALSE,FALSE
"12-23",26.5,-0.732455939934177,0.0666161412577293,0.519273097281248,0.45222370877264,0.578115448407304,FALSE,FALSE
"12-23",26.6,-0.733664063075055,0.0666253380519729,0.519853523892857,0.452875228163174,0.578632424658587,FALSE,FALSE
"12-23",26.7,-0.734861437401054,0.0666339160824578,0.520428094899134,0.453520761421471,0.579143733327712,FALSE,FALSE
"12-23",26.8,-0.736048122789727,0.0666418943604393,0.520996858333361,0.454160340259245,0.579649434349486,FALSE,FALSE
"12-23",26.9,-0.737224179118626,0.0666492916009524,0.521559861882846,0.454793996454075,0.580149586995001,FALSE,FALSE
"12-23",27,-0.738389666265305,0.0666561262212976,0.522117152893438,0.455421761851493,0.580644249878387,FALSE,FALSE
"12-23",27.1,-0.739544644107316,0.066662416339622,0.522668778373999,0.456043668366988,0.581133480963524,FALSE,FALSE
"12-23",27.2,-0.740689172522212,0.0666681797736003,0.523214785000814,0.456659747987924,0.581617337570698,FALSE,FALSE
"12-23",27.3,-0.741823311387547,0.0666734340392163,0.523755219121962,0.457270032775369,0.582095876383226,FALSE,FALSE
"12-23",27.4,-0.742947120580873,0.066678196349648,0.524290126761628,0.457874554865835,0.582569153454026,FALSE,FALSE
"12-23",27.5,-0.744060659979743,0.0666824836142596,0.524819553624369,0.458473346472927,0.583037224212168,FALSE,FALSE
"12-23",27.6,-0.74516398946171,0.0666863124377019,0.525343545099332,0.459066439888898,0.583500143469384,FALSE,FALSE
"12-23",27.7,-0.746257168904327,0.066689699119124,0.525862146264423,0.459653867486105,0.583957965426544,FALSE,FALSE
"12-23",27.8,-0.747340258185146,0.0666926596514991,0.526375401890427,0.460235661718371,0.58441074368012,FALSE,FALSE
"12-23",27.9,-0.748413317181722,0.0666952097210664,0.526883356445085,0.460811855122248,0.584858531228615,FALSE,FALSE
"12-23",28,-0.749476405771606,0.0666973647068916,0.52738605409712,0.461382480318175,0.585301380478977,FALSE,FALSE
"12-23",28.1,-0.750529583832352,0.0666991396805492,0.527883538720218,0.461947570011533,0.585739343252996,FALSE,FALSE
"12-23",28.2,-0.751572911241512,0.0667005494059273,0.52837585389697,0.462507156993597,0.586172470793695,FALSE,FALSE
"12-23",28.3,-0.75260644787664,0.0667016083391594,0.528863042922757,0.463061274142381,0.586600813771693,FALSE,FALSE
"12-23",28.4,-0.753630253615288,0.0667023306286844,0.529345148809604,0.463609954423367,0.587024422291584,FALSE,FALSE
"12-23",28.5,-0.754644388335009,0.066702730115436,0.529822214289981,0.464153230890131,0.587443345898294,FALSE,FALSE
"12-23",28.6,-0.755648911913356,0.0667028203331671,0.530294281820563,0.464691136684854,0.587857633583445,FALSE,FALSE
"12-23",28.7,-0.756643884227883,0.0667026145089075,0.530761393585954,0.465223705038714,0.58826733379172,FALSE,FALSE
"12-23",28.8,-0.757629365156141,0.0667021255635601,0.531223591502356,0.465750969272165,0.58867249442723,FALSE,FALSE
"12-23",28.9,-0.758605414575685,0.0667013661126362,0.531680917221207,0.466272962795097,0.589073162859896,FALSE,FALSE
"12-23",29,-0.759572092364066,0.0667003484671326,0.532133412132778,0.466789719106875,0.589469385931828,FALSE,FALSE
"12-23",29.1,-0.760529458398838,0.0666990846345532,0.532581117369717,0.467301271796256,0.589861209963733,FALSE,FALSE
"12-23",29.2,-0.761477572557553,0.0666975863200748,0.533024073810572,0.467807654541181,0.590248680761327,FALSE,FALSE
"12-23",29.3,-0.762416494717766,0.066695864927863,0.533462322083254,0.468308901108446,0.590631843621771,FALSE,FALSE
"12-23",29.4,-0.763346284757027,0.0666939315625361,0.533895902568476,0.468805045353237,0.591010743340126,FALSE,FALSE
"12-23",29.5,-0.764267002552892,0.0666917970307821,0.53432485540315,0.469296121218546,0.59138542421583,FALSE,FALSE
"12-23",29.6,-0.765178707982911,0.0666894718431286,0.534749220483735,0.469782162734449,0.59175593005921,FALSE,FALSE
"12-23",29.7,-0.766081460924639,0.0666869662158683,0.535169037469564,0.470263204017254,0.59212230419801,FALSE,FALSE
"12-23",29.8,-0.766975321255628,0.0666842900731424,0.535584345786118,0.470739279268517,0.592484589483956,FALSE,FALSE
"12-23",29.9,-0.767860348853431,0.0666814530491823,0.535995184628276,0.47121042277392,0.592842828299361,FALSE,FALSE
"12-23",30,-0.768736603595601,0.0666784644907124,0.536401592963516,0.471676668902012,0.59319706256375,FALSE,FALSE
"12-23",30.1,-0.769604145359691,0.066675333459515,0.536803609535088,0.472138052102814,0.593547333740541,FALSE,FALSE
"12-23",30.2,-0.770463034023253,0.0666720687351595,0.537201272865153,0.47259460690628,0.59389368284375,FALSE,FALSE
"12-23",30.3,-0.771313329463842,0.0666686788178969,0.537594621257874,0.473046367920622,0.594236150444751,FALSE,FALSE
"12-23",30.4,-0.772155091559009,0.0666651719317206,0.537983692802488,0.473493369830484,0.59457477667907,FALSE,FALSE
"12-23",30.5,-0.772988380186308,0.0666615560275966,0.53836852537633,0.473935647394983,0.594909601253238,FALSE,FALSE
"12-23",30.6,-0.773813255223291,0.0666578387868626,0.538749156647834,0.47437323544559,0.595240663451677,FALSE,FALSE
"12-23",30.7,-0.774629776547512,0.0666540276247986,0.539125624079487,0.474806168883881,0.59556800214365,FALSE,FALSE
"12-23",30.8,-0.775438004036523,0.0666501296943695,0.539497964930762,0.475234482679122,0.595891655790256,FALSE,FALSE
"12-23",30.9,-0.776237997567877,0.0666461518901413,0.539866216261012,0.475658211865717,0.596211662451485,FALSE,FALSE
"12-23",31,-0.777029817019128,0.066642100852372,0.540230414932329,0.476077391540502,0.596528059793321,FALSE,FALSE
"12-23",31.1,-0.777813522267827,0.0666379829712783,0.540590597612376,0.476492056859883,0.596840885094909,FALSE,FALSE
"12-23",31.2,-0.778589173191529,0.0666338043914789,0.540946800777179,0.476902243036827,0.597150175255784,FALSE,FALSE
"12-23",31.3,-0.779356829667785,0.0666295710166159,0.541299060713899,0.477307985337693,0.597455966803152,FALSE,FALSE
"12-23",31.4,-0.78011655157415,0.0666252885141551,0.541647413523559,0.47770931907891,0.597758295899245,FALSE,FALSE
"12-23",31.5,-0.780868398788175,0.0666209623203652,0.54199189512375,0.4781062796235,0.598057198348732,FALSE,FALSE
"12-23",31.6,-0.781612431187414,0.0666165976454788,0.542332541251299,0.478498902377438,0.598352709606202,FALSE,FALSE
"12-23",31.7,-0.782348708649419,0.0666121994790336,0.542669387464914,0.478887222785863,0.59864486478371,FALSE,FALSE
"12-23",31.8,-0.783077291051744,0.0666077725953965,0.543002469147791,0.479271276329116,0.598933698658396,FALSE,FALSE
"12-23",31.9,-0.783798238271941,0.06660332155947,0.543331821510196,0.479651098518629,0.599219245680176,FALSE,FALSE
"12-23",32,-0.784511610187564,0.0665988507325827,0.543657479592013,0.480026724892646,0.599501539979495,FALSE,FALSE
"12-23",32.1,-0.785217466676164,0.0665943642785633,0.543979478265272,0.480398191011783,0.599780615375169,FALSE,FALSE
"12-23",32.2,-0.785915867615296,0.0665898661699997,0.544297852236634,0.480765532454425,0.600056505382288,FALSE,FALSE
"12-23",32.3,-0.786606872882513,0.0665853601946836,0.544612636049858,0.481128784811957,0.600329243220202,FALSE,FALSE
"12-23",32.4,-0.787290542355366,0.0665808499622402,0.544923864088237,0.481487983683833,0.600598861820583,FALSE,FALSE
"12-23",32.5,-0.787966935911409,0.066576338910945,0.545231570577002,0.481843164672475,0.600865393835568,FALSE,FALSE
"12-23",32.6,-0.788636113428195,0.0665718303147265,0.545535789585703,0.482194363378006,0.601128871645973,FALSE,FALSE
"12-23",32.7,-0.789298134783276,0.0665673272903566,0.54583655503056,0.482541615392819,0.601389327369598,FALSE,FALSE
"12-23",32.8,-0.789953059854206,0.0665628328048281,0.546133900676782,0.482884956295969,0.60164679286961,FALSE,FALSE
"12-23",32.9,-0.790600948518538,0.0665583496829204,0.546427860140874,0.483224421647409,0.601901299763007,FALSE,FALSE
"12-23",33,-0.791241860653825,0.0665538806149523,0.546718466892892,0.483560046982042,0.602152879429169,FALSE,FALSE
"12-23",33.1,-0.791875856137619,0.0665494281647248,0.5470057542587,0.48389186780361,0.602401563018494,FALSE,FALSE
"12-23",33.2,-0.792502994847473,0.0665449947776505,0.547289755422176,0.484219919578412,0.602647381461118,FALSE,FALSE
"12-23",33.3,-0.79312333666094,0.0665405827890739,0.547570503427406,0.484544237728847,0.602890365475723,FALSE,FALSE
"12-23",33.4,-0.793736941455574,0.0665361944327788,0.547848031180849,0.484864857626783,0.603130545578434,FALSE,FALSE
"12-23",33.5,-0.794343869108927,0.0665318318496862,0.548122371453473,0.48518181458676,0.603367952091807,FALSE,FALSE
"12-23",33.6,-0.794944179498551,0.066527497096741,0.548393556882869,0.485495143859009,0.603602615153903,FALSE,FALSE
"12-23",33.7,-0.795537932502001,0.066523192155988,0.548661619975339,0.485804880622304,0.603834564727451,FALSE,FALSE
"12-23",33.8,-0.796125187996829,0.0665189189438376,0.548926593107956,0.486111059976634,0.604063830609111,FALSE,FALSE
"12-23",33.9,-0.796706005860587,0.0665146793205214,0.549188508530604,0.486413716935704,0.604290442438824,FALSE,FALSE
"12-23",34,-0.797280445970829,0.0665104750997366,0.549447398367989,0.486712886419254,0.604514429709252,FALSE,FALSE
"12-23",34.1,-0.797848568205107,0.0665063080584811,0.54970329462163,0.487008603245206,0.60473582177532,FALSE,FALSE
"12-23",34.2,-0.798410432440976,0.0665021799470774,0.549956229171818,0.48730090212163,0.604954647863846,FALSE,FALSE
"12-23",34.3,-0.798966098555986,0.0664980924993871,0.550206233779562,0.487589817638535,0.605170937083273,FALSE,FALSE
"12-23",34.4,-0.799515626427692,0.0664940474432142,0.550453340088499,0.487875384259478,0.60538471843349,FALSE,FALSE
"12-23",34.5,-0.800059075933646,0.0664900465108988,0.550697579626792,0.488157636312997,0.605596020815755,FALSE,FALSE
"12-23",34.6,-0.800596506951401,0.0664860914500998,0.550938983808995,0.488436607983866,0.605804873042717,FALSE,FALSE
"12-23",34.7,-0.80112797935851,0.0664821840347675,0.5511775839379,0.488712333304163,0.606011303848529,FALSE,FALSE
"12-23",34.8,-0.801653553032527,0.0664783260763054,0.55141341120636,0.488984846144166,0.606215341899069,FALSE,FALSE
"12-23",34.9,-0.802173287851003,0.0664745194349216,0.551646496699088,0.489254180203066,0.606417015802255,FALSE,FALSE
"12-23",35,-0.802687243691492,0.0664707660311688,0.551876871394432,0.489520368999495,0.606616354118458,FALSE,FALSE
"12-23",35.1,-0.803195480431547,0.0664670678576741,0.552104566166132,0.489783445861877,0.606813385371027,FALSE,FALSE
"12-23",35.2,-0.803698057948721,0.0664634269910569,0.552329611785051,0.490043443918595,0.607008138056898,FALSE,FALSE
"12-23",35.3,-0.804195036120566,0.0664598456040356,0.552552038920881,0.490300396087979,0.607200640657318,FALSE,FALSE
"12-23",35.4,-0.804686474824636,0.0664563259777232,0.552771878143837,0.490554335068107,0.607390921648669,FALSE,FALSE
"12-23",35.5,-0.805172433938483,0.06645287051411,0.552989159926314,0.490805293326431,0.607579009513387,FALSE,FALSE
"12-23",35.6,-0.80565297333966,0.066449481748735,0.553203914644538,0.491053303089211,0.60776493275099,FALSE,FALSE
"12-23",35.7,-0.806128152905721,0.0664461623635445,0.553416172580185,0.491298396330772,0.607948719889212,FALSE,FALSE
"12-23",35.8,-0.806598032514218,0.0664429151999373,0.553625963921977,0.491540604762581,0.60813039949523,FALSE,FALSE
"12-23",35.9,-0.807062672042704,0.0664397432719968,0.553833318767269,0.491779959822135,0.608310000187003,FALSE,FALSE
"12-23",36,-0.807522131368732,0.0664366497799099,0.554038267123602,0.492016492661668,0.608487550644714,FALSE,FALSE
"12-23",36.1,-0.807976470369855,0.0664336381235703,0.55424083891024,0.49225023413668,0.608663079622307,FALSE,FALSE
"12-23",36.2,-0.808425748923626,0.0664307119163681,0.554441063959687,0.492481214794275,0.608836615959144,FALSE,FALSE
"12-23",36.3,-0.808870026907597,0.0664278749991622,0.554638972019179,0.492709464861326,0.609008188591744,FALSE,FALSE
"12-23",36.4,-0.809309364199323,0.0664251314544383,0.554834592752164,0.492935014232452,0.609177826565648,FALSE,FALSE
"12-23",36.5,-0.809743820676354,0.0664224856206476,0.555027955739751,0.493157892457816,0.609345559047369,FALSE,FALSE
"12-23",36.6,-0.810173456216246,0.0664199421067294,0.555219090482144,0.493378128730739,0.609511415336453,FALSE,FALSE
"12-23",36.7,-0.810598330696549,0.066417505806813,0.555408026400057,0.493595751875138,0.609675424877645,FALSE,FALSE
"12-23",36.8,-0.811018503994819,0.0664151819151006,0.555594792836106,0.493810790332782,0.609837617273149,FALSE,FALSE
"12-23",36.9,-0.811434035988606,0.0664129759409278,0.555779419056181,0.494023272150369,0.609998022294994,FALSE,FALSE
"12-23",37,-0.811844986555465,0.0664108937240028,0.5559619342508,0.494233224966425,0.610156669897501,FALSE,FALSE
"12-23",37.1,-0.812251415572947,0.0664089414498198,0.556142367536442,0.494440675998025,0.610313590229848,FALSE,FALSE
"12-23",37.2,-0.812653382918607,0.066407125665248,0.556320747956861,0.494645652027343,0.610468813648734,FALSE,FALSE
"12-23",37.3,-0.813050948469996,0.0664054532942925,0.556497104484376,0.494848179388023,0.610622370731136,FALSE,FALSE
"12-23",37.4,-0.813444170801298,0.0664039313109275,0.556671465443332,0.495048283632803,0.610774291518122,FALSE,FALSE
"12-23",37.5,-0.813833092430205,0.0664025628765624,0.556843851974535,0.495245985910679,0.610924596831407,FALSE,FALSE
"12-23",37.6,-0.814217745068906,0.0664013487454621,0.55701428037626,0.495441304235993,0.611073301405658,FALSE,FALSE
"12-23",37.7,-0.814598160228331,0.0664002900510954,0.557182766809985,0.495634256089192,0.611220420146663,FALSE,FALSE
"12-23",37.8,-0.814974369419413,0.0663993883453896,0.557349327390306,0.495824858481192,0.611365968239619,FALSE,FALSE
"12-23",37.9,-0.815346404153082,0.0663986455850558,0.557513978185592,0.496013127968406,0.611509961138697,FALSE,FALSE
"12-23",38,-0.815714295940271,0.0663980641180323,0.55767673521864,0.496199080667592,0.611652414556729,FALSE,FALSE
"12-23",38.1,-0.816078076291912,0.0663976466700466,0.557837614467312,0.496382732270525,0.611793344455025,FALSE,FALSE
"12-23",38.2,-0.816437776718934,0.0663973963312966,0.557996631865174,0.49656409805849,0.611932767033312,FALSE,FALSE
"12-23",38.3,-0.816793428732271,0.06639731654325,0.558153803302127,0.496743192916593,0.612070698719791,FALSE,FALSE
"12-23",38.4,-0.817145063842854,0.0663974110855634,0.558309144625031,0.496920031347904,0.612207156161318,FALSE,FALSE
"12-23",38.5,-0.817492713561613,0.0663976840631204,0.558462671638323,0.497094627487424,0.612342156213708,FALSE,FALSE
"12-23",38.6,-0.817836409399482,0.0663981398931884,0.55861440010463,0.497266995115886,0.612475715932149,FALSE,FALSE
"12-23",38.7,-0.81817618286739,0.0663987832926956,0.558764345745374,0.497437147673379,0.612607852561737,FALSE,FALSE
"12-23",38.8,-0.818512065476271,0.0663996192656261,0.558912524241373,0.49760509827281,0.61273858352813,FALSE,FALSE
"12-23",38.9,-0.818844088737055,0.0664006530905351,0.559058951233436,0.497770859713199,0.612867926428308,FALSE,FALSE
"12-23",39,-0.819172284160673,0.0664018903081829,0.559203642322951,0.497934444492816,0.612995899021453,FALSE,FALSE
"12-23",39.1,-0.819496683258058,0.0664033367092881,0.559346613072468,0.498095864822142,0.613122519219938,FALSE,FALSE
"12-23",39.2,-0.819817317540141,0.0664049983224008,0.559487879006272,0.498255132636685,0.613247805080425,FALSE,FALSE
"12-23",39.3,-0.820134218517853,0.0664068814018935,0.559627455610959,0.498412259609628,0.613371774795076,FALSE,FALSE
"12-23",39.4,-0.820447417702126,0.0664089924160732,0.559765358336,0.498567257164318,0.613494446682872,FALSE,FALSE
"12-23",39.5,-0.820756946603892,0.0664113380354119,0.559901602594298,0.49872013648661,0.613615839181034,FALSE,FALSE
"12-23",39.6,-0.821062836734082,0.0664139251208965,0.560036203762743,0.498870908537039,0.613735970836557,FALSE,FALSE
"12-23",39.7,-0.821365119603627,0.0664167607124988,0.56016917718276,0.499019584062858,0.613854860297846,FALSE,FALSE
"12-23",39.8,-0.821663826723459,0.0664198520177653,0.56030053816085,0.499166173609908,0.613972526306457,FALSE,FALSE
"12-23",39.9,-0.82195898960451,0.0664232064005267,0.560430301969131,0.499310687534344,0.614088987688942,FALSE,FALSE
"12-23",40,-0.822250639757711,0.0664268313697282,0.560558483845864,0.499453136014212,0.614204263348799,FALSE,FALSE
"12-23",40.1,-0.822538808693994,0.06643073456838,0.56068509899598,0.499593529060875,0.614318372258519,FALSE,FALSE
"12-23",40.2,-0.82282352792429,0.0664349237626283,0.560810162591601,0.499731876530292,0.61443133345174,FALSE,FALSE
"12-23",40.3,-0.823104828959531,0.0664394068309491,0.560933689772555,0.499868188134147,0.6145431660155,FALSE,FALSE
"12-23",40.4,-0.823382743310648,0.066444191753462,0.561055695646882,0.500002473450841,0.614653889082591,FALSE,FALSE
"12-23",40.5,-0.823657302488573,0.0664492866013671,0.561176195291342,0.500134741936322,0.614763521824012,FALSE,FALSE
"12-23",40.6,-0.823928538004237,0.0664546995265048,0.561295203751907,0.500265002934792,0.614872083441522,FALSE,FALSE
"12-23",40.7,-0.824196481368572,0.0664604387510384,0.561412736044262,0.50039326568925,0.614979593160297,FALSE,FALSE
"12-23",40.8,-0.824461164092509,0.066466512557261,0.561528807154283,0.500519539351903,0.615086070221678,FALSE,FALSE
"12-23",40.9,-0.824722617686981,0.0664729292775271,0.561643432038528,0.500643832994429,0.615191533876026,FALSE,FALSE
"12-23",41,-0.824980873662918,0.0664796972843091,0.561756625624706,0.500766155618103,0.615296003375671,FALSE,FALSE
"12-23",41.1,-0.825235963531252,0.0664868249803808,0.561868402812154,0.500886516163771,0.615399497967962,FALSE,FALSE
"12-23",41.2,-0.825487918802914,0.0664943207891271,0.561978778472298,0.501004923521688,0.615502036888417,FALSE,FALSE
"12-23",41.3,-0.825736770988836,0.0665021931449821,0.562087767449121,0.501121386541217,0.615603639353967,FALSE,FALSE
"12-23",41.4,-0.82598255159995,0.0665104504839958,0.56219538455961,0.501235914040378,0.61570432455631,FALSE,FALSE
"12-23",41.5,-0.826225292147188,0.0665191012345306,0.562301644594214,0.501348514815261,0.61580411165535,FALSE,FALSE
"12-23",41.6,-0.826465024141479,0.0665281538080889,0.562406562317284,0.501459197649294,0.615903019772748,FALSE,FALSE
"12-23",41.7,-0.826701779093758,0.0665376165902721,0.562510152467515,0.501567971322371,0.616001067985567,FALSE,FALSE
"12-23",41.8,-0.826935588514953,0.0665474979318731,0.562612429758383,0.501674844619836,0.616098275320016,FALSE,FALSE
"12-23",41.9,-0.827166483915998,0.0665578061401026,0.56271340887857,0.501779826341325,0.616194660745305,FALSE,FALSE
"12-23",42,-0.827394496807824,0.066568549469951,0.562813104492394,0.501882925309467,0.616290243167584,FALSE,FALSE
"12-23",42.1,-0.827619658701362,0.0665797361156866,0.562911531240224,0.501984150378438,0.616385041424002,FALSE,FALSE
"12-23",42.2,-0.827842001107544,0.0665913742024919,0.563008703738898,0.502083510442377,0.616479074276856,FALSE,FALSE
"12-23",42.3,-0.828061555537302,0.0666034717782386,0.563104636582132,0.502181014443652,0.616572360407847,FALSE,FALSE
"12-23",42.4,-0.828278353501566,0.0666160368054036,0.563199344340922,0.502276671380986,0.616664918412442,FALSE,FALSE
"12-23",42.5,-0.828492426511268,0.0666290771531259,0.563292841563946,0.502370490317439,0.616756766794339,FALSE,FALSE
"12-23",42.6,-0.828703806077341,0.0666426005894072,0.563385142777958,0.502462480388236,0.616847923960031,FALSE,FALSE
"12-23",42.7,-0.828912523710715,0.0666566147734572,0.563476262488178,0.502552650808462,0.61693840821349,FALSE,FALSE
"12-23",42.8,-0.829118610922323,0.0666711272481836,0.563566215178674,0.5026410108806,0.61702823775094,FALSE,FALSE
"12-23",42.9,-0.829322099223095,0.0666861454328308,0.563655015312746,0.502727570001925,0.617117430655754,FALSE,FALSE
"12-23",43,-0.829523020123963,0.066701676615766,0.563742677333298,0.50281233767175,0.617206004893446,FALSE,FALSE
"12-23",43.1,-0.829721405135858,0.0667177279474161,0.563829215663207,0.502895323498525,0.617293978306783,FALSE,FALSE
"12-23",43.2,-0.829917285769713,0.0667343064333556,0.563914644705691,0.502976537206781,0.617381368610999,FALSE,FALSE
"12-23",43.3,-0.830110693536458,0.0667514189275481,0.563998978844667,0.503055988643932,0.617468193389123,FALSE,FALSE
"12-23",43.4,-0.830301659947026,0.0667690721257408,0.564082232445108,0.503133687786916,0.617554470087422,FALSE,FALSE
"12-23",43.5,-0.830490216512348,0.0667872725590161,0.564164419853389,0.503209644748694,0.617640216010949,FALSE,FALSE
"12-23",43.6,-0.830676394743354,0.0668060265874989,0.56424555539764,0.503283869784587,0.617725448319215,FALSE,FALSE
"12-23",43.7,-0.830860226150978,0.0668253403942235,0.564325653388081,0.503356373298468,0.617810184021965,FALSE,FALSE
"12-23",43.8,-0.83104174224615,0.0668452199791592,0.564404728117359,0.503427165848792,0.617894439975075,FALSE,FALSE
"12-23",43.9,-0.831220974539802,0.0668656711533975,0.564482793860883,0.503496258154479,0.617978232876568,FALSE,FALSE
"12-23",44,-0.831397954542865,0.0668866995335016,0.564559864877144,0.503563661100631,0.618061579262742,FALSE,FALSE
"12-23",44.1,-0.831572713766271,0.0669083105360194,0.564635955408043,0.503629385744105,0.618144495504416,FALSE,FALSE
"12-23",44.2,-0.831745283720952,0.0669305093721608,0.564711079679205,0.503693443318915,0.618226997803303,FALSE,FALSE
"12-23",44.3,-0.831915695917839,0.0669533010426422,0.564785251900293,0.503755845241486,0.618309102188489,FALSE,FALSE
"12-23",44.4,-0.832083981867863,0.0669766903326967,0.564858486265311,0.503816603115743,0.618390824513048,FALSE,FALSE
"12-23",44.5,-0.832250173081956,0.0670006818072535,0.564930796952914,0.503875728738045,0.618472180450766,FALSE,FALSE
"12-23",44.6,-0.832414301071051,0.067025279806286,0.565002198126701,0.503933234101955,0.618553185492994,FALSE,FALSE
"12-23",44.7,-0.832576397346077,0.0670504884403304,0.565072703935511,0.503989131402849,0.618633854945624,FALSE,FALSE
"12-23",44.8,-0.832736493417967,0.0670763115861755,0.565142328513709,0.504043433042366,0.618714203926182,FALSE,FALSE
"12-23",44.9,-0.832894620797652,0.0671027528827242,0.565211085981474,0.504096151632692,0.618794247361055,FALSE,FALSE
"12-23",45,-0.833050810996063,0.0671298157270283,0.565278990445078,0.504147300000684,0.618873999982836,FALSE,FALSE
"12-23",45.1,-0.833205095524134,0.0671575032704966,0.565346055997158,0.504196891191832,0.618953476327793,FALSE,FALSE
"12-23",45.2,-0.833357505892793,0.0671858184152775,0.565412296716989,0.50424493847405,0.619032690733473,FALSE,FALSE
"12-23",45.3,-0.833508073612975,0.0672147638108165,0.565477726670748,0.50429145534131,0.619111657336424,FALSE,FALSE
"12-23",45.4,-0.833656830195609,0.0672443418505888,0.565542359911777,0.504336455517109,0.619190390070047,FALSE,FALSE
"12-23",45.5,-0.833803807151627,0.0672745546690088,0.56560621048084,0.504379952957767,0.619268902662574,FALSE,FALSE
"12-23",45.6,-0.833949035991962,0.0673054041385146,0.565669292406372,0.504421961855567,0.619347208635176,FALSE,FALSE
"12-23",45.7,-0.834092548227544,0.0673368918668302,0.565731619704729,0.504462496641723,0.619425321300198,FALSE,FALSE
"12-23",45.8,-0.834234375369305,0.0673690191944044,0.565793206380429,0.504501571989182,0.61950325375952,FALSE,FALSE
"12-23",45.9,-0.834374548928176,0.0674017871920264,0.565854066426393,0.504539202815266,0.61958101890305,FALSE,FALSE
"12-23",46,-0.83451310041509,0.0674351966586191,0.565914213824175,0.504575404284141,0.61965862940734,FALSE,FALSE
"12-23",46.1,-0.834650061340977,0.0674692481192088,0.565973662544195,0.504610191809124,0.619736097734338,FALSE,FALSE
"12-23",46.2,-0.834785463216769,0.0675039418230732,0.566032426545962,0.504643581054821,0.619813436130263,FALSE,FALSE
"12-23",46.3,-0.834919337553398,0.0675392777420647,0.566090519778293,0.504675587939101,0.619890656624606,FALSE,FALSE
"12-23",46.4,-0.835051715861795,0.0675752555691119,0.566147956179532,0.504706228634907,0.619967771029267,FALSE,FALSE
"12-23",46.5,-0.835182629652892,0.0676118747168961,0.566204749677756,0.504735519571889,0.620044790937814,FALSE,FALSE
"12-23",46.6,-0.83531211043762,0.0676491343167048,0.566260914190988,0.504763477437891,0.620121727724871,FALSE,FALSE
"12-23",46.7,-0.835440189726911,0.0676870332174598,0.566316463627394,0.504790119180251,0.620198592545635,FALSE,FALSE
"12-23",46.8,-0.835566899031696,0.0677255699849203,0.566371411885484,0.504815462006957,0.620275396335516,FALSE,FALSE
"12-23",46.9,-0.835692269862907,0.0677647429010603,0.566425772854301,0.504839523387623,0.620352149809909,FALSE,FALSE
"12-23",47,-0.835816333731476,0.0678045499636189,0.566479560413617,0.504862321054309,0.620428863464086,FALSE,FALSE
"12-23",47.1,-0.835939122148333,0.0678449888858236,0.56653278843411,0.504883873002176,0.620505547573219,FALSE,FALSE
"12-23",47.2,-0.836060666624411,0.0678860570962846,0.566585470777548,0.504904197489979,0.620582212192524,FALSE,FALSE
"12-23",47.3,-0.83618099867064,0.06792775173906,0.566637621296963,0.504923313040396,0.620658867157527,FALSE,FALSE
"12-23",47.4,-0.836300149797954,0.0679700696738903,0.566689253836822,0.5049412384402,0.620735522084463,FALSE,FALSE
"12-23",47.5,-0.836418151517282,0.0680130074766012,0.566740382233194,0.504957992740267,0.62081218637078,FALSE,FALSE
"12-23",47.6,-0.836535035339557,0.0680565614396731,0.566791020313912,0.504973595255426,0.620888869195783,FALSE,FALSE
"12-23",47.7,-0.83665083277571,0.0681007275729764,0.566841181898731,0.504988065564152,0.620965579521388,FALSE,FALSE
"12-23",47.8,-0.836765575336673,0.0681455016046716,0.566890880799479,0.505001423508098,0.621042326092993,FALSE,FALSE
"12-23",47.9,-0.836879294533377,0.068190878982271,0.56694013082021,0.505013689191476,0.621119117440476,FALSE,FALSE
"12-23",48,-0.836992021876753,0.0682368548738628,0.566988945757345,0.505024882980277,0.621195961879303,FALSE,FALSE
"12-23",48.1,-0.837103788877734,0.0682834241694937,0.567037339399813,0.505035025501343,0.621272867511756,FALSE,FALSE
"12-23",48.2,-0.83721462704725,0.0683305814827105,0.567085325529186,0.505044137641281,0.621349842228272,FALSE,FALSE
"12-23",48.3,-0.837324567896234,0.0683783211522568,0.567132917919813,0.505052240545225,0.621426893708898,FALSE,FALSE
"12-23",48.4,-0.837433642935617,0.0684266372439246,0.567180130338944,0.505059355615458,0.621504029424857,FALSE,FALSE
"12-23",48.5,-0.83754188367633,0.0684755235525585,0.567226976546851,0.50506550450987,0.621581256640224,FALSE,FALSE
"12-23",48.6,-0.837649321629305,0.0685249736042099,0.567273470296952,0.505070709140279,0.621658582413713,FALSE,FALSE
"12-23",48.7,-0.837755988305473,0.0685749806584404,0.56731962533592,0.505074991670604,0.621736013600569,FALSE,FALSE
"12-23",48.8,-0.837861915215767,0.0686255377107711,0.567365455403791,0.505078374514893,0.621813556854566,FALSE,FALSE
"12-23",48.9,-0.837967133871116,0.0686766374952768,0.567410974234074,0.505080880335203,0.621891218630114,FALSE,FALSE
"12-23",49,-0.838071675782454,0.0687282724873227,0.567456195553848,0.505082532039352,0.621969005184462,FALSE,FALSE
"12-23",49.1,-0.838175572460712,0.0687804349064407,0.567501133083861,0.505083352778515,0.622046922580009,FALSE,FALSE
"12-23",49.2,-0.83827885541682,0.0688331167193442,0.567545800538616,0.505083365944692,0.622124976686706,FALSE,FALSE
"12-23",49.3,-0.838381556161711,0.0688863096430788,0.567590211626467,0.505082595168039,0.622203173184568,FALSE,FALSE
"12-23",49.4,-0.838483706206317,0.0689400051483062,0.567634380049696,0.505081064314058,0.62228151756627,FALSE,FALSE
"12-23",49.5,-0.838585337061568,0.0689941944627195,0.567678319504592,0.505078797480663,0.622360015139843,FALSE,FALSE
"12-23",49.6,-0.838686480238396,0.0690488685745877,0.567722043681531,0.505075818995106,0.622438671031464,FALSE,FALSE
"12-23",49.7,-0.838787167247733,0.0691040182364269,0.567765566265039,0.505072153410777,0.622517490188335,FALSE,FALSE
"12-23",49.8,-0.83888742960051,0.0691596339687953,0.567808900933862,0.50506782550388,0.622596477381649,FALSE,FALSE
"12-23",49.9,-0.838987298807659,0.0692157060642109,0.567852061361028,0.505062860269973,0.622675637209647,FALSE,FALSE
"12-23",50,-0.839086806380111,0.069272224591189,0.567895061213902,0.505057282920394,0.622754974100757,FALSE,FALSE
"12-23",50.1,-0.839185983828798,0.0693291793983961,0.567937914154238,0.505051118878558,0.622834492316819,FALSE,FALSE
"12-23",50.2,-0.839284862664652,0.0693865601189197,0.567980633838232,0.505044393776137,0.622914195956393,FALSE,FALSE
"12-23",50.3,-0.839383474398604,0.0694443561746506,0.568023233916561,0.505037133449116,0.622994088958141,FALSE,FALSE
"12-23",50.4,-0.839481850541585,0.0695025567807753,0.568065728034428,0.505029363933736,0.623074175104294,FALSE,FALSE
"12-23",50.5,-0.839580022604526,0.0695611509503765,0.568108129831592,0.505021111462321,0.623154458024192,FALSE,FALSE
"12-23",50.6,-0.839678022098361,0.0696201274991395,0.568150452942404,0.50501240245899,0.623234941197896,FALSE,FALSE
"12-23",50.7,-0.83977588053402,0.0696794750501621,0.568192710995832,0.505003263535258,0.623315627959882,FALSE,FALSE
"12-23",50.8,-0.839873629422434,0.0697391820388648,0.568234917615482,0.504993721485524,0.623396521502792,FALSE,FALSE
"12-23",50.9,-0.839971300274535,0.0697992367180013,0.568277086419621,0.504983803282456,0.623477624881268,FALSE,FALSE
"12-23",51,-0.840068924601255,0.0698596271627647,0.568319231021187,0.504973536072262,0.623558941015844,FALSE,FALSE
"12-23",51.1,-0.840166533913525,0.0699203412759886,0.568361365027798,0.504962947169864,0.623640472696908,FALSE,FALSE
"12-23",51.2,-0.840264159722277,0.0699813667934406,0.568403502041762,0.504952064053959,0.623722222588725,FALSE,FALSE
"12-23",51.3,-0.840361833538443,0.0700426912892059,0.568445655660075,0.50494091436199,0.62380419323353,FALSE,FALSE
"12-23",51.4,-0.840459586872952,0.0701043021811595,0.568487839474419,0.504929525885002,0.623886387055669,FALSE,FALSE
"12-23",51.5,-0.840557451236739,0.0701661867365241,0.568530067071153,0.504917926562416,0.623968806365811,FALSE,FALSE
"12-23",51.6,-0.840655458140733,0.0702283320775127,0.568572352031303,0.504906144476691,0.624051453365211,FALSE,FALSE
"12-23",51.7,-0.840753639095866,0.0702907251870532,0.568614707930546,0.5048942078479,0.624134330150032,FALSE,FALSE
"12-23",51.8,-0.840852025613071,0.0703533529145935,0.56865714833919,0.504882145028207,0.624217438715719,FALSE,FALSE
"12-23",51.9,-0.840950649203278,0.0704162019819853,0.568699686822147,0.504869984496255,0.624300780961426,FALSE,FALSE
"12-23",52,-0.841049541377419,0.0704792589894447,0.568742336938909,0.504857754851459,0.624384358694502,FALSE,FALSE
"12-23",52.1,-0.841148733646425,0.0705425104215878,0.56878511224351,0.504845484808212,0.624468173635011,FALSE,FALSE
"12-23",52.2,-0.841248257521228,0.07060594265354,0.568828026284491,0.504833203190001,0.624552227420322,FALSE,FALSE
"12-23",52.3,-0.84134814451276,0.0706695419571172,0.56887109260486,0.504820938923437,0.624636521609728,FALSE,FALSE
"12-23",52.4,-0.841448426131953,0.0707332945070773,0.568914324742043,0.504808721032196,0.624721057689121,FALSE,FALSE
"12-23",52.5,-0.841549133889736,0.0707971863874407,0.568957736227838,0.504796578630881,0.624805837075712,FALSE,FALSE
"12-23",52.6,-0.841650299297043,0.0708612035978785,0.569001340588355,0.50478454091879,0.624890861122789,FALSE,FALSE
"12-23",52.7,-0.841751953864805,0.070925332060167,0.569045151343964,0.504772637173617,0.624976131124529,FALSE,FALSE
"12-23",52.8,-0.841854129103953,0.0709895576247069,0.569089182009227,0.504760896745054,0.625061648320835,FALSE,FALSE
"12-23",52.9,-0.841956856525418,0.0710538660771072,0.569133446092834,0.504749349048327,0.625147413902235,FALSE,FALSE
"12-23",53,-0.842060167640133,0.071118243144831,0.569177957097532,0.50473802355764,0.6252334290148,FALSE,FALSE
"12-23",53.1,-0.842164093959029,0.0711826745039035,0.569222728520045,0.504726949799552,0.625319694765117,FALSE,FALSE
"12-23",53.2,-0.842268666993037,0.0712471457856815,0.569267773851001,0.504716157346269,0.625406212225293,FALSE,FALSE
"12-23",53.3,-0.842373918253089,0.071311642583682,0.569313106574843,0.504705675808858,0.625492982437997,FALSE,FALSE
"12-23",53.4,-0.842479879250117,0.0713761504604703,0.569358740169744,0.504695534830388,0.625580006421537,FALSE,FALSE
"12-23",53.5,-0.842586581495051,0.0714406549546076,0.569404688107511,0.504685764078995,0.62566728517498,FALSE,FALSE
"12-23",53.6,-0.842694056498824,0.0715051415876553,0.569450963853494,0.504676393240872,0.625754819683305,FALSE,FALSE
"12-23",53.7,-0.842802335772367,0.0715695958712377,0.569497580866479,0.50466745201318,0.625842610922581,FALSE,FALSE
"12-23",53.8,-0.842911450826612,0.0716340033141615,0.569544552598587,0.50465897009689,0.625930659865196,FALSE,FALSE
"12-23",53.9,-0.843021433172489,0.0716983494295919,0.569591892495164,0.504650977189549,0.626018967485108,FALSE,FALSE
"12-23",54,-0.843132314320931,0.0717626197422849,0.569639613994666,0.504643502977978,0.626107534763139,FALSE,FALSE
"12-23",54.1,-0.84324412578287,0.071826799795877,0.569687730528546,0.504636577130883,0.62619636269229,FALSE,FALSE
"12-23",54.2,-0.843356899069236,0.0718908751602294,0.569736255521125,0.504630229291411,0.626285452283104,FALSE,FALSE
"12-23",54.3,-0.843470665690961,0.0719548314388293,0.569785202389472,0.504624489069623,0.626374804569053,FALSE,FALSE
"12-23",54.4,-0.843585457158977,0.0720186542762478,0.569834584543273,0.504619386034896,0.626464420611959,FALSE,FALSE
"12-23",54.5,-0.843701304984215,0.0720823293656527,0.569884415384693,0.504614949708252,0.626554301507453,FALSE,FALSE
"12-23",54.6,-0.843818240677607,0.0721458424563799,0.569934708308243,0.504611209554623,0.626644448390461,FALSE,FALSE
"12-23",54.7,-0.843936295750085,0.0722091793615596,0.569985476700631,0.50460819497503,0.626734862440725,FALSE,FALSE
"12-23",54.8,-0.844055501712579,0.0722723259658017,0.570036733940623,0.504605935298703,0.62682554488836,FALSE,FALSE
"12-23",54.9,-0.844175890076021,0.0723352682329377,0.570088493398883,0.504604459775121,0.626916497019446,FALSE,FALSE
"12-23",55,-0.844297492351344,0.0723979922138216,0.570140768437827,0.50460379756598,0.627007720181643,FALSE,FALSE
"12-23",55.1,-0.844420340049478,0.07246048405419,0.570193572411457,0.504603977737093,0.627099215789852,FALSE,FALSE
"12-23",55.2,-0.844544464681356,0.0725227300025813,0.570246918665199,0.504605029250213,0.627190985331908,FALSE,FALSE
"12-23",55.3,-0.844669897757907,0.0725847164183161,0.570300820535739,0.504606980954783,0.627283030374302,FALSE,FALSE
"12-23",55.4,-0.844796670790065,0.0726464297795389,0.570355291350847,0.504609861579612,0.627375352567942,FALSE,FALSE
"12-23",55.5,-0.84492481528876,0.0727078566913222,0.570410344429204,0.504613699724481,0.627467953653956,FALSE,FALSE
"12-23",55.6,-0.845054362764925,0.0727689838938343,0.570465993080221,0.50461852385167,0.627560835469518,FALSE,FALSE
"12-23",55.7,-0.84518534472949,0.0728297982705711,0.570522250603854,0.50462436227741,0.627653999953725,FALSE,FALSE
"12-23",55.8,-0.845317792693387,0.0728902868566551,0.570579130290418,0.504631243163266,0.6277474491535,FALSE,FALSE
"12-23",55.9,-0.845451738167548,0.0729504368471997,0.570636645420394,0.504639194507431,0.627841185229545,FALSE,FALSE
"12-23",56,-0.845587212662904,0.0730102356057435,0.570694809264233,0.504648244135959,0.627935210462322,FALSE,FALSE
"12-23",56.1,-0.845724247690387,0.0730696706727536,0.570753635082153,0.504658419693908,0.628029527258082,FALSE,FALSE
"12-23",56.2,-0.845862874760929,0.0731287297742004,0.570813136123939,0.504669748636411,0.628124138154933,FALSE,FALSE
"12-23",56.3,-0.84600312538546,0.0731874008302056,0.570873325628732,0.504682258219665,0.628219045828946,FALSE,FALSE
"12-23",56.4,-0.846145031074913,0.0732456719637646,0.570934216824815,0.504695975491846,0.628314253100312,FALSE,FALSE
"12-23",56.5,-0.846288623340218,0.0733035315095448,0.570995822929401,0.504710927283933,0.628409762939533,FALSE,FALSE
"12-23",56.6,-0.846433930100812,0.0733609692549566,0.571058155607863,0.504727137225558,0.628505578036642,FALSE,FALSE
"12-23",56.7,-0.846580956086848,0.0734179831957436,0.571121216569572,0.504744609481327,0.628601698440618,FALSE,FALSE
"12-23",56.8,-0.846729696816208,0.0734745747983084,0.571185003568647,0.504763340274512,0.628698123304628,FALSE,FALSE
"12-23",56.9,-0.846880147783385,0.0735307458554026,0.571249514346624,0.504783325490978,0.628794852010467,FALSE,FALSE
"12-23",57,-0.847032304482872,0.0735864984741589,0.571314746642533,0.504804560702547,0.628891884168246,FALSE,FALSE
"12-23",57.1,-0.847186162409161,0.0736418350721837,0.571380698192931,0.504827041170957,0.62898921961325,FALSE,FALSE
"12-23",57.2,-0.847341717056745,0.0736967583737019,0.571447366731937,0.504850761851793,0.629086858402841,FALSE,FALSE
"12-23",57.3,-0.847498963920117,0.0737512714057505,0.571514749991266,0.504875717398367,0.629184800813399,FALSE,FALSE
"12-23",57.4,-0.847657898493769,0.0738053774944222,0.571582845700268,0.504901902165566,0.6292830473373,FALSE,FALSE
"12-23",57.5,-0.847818516272194,0.0738590802611555,0.571651651585958,0.504929310213666,0.629381598679926,FALSE,FALSE
"12-23",57.6,-0.847980812749884,0.0739123836190723,0.571721165373056,0.504957935312103,0.629480455756718,FALSE,FALSE
"12-23",57.7,-0.848144783421333,0.0739652917693603,0.571791384784018,0.504987770943212,0.629579619690257,FALSE,FALSE
"12-23",57.8,-0.848310423781032,0.0740178091976995,0.571862307539071,0.505018810305936,0.629679091807381,FALSE,FALSE
"12-23",57.9,-0.848477729323475,0.0740699406707324,0.57193393135625,0.505051046319491,0.629778873636335,FALSE,FALSE
"12-23",58,-0.848646695543153,0.0741216912325753,0.572006253951432,0.505084471627009,0.629878966903956,FALSE,FALSE
"12-23",58.1,-0.84881731793456,0.0741730662013707,0.572079273038367,0.505119078599142,0.629979373532878,FALSE,FALSE
"12-23",58.2,-0.848989591992188,0.0742240711658782,0.572152986328718,0.505154859337638,0.630080095638783,FALSE,FALSE
"12-23",58.3,-0.849163513210531,0.0742747119821048,0.572227391532091,0.505191805678887,0.630181135527667,FALSE,FALSE
"12-23",58.4,-0.849339077084079,0.074324994769971,0.572302486356069,0.505229909197438,0.630282495693142,FALSE,FALSE
"12-23",58.5,-0.849516279107327,0.0743749259100128,0.572378268506251,0.505269161209485,0.630384178813764,FALSE,FALSE
"12-23",58.6,-0.849695114774766,0.0744245120401184,0.572454735686281,0.505309552776329,0.630486187750381,FALSE,FALSE
"12-23",58.7,-0.84987557958089,0.0744737600522974,0.572531885597883,0.505351074707813,0.630588525543518,FALSE,FALSE
"12-23",58.8,-0.85005766902019,0.0745226770894823,0.572609715940897,0.505393717565731,0.630691195410775,FALSE,FALSE
"12-23",58.9,-0.850241378587161,0.0745712705423604,0.572688224413309,0.505437471667211,0.630794200744253,FALSE,FALSE
"12-23",59,-0.850426703776293,0.0746195480462347,0.572767408711289,0.505482327088079,0.630897545108005,FALSE,FALSE
"12-23",59.1,-0.85061364008208,0.0746675174779135,0.572847266529221,0.505528273666195,0.631001232235502,FALSE,FALSE
"12-23",59.2,-0.850802182999015,0.0747151869526255,0.572927795559739,0.505575301004771,0.631105266027124,FALSE,FALSE
"12-23",59.3,-0.85099232802159,0.0747625648209617,0.573008993493757,0.505623398475668,0.631209650547669,FALSE,FALSE
"12-23",59.4,-0.851184070644298,0.0748096596658409,0.573090858020507,0.505672555222669,0.63131439002388,FALSE,FALSE
"12-23",59.5,-0.85137740636163,0.0748564802994972,0.573173386827567,0.505722760164741,0.631419488841991,FALSE,FALSE
"12-23",59.6,-0.851572330668081,0.0749030357604912,0.573256577600899,0.505774001999272,0.631524951545287,FALSE,FALSE
"12-23",59.7,-0.851768839058143,0.0749493353107393,0.573340428024879,0.505826269205294,0.63163078283168,FALSE,FALSE
"12-23",59.8,-0.851966927026307,0.0749953884325636,0.573424935782328,0.505879550046691,0.631736987551303,FALSE,FALSE
"12-23",59.9,-0.852166590067067,0.0750412048257589,0.57351009855455,0.505933832575388,0.631843570704111,FALSE,FALSE
"12-23",60,-0.852367823674916,0.075086794404677,0.573595914021361,0.505989104634533,0.631950537437502,FALSE,FALSE
"12-23",60.1,-0.852570623344346,0.0751321672953254,0.573682379861123,0.506045353861655,0.632057893043944,FALSE,FALSE
"12-23",60.2,-0.852774984569849,0.075177333832481,0.573769493750774,0.506102567691822,0.632165642958612,FALSE,FALSE
"12-23",60.3,-0.852980902845919,0.0752223045568159,0.573857253365865,0.506160733360776,0.632273792757045,FALSE,FALSE
"12-23",60.4,-0.853188373667048,0.0752670902120357,0.573945656380587,0.506219837908067,0.632382348152795,FALSE,FALSE
"12-23",60.5,-0.853397392527728,0.0753117017420272,0.574034700467808,0.506279868180172,0.632491314995101,FALSE,FALSE
"12-23",60.6,-0.853607954922453,0.0753561502880168,0.574124383299099,0.506340810833603,0.632600699266557,FALSE,FALSE
"12-23",60.7,-0.853820056345714,0.0754004471857352,0.574214702544775,0.506402652338018,0.632710507080794,FALSE,FALSE
"12-23",60.8,-0.854033692292005,0.0754446039625905,0.574305655873917,0.506465378979309,0.632820744680162,FALSE,FALSE
"12-23",60.9,-0.854248858255817,0.0754886323348461,0.574397240954411,0.506528976862697,0.632931418433423,FALSE,FALSE
"12-23",61,-0.854465549731645,0.0755325442048038,0.574489455452977,0.506593431915816,0.633042534833439,FALSE,FALSE
"12-23",61.1,-0.85468376221398,0.0755763516579895,0.574582297035197,0.506658729891793,0.633154100494869,FALSE,FALSE
"12-23",61.2,-0.854903491197314,0.075620066960342,0.574675763365555,0.506724856372323,0.633266122151866,FALSE,FALSE
"12-23",61.3,-0.855124732176141,0.0756637025554025,0.574769852107461,0.506791796770748,0.633378606655774,FALSE,FALSE
"12-23",61.4,-0.855347480644954,0.0757072710615046,0.574864560923283,0.50685953633512,0.633491560972824,FALSE,FALSE
"12-23",61.5,-0.855571732098244,0.0757507852689627,0.574959887474383,0.506928060151279,0.633604992181837,FALSE,FALSE
"12-23",61.6,-0.855797482030504,0.0757942581372588,0.575055829421142,0.506997353145916,0.633718907471912,FALSE,FALSE
"12-23",61.7,-0.856024725936228,0.0758377027922262,0.575152384422996,0.507067400089647,0.633833314140125,FALSE,FALSE
"12-23",61.8,-0.856253459309907,0.0758811325232288,0.575249550138462,0.507138185600082,0.633948219589216,FALSE,FALSE
"12-23",61.9,-0.856483677646035,0.0759245607803353,0.575347324225173,0.507209694144898,0.63406363132528,FALSE,FALSE
"12-23",62,-0.856715376439103,0.0759680011714878,0.575445704339906,0.507281910044908,0.634179556955445,FALSE,FALSE
"12-23",62.1,-0.856948551183605,0.0760114674596624,0.575544688138614,0.507354817477147,0.63429600418555,FALSE,FALSE
"12-23",62.2,-0.857183197374034,0.0760549735600224,0.575644273276456,0.507428400477945,0.634412980817819,FALSE,FALSE
"12-23",62.3,-0.85741931050488,0.0760985335370626,0.575744457407826,0.507502642946014,0.634530494748523,FALSE,FALSE
"12-23",62.4,-0.857656886070639,0.076142161601743,0.575845238186384,0.507577528645541,0.634648553965639,FALSE,FALSE
"12-23",62.5,-0.857895919565801,0.0761858721086128,0.575946613265087,0.507653041209278,0.634767166546499,FALSE,FALSE
"12-23",62.6,-0.85813640648486,0.0762296795529215,0.57604858029622,0.507729164141649,0.634886340655434,FALSE,FALSE
"12-23",62.7,-0.858378342322308,0.0762735985677192,0.57615113693142,0.507805880821852,0.635006084541403,FALSE,FALSE
"12-23",62.8,-0.858621722572639,0.076317643920942,0.576254280821714,0.507883174506977,0.63512640653562,FALSE,FALSE
"12-23",62.9,-0.858866542730343,0.0763618305124846,0.576358009617542,0.507961028335129,0.635247315049163,FALSE,FALSE
"12-23",63,-0.859112798289915,0.0764061733712573,0.576462320968789,0.508039425328557,0.63536881857058,FALSE,FALSE
"12-23",63.1,-0.859360484745847,0.0764506876522282,0.576567212524817,0.508118348396793,0.635490925663481,FALSE,FALSE
"12-23",63.2,-0.859609597592631,0.0764953886334487,0.576672681934489,0.508197780339802,0.635613644964113,FALSE,TRUE
"12-23",63.3,-0.85986013232476,0.0765402917130626,0.576778726846202,0.508277703851138,0.635736985178933,FALSE,TRUE
"12-23",63.4,-0.860112084436726,0.0765854124062971,0.576885344907915,0.508358101521113,0.635860955082163,FALSE,TRUE
"12-23",63.5,-0.860365449423024,0.0766307663424362,0.576992533767179,0.508438955839973,0.635985563513331,FALSE,TRUE
"12-23",63.6,-0.860620222778143,0.0766763692617757,0.577100291071164,0.508520249201085,0.636110819374802,FALSE,TRUE
"12-23",63.7,-0.860876399996579,0.0767222370125581,0.57720861446669,0.50860196390414,0.636236731629294,FALSE,TRUE
"12-23",63.8,-0.861133976572822,0.0767683855478886,0.577317501600251,0.508684082158359,0.636363309297381,FALSE,TRUE
"12-23",63.9,-0.861392948001366,0.076814830922631,0.577426950118051,0.508766586085717,0.636490561454984,FALSE,TRUE
"12-23",64,-0.861653309776704,0.0768615892902819,0.577536957666026,0.508849457724175,0.636618497230841,FALSE,TRUE
"12-23",64.1,-0.861915057393328,0.0769086768998255,0.577647521889876,0.508932679030924,0.636747125803968,FALSE,TRUE
"12-23",64.2,-0.86217818634573,0.0769561100925658,0.577758640435092,0.509016231885643,0.636876456401108,FALSE,TRUE
"12-23",64.3,-0.862442692128403,0.0770039052989376,0.577870310946981,0.509100098093766,0.637006498294158,FALSE,TRUE
"12-23",64.4,-0.862708570235841,0.0770520790352955,0.577982531070702,0.509184259389767,0.637137260797585,FALSE,TRUE
"12-23",64.5,-0.862975816162535,0.0771006479006806,0.578095298451284,0.509268697440447,0.637268753265828,FALSE,TRUE
"12-23",64.6,-0.863244425402978,0.077149628573565,0.578208610733662,0.509353393848243,0.637400985090681,FALSE,TRUE
"12-23",64.7,-0.863514393451662,0.0771990378085735,0.5783224655627,0.509438330154549,0.637533965698667,FALSE,TRUE
"12-23",64.8,-0.863785715803081,0.077248892433182,0.578436860583219,0.509523487843037,0.63766770454839,FALSE,TRUE
"12-23",64.9,-0.864058387951728,0.0772992093443946,0.578551793440027,0.509608848343007,0.637802211127876,FALSE,TRUE
"12-23",65,-0.864332405392093,0.0773500055053964,0.578667261777944,0.509694393032741,0.637937494951899,FALSE,TRUE
"12-23",65.1,-0.864607763618671,0.0774012979421838,0.578783263241828,0.509780103242863,0.638073565559292,FALSE,TRUE
"12-23",65.2,-0.864884458125954,0.0774531037401727,0.578899795476607,0.509865960259722,0.638210432510241,FALSE,TRUE
"12-23",65.3,-0.865162484408434,0.0775054400407827,0.579016856127299,0.509951945328783,0.638348105383567,FALSE,TRUE
"12-23",65.4,-0.865441837960605,0.0775583240379998,0.579134442839047,0.510038039658021,0.638486593773995,FALSE,TRUE
"12-23",65.5,-0.865722514276958,0.0776117729749163,0.579252553257137,0.510124224421341,0.638625907289402,FALSE,TRUE
"12-23",65.6,-0.866004508851987,0.077665804140248,0.579371185027031,0.510210480761995,0.63876605554806,FALSE,TRUE
"12-23",65.7,-0.866287817180183,0.0777204348648302,0.579490335794393,0.510296789796019,0.638907048175861,FALSE,TRUE
"12-23",65.8,-0.86657243475604,0.0777756825180914,0.579610003205112,0.510383132615674,0.63904889480353,FALSE,TRUE
"12-23",65.9,-0.866858357074051,0.0778315645045063,0.57973018490533,0.5104694902929,0.639191605063821,FALSE,TRUE
"12-23",66,-0.867145579628707,0.0778880982600274,0.579850878541469,0.510555843882776,0.639335188588713,FALSE,TRUE
"12-23",66.1,-0.867434097914502,0.0779453012484962,0.579972081760257,0.510642174426995,0.639479655006575,FALSE,TRUE
"12-23",66.2,-0.867723907425927,0.0780031909580346,0.580093792208753,0.510728462957338,0.639625013939342,FALSE,TRUE
"12-23",66.3,-0.868015003657477,0.078061784897417,0.580216007534372,0.510814690499165,0.63977127499966,FALSE,TRUE
"12-23",66.4,-0.868307382103643,0.0781211005924232,0.580338725384913,0.510900838074904,0.639918447788036,FALSE,TRUE
"12-23",66.5,-0.868601038258917,0.0781811555821733,0.580461943408583,0.510986886707556,0.640066541889966,FALSE,TRUE
"12-23",66.6,-0.868895967617794,0.078241967415445,0.580585659254024,0.511072817424198,0.64021556687307,FALSE,TRUE
"12-23",66.7,-0.869192165674765,0.078303553646974,0.580709870570335,0.51115861125949,0.640365532284201,FALSE,TRUE
"12-23",66.8,-0.869489627924322,0.0783659318337389,0.580834575007101,0.511244249259198,0.640516447646557,FALSE,TRUE
"12-23",66.9,-0.869788349860959,0.0784291195312298,0.580959770214418,0.511329712483706,0.640668322456789,FALSE,TRUE
"12-23",67,-0.870088326979168,0.0784931342897037,0.581085453842914,0.511414982011537,0.640821166182093,FALSE,TRUE
"12-23",67.1,-0.870389554773442,0.0785579936504257,0.581211623543778,0.51150003894288,0.640974988257305,FALSE,TRUE
"12-23",67.2,-0.870692028738273,0.078623715141898,0.581338276968782,0.511584864403111,0.64112979808199,FALSE,TRUE
"12-23",67.3,-0.870995744368154,0.0786903162760774,0.581465411770309,0.511669439546316,0.641285605017524,FALSE,TRUE
"12-23",67.4,-0.871300697157578,0.0787578145445822,0.581593025601375,0.511753745558815,0.641442418384183,FALSE,TRUE
"12-23",67.5,-0.871606882601036,0.0788262274148894,0.581721116115651,0.511837763662683,0.641600247458219,FALSE,TRUE
"12-23",67.6,-0.871914296193023,0.0788955723265249,0.581849680967494,0.511921475119268,0.641759101468943,FALSE,TRUE
"12-23",67.7,-0.87222293342803,0.078965866687245,0.581978717811966,0.512004861232703,0.641918989595807,FALSE,TRUE
"12-23",67.8,-0.872532789800551,0.079037127869213,0.582108224304859,0.512087903353418,0.642079920965489,FALSE,TRUE
"12-23",67.9,-0.872843860805076,0.0791093732051712,0.582238198102719,0.512170582881642,0.642241904648979,FALSE,TRUE
"12-23",68,-0.873156141936101,0.079182619984609,0.582368636862873,0.512252881270895,0.642404949658665,FALSE,TRUE
"12-23",68.1,-0.873469628688116,0.0792568854499294,0.582499538243446,0.512334780031481,0.642569064945439,FALSE,TRUE
"12-23",68.2,-0.873784316555615,0.0793321867926151,0.582630899903391,0.512416260733961,0.642734259395787,FALSE,TRUE
"12-23",68.3,-0.87410020103309,0.0794085411493947,0.582762719502511,0.512497305012621,0.642900541828908,FALSE,TRUE
"12-23",68.4,-0.874417277615033,0.0794859655984114,0.582894994701478,0.512577894568927,0.643067920993825,FALSE,TRUE
"12-23",68.5,-0.874735541795939,0.0795644771553957,0.583027723161863,0.512658011174966,0.643236405566521,FALSE,TRUE
"12-23",68.6,-0.875054989070298,0.0796440927698428,0.583160902546155,0.512737636676872,0.64340600414707,FALSE,TRUE
"12-23",68.7,-0.875375614932604,0.079724829321197,0.583294530517782,0.51281675299824,0.643576725256793,FALSE,TRUE
"12-23",68.8,-0.875697414877349,0.079806703615044,0.58342860474114,0.512895342143515,0.643748577335427,FALSE,TRUE
"12-23",68.9,-0.876020384399027,0.0798897323793136,0.583563122881613,0.512973386201369,0.643921568738299,FALSE,TRUE
"12-23",69,-0.876344518992128,0.0799739322604932,0.583698082605591,0.513050867348058,0.644095707733529,FALSE,TRUE
"12-23",69.1,-0.876669814151147,0.0800593198198551,0.5838334815805,0.513127767850755,0.64427100249924,FALSE,TRUE
"12-23",69.2,-0.876996265370576,0.0801459115296976,0.583969317474821,0.51320407007086,0.644447461120801,FALSE,TRUE
"12-23",69.3,-0.877323868144907,0.080233723769604,0.58410558795811,0.513279756467287,0.644625091588071,FALSE,TRUE
"12-23",69.4,-0.877652617968634,0.080322772822718,0.584242290701025,0.513354809599731,0.644803901792686,FALSE,TRUE
"12-23",69.5,-0.877982510336248,0.0804130748720404,0.584379423375344,0.513429212131896,0.644983899525353,FALSE,TRUE
"12-23",69.6,-0.878313540742242,0.0805046459967466,0.58451698365399,0.513502946834707,0.645165092473178,FALSE,TRUE
"12-23",69.7,-0.878645704681109,0.0805975021685276,0.58465496921105,0.513575996589485,0.645347488217017,FALSE,TRUE
"12-23",69.8,-0.878978997647342,0.0806916592479562,0.584793377721799,0.513648344391096,0.645531094228856,FALSE,TRUE
"12-23",69.9,-0.879313415135433,0.0807871329808799,0.58493220686272,0.51371997335106,0.645715917869218,FALSE,TRUE
"12-23",70,-0.879648952639875,0.0808839389948424,0.585071454311526,0.513790866700635,0.645901966384603,FALSE,TRUE
"12-23",70.1,-0.87998560565516,0.0809820927955359,0.585211117747183,0.513861007793859,0.646089246904956,FALSE,TRUE
"12-23",70.2,-0.880323369675781,0.081081609763285,0.585351194849927,0.51393038011056,0.646277766441173,FALSE,TRUE
"12-23",70.3,-0.880662240196231,0.0811825051495645,0.585491683301291,0.513998967259323,0.64646753188264,FALSE,TRUE
"12-23",70.4,-0.881002212711002,0.0812847940735539,0.585632580784119,0.514066752980423,0.646658549994807,FALSE,TRUE
"12-23",70.5,-0.881343282714587,0.0813884915187281,0.585773884982595,0.51413372114871,0.646850827416799,FALSE,TRUE
"12-23",70.6,-0.881685445701479,0.0814936123294883,0.585915593582257,0.51419985577646,0.647044370659069,FALSE,TRUE
"12-23",70.7,-0.88202869716617,0.0816001712078331,0.586057704270019,0.514265141016176,0.647239186101088,FALSE,TRUE
"12-23",70.8,-0.882373032603152,0.0817081827100733,0.586200214734195,0.514329561163346,0.647435279989079,FALSE,TRUE
"12-23",70.9,-0.882718447506919,0.0818176612435904,0.586343122664516,0.514393100659155,0.647632658433791,FALSE,TRUE
"12-23",71,-0.883064937371963,0.0819286210636416,0.586486425752151,0.514455744093147,0.647831327408321,FALSE,TRUE
"12-23",71.1,-0.883412497692777,0.0820410762702125,0.586630121689728,0.514517476205845,0.648031292745978,FALSE,TRUE
"12-23",71.2,-0.883761123963853,0.0821550408049195,0.586774208171353,0.514578281891308,0.648232560138197,FALSE,TRUE
"12-23",71.3,-0.884110811679684,0.0822705284479637,0.58691868289263,0.514638146199653,0.648435135132498,FALSE,TRUE
"12-23",71.4,-0.884461556334762,0.0823875528151368,0.587063543550682,0.514697054339506,0.648639023130495,FALSE,TRUE
"12-23",71.5,-0.88481335342358,0.0825061273548822,0.58720878784417,0.514754991680416,0.648844229385961,FALSE,TRUE
"12-23",71.6,-0.885166198440632,0.0826262653454118,0.587354413473312,0.514811943755204,0.649050759002932,FALSE,TRUE
"12-23",71.7,-0.885520086880409,0.0827479798918802,0.587500418139904,0.514867896262255,0.649258616933878,FALSE,TRUE
"12-23",71.8,-0.885875014237403,0.0828712839236179,0.587646799547335,0.514922835067759,0.649467807977917,FALSE,TRUE
"12-23",71.9,-0.886230976006109,0.0829961901914258,0.587793555400613,0.514976746207891,0.649678336779093,FALSE,TRUE
"12-23",72,-0.886587967681017,0.0831227112649299,0.58794068340638,0.515029615890929,0.649890207824702,FALSE,TRUE
"12-23",72.1,-0.886945984756622,0.0832508595300014,0.588088181272929,0.515081430499313,0.650103425443675,FALSE,TRUE
"12-23",72.2,-0.887305022727415,0.0833806471862397,0.588236046710229,0.515132176591646,0.650317993805032,FALSE,TRUE
"12-23",72.3,-0.887665077087889,0.0835120862445221,0.588384277429937,0.515181840904625,0.650533916916374,FALSE,TRUE
"12-23",72.4,-0.888026143332537,0.083645188524621,0.588532871145422,0.515230410354921,0.650751198622451,FALSE,TRUE
"12-23",72.5,-0.888388216955852,0.0837799656528887,0.588681825571779,0.51527787204098,0.650969842603787,FALSE,TRUE
"12-23",72.6,-0.888751293452325,0.0839164290600125,0.588831138425852,0.515324213244772,0.651189852375358,FALSE,TRUE
"12-23",72.7,-0.88911536831645,0.08405458997884,0.588980807426249,0.515369421433467,0.651411231285346,FALSE,TRUE
"12-23",72.8,-0.889480437042719,0.0841944594422765,0.589130830293359,0.515413484261049,0.65163398251394,FALSE,TRUE
"12-23",72.9,-0.889846495125626,0.0843360482812547,0.589281204749376,0.515456389569862,0.651858109072215,FALSE,TRUE
"12-23",73,-0.890213538059661,0.0844793671227783,0.589431928518309,0.515498125392084,0.652083613801066,FALSE,TRUE
"12-23",73.1,-0.890581561339319,0.0846244263880402,0.589582999326006,0.515538679951142,0.652310499370208,FALSE,TRUE
"12-23",73.2,-0.890950560459091,0.0847712362906163,0.589734414900169,0.51557804166305,0.652538768277244,FALSE,TRUE
"12-23",73.3,-0.891320530913471,0.0849198068347347,0.589886172970373,0.515616199137685,0.652768422846792,FALSE,TRUE
"12-23",73.4,-0.891691468196951,0.0850701478136225,0.59003827126808,0.515653141179989,0.65299946522969,FALSE,TRUE
"12-23",73.5,-0.892063367804024,0.0852222688079301,0.590190707526661,0.515688856791099,0.653231897402249,FALSE,TRUE
"12-23",73.6,-0.892436225229182,0.0853761791842332,0.59034347948141,0.515723335169419,0.653465721165591,FALSE,TRUE
"12-23",73.7,-0.892810035966917,0.0855318880936135,0.590496584869561,0.515756565711608,0.653700938145043,FALSE,TRUE
"12-23",73.8,-0.893184795511723,0.0856894044703192,0.590650021430309,0.515788538013504,0.6539375497896,FALSE,TRUE
"12-23",73.9,-0.893560499358093,0.0858487370305036,0.59080378690482,0.51581924187098,0.654175557371452,FALSE,TRUE
"12-23",74,-0.893937143000518,0.0860098942710456,0.590957879036254,0.515848667280723,0.654414961985587,FALSE,TRUE
"12-23",74.1,-0.894314721933491,0.0861728844684479,0.591112295569779,0.515876804440947,0.654655764549455,FALSE,TRUE
"12-23",74.2,-0.894693231651506,0.0863377156778177,0.591267034252587,0.515903643752039,0.654897965802693,FALSE,TRUE
"12-23",74.3,-0.895072667649054,0.0865043957319266,0.591422092833912,0.515929175817123,0.655141566306931,FALSE,TRUE
"12-23",74.4,-0.895453025420628,0.0866729322403512,0.591577469065045,0.515953391442566,0.655386566445653,FALSE,TRUE
"12-23",74.5,-0.895834300460721,0.086843332588695,0.591733160699349,0.515976281638406,0.655632966424131,FALSE,TRUE
"12-23",74.6,-0.896216488263826,0.0870156039378896,0.591889165492278,0.515997837618717,0.655880766269423,FALSE,TRUE
"12-23",74.7,-0.896599584324434,0.0871897532235778,0.592045481201392,0.516018050801896,0.656129965830437,FALSE,TRUE
"12-23",74.8,-0.89698358413704,0.0873657871555756,0.59220210558637,0.516036912810887,0.656380564778059,FALSE,TRUE
"12-23",74.9,-0.897368483196135,0.0875437122174147,0.59235903640903,0.516054415473337,0.656632562605354,FALSE,TRUE
"12-23",75,-0.897754276996211,0.0877235346659652,0.592516271433342,0.51607055082168,0.656885958627822,FALSE,TRUE
"12-23",75.1,-0.898140961031763,0.0879052605311369,0.592673808425443,0.51608531109315,0.657140751983724,FALSE,TRUE
"12-23",75.2,-0.898528530797281,0.0880888956156595,0.592831645153653,0.516098688729741,0.657396941634471,FALSE,TRUE
"12-23",75.3,-0.89891698178726,0.0882744454949423,0.592989779388493,0.516110676378083,0.657654526365077,FALSE,TRUE
"12-23",75.4,-0.899306309496191,0.0884619155170101,0.593148208902694,0.516121266889261,0.657913504784671,FALSE,TRUE
"12-23",75.5,-0.899696509418567,0.088651310802518,0.593306931471218,0.516130453318572,0.658173875327076,FALSE,TRUE
"12-23",75.6,-0.90008757704888,0.0888426362448417,0.593465944871269,0.516138228925208,0.658435636251446,FALSE,TRUE
"12-23",75.7,-0.900479507881624,0.0890358965102444,0.59362524688231,0.516144587171882,0.658698785642961,FALSE,TRUE
"12-23",75.8,-0.900872297411291,0.0892310960381185,0.593784835286077,0.51614952172439,0.658963321413591,FALSE,TRUE
"12-23",75.9,-0.901265941132374,0.0894282390413014,0.593944707866592,0.51615302645111,0.659229241302907,FALSE,TRUE
"12-23",76,-0.901660434539365,0.0896273295064657,0.59410486241018,0.516155095422441,0.659496542878959,FALSE,TRUE
"12-23",76.1,-0.902055773126757,0.0898283711945807,0.59426529670548,0.516155722910179,0.659765223539202,FALSE,TRUE
"12-23",76.2,-0.902451952389042,0.0900313676414466,0.594426008543464,0.516154903386835,0.660035280511489,FALSE,TRUE
"12-23",76.3,-0.902848967820713,0.0902363221582981,0.594586995717446,0.516152631524901,0.66030671085511,FALSE,TRUE
"12-23",76.4,-0.903246814916263,0.0904432378324787,0.594748256023099,0.516148902196047,0.660579511461888,FALSE,TRUE
"12-23",76.5,-0.903645489170184,0.0906521175281822,0.594909787258467,0.516143710470273,0.660853679057327,FALSE,TRUE
"12-23",76.6,-0.90404498607697,0.0908629638872624,0.595071587223982,0.516137051614997,0.661129210201813,FALSE,TRUE
"12-23",76.7,-0.904445301131111,0.0910757793301083,0.595233653722472,0.516128921094098,0.661406101291867,FALSE,TRUE
"12-23",76.8,-0.904846429827102,0.0912905660565841,0.59539598455918,0.516119314566901,0.661684348561441,FALSE,TRUE
"12-23",76.9,-0.905248367659435,0.091507326047033,0.595558577541775,0.516108227887109,0.661963948083269,FALSE,TRUE
"12-23",77,-0.905651110122603,0.0917260610633428,0.595721430480365,0.51609565710169,0.66224489577026,FALSE,TRUE
"12-23",77.1,-0.906054652711097,0.0919467726500731,0.59588454118751,0.516081598449712,0.662527187376944,FALSE,TRUE
"12-23",77.2,-0.906458990919411,0.0921694621356414,0.596047907478236,0.516066048361128,0.66281081850095,FALSE,TRUE
"12-23",77.3,-0.906864120242038,0.0923941306335675,0.596211527170047,0.516049003455525,0.663095784584542,FALSE,TRUE
"12-23",77.4,-0.907270036173469,0.092620779043775,0.59637539808294,0.51603046054081,0.663382080916184,FALSE,TRUE
"12-23",77.5,-0.907676734208198,0.0928494080539476,0.596539518039414,0.516010416611872,0.663669702632155,FALSE,TRUE
"12-23",77.6,-0.908084209840717,0.0930800181409394,0.596703884864485,0.515988868849185,0.663958644718197,FALSE,TRUE
"12-23",77.7,-0.908492458565519,0.0933126095722376,0.596868496385698,0.515965814617383,0.664248902011201,FALSE,TRUE
"12-23",77.8,-0.908901475877096,0.0935471824074759,0.597033350433141,0.515941251463784,0.664540469200939,FALSE,TRUE
"12-23",77.9,-0.909311257269942,0.0937837364999975,0.597198444839453,0.515915177116888,0.664833340831815,FALSE,TRUE
"12-23",78,-0.909721798238548,0.0940222714984652,0.597363777439839,0.515887589484822,0.665127511304665,FALSE,TRUE
"12-23",78.1,-0.910133094277407,0.0942627868485186,0.597529346072084,0.515858486653769,0.66542297487858,FALSE,TRUE
"12-23",78.2,-0.910545140881013,0.0945052817944748,0.597695148576561,0.515827866886344,0.665719725672765,FALSE,TRUE
"12-23",78.3,-0.910957933543857,0.0947497553810736,0.597861182796244,0.51579572861995,0.666017757668423,FALSE,TRUE
"12-23",78.4,-0.911371467760432,0.0949962064552628,0.59802744657672,0.515762070465099,0.666317064710673,FALSE,TRUE
"12-23",78.5,-0.91178573902523,0.095244633668024,0.598193937766202,0.515726891203699,0.66661764051049,FALSE,TRUE
"12-23",78.6,-0.912200742832746,0.0954950354762372,0.598360654215538,0.515690189787321,0.666919478646672,FALSE,TRUE
"12-23",78.7,-0.91261647467747,0.0957474101445811,0.598527593778225,0.515651965335427,0.667222572567834,FALSE,TRUE
"12-23",78.8,-0.913032930053896,0.0960017557474687,0.598694754310415,0.515612217133585,0.667526915594419,FALSE,TRUE
"12-23",78.9,-0.913450104456517,0.0962580701710177,0.598862133670934,0.515570944631651,0.667832500920735,FALSE,TRUE
"12-23",79,-0.913867993379824,0.0965163511150507,0.599029729721287,0.515528147441931,0.668139321617011,FALSE,TRUE
"12-23",79.1,-0.914286592318311,0.0967765960951278,0.59919754032567,0.51548382533732,0.66844737063147,FALSE,TRUE
"12-23",79.2,-0.91470589676647,0.0970388024446065,0.599365563350981,0.515437978249423,0.668756640792422,FALSE,TRUE
"12-23",79.3,-0.915125902218794,0.0973029673167291,0.599533796666835,0.515390606266655,0.669067124810368,FALSE,TRUE
"12-23",79.4,-0.915546604169775,0.0975690876867368,0.599702238145565,0.515341709632324,0.669378815280126,FALSE,TRUE
"12-23",79.5,-0.915967998113906,0.0978371603540062,0.599870885662243,0.515291288742698,0.669691704682963,FALSE,TRUE
"12-23",79.6,-0.91639007954568,0.0981071819442093,0.600039737094683,0.515239344145056,0.670005785388744,FALSE,TRUE
"12-23",79.7,-0.916812843959589,0.0983791489114946,0.600208790323455,0.515185876535728,0.670321049658088,FALSE,TRUE
"12-23",79.8,-0.917236286850126,0.0986530575406874,0.600378043231892,0.51513088675812,0.67063748964454,FALSE,TRUE
"12-23",79.9,-0.917660403711784,0.098928903949508,0.600547493706105,0.515074375800728,0.67095509739674,FALSE,TRUE
"12-23",80,-0.918085190039055,0.0992066840908065,0.600717139634986,0.515016344795143,0.67127386486061,FALSE,TRUE
"12-23",80.1,-0.918510641326431,0.0994863937548128,0.600886978910225,0.514956795014048,0.671593783881539,FALSE,TRUE
"12-23",80.2,-0.918936753068406,0.0997680285714005,0.601057009426314,0.514895727869207,0.67191484620658,FALSE,TRUE
"12-23",80.3,-0.919363520759473,0.100051584012362,0.60122722908056,0.514833144909445,0.672237043486642,FALSE,TRUE
"12-23",80.4,-0.919790939894122,0.100337055393696,0.601397635773093,0.514769047818628,0.672560367278691,FALSE,TRUE
"12-23",80.5,-0.920219005966848,0.100624437877901,0.601568227406877,0.514703438413635,0.672884809047948,FALSE,TRUE
"12-23",80.6,-0.920647714472143,0.100913726476284,0.601739001887716,0.51463631864233,0.673210360170089,FALSE,TRUE
"12-23",80.7,-0.9210770609045,0.101204916051267,0.601909957124265,0.514567690581527,0.673537011933443,FALSE,TRUE
"12-23",80.8,-0.92150704075841,0.101498001318703,0.602081091028042,0.514497556434965,0.673864755541188,FALSE,TRUE
"12-23",80.9,-0.921937649528368,0.101792976850202,0.602252401513432,0.514425918531268,0.674193582113546,FALSE,TRUE
"12-23",81,-0.922368882708864,0.102089837075447,0.602423886497697,0.514352779321924,0.674523482689968,FALSE,TRUE
"12-23",81.1,-0.922800735794393,0.102388576284523,0.602595543900988,0.514278141379251,0.674854448231321,FALSE,TRUE
"12-23",81.2,-0.923233204279446,0.102689188630244,0.60276737164635,0.514202007394373,0.675186469622062,FALSE,TRUE
"12-23",81.3,-0.923666283658517,0.102991668130472,0.602939367659732,0.514124380175204,0.675519537672412,FALSE,TRUE
"12-23",81.4,-0.924099969426097,0.103296008670447,0.603111529869996,0.514045262644429,0.675853643120516,FALSE,TRUE
"12-23",81.5,-0.92453425707668,0.103602204005102,0.603283856208924,0.513964657837501,0.676188776634595,FALSE,TRUE
"12-23",81.6,-0.924969142104759,0.103910247761379,0.603456344611225,0.513882568900632,0.676524928815094,FALSE,TRUE
"12-23",81.7,-0.925404620004824,0.104220133440545,0.603628993014548,0.513798999088806,0.676862090196811,FALSE,TRUE
"12-23",81.8,-0.925840686271371,0.104531854420489,0.603801799359484,0.513713951763792,0.67720025125102,FALSE,TRUE
"12-23",81.9,-0.92627733639889,0.104845403958027,0.603974761589578,0.513627430392166,0.677539402387578,FALSE,TRUE
"12-23",82,-0.926714565881875,0.105160775191187,0.604147877651337,0.51353943854335,0.677879533957029,FALSE,TRUE
"12-23",82.1,-0.927152370214818,0.105477961141491,0.604321145494232,0.513449979887656,0.678220636252678,FALSE,TRUE
"12-23",82.2,-0.927590744892213,0.105796954716227,0.604494563070713,0.513359058194341,0.678562699512664,FALSE,TRUE
"12-23",82.3,-0.92802968540855,0.106117748710706,0.604668128336213,0.513266677329682,0.678905713922012,FALSE,TRUE
"12-23",82.4,-0.928469187258324,0.106440335810514,0.604841839249154,0.513172841255054,0.679249669614673,FALSE,TRUE
"12-23",82.5,-0.928909245936027,0.106764708593742,0.605015693770956,0.51307755402503,0.679594556675543,FALSE,TRUE
"12-23",82.6,-0.92934985693615,0.107090859533215,0.605189689866045,0.51298081978549,0.67994036514247,FALSE,TRUE
"12-23",82.7,-0.929791015753188,0.107418780998698,0.605363825501859,0.512882642771748,0.680287085008238,FALSE,TRUE
"12-23",82.8,-0.930232717881633,0.107748465259089,0.605538098648852,0.512783027306692,0.68063470622254,FALSE,TRUE
"12-23",82.9,-0.930674958815976,0.108079904484597,0.605712507280508,0.512681977798941,0.680983218693927,FALSE,TRUE
"12-23",83,-0.931117734050712,0.108413090748907,0.605887049373341,0.51257949874102,0.681332612291736,FALSE,TRUE
"12-23",83.1,-0.931561039080332,0.108748016031322,0.606061722906903,0.512475594707549,0.681682876848011,FALSE,TRUE
"12-23",83.2,-0.932004869399329,0.109084672218896,0.606236525863795,0.51237027035345,0.682034002159387,FALSE,TRUE
"12-23",83.3,-0.932449220502196,0.10942305110854,0.606411456229668,0.512263530412178,0.682385977988965,FALSE,TRUE
"12-23",83.4,-0.932894087883426,0.109763144409115,0.60658651199323,0.512155379693956,0.682738794068166,FALSE,TRUE
"12-23",83.5,-0.93333946703751,0.110104943743507,0.606761691146256,0.512045823084045,0.683092440098557,FALSE,TRUE
"12-23",83.6,-0.933785353458942,0.110448440650677,0.606936991683592,0.511934865541023,0.683446905753662,FALSE,TRUE
"12-23",83.7,-0.934231742642214,0.110793626587696,0.607112411603159,0.511822512095083,0.683802180680747,FALSE,TRUE
"12-23",83.8,-0.934678630081819,0.111140492931762,0.607287948905961,0.511708767846358,0.68415825450259,FALSE,TRUE
"12-23",83.9,-0.93512601127225,0.111489030982183,0.607463601596091,0.511593637963257,0.684515116819219,FALSE,TRUE
"12-23",84,-0.935573881707998,0.111839231962357,0.607639367680737,0.511477127680829,0.68487275720963,FALSE,TRUE
"12-23",84.1,-0.936022236883557,0.112191087021716,0.607815245170185,0.511359242299142,0.685231165233494,FALSE,TRUE
"12-23",84.2,-0.93647107229342,0.112544587237656,0.607991232077829,0.511239987181682,0.685590330432819,FALSE,TRUE
"12-23",84.3,-0.936920383432078,0.112899723617441,0.608167326420171,0.51111936775378,0.68595024233361,FALSE,TRUE
"12-23",84.4,-0.937370165794026,0.113256487100086,0.608343526216831,0.510997389501052,0.686310890447493,FALSE,TRUE
"12-23",84.5,-0.937820414873754,0.113614868558215,0.60851982949055,0.510874057967866,0.686672264273319,FALSE,TRUE
"12-23",84.6,-0.938271126165756,0.113974858799903,0.608696234267195,0.510749378755824,0.687034353298745,FALSE,TRUE
"12-23",84.7,-0.938722295164525,0.114336448570482,0.608872738575765,0.510623357522275,0.68739714700179,FALSE,TRUE
"12-23",84.8,-0.939173917364553,0.114699628554338,0.609049340448395,0.510495999978838,0.687760634852366,FALSE,TRUE
"12-23",84.9,-0.939625988260333,0.115064389376671,0.609226037920363,0.510367311889957,0.688124806313793,FALSE,TRUE
"12-23",85,-0.940078503346357,0.115430721605243,0.60940282903009,0.510237299071473,0.688489650844274,FALSE,TRUE
"12-23",85.1,-0.940531458117117,0.115798615752093,0.609579711819151,0.510105967389215,0.688855157898362,FALSE,TRUE
"12-23",85.2,-0.940984848067108,0.116168062275231,0.609756684332274,0.509973322757621,0.689221316928396,FALSE,TRUE
"12-23",85.3,-0.941438668690821,0.11653905158031,0.609933744617346,0.509839371138372,0.689588117385907,FALSE,TRUE
"12-23",85.4,-0.941892915482748,0.116911574022273,0.610110890725421,0.509704118539055,0.689955548723015,FALSE,TRUE
"12-23",85.5,-0.942347583937383,0.117285619906969,0.610288120710719,0.509567571011843,0.690323600393785,FALSE,TRUE
"12-23",85.6,-0.942802669549218,0.117661179492757,0.610465432630633,0.509429734652202,0.690692261855571,FALSE,TRUE
"12-23",85.7,-0.943258167812746,0.118038242992071,0.610642824545732,0.509290615597612,0.691061522570328,FALSE,TRUE
"12-23",85.8,-0.943714074222459,0.118416800572975,0.610820294519766,0.50915022002632,0.691431372005906,FALSE,TRUE
"12-23",85.9,-0.94417038427285,0.118796842360684,0.61099784061967,0.509008554156106,0.691801799637317,FALSE,TRUE
"12-23",86,-0.944627093458412,0.119178358439061,0.611175460915564,0.508865624243075,0.692172794947977,FALSE,TRUE
"12-23",86.1,-0.945084197273636,0.119561338852093,0.611353153480764,0.508721436580472,0.692544347430929,FALSE,TRUE
"12-23",86.2,-0.945541691213017,0.119945773605345,0.611530916391778,0.508575997497515,0.692916446590033,FALSE,TRUE
"12-23",86.3,-0.945999570771046,0.12033165266738,0.611708747728315,0.508429313358249,0.693289081941144,FALSE,TRUE
"12-23",86.4,-0.946457831442216,0.120718965971165,0.611886645573284,0.508281390560429,0.693662243013259,FALSE,TRUE
"12-23",86.5,-0.94691646872102,0.121107703415445,0.612064608012802,0.508132235534414,0.69403591934964,FALSE,TRUE
"12-23",86.6,-0.94737547810195,0.121497854866102,0.612242633136192,0.507981854742088,0.694410100508918,FALSE,TRUE
"12-23",86.7,-0.9478348550795,0.121889410157479,0.612420719035992,0.507830254675805,0.694784776066175,FALSE,TRUE
"12-23",86.8,-0.94829459514816,0.122282359093686,0.612598863807951,0.507677441857343,0.695159935613995,FALSE,TRUE
"12-23",86.9,-0.948754693802425,0.122676691449888,0.612777065551039,0.507523422836894,0.695535568763498,FALSE,TRUE
"12-23",87,-0.949215146536787,0.123072396973555,0.612955322367445,0.507368204192064,0.695911665145355,FALSE,TRUE
"12-23",87.1,-0.949675948845738,0.123469465385701,0.613133632362581,0.507211792526897,0.696288214410773,FALSE,TRUE
"12-23",87.2,-0.950137096223771,0.123867886382097,0.613311993645087,0.507054194470918,0.696665206232461,FALSE,TRUE
"12-23",87.3,-0.950598584165379,0.124267649634456,0.613490404326828,0.506895416678198,0.697042630305575,FALSE,TRUE
"12-23",87.4,-0.951060408165054,0.124668744791601,0.613668862522904,0.506735465826438,0.697420476348639,FALSE,TRUE
"12-23",87.5,-0.951522563717289,0.125071161480605,0.613847366351645,0.506574348616072,0.697798734104448,FALSE,TRUE
"12-23",87.6,-0.951985046316577,0.125474889307913,0.614025913934619,0.506412071769389,0.698177393340945,FALSE,TRUE
"12-23",87.7,-0.95244785145741,0.125879917860441,0.61420450339663,0.506248642029676,0.698556443852077,FALSE,TRUE
"12-23",87.8,-0.95291097463428,0.126286236706648,0.614383132865723,0.506084066160381,0.698935875458638,FALSE,TRUE
"12-23",87.9,-0.953374411341681,0.126693835397591,0.614561800473185,0.50591835094429,0.699315678009078,FALSE,TRUE
"12-23",88,-0.953838157074105,0.127102703467958,0.614740504353545,0.505751503182726,0.699695841380304,FALSE,TRUE
"12-23",88.1,-0.954302207326045,0.127512830437074,0.61491924264458,0.505583529694772,0.700076355478451,FALSE,TRUE
"12-23",88.2,-0.954766557591993,0.127924205809897,0.615098013487313,0.505414437316498,0.700457210239642,FALSE,TRUE
"12-23",88.3,-0.955231203366442,0.128336819077978,0.615276815026017,0.50524423290022,0.700838395630716,FALSE,TRUE
"12-23",88.4,-0.955696140143885,0.128750659720413,0.615455645408214,0.50507292331377,0.701219901649952,FALSE,TRUE
"12-23",88.5,-0.956161363418813,0.129165717204765,0.615634502784679,0.504900515439783,0.701601718327759,FALSE,TRUE
"12-23",88.6,-0.956626868685721,0.129581980987975,0.615813385309441,0.504727016175007,0.701983835727355,FALSE,TRUE
"12-23",88.7,-0.9570926514391,0.129999440517243,0.615992291139783,0.504552432429623,0.702366243945428,FALSE,TRUE
"12-23",88.8,-0.957558707173443,0.130418085230895,0.616171218436245,0.504376771126583,0.70274893311277,FALSE,TRUE
"12-23",88.9,-0.958025031383242,0.13083790455923,0.616350165362621,0.504200039200973,0.703131893394903,FALSE,TRUE
"12-23",89,-0.958491619562991,0.131258887925347,0.616529130085966,0.504022243599379,0.703515114992682,FALSE,TRUE
"12-23",89.1,-0.958958467207182,0.131681024745951,0.616708110776594,0.503843391279281,0.703898588142875,FALSE,TRUE
"12-23",89.2,-0.959425569810307,0.132104304432143,0.616887105608077,0.503663489208455,0.704282303118739,FALSE,TRUE
"12-23",89.3,-0.95989292286686,0.132528716390186,0.617066112757248,0.503482544364394,0.704666250230561,FALSE,TRUE
"12-23",89.4,-0.960360521871332,0.132954250022265,0.617245130404203,0.503300563733746,0.705050419826198,FALSE,TRUE
"12-23",89.5,-0.960828362318217,0.133380894727212,0.617424156732298,0.503117554311761,0.705434802291592,FALSE,TRUE
"12-23",89.6,-0.961296439702007,0.133808639901225,0.617603189928152,0.502933523101761,0.705819388051266,FALSE,TRUE
"12-23",89.7,-0.961764749517194,0.134237474938569,0.617782228181647,0.502748477114618,0.706204167568813,FALSE,TRUE
"12-23",89.8,-0.962233287258272,0.134667389232252,0.617961269685928,0.502562423368249,0.706589131347356,FALSE,TRUE
"12-23",89.9,-0.962702048419732,0.13509837217469,0.618140312637404,0.502375368887128,0.706974269930008,FALSE,TRUE
"12-23",90,-0.963171028496068,0.135530413158356,0.618319355235745,0.502187320701804,0.7073595739003,FALSE,TRUE
"12-23",90.1,-0.963640222981772,0.135963501576409,0.618498395683889,0.501998285848444,0.707745033882607,FALSE,TRUE
"12-23",90.2,-0.964109627371337,0.136397626823308,0.618677432188033,0.501808271368377,0.708130640542549,FALSE,TRUE
"12-23",90.3,-0.964579237159255,0.136832778295408,0.61885646295764,0.501617284307661,0.708516384587385,FALSE,TRUE
"12-23",90.4,-0.96504904784002,0.137268945391549,0.619035486205437,0.501425331716661,0.708902256766387,FALSE,TRUE
"12-23",90.5,-0.965519054908123,0.137706117513615,0.619214500147413,0.501232420649632,0.709288247871202,FALSE,TRUE
"12-23",90.6,-0.965989253858057,0.13814428406709,0.619393503002818,0.501038558164327,0.709674348736202,FALSE,TRUE
"12-23",90.7,-0.966459640184315,0.138583434461594,0.619572492994168,0.500843751321608,0.710060550238811,FALSE,TRUE
"12-23",90.8,-0.96693020938139,0.139023558111406,0.619751468347238,0.50064800718507,0.710446843299835,FALSE,TRUE
"12-23",90.9,-0.967400956943774,0.139464644435969,0.619930427291066,0.500451332820684,0.710833218883758,FALSE,TRUE
"12-23",91,-0.967871878365959,0.139906682860386,0.620109368057948,0.500253735296439,0.711219667999045,FALSE,TRUE
"12-23",91.1,-0.968342969142439,0.140349662815897,0.620288288883443,0.500055221682009,0.711606181698417,FALSE,TRUE
"12-23",91.2,-0.968814224767706,0.140793573740347,0.620467188006367,0.499855799048423,0.711992751079122,FALSE,TRUE
"12-23",91.3,-0.969285640736253,0.141238405078638,0.620646063668793,0.499655474467743,0.712379367283187,FALSE,TRUE
"12-23",91.4,-0.969757212542571,0.141684146283167,0.620824914116055,0.499454255012765,0.712766021497667,FALSE,TRUE
"12-23",91.5,-0.970228935681155,0.142130786814252,0.621003737596738,0.499252147756716,0.713152704954874,FALSE,TRUE
"12-23",91.6,-0.970700805646496,0.142578316140548,0.621182532362685,0.499049159772971,0.713539408932594,FALSE,TRUE
"12-23",91.7,-0.971172817933088,0.143026723739445,0.621361296668992,0.498845298134776,0.713926124754301,FALSE,TRUE
"12-23",91.8,-0.971644968035421,0.143475999097459,0.621540028774006,0.498640569914983,0.71431284378935,FALSE,TRUE
"12-23",91.9,-0.972117251447991,0.143926131710608,0.621718726939326,0.49843498218579,0.714699557453167,FALSE,TRUE
"12-23",92,-0.972589663665288,0.144377111084779,0.6218973894298,0.498228542018499,0.715086257207418,FALSE,TRUE
"12-23",92.1,-0.973062200181806,0.144828926736077,0.622076014513524,0.498021256483271,0.715472934560182,FALSE,TRUE
"12-23",92.2,-0.973534856492038,0.145281568191173,0.62225460046184,0.497813132648903,0.715859581066099,FALSE,TRUE
"12-23",92.3,-0.974007628090475,0.145735024987632,0.622433145549333,0.497604177582603,0.716246188326516,FALSE,TRUE
"12-23",92.4,-0.97448051047161,0.146189286674235,0.622611648053832,0.497394398349782,0.716632747989623,FALSE,TRUE
"12-23",92.5,-0.974953499129937,0.146644342811288,0.622790106256408,0.497183802013846,0.717019251750576,FALSE,TRUE
"12-23",92.6,-0.975426589559948,0.147100182970923,0.622968518441367,0.496972395636005,0.717405691351612,FALSE,TRUE
"12-23",92.7,-0.975899777256134,0.147556796737386,0.623146882896255,0.496760186275082,0.717792058582154,FALSE,TRUE
"12-23",92.8,-0.97637305771299,0.148014173707316,0.62332519791185,0.496547180987337,0.718178345278909,FALSE,TRUE
"12-23",92.9,-0.976846426425008,0.148472303490017,0.623503461782166,0.49633338682629,0.718564543325955,FALSE,TRUE
"12-23",93,-0.977319878886679,0.148931175707718,0.623681672804444,0.496118810842561,0.718950644654818,FALSE,TRUE
"12-23",93.1,-0.977793410592498,0.149390779995822,0.623859829279153,0.495903460083712,0.719336641244546,FALSE,TRUE
"12-23",93.2,-0.978267017036956,0.149851106003149,0.624037929509988,0.495687341594093,0.719722525121766,FALSE,TRUE
"12-23",93.3,-0.978740693714546,0.150312143392171,0.624215971803868,0.495470462414704,0.720108288360742,FALSE,TRUE
"12-23",93.4,-0.97921443611976,0.150773881839231,0.624393954470929,0.495252829583054,0.720493923083418,FALSE,TRUE
"12-23",93.5,-0.979688239747093,0.151236311034766,0.624571875824529,0.495034450133033,0.720879421459454,FALSE,TRUE
"12-23",93.6,-0.980162100091035,0.151699420683509,0.624749734181237,0.494815331094787,0.721264775706262,FALSE,TRUE
"12-23",93.7,-0.98063601264608,0.152163200504689,0.624927527860837,0.494595479494602,0.721649978089025,FALSE,TRUE
"12-23",93.8,-0.981109972906719,0.152627640232226,0.625105255186319,0.494374902354791,0.722035020920709,FALSE,TRUE
"12-23",93.9,-0.981583976367447,0.153092729614909,0.625282914483882,0.494153606693589,0.722419896562077,FALSE,TRUE
"12-23",94,-0.982058018522755,0.153558458416579,0.625460504082927,0.493931599525053,0.722804597421688,FALSE,TRUE
"12-23",94.1,-0.982532094867137,0.154024816416291,0.625638022316056,0.493708887858969,0.72318911595589,FALSE,TRUE
"12-23",94.2,-0.983006200895084,0.154491793408481,0.625815467519066,0.493485478700759,0.723573444668811,FALSE,TRUE
"12-23",94.3,-0.983480332101089,0.154959379203117,0.625992838030949,0.493261379051403,0.723957576112334,FALSE,TRUE
"12-23",94.4,-0.983954483979645,0.155427563625847,0.626170132193889,0.493036595907356,0.724341502886081,FALSE,TRUE
"12-23",94.5,-0.984428652025245,0.155896336518142,0.626347348353253,0.492811136260477,0.724725217637373,FALSE,TRUE
"12-23",94.6,-0.984902831732381,0.156365687737429,0.626524484857594,0.492585007097959,0.725108713061198,FALSE,TRUE
"12-23",94.7,-0.985377018595546,0.156835607157217,0.626701540058646,0.492358215402265,0.725491981900167,FALSE,TRUE
"12-23",94.8,-0.985851208161639,0.157306084726959,0.62687851233087,0.492130768118224,0.725875016990923,TRUE,TRUE
"12-23",94.9,-0.986325397880613,0.157777112585936,0.627055400761599,0.491902670988164,0.72625781290448,TRUE,TRUE
"12-23",95,-0.986799587599588,0.158248685647943,0.627232205333537,0.491673928217917,0.726640366382647,TRUE,TRUE
"12-23",95.1,-0.987273777318562,0.158720799053446,0.627408926086439,0.49144454387167,0.727022674347181,TRUE,TRUE
"12-23",95.2,-0.987747967037536,0.159193447995022,0.627585563060042,0.491214521967988,0.727404733763687,TRUE,TRUE
"12-23",95.3,-0.98822215675651,0.15966662771675,0.627762116294064,0.490983866480351,0.727786541641071,TRUE,TRUE
"12-23",95.4,-0.988696346475485,0.160140333513614,0.627938585828204,0.490752581337698,0.728168095031005,TRUE,TRUE
"12-23",95.5,-0.989170536194459,0.1606145607309,0.628114971702142,0.490520670424962,0.728549391027395,TRUE,TRUE
"12-23",95.6,-0.989644725913433,0.161089304763615,0.62829127395554,0.490288137583591,0.728930426765858,TRUE,TRUE
"12-23",95.7,-0.990118915632408,0.161564561055901,0.62846749262804,0.490054986612073,0.729311199423205,TRUE,TRUE
"12-23",95.8,-0.990593105351382,0.162040325100463,0.628643627759266,0.489821221266449,0.729691706216925,TRUE,TRUE
"12-23",95.9,-0.991067295070356,0.162516592437997,0.628819679388823,0.489586845260824,0.730071944404685,TRUE,TRUE
"12-23",96,-0.99154148478933,0.162993358656629,0.628995647556297,0.489351862267864,0.730451911283825,TRUE,TRUE
"12-23",96.1,-0.992015674508305,0.163470619391362,0.629171532301256,0.489116275919295,0.730831604190868,TRUE,TRUE
"12-23",96.2,-0.992489864227279,0.163948370323522,0.629347333663248,0.488880089806396,0.731211020501031,TRUE,TRUE
"12-23",96.3,-0.992964053946253,0.16442660718022,0.629523051681804,0.48864330748048,0.731590157627742,TRUE,TRUE
"12-23",96.4,-0.993438243665228,0.164905325733812,0.629698686396434,0.488405932453371,0.731969013022168,TRUE,TRUE
"12-23",96.5,-0.993912433384202,0.165384521801369,0.629874237846632,0.488167968197883,0.73234758417274,TRUE,TRUE
"12-23",96.6,-0.994386623103176,0.165864191244151,0.63004970607187,0.48792941814828,0.73272586860469,TRUE,TRUE
"12-23",96.7,-0.99486081282215,0.166344329967095,0.630225091111605,0.487690285700742,0.733103863879594,TRUE,TRUE
"12-23",96.8,-0.995335002541125,0.166824933918295,0.630400393005272,0.48745057421382,0.733481567594918,TRUE,TRUE
"12-23",96.9,-0.995809192260099,0.167305999088502,0.630575611792289,0.487210287008885,0.733858977383568,TRUE,TRUE
"12-23",97,-0.996283381979074,0.167787521510619,0.630750747512055,0.486969427370572,0.734236090913453,TRUE,TRUE
"12-23",97.1,-0.996757571698048,0.168269497259211,0.63092580020395,0.486727998547223,0.734612905887041,TRUE,TRUE
"12-23",97.2,-0.997231761417022,0.168751922450013,0.631100769907336,0.486486003751315,0.734989420040936,TRUE,TRUE
"12-23",97.3,-0.997705951135996,0.169234793239449,0.631275656661556,0.486243446159895,0.735365631145446,TRUE,TRUE
"12-23",97.4,-0.998180140854971,0.169718105824156,0.631450460505934,0.486000328914999,0.735741537004163,TRUE,TRUE
"12-23",97.5,-0.998654330573945,0.17020185644051,0.631625181479776,0.48575665512407,0.736117135453551,TRUE,TRUE
"12-23",97.6,-0.999128520292919,0.170686041364164,0.631799819622369,0.485512427860373,0.736492424362533,TRUE,TRUE
"12-23",97.7,-0.999602710011894,0.171170656909584,0.631974374972982,0.485267650163401,0.736867401632084,TRUE,TRUE
"12-23",97.8,-1.00007689973087,0.171655699429598,0.632148847570863,0.485022325039279,0.737242065194836,TRUE,TRUE
"12-23",97.9,-1.00055108944984,0.172141165314944,0.632323237455245,0.484776455461162,0.737616413014678,TRUE,TRUE
"12-23",98,-1.00102527916882,0.172627050993828,0.63249754466534,0.484530044369623,0.73799044308637,TRUE,TRUE
"12-23",98.1,-1.00149946888779,0.173113352931485,0.632671769240342,0.484283094673049,0.738364153435151,TRUE,TRUE
"12-23",98.2,-1.00197365860676,0.173600067629746,0.632845911219426,0.484035609248017,0.738737542116368,TRUE,TRUE
"12-23",98.3,-1.00244784832574,0.174087191626611,0.633019970641749,0.483787590939676,0.739110607215092,TRUE,TRUE
"12-23",98.4,-1.00292203804471,0.174574721495825,0.63319394754645,0.483539042562118,0.73948334684575,TRUE,TRUE
"12-23",98.5,-1.00339622776369,0.175062653846461,0.633367841972648,0.48328996689875,0.739855759151761,TRUE,TRUE
"12-23",98.6,-1.00387041748266,0.175550985322507,0.633541653959445,0.483040366702654,0.74022784230517,TRUE,TRUE
"12-23",98.7,-1.00434460720164,0.17603971260246,0.633715383545922,0.482790244696952,0.740599594506294,TRUE,TRUE
"12-23",98.8,-1.00481879692061,0.176528832398922,0.633889030771145,0.482539603575156,0.740971013983368,TRUE,TRUE
"12-23",98.9,-1.00529298663958,0.177018341458204,0.634062595674158,0.482288446001521,0.741342098992196,TRUE,TRUE
"12-23",99,-1.00576717635856,0.17750823655993,0.63423607829399,0.482036774611393,0.741712847815811,TRUE,TRUE
"12-23",99.1,-1.00624136607753,0.177998514516654,0.634409478669647,0.481784592011547,0.742083258764129,TRUE,TRUE
"12-23",99.2,-1.00671555579651,0.178489172173471,0.634582796840122,0.481531900780528,0.742453330173621,TRUE,TRUE
"12-23",99.3,-1.00718974551548,0.178980206407645,0.634756032844384,0.481278703468982,0.742823060406977,TRUE,TRUE
"12-23",99.4,-1.00766393523446,0.179471614128228,0.634929186721388,0.481025002599987,0.74319244785278,TRUE,TRUE
"12-23",99.5,-1.00813812495343,0.179963392275698,0.635102258510068,0.480770800669378,0.743561490925188,TRUE,TRUE
"12-23",99.6,-1.00861231467241,0.180455537821586,0.63527524824934,0.480516100146066,0.743930188063608,TRUE,TRUE
"12-23",99.7,-1.00908650439138,0.180948047768125,0.635448155978102,0.480260903472356,0.744298537732388,TRUE,TRUE
"12-23",99.8,-1.00956069411035,0.181440919147887,0.635620981735233,0.480005213064261,0.744666538420503,TRUE,TRUE
"12-23",99.9,-1.01003488382933,0.181934149023433,0.635793725559595,0.479749031311811,0.74503418864125,TRUE,TRUE
"12-23",100,-1.0105090735483,0.182427734486968,0.635966387490029,0.479492360579353,0.745401486931946,TRUE,TRUE
"24-35",0,0,0,0,0,0,TRUE,TRUE
"24-35",0.1,-0.0047175042053334,0.000467394387468279,0.00470639425964081,0.00379419498914912,0.0056177582534207,FALSE,TRUE
"24-35",0.2,-0.00943490055374678,0.000934771976490643,0.00939053152827396,0.00757391969824794,0.0112038180944779,FALSE,TRUE
"24-35",0.3,-0.0141520601077747,0.00140211268559775,0.0140523904361629,0.0113391410326038,0.0167581936843906,FALSE,TRUE
"24-35",0.4,-0.0188688538335805,0.00186939641881005,0.0186919514070897,0.015089826960896,0.0222809017579383,FALSE,TRUE
"24-35",0.5,-0.0235851526973277,0.00233660308092457,0.0233091967285941,0.0188259465694998,0.0277719617027014,FALSE,TRUE
"24-35",0.6,-0.0283008276651803,0.00280371257779251,0.027904110525945,0.0225474700498892,0.0332313955127974,FALSE,TRUE
"24-35",0.7,-0.0330157497033011,0.00327070481659688,0.032476678736214,0.0262543686860703,0.0386592277429033,FALSE,TRUE
"24-35",0.8,-0.0377297897778541,0.0037375597061309,0.0370268890824622,0.0299466148420497,0.0440554854625771,FALSE,TRUE
"24-35",0.9,-0.0424428188550034,0.00420425715707655,0.0415547310480342,0.0336241819493344,0.0494201982108742,FALSE,TRUE
"24-35",1,-0.0471547079009119,0.00467077708228387,0.0460601958509664,0.037287044494467,0.0547533979512687,FALSE,TRUE
"24-35",1.1,-0.0518653278817432,0.00513709939705088,0.0505432764185147,0.0409351780065987,0.0600551190268853,FALSE,TRUE
"24-35",1.2,-0.0565745497636612,0.00560320401940426,0.0550039673617992,0.0445685590450973,0.0653253981160425,FALSE,TRUE
"24-35",1.3,-0.0612822445128295,0.00606907087038079,0.0594422649505708,0.048187165187193,0.0705642741881117,FALSE,TRUE
"24-35",1.4,-0.0659882830954113,0.0065346798743097,0.0638581670881028,0.0517909750156635,0.0757717884596983,FALSE,TRUE
"24-35",1.5,-0.0706925364775704,0.00700001095909612,0.0682516732862084,0.0553799681065588,0.0809479843511476,FALSE,TRUE
"24-35",1.6,-0.0753948756254705,0.0074650440565055,0.072622784640389,0.0589541250169661,0.0860929074433786,FALSE,TRUE
"24-35",1.7,-0.0800951715052748,0.0079297591024492,0.0769715038051098,0.0625134272728153,0.0912066054350485,FALSE,FALSE
"24-35",1.8,-0.0847932950831474,0.00839413603727144,0.0812978349692135,0.0660578573567285,0.0962891281000542,FALSE,FALSE
"24-35",1.9,-0.0894891173252512,0.00885815480603745,0.0856017838314651,0.06958739869591,0.101340527245368,FALSE,FALSE
"24-35",2,-0.0941825091977508,0.00932179535882324,0.0898833575762377,0.0731020356500827,0.106360856669222,FALSE,FALSE
"24-35",2.1,-0.0988733416668089,0.00978503765100658,0.0941425648493333,0.076601753499465,0.111350172119621,FALSE,FALSE
"24-35",2.2,-0.103561485698589,0.01024786164356,0.0983794157339498,0.0800865384327979,0.116308531253222,FALSE,FALSE
"24-35",2.3,-0.108246812259256,0.0107102473033451,0.102593921726787,0.0835563775354143,0.121235993594545,FALSE,FALSE
"24-35",2.4,-0.112929192314971,0.0111721746034091,0.1067860957143,0.0870112587773552,0.126132620495544,FALSE,FALSE
"24-35",2.5,-0.1176084968319,0.0116336235232828,0.110955951949093,0.090451171001535,0.130998475095528,FALSE,FALSE
"24-35",2.6,-0.122284596776206,0.0120945740492806,0.115103506026473,0.0938761039119521,0.135833622281437,FALSE,FALSE
"24-35",2.7,-0.126957363114051,0.0125550061748031,0.119228774861137,0.0972860480619508,0.140638128648475,FALSE,FALSE
"24-35",2.8,-0.131626666811601,0.0130148999006414,0.123331776664026,0.10068099484253,0.145412062461104,FALSE,FALSE
"24-35",2.9,-0.136292378835018,0.0134742352352836,0.127412530919314,0.104060936470702,0.150155493614396,FALSE,FALSE
"24-35",3,-0.140954370150466,0.013932992195224,0.13147105836157,0.107425865977901,0.154868493595744,FALSE,FALSE
"24-35",3.1,-0.145612511724109,0.0143911508052747,0.135507380953058,0.110775777198446,0.159551135446942,FALSE,FALSE
"24-35",3.2,-0.150266674522109,0.0148486910988793,0.139521521861198,0.114110664758048,0.164203493726622,FALSE,FALSE
"24-35",3.3,-0.154916729510632,0.0153055931184304,0.143513505436192,0.117430524062376,0.168825644473064,FALSE,FALSE
"24-35",3.4,-0.159562547655839,0.0157618369155881,0.147483357188795,0.120735351285672,0.173417665167363,FALSE,FALSE
"24-35",3.5,-0.164203999923896,0.0162174025516035,0.151431103768254,0.124025143359413,0.177979634696971,FALSE,FALSE
"24-35",3.6,-0.168840957280965,0.0166722700976431,0.155356772940404,0.127299897961041,0.182511633319598,FALSE,FALSE
"24-35",3.7,-0.17347329069321,0.0171264196351181,0.159260393565923,0.130559613502729,0.187013742627489,FALSE,FALSE
"24-35",3.8,-0.178100871126794,0.0175798312560156,0.163141995578756,0.133804289120212,0.191486045512064,FALSE,FALSE
"24-35",3.9,-0.182723569547882,0.0180324850632336,0.16700160996469,0.137033924661669,0.195928626128928,FALSE,FALSE
"24-35",4,-0.187341256922636,0.0184843611709197,0.170839268740099,0.140248520676658,0.200341569863249,FALSE,FALSE
"24-35",4.1,-0.191953804217221,0.0189354397048128,0.174655004930858,0.143448078405111,0.204724963295504,FALSE,FALSE
"24-35",4.2,-0.1965610823978,0.0193857008025889,0.178448852551407,0.146632599766374,0.2090788941676,FALSE,FALSE
"24-35",4.3,-0.201162962430536,0.0198351246142104,0.182220846583993,0.149802087348314,0.213403451349351,FALSE,FALSE
"24-35",4.4,-0.205759315281593,0.0202836913022792,0.18597102295807,0.152956544396476,0.217698724805337,FALSE,FALSE
"24-35",4.5,-0.210350011917135,0.0207313810423944,0.189699418529871,0.156095974803292,0.221964805562121,FALSE,FALSE
"24-35",4.6,-0.214934923303325,0.0211781740235133,0.193406071062136,0.159220383097354,0.226201785675839,FALSE,FALSE
"24-35",4.7,-0.219513920406328,0.0216240504483174,0.197091019204019,0.16232977443274,0.230409758200153,FALSE,FALSE
"24-35",4.8,-0.224086874192305,0.0220689905335823,0.200754302471152,0.165424154578392,0.234588817154574,FALSE,FALSE
"24-35",4.9,-0.228653655627421,0.0225129745105525,0.204395961225879,0.168503529907558,0.238739057493149,FALSE,FALSE
"24-35",5,-0.23321413567784,0.0229559826253205,0.208016036657662,0.171567907387288,0.24286057507351,FALSE,FALSE
"24-35",5.1,-0.237768185309725,0.0233979951392109,0.211614570763645,0.174617294567984,0.246953466626293,FALSE,FALSE
"24-35",5.2,-0.24231567548924,0.0238389923291694,0.215191606329393,0.177651699573008,0.251017829724912,FALSE,FALSE
"24-35",5.3,-0.246856477182548,0.024278954488157,0.218747186909796,0.180671131088354,0.255053762755703,FALSE,FALSE
"24-35",5.4,-0.251390461355813,0.0247178619255491,0.22228135681014,0.183675598352363,0.25906136488842,FALSE,FALSE
"24-35",5.5,-0.255917498975197,0.0251556949675401,0.225794161067344,0.186665111145513,0.263040736047099,FALSE,FALSE
"24-35",5.6,-0.260437461006867,0.0255924339575539,0.22928564543137,0.189639679780247,0.266991976881272,FALSE,FALSE
"24-35",5.7,-0.264950218416984,0.0260280592566592,0.232755856346792,0.192599315090876,0.270915188737546,FALSE,FALSE
"24-35",5.8,-0.269455642171712,0.0264625512439918,0.23620484093454,0.195544028423527,0.274810473631527,FALSE,FALSE
"24-35",5.9,-0.273953603237214,0.0268958903171814,0.239632646973803,0.198473831626152,0.278677934220108,FALSE,FALSE
"24-35",6,-0.278443972579655,0.0273280568927861,0.243039322884108,0.201388737038597,0.282517673774101,FALSE,FALSE
"24-35",6.1,-0.282926621165198,0.027759031406732,0.246424917707554,0.204288757482722,0.286329796151226,FALSE,FALSE
"24-35",6.2,-0.287401419960007,0.0281887943147599,0.249789481091223,0.207173906252583,0.290114405769443,FALSE,FALSE
"24-35",6.3,-0.291868239930244,0.0286173260928786,0.253133063269749,0.210044197104669,0.293871607580634,FALSE,FALSE
"24-35",6.4,-0.296326952042074,0.0290446072378244,0.256455715048054,0.212899644248198,0.29760150704463,FALSE,FALSE
"24-35",6.5,-0.300777427261661,0.0294706182675288,0.259757487784251,0.215740262335462,0.30130421010358,FALSE,FALSE
"24-35",6.6,-0.305219536555167,0.029895339721592,0.26303843337271,0.218566066452238,0.304979823156663,FALSE,FALSE
"24-35",6.7,-0.309653150888756,0.0303187521617649,0.266298604227285,0.221377072108251,0.308628453035137,FALSE,FALSE
"24-35",6.8,-0.314078141228593,0.0307408361724381,0.269538053264711,0.224173295227691,0.312250206977725,FALSE,FALSE
"24-35",6.9,-0.31849437854084,0.0311615723611386,0.272756833888153,0.226954752139792,0.315845192606341,FALSE,FALSE
"24-35",7,-0.322901733791661,0.0315809413590348,0.27595499997093,0.229721459569454,0.319413517902143,FALSE,FALSE
"24-35",7.1,-0.32730007794722,0.0319989238214494,0.279132605840388,0.232473434627941,0.322955291181917,FALSE,FALSE
"24-35",7.2,-0.33168928197368,0.0324155004283808,0.282289706261947,0.235210694803612,0.326470621074795,FALSE,FALSE
"24-35",7.3,-0.336069216837205,0.0328306518850331,0.285426356423291,0.237933257952721,0.329959616499292,FALSE,FALSE
"24-35",7.4,-0.340439753503958,0.0332443589223545,0.288542611918734,0.240641142290268,0.333422386640674,FALSE,FALSE
"24-35",7.5,-0.344800762940103,0.0336566022975858,0.291638528733735,0.243334366380903,0.336859040928639,FALSE,FALSE
"24-35",7.6,-0.349152116111804,0.0340673627948165,0.294714163229574,0.246012949129881,0.340269689015326,FALSE,FALSE
"24-35",7.7,-0.353493683985225,0.0344766212255522,0.297769572128182,0.248676909774082,0.343654440753635,FALSE,FALSE
"24-35",7.8,-0.357825337526527,0.0348843584292903,0.300804812497131,0.251326267873068,0.347013406175859,FALSE,FALSE
"24-35",7.9,-0.362146947701876,0.0352905552741064,0.303819941734778,0.253961043300205,0.350346695472637,FALSE,FALSE
"24-35",8,-0.366458385477435,0.0356951926572509,0.306815017555561,0.256581256233833,0.353654418972205,FALSE,FALSE
"24-35",8.1,-0.370759521819368,0.0360982515057557,0.309790097975453,0.259186927148488,0.356936687119961,FALSE,FALSE
"24-35",8.2,-0.375050227693837,0.0364997127770522,0.312745241297561,0.261778076806177,0.36019361045833,FALSE,FALSE
"24-35",8.3,-0.379330374067008,0.0368995574595999,0.315680506097886,0.264354726247701,0.363425299606933,FALSE,FALSE
"24-35",8.4,-0.383599831905042,0.0372977665735264,0.318595951211225,0.266916896784031,0.36663186524305,FALSE,FALSE
"24-35",8.5,-0.387858472174104,0.0376943211712791,0.32149163571723,0.269464609987734,0.369813418082387,FALSE,FALSE
"24-35",8.6,-0.392106165840358,0.0380892023382889,0.324367618926607,0.27199788768445,0.372970068860126,FALSE,FALSE
"24-35",8.7,-0.396342783869966,0.0384823911936452,0.327223960367471,0.274516751944412,0.376101928312273,FALSE,FALSE
"24-35",8.8,-0.400568197229093,0.038873868890785,0.330060719771841,0.277021225074025,0.379209107157292,FALSE,FALSE
"24-35",8.9,-0.404782276883902,0.0392636166181931,0.332877957062284,0.279511329607479,0.382291716078022,FALSE,FALSE
"24-35",9,-0.408984893800557,0.0396516156001166,0.335675732338699,0.281987088298425,0.385349865703876,FALSE,FALSE
"24-35",9.1,-0.413175918945221,0.0400378470972921,0.338454105865251,0.284448524111686,0.388383666593327,FALSE,FALSE
"24-35",9.2,-0.417355223284058,0.0404222924076872,0.341213138057437,0.286895660215017,0.391393229216653,FALSE,FALSE
"24-35",9.3,-0.421522677783231,0.040804932867256,0.343952889469304,0.289328519970916,0.394378663938981,FALSE,FALSE
"24-35",9.4,-0.425678153408904,0.0411857498507087,0.346673420780792,0.291747126928473,0.397340081003575,FALSE,FALSE
"24-35",9.5,-0.429821521127241,0.0415647247722965,0.349374792785233,0.294151504815265,0.400277590515413,FALSE,FALSE
"24-35",9.6,-0.433952651904405,0.0419418390866115,0.352057066376969,0.296541677529299,0.40319130242502,FALSE,FALSE
"24-35",9.7,-0.43807141670656,0.0423170742894026,0.354720302539122,0.298917669130991,0.406081326512563,FALSE,FALSE
"24-35",9.8,-0.442177686499869,0.0426904119184065,0.357364562331482,0.301279503835192,0.408947772372205,FALSE,FALSE
"24-35",9.9,-0.446271332250496,0.043061833554196,0.359989906878543,0.303627206003254,0.411790749396722,FALSE,FALSE
"24-35",10,-0.450352224924604,0.0434313208210449,0.362596397357662,0.305960800135136,0.414610366762369,FALSE,FALSE
"24-35",10.1,-0.454420235488357,0.0437988553878094,0.365184094987351,0.308280310861551,0.41740673341399,FALSE,FALSE
"24-35",10.2,-0.458475234907919,0.0441644189688285,0.3677530610157,0.310585762936151,0.420179958050394,FALSE,FALSE
"24-35",10.3,-0.462517094149454,0.0445279933248416,0.370303356708923,0.312877181227749,0.422930149109956,FALSE,FALSE
"24-35",10.4,-0.466545684179124,0.0448895602639242,0.372835043340034,0.315154590712584,0.425657414756472,FALSE,FALSE
"24-35",10.5,-0.470560875963093,0.0452491016424445,0.375348182177651,0.317418016466615,0.428361862865251,FALSE,FALSE
"24-35",10.6,-0.474562540467525,0.0456065993660371,0.377842834474914,0.319667483657855,0.431043601009445,FALSE,FALSE
"24-35",10.7,-0.478550548658584,0.0459620353905992,0.380319061458539,0.321903017538739,0.433702736446605,FALSE,FALSE
"24-35",10.8,-0.482524771502433,0.0463153917233051,0.382776924317978,0.324124643438526,0.436339376105476,FALSE,FALSE
"24-35",10.9,-0.486485079965235,0.0466666504236432,0.385216484194714,0.326332386755732,0.438953626573015,FALSE,FALSE
"24-35",11,-0.490431345013155,0.0470157936044743,0.387637802171656,0.328526272950598,0.441545594081641,FALSE,FALSE
"24-35",11.1,-0.494363437612356,0.0473628034331119,0.39004093926267,0.330706327537588,0.444115384496691,FALSE,FALSE
"24-35",11.2,-0.498281228729001,0.047707662132425,0.392425956402211,0.332872576077911,0.446663103304116,FALSE,FALSE
"24-35",11.3,-0.502184589329254,0.0480503519819647,0.394792914435072,0.335025044172084,0.449188855598375,FALSE,FALSE
"24-35",11.4,-0.506073390379278,0.0483908553191143,0.39714187410625,0.337163757452511,0.451692746070555,FALSE,FALSE
"24-35",11.5,-0.509947502845238,0.0487291545402643,0.399472896050917,0.339288741576094,0.454174878996697,FALSE,FALSE
"24-35",11.6,-0.513806797693296,0.0490652321020121,0.401786040784502,0.341400022216869,0.456635358226325,FALSE,FALSE
"24-35",11.7,-0.517651145889617,0.0493990705223881,0.404081368692885,0.343497625058669,0.459074287171191,FALSE,FALSE
"24-35",11.8,-0.521480418400364,0.0497306523821073,0.406358940022685,0.345581575787802,0.46149176879421,FALSE,FALSE
"24-35",11.9,-0.5252944861917,0.0500599603258492,0.408618814871668,0.347651900085763,0.463887905598607,FALSE,FALSE
"24-35",12,-0.529093220229789,0.0503869770635648,0.410861053179248,0.349708623621955,0.466262799617247,FALSE,FALSE
"24-35",12.1,-0.532876491480795,0.0507116853718125,0.413085714717092,0.351751772046439,0.468616552402172,FALSE,FALSE
"24-35",12.2,-0.53664417091088,0.0510340680951229,0.415292859079827,0.353781370982696,0.470949265014319,FALSE,FALSE
"24-35",12.3,-0.54039612948621,0.0513541081473946,0.417482545675839,0.355797446020411,0.473261038013437,FALSE,FALSE
"24-35",12.4,-0.544132238172947,0.0516717885133198,0.419654833718178,0.357800022708267,0.475551971448176,FALSE,FALSE
"24-35",12.5,-0.547852367937255,0.0519870922498424,0.421809782215553,0.359789126546759,0.477822164846373,FALSE,FALSE
"24-35",12.6,-0.551556389745297,0.0523000024876483,0.423947449963418,0.361764782981018,0.48007171720551,FALSE,FALSE
"24-35",12.7,-0.555244174563238,0.052610502432689,0.426067895535158,0.363727017393648,0.482300726983352,FALSE,FALSE
"24-35",12.8,-0.55891559335724,0.0529185753677398,0.428171177273354,0.36567585509757,0.484509292088766,FALSE,FALSE
"24-35",12.9,-0.562570517093467,0.0532242046539927,0.43025735328115,0.367611321328878,0.486697509872699,FALSE,FALSE
"24-35",13,-0.566208816738084,0.0535273737326859,0.432326481413696,0.369533441239702,0.488865477119343,FALSE,FALSE
"24-35",13.1,-0.569830363257252,0.0538280661267701,0.434378619269684,0.371442239891073,0.491013290037455,FALSE,FALSE
"24-35",13.2,-0.573435027617137,0.0541262654426126,0.436413824182963,0.373337742245799,0.493141044251851,FALSE,FALSE
"24-35",13.3,-0.577022680783901,0.0544219553717413,0.438432153214239,0.375219973161331,0.495248834795053,FALSE,FALSE
"24-35",13.4,-0.580593193723708,0.0547151196926277,0.440433663142853,0.377088957382647,0.497336756099107,FALSE,FALSE
"24-35",13.5,-0.584146437402722,0.055005742272512,0.442418410458644,0.378944719535118,0.499404901987554,FALSE,FALSE
"24-35",13.6,-0.587682282787106,0.0552938070692698,0.44438645135388,0.38078728411738,0.501453365667553,FALSE,FALSE
"24-35",13.7,-0.591200600843024,0.055579298133323,0.446337841715273,0.382616675494205,0.503482239722164,FALSE,FALSE
"24-35",13.8,-0.59470126253664,0.0558621996095945,0.448272637116063,0.384432917889352,0.50549161610278,FALSE,FALSE
"24-35",13.9,-0.598184138834116,0.056142495739509,0.450190892808175,0.386236035378427,0.507481586121703,FALSE,FALSE
"24-35",14,-0.601649100701618,0.0564201708630413,0.452092663714448,0.388026051881721,0.509452240444871,FALSE,FALSE
"24-35",14.1,-0.605096019105307,0.0566952094208121,0.453978004420935,0.389802991157035,0.511403669084732,FALSE,FALSE
"24-35",14.2,-0.608524765011348,0.0569675959562338,0.455846969169262,0.391566876792502,0.513335961393252,FALSE,FALSE
"24-35",14.3,-0.611935209385905,0.0572373151177077,0.45769961184906,0.393317732199383,0.51524920605507,FALSE,FALSE
"24-35",14.4,-0.61532722319514,0.057504351660873,0.45953598599046,0.395055580604845,0.517143491080787,FALSE,FALSE
"24-35",14.5,-0.618700677405218,0.0577686904509095,0.461356144756643,0.396780445044726,0.519018903800393,FALSE,FALSE
"24-35",14.6,-0.622055442982302,0.0580303164648965,0.463160140936463,0.398492348356269,0.520875530856829,FALSE,FALSE
"24-35",14.7,-0.625391390892555,0.0582892147942271,0.464948026937115,0.400191313170835,0.522713458199676,FALSE,FALSE
"24-35",14.8,-0.628708392102142,0.0585453706470824,0.466719854776869,0.401877361906591,0.524532771078979,FALSE,FALSE
"24-35",14.9,-0.632006317577226,0.0587987693509644,0.468475676077853,0.403550516761165,0.526333554039198,FALSE,FALSE
"24-35",15,-0.63528503828397,0.0590493963552913,0.470215542058894,0.405210799704268,0.528115890913285,FALSE,FALSE
"24-35",15.1,-0.638544425188537,0.0592972372340559,0.471939503528409,0.406858232470284,0.529879864816882,FALSE,FALSE
"24-35",15.2,-0.641784349257093,0.0595422776885488,0.473647610877343,0.408492836550826,0.531625558142653,FALSE,FALSE
"24-35",15.3,-0.6450046814558,0.0597845035501492,0.475339914072158,0.410114633187243,0.533353052554724,FALSE,FALSE
"24-35",15.4,-0.648205292750821,0.060023900783184,0.477016462647871,0.411723643363097,0.535062428983249,FALSE,FALSE
"24-35",15.5,-0.65138605410832,0.0602604554878574,0.478677305701124,0.413319887796581,0.536753767619097,FALSE,FALSE
"24-35",15.6,-0.654546836494462,0.0604941539032539,0.480322491883314,0.414903386932903,0.538427147908652,FALSE,FALSE
"24-35",15.7,-0.657687510875409,0.0607249824104153,0.481952069393751,0.416474160936609,0.540082648548727,FALSE,FALSE
"24-35",15.8,-0.660807948217325,0.0609529275354948,0.483566085972858,0.418032229683855,0.541720347481596,FALSE,FALSE
"24-35",15.9,-0.663908019486373,0.0611779759529904,0.485164588895411,0.419577612754625,0.543340321890137,FALSE,FALSE
"24-35",16,-0.666987595648718,0.0614001144890589,0.486747624963811,0.421110329424887,0.544942648193085,FALSE,FALSE
"24-35",16.1,-0.670046547670522,0.0616193301249138,0.488315240501393,0.422630398658683,0.546527402040396,FALSE,FALSE
"24-35",16.2,-0.67308474651795,0.0618356100003091,0.489867481345759,0.424137839100158,0.548094658308725,FALSE,FALSE
"24-35",16.3,-0.676102063157165,0.0620489414171113,0.491404392842155,0.425632669065512,0.549644491097003,FALSE,FALSE
"24-35",16.4,-0.67909836855433,0.0622593118429621,0.492926019836857,0.427114906534889,0.55117697372213,FALSE,FALSE
"24-35",16.5,-0.682073533675609,0.0624667089150349,0.494432406670601,0.428584569144175,0.55269217871477,FALSE,FALSE
"24-35",16.6,-0.685027429487166,0.0626711204438868,0.495923597172026,0.430041674176728,0.554190177815251,FALSE,FALSE
"24-35",16.7,-0.687959926955164,0.0628725344174102,0.497399634651141,0.431486238555017,0.555671041969576,FALSE,FALSE
"24-35",16.8,-0.690870897045767,0.0630709390048853,0.498860561892818,0.432918278832173,0.557134841325528,FALSE,FALSE
"24-35",16.9,-0.693760210725138,0.0632663225611375,0.500306421150296,0.43433781118345,0.558581645228891,FALSE,FALSE
"24-35",17,-0.696627738959441,0.0634586736308027,0.501737254138706,0.435744851397587,0.560011522219765,FALSE,FALSE
"24-35",17.1,-0.69947335271484,0.0636479809527025,0.503153102028612,0.437139414868069,0.561424540028986,FALSE,FALSE
"24-35",17.2,-0.702296922957498,0.0638342334643344,0.504554005439558,0.438521516584286,0.562820765574655,FALSE,FALSE
"24-35",17.3,-0.705098320653578,0.0640174203064776,0.505940004433634,0.439891171122582,0.564200264958761,FALSE,FALSE
"24-35",17.4,-0.707877416769245,0.0641975308279213,0.507311138509046,0.441248392637183,0.565563103463913,FALSE,FALSE
"24-35",17.5,-0.710634082270662,0.0643745545903149,0.508667446593692,0.442593194851016,0.56690934555017,FALSE,FALSE
"24-35",17.6,-0.713368188123992,0.0645484813731479,0.510008967038748,0.443925591046398,0.568239054851979,FALSE,FALSE
"24-35",17.7,-0.716079605295399,0.0647193011788594,0.511335737612253,0.445245594055597,0.569552294175213,FALSE,FALSE
"24-35",17.8,-0.718768204751046,0.0648870042380842,0.512647795492694,0.446553216251262,0.570849125494312,FALSE,FALSE
"24-35",17.9,-0.721433857457098,0.0650515810150367,0.513945177262592,0.447848469536709,0.572129609949528,FALSE,FALSE
"24-35",18,-0.724076434379717,0.0652130222130392,0.515227918902087,0.449131365336065,0.573393807844281,FALSE,FALSE
"24-35",18.1,-0.726695806485068,0.0653713187801964,0.516496055782514,0.450401914584262,0.574641778642609,FALSE,FALSE
"24-35",18.2,-0.729291844739314,0.0655264619152225,0.517749622659972,0.451660127716874,0.575873580966736,FALSE,FALSE
"24-35",18.3,-0.731864420108618,0.0656784430734237,0.518988653668886,0.452906014659791,0.577089272594739,FALSE,FALSE
"24-35",18.4,-0.734413403559144,0.0658272539728415,0.520213182315559,0.454139584818728,0.57828891045833,FALSE,FALSE
"24-35",18.5,-0.736938666057056,0.065972886600562,0.521423241471706,0.45536084706855,0.579472550640743,FALSE,FALSE
"24-35",18.6,-0.739440078568518,0.0661153332191942,0.522618863367975,0.456569809742433,0.580640248374734,FALSE,FALSE
"24-35",18.7,-0.74191752767853,0.0662545891148612,0.52380008702514,0.457766486176443,0.581792066819657,FALSE,FALSE
"24-35",18.8,-0.744371051895427,0.0663906764582058,0.524967022905595,0.458950943088751,0.582928153289086,FALSE,FALSE
"24-35",18.9,-0.746800775285693,0.0665236324569056,0.526119820584313,0.460123276699452,0.584048700840118,FALSE,FALSE
"24-35",19,-0.749206822873793,0.0666534944476755,0.527258628284898,0.461283582576815,0.585153900450894,FALSE,FALSE
"24-35",19.1,-0.751589319684192,0.0667802997234871,0.528383592451249,0.462431955312951,0.58624394052538,FALSE,FALSE
"24-35",19.2,-0.753948390741356,0.0669040855292754,0.529494857776079,0.463568488540397,0.587319006937528,FALSE,FALSE
"24-35",19.3,-0.756284161069751,0.0670248890576828,0.530592567228983,0.464693274948468,0.588379283074642,FALSE,FALSE
"24-35",19.4,-0.758596755693843,0.067142747444839,0.531676862084049,0.46580640629936,0.589424949879963,FALSE,FALSE
"24-35",19.5,-0.760886299638097,0.0672576977661703,0.53274788194704,0.466907973444026,0.590456185894474,FALSE,FALSE
"24-35",19.6,-0.763152917926979,0.0673697770322384,0.533805764782135,0.467998066337841,0.591473167297947,FALSE,FALSE
"24-35",19.7,-0.765396735584955,0.0674790221846031,0.534850646938257,0.469076774056037,0.59247606794924,FALSE,FALSE
"24-35",19.8,-0.76761787763649,0.0675854700917077,0.535882663174971,0.470144184808944,0.593465059425862,FALSE,FALSE
"24-35",19.9,-0.76981646910605,0.0676891575447845,0.536901946687986,0.471200385957025,0.594440311062807,FALSE,FALSE
"24-35",20,-0.771992635018101,0.0677901212537773,0.537908629134251,0.472245464025721,0.595401989990676,FALSE,FALSE
"24-35",20.1,-0.774146500397109,0.0678883978432792,0.538902840656651,0.473279504720103,0.5963502611731,FALSE,FALSE
"24-35",20.2,-0.776278190267539,0.0679840238484835,0.539884709908329,0.474302592939346,0.597285287443474,FALSE,FALSE
"24-35",20.3,-0.778387829653857,0.0680770357111461,0.540854364076614,0.475314812791029,0.598207229541003,FALSE,FALSE
"24-35",20.4,-0.780475543580529,0.0681674697755576,0.541811928906587,0.47631624760526,0.599116246146095,FALSE,FALSE
"24-35",20.5,-0.78254145707202,0.0682553622845226,0.54275752872427,0.477306979948639,0.600012493915085,FALSE,FALSE
"24-35",20.6,-0.784585695152796,0.0683407493753472,0.543691286459466,0.478287091638057,0.600896127514323,FALSE,FALSE
"24-35",20.7,-0.786608382847323,0.0684236670758297,0.544613323668234,0.47925666375434,0.601767299653619,FALSE,FALSE
"24-35",20.8,-0.788609645180066,0.0685041513002572,0.545523760555024,0.480215776655746,0.602626161119073,FALSE,FALSE
"24-35",20.9,-0.790589607175492,0.0685822378454046,0.546422715994468,0.481164509991305,0.603472860805287,FALSE,FALSE
"24-35",21,-0.792548393858065,0.0686579623865353,0.547310307552838,0.482102942714026,0.604307545746976,FALSE,FALSE
"24-35",21.1,-0.794486130252252,0.0687313604734043,0.548186651509168,0.483031153093957,0.605130361149985,FALSE,FALSE
"24-35",21.2,-0.796402941382518,0.0688024675262614,0.549051862876058,0.483949218731111,0.605941450421726,FALSE,FALSE
"24-35",21.3,-0.79829895227333,0.0688713188318543,0.549906055420161,0.484857216568263,0.606740955201047,FALSE,FALSE
"24-35",21.4,-0.800174287949152,0.068937949539432,0.550749341682352,0.485755222903614,0.607529015387527,FALSE,FALSE
"24-35",21.5,-0.80202907343445,0.0690023946567474,0.551581832997593,0.486643313403329,0.608305769170237,FALSE,FALSE
"24-35",21.6,-0.803863433753691,0.069064689046059,0.552403639514497,0.487521563113954,0.60907135305594,FALSE,FALSE
"24-35",21.7,-0.80567749393134,0.0691248674201312,0.553214870214592,0.488390046474712,0.609825901896772,FALSE,FALSE
"24-35",21.8,-0.807471378991861,0.0691829643382343,0.554015632931301,0.489248837329684,0.610569548917392,FALSE,FALSE
"24-35",21.9,-0.809245213959723,0.0692390142021432,0.554806034368624,0.490098008939865,0.611302425741623,FALSE,FALSE
"24-35",22,-0.810999123859389,0.0692930512521354,0.555586180119548,0.490937633995124,0.612024662418587,FALSE,FALSE
"24-35",22.1,-0.812733233715326,0.069345109562988,0.556356174684179,0.491767784626038,0.612736387448338,FALSE,FALSE
"24-35",22.2,-0.814447668551999,0.069395223039976,0.557116121487597,0.492588532415627,0.613437727807021,FALSE,FALSE
"24-35",22.3,-0.816142553393875,0.0694434254148689,0.557866122897448,0.493399948410979,0.61412880897154,FALSE,FALSE
"24-35",22.4,-0.817818013265418,0.0694897502419301,0.558606280241273,0.494202103134769,0.614809754943767,FALSE,FALSE
"24-35",22.5,-0.819474173191094,0.0695342308939167,0.559336693823579,0.494995066596684,0.615480688274284,FALSE,FALSE
"24-35",22.6,-0.82111115819537,0.0695769005580818,0.56005746294265,0.495778908304732,0.616141730085675,FALSE,FALSE
"24-35",22.7,-0.822729093302711,0.0696177922321803,0.560768685907117,0.496553697276465,0.616793000095377,FALSE,FALSE
"24-35",22.8,-0.824328103537582,0.0696569387204781,0.561470460052281,0.497319502050099,0.617434616638093,FALSE,FALSE
"24-35",22.9,-0.825908313924449,0.0696943726297668,0.562162881756185,0.49807639069553,0.61806669668778,FALSE,FALSE
"24-35",23,-0.827469849487779,0.0697301263653841,0.562846046455463,0.498824430825267,0.618689355879213,FALSE,FALSE
"24-35",23.1,-0.829012835252037,0.0697642321272419,0.563520048660945,0.499563689605261,0.619302708529148,FALSE,FALSE
"24-35",23.2,-0.830537396241687,0.0697967219058625,0.564184981973036,0.500294233765638,0.619906867657068,FALSE,FALSE
"24-35",23.3,-0.832043657481197,0.0698276274784249,0.56484093909687,0.501016129611349,0.620501945005553,FALSE,FALSE
"24-35",23.4,-0.833531743995032,0.069856980404822,0.565488011857242,0.501729443032716,0.621088051060242,FALSE,FALSE
"24-35",23.5,-0.835001780807657,0.0698848120237315,0.56612629121332,0.502434239515894,0.62166529506943,FALSE,FALSE
"24-35",23.6,-0.836453892943539,0.0699111534486994,0.566755867273142,0.503130584153237,0.622233785063287,FALSE,FALSE
"24-35",23.7,-0.837888205427142,0.0699360355642414,0.567376829307905,0.503818541653574,0.622793627872713,FALSE,FALSE
"24-35",23.8,-0.839304843282933,0.0699594890219607,0.567989265766041,0.504498176352397,0.623344929147836,FALSE,FALSE
"24-35",23.9,-0.840703931535378,0.0699815442366858,0.568593264287095,0.505169552221951,0.623887793376162,FALSE,FALSE
"24-35",24,-0.842085595208941,0.0700022313826296,0.569188911715396,0.505832732881242,0.624422323900377,FALSE,FALSE
"24-35",24.1,-0.84344995932809,0.0700215803895717,0.569776294113532,0.506487781605948,0.624948622935823,FALSE,FALSE
"24-35",24.2,-0.844797148917289,0.0700396209390663,0.57035549677563,0.507134761338241,0.625466791587633,FALSE,FALSE
"24-35",24.3,-0.846127289001004,0.0700563824606776,0.570926604240447,0.507773734696521,0.625976929867557,FALSE,FALSE
"24-35",24.4,-0.8474405046037,0.0700718941282441,0.571489700304269,0.508404763985053,0.626479136710466,FALSE,FALSE
"24-35",24.5,-0.848736920749845,0.0700861848561758,0.572044868033624,0.50902791120352,0.626973509990552,FALSE,FALSE
"24-35",24.6,-0.850016662463903,0.0700992832957847,0.572592189777816,0.509643238056473,0.627460146537224,FALSE,FALSE
"24-35",24.7,-0.85127985477034,0.070111217831652,0.573131747181273,0.5102508059627,0.627939142150717,FALSE,FALSE
"24-35",24.8,-0.852526622693621,0.0701220165780348,0.573663621195728,0.510850676064496,0.628410591617406,FALSE,FALSE
"24-35",24.9,-0.853757091258213,0.0701317073753129,0.574187892092212,0.511442909236837,0.628874588724842,FALSE,FALSE
"24-35",25,-0.854971385488581,0.070140317786481,0.574704639472888,0.512027566096462,0.62933122627652,FALSE,FALSE
"24-35",25.1,-0.856169630409191,0.0701478750936865,0.575213942282709,0.512604707010863,0.629780596106372,FALSE,FALSE
"24-35",25.2,-0.857351951044509,0.0701544062948169,0.575715878820909,0.513174392107169,0.630222789093004,FALSE,FALSE
"24-35",25.3,-0.858518472419,0.0701599381001385,0.576210526752337,0.51373668128094,0.630657895173675,FALSE,FALSE
"24-35",25.4,-0.859669319557129,0.0701644969289913,0.576697963118621,0.514291634204862,0.63108600335803,FALSE,FALSE
"24-35",25.5,-0.860804617483364,0.0701681089065392,0.577178264349179,0.514839310337336,0.631507201741595,FALSE,FALSE
"24-35",25.6,-0.861924491222168,0.0701707998605826,0.577651506272071,0.515379768930972,0.631921577519032,FALSE,FALSE
"24-35",25.7,-0.863029065798009,0.070172595318433,0.578117764124697,0.515913069040979,0.63232921699716,FALSE,FALSE
"24-35",25.8,-0.864118466235352,0.0701735205038543,0.578577112564342,0.516439269533447,0.63273020560777,FALSE,FALSE
"24-35",25.9,-0.865192817558662,0.0701736003340734,0.579029625678574,0.516958429093531,0.633124627920201,FALSE,FALSE
"24-35",26,-0.866252244792405,0.0701728594168626,0.579475376995495,0.517470606233521,0.633512567653726,FALSE,FALSE
"24-35",26.1,-0.867296872961047,0.070171322047698,0.579914439493839,0.517975859300806,0.633894107689718,FALSE,FALSE
"24-35",26.2,-0.868326827089054,0.0701690122069956,0.580346885612937,0.518474246485732,0.634269330083624,FALSE,FALSE
"24-35",26.3,-0.869342232200891,0.0701659535574296,0.580772787262535,0.518965825829341,0.634638316076745,FALSE,FALSE
"24-35",26.4,-0.870343213321024,0.0701621694413351,0.58119221583247,0.519450655230998,0.635001146107835,FALSE,FALSE
"24-35",26.5,-0.871329895473919,0.0701576828781987,0.581605242202219,0.519928792455912,0.635357899824502,FALSE,FALSE
"24-35",26.6,-0.872302403684041,0.0701525165622407,0.582011936750303,0.520400295142522,0.635708656094456,FALSE,FALSE
"24-35",26.7,-0.873260862975856,0.0701466928600907,0.582412369363558,0.520865220809782,0.63605349301657,FALSE,FALSE
"24-35",26.8,-0.87420539837383,0.0701402338085621,0.582806609446284,0.52132362686431,0.636392487931783,FALSE,FALSE
"24-35",26.9,-0.875136134902429,0.0701331611125267,0.58319472592925,0.521775570607427,0.636725717433851,FALSE,FALSE
"24-35",27,-0.876053197586118,0.0701254961428934,0.583576787278586,0.522221109242057,0.637053257379933,FALSE,FALSE
"24-35",27.1,-0.876956711449363,0.0701172599346953,0.583952861504535,0.52266029987951,0.63737518290104,FALSE,FALSE
"24-35",27.2,-0.877846801516629,0.0701084731852865,0.58432301617009,0.523093199546133,0.637691568412338,FALSE,FALSE
"24-35",27.3,-0.878723592812383,0.0700991562526537,0.584687318399507,0.523519865189823,0.638002487623314,FALSE,FALSE
"24-35",27.4,-0.87958721036109,0.0700893291538449,0.58504583488669,0.523940353686417,0.638308013547816,FALSE,FALSE
"24-35",27.5,-0.880437779187216,0.0700790115635195,0.585398631903465,0.524354721845935,0.638608218513964,FALSE,FALSE
"24-35",27.6,-0.881275424315226,0.070068222812621,0.585745775307729,0.524763026418692,0.638903174173937,FALSE,FALSE
"24-35",27.7,-0.882100270769587,0.0700569818871785,0.586087330551489,0.525165324101265,0.639192951513656,FALSE,FALSE
"24-35",27.8,-0.882912443574763,0.0700453074272382,0.58642336268878,0.525561671542315,0.639477620862346,FALSE,FALSE
"24-35",27.9,-0.883712067755221,0.0700332177259285,0.586753936383472,0.525952125348271,0.639757251901999,FALSE,FALSE
"24-35",28,-0.884499268335426,0.0700207307286628,0.587079115916968,0.52633674208886,0.640031913676742,FALSE,FALSE
"24-35",28.1,-0.885274170339844,0.0700078640324819,0.587398965195781,0.526715578302484,0.640301674602095,FALSE,FALSE
"24-35",28.2,-0.886036898792941,0.0699946348855412,0.587713547759017,0.527088690501452,0.640566602474161,FALSE,FALSE
"24-35",28.3,-0.886787578719183,0.069981060186743,0.588022926785734,0.527456135177048,0.640826764478715,FALSE,FALSE
"24-35",28.4,-0.887526335143034,0.0699671564855205,0.588327165102209,0.52781796880445,0.641082227200218,FALSE,FALSE
"24-35",28.5,-0.888253293088961,0.0699529399817731,0.588626325189084,0.528174247847481,0.641333056630759,FALSE,FALSE
"24-35",28.6,-0.88896857758143,0.0699384265259595,0.588920469188425,0.5285250287632,0.641579318178927,FALSE,FALSE
"24-35",28.7,-0.889672313644906,0.0699236316193487,0.58920965891066,0.528870368006329,0.64182107667861,FALSE,FALSE
"24-35",28.8,-0.890364626303855,0.069908570414434,0.589493955841433,0.52921032203351,0.642058396397744,FALSE,FALSE
"24-35",28.9,-0.891045640582743,0.0698932577155117,0.589773421148342,0.529544947307395,0.642291341046997,FALSE,FALSE
"24-35",29,-0.891715481506035,0.0698777079794284,0.590048115687586,0.529874300300556,0.64251997378841,FALSE,FALSE
"24-35",29.1,-0.892374274098197,0.0698619353164993,0.590318100010513,0.530198437499229,0.64274435724398,FALSE,FALSE
"24-35",29.2,-0.893022143383695,0.0698459534915997,0.590583434370069,0.530517415406869,0.642964553504206,FALSE,FALSE
"24-35",29.3,-0.893659214386995,0.069829775925434,0.590844178727149,0.530831290547541,0.643180624136604,FALSE,FALSE
"24-35",29.4,-0.894285612132561,0.0698134156959836,0.591100392756857,0.531140119469108,0.643392630194171,FALSE,FALSE
"24-35",29.5,-0.89490146164486,0.0697968855401375,0.591352135854668,0.531443958746249,0.643600632223831,FALSE,FALSE
"24-35",29.6,-0.895506887948359,0.0697801978555065,0.591599467142502,0.531742864983281,0.643804690274857,FALSE,FALSE
"24-35",29.7,-0.896102016067521,0.0697633647024262,0.591842445474696,0.532036894816798,0.644004863907257,FALSE,FALSE
"24-35",29.8,-0.896686971026813,0.0697463978061483,0.592081129443896,0.532326104918106,0.64420121220016,FALSE,FALSE
"24-35",29.9,-0.897261877850702,0.0697293085592254,0.592315577386853,0.532610551995478,0.644393793760173,FALSE,FALSE
"24-35",30,-0.897826861563651,0.0697121080240898,0.592545847390127,0.532890292796193,0.644582666729738,FALSE,FALSE
"24-35",30.1,-0.898382047190128,0.0696948069358291,0.592771997295707,0.533165384108395,0.644767888795476,FALSE,FALSE
"24-35",30.2,-0.898927559754597,0.0696774157051621,0.592994084706542,0.533435882762732,0.644949517196532,FALSE,FALSE
"24-35",30.3,-0.899463524281525,0.0696599444216148,0.593212166991984,0.533701845633803,0.645127608732922,FALSE,FALSE
"24-35",30.4,-0.899990065795377,0.0696424028569009,0.593426301293146,0.53396332964139,0.645302219773878,FALSE,FALSE
"24-35",30.5,-0.900507309320619,0.0696248004685074,0.593636544528172,0.534220391751488,0.64547340626621,FALSE,FALSE
"24-35",30.6,-0.901015379881717,0.0696071464034885,0.593842953397428,0.534473088977113,0.645641223742673,FALSE,FALSE
"24-35",30.7,-0.901514402503137,0.0695894495024683,0.594045584388603,0.53472147837891,0.645805727330352,FALSE,FALSE
"24-35",30.8,-0.902004502209343,0.0695717183038554,0.594244493781728,0.534965617065532,0.645966971759061,FALSE,FALSE
"24-35",30.9,-0.902485804024802,0.0695539610482704,0.594439737654119,0.53520556219381,0.646125011369769,FALSE,FALSE
"24-35",31,-0.902958432973979,0.0695361856831889,0.59463137188523,0.535441370968698,0.64627990012305,FALSE,FALSE
"24-35",31.1,-0.903422514081341,0.0695183998678002,0.594819452161428,0.535673100642999,0.646431691607552,FALSE,FALSE
"24-35",31.2,-0.903878172371353,0.069500610978085,0.59500403398069,0.535900808516863,0.646580439048506,FALSE,FALSE
"24-35",31.3,-0.90432553286848,0.0694828261121124,0.595185172657218,0.53612455193706,0.646726195316267,FALSE,FALSE
"24-35",31.4,-0.904764720597188,0.0694650520955578,0.595362923325973,0.536344388296029,0.646869012934886,FALSE,FALSE
"24-35",31.5,-0.905195860581944,0.069447295487444,0.595537340947135,0.53656037503069,0.647008944090727,FALSE,FALSE
"24-35",31.6,-0.905619077847212,0.0694295625861053,0.595708480310481,0.536772569621028,0.647146040641119,FALSE,FALSE
"24-35",31.7,-0.906034497417459,0.0694118594353775,0.59587639603969,0.536981029588439,0.647280354123064,FALSE,FALSE
"24-35",31.8,-0.90644224431715,0.0693941918310131,0.596041142596565,0.537185812493848,0.647411935761975,FALSE,FALSE
"24-35",31.9,-0.90684244357075,0.0693765653273252,0.596202774285186,0.53738697593558,0.64754083648048,FALSE,FALSE
"24-35",32,-0.907235220202726,0.0693589852440587,0.596361345255979,0.537584577546999,0.647667106907269,FALSE,FALSE
"24-35",32.1,-0.907620699237543,0.0693414566734915,0.596516909509719,0.537778674993898,0.647790797385994,FALSE,FALSE
"24-35",32.2,-0.907999005699668,0.069323984487766,0.596669520901451,0.53796932597166,0.64791195798423,FALSE,FALSE
"24-35",32.3,-0.908370264613565,0.0693065733464513,0.596819233144341,0.538156588202156,0.648030638502493,FALSE,FALSE
"24-35",32.4,-0.9087346010037,0.0692892277043387,0.596966099813449,0.538340519430414,0.64814688848332,FALSE,FALSE
"24-35",32.5,-0.909092139894539,0.0692719518194686,0.597110174349432,0.538521177421031,0.648260757220406,FALSE,FALSE
"24-35",32.6,-0.909443006310549,0.0692547497613918,0.597251510062177,0.538698619954338,0.648372293767817,FALSE,FALSE
"24-35",32.7,-0.909787325276193,0.0692376254196648,0.597390160134353,0.538872904822319,0.648481546949255,FALSE,FALSE
"24-35",32.8,-0.910125221815939,0.0692205825125797,0.597526177624897,0.539044089824272,0.648588565367407,FALSE,FALSE
"24-35",32.9,-0.910456820954252,0.0692036245961297,0.59765961547243,0.539212232762219,0.64869339741335,FALSE,FALSE
"24-35",33,-0.910782247715597,0.06918675507321,0.597790526498594,0.539377391436068,0.648796091276044,FALSE,FALSE
"24-35",33.1,-0.91110162712444,0.0691699772030559,0.597918963411328,0.539539623638508,0.64889669495188,FALSE,FALSE
"24-35",33.2,-0.911415084205248,0.0691532941109166,0.598044978808064,0.539698987149661,0.648995256254322,FALSE,FALSE
"24-35",33.3,-0.911722743982485,0.0691367087979665,0.598168625178861,0.539855539731461,0.64909182282361,FALSE,FALSE
"24-35",33.4,-0.912024731480618,0.0691202241514542,0.598289954909461,0.54000933912179,0.649186442136554,FALSE,FALSE
"24-35",33.5,-0.912321171724112,0.0691038429550888,0.598409020284286,0.54016044302834,0.649279161516401,FALSE,FALSE
"24-35",33.6,-0.912612189737433,0.0690875678996644,0.598525873489352,0.540308909122225,0.649370028142782,FALSE,FALSE
"24-35",33.7,-0.912897910545046,0.0690714015939222,0.598640566615128,0.540454795031327,0.649459089061745,FALSE,FALSE
"24-35",33.8,-0.913178459171417,0.0690553465756521,0.598753151659317,0.540598158333375,0.649546391195872,FALSE,FALSE
"24-35",33.9,-0.913453960641013,0.0690394053230312,0.598863680529573,0.540739056548772,0.649631981354477,FALSE,FALSE
"24-35",34,-0.913724539978298,0.0690235802662023,0.598972205046148,0.540877547133145,0.64971590624389,FALSE,FALSE
"24-35",34.1,-0.913990322207738,0.0690078737990898,0.599078776944473,0.541013687469642,0.649798212477832,FALSE,FALSE
"24-35",34.2,-0.9142514323538,0.0689922882914555,0.599183447877668,0.541147534860954,0.649878946587873,FALSE,FALSE
"24-35",34.3,-0.914507995440948,0.0689768261011913,0.59928626941899,0.541279146521075,0.649958155033981,FALSE,FALSE
"24-35",34.4,-0.914760136493649,0.0689614895868527,0.599387293064211,0.541408579566801,0.650035884215157,FALSE,FALSE
"24-35",34.5,-0.915007980536367,0.0689462811204283,0.599486570233927,0.541535891008952,0.650112180480163,FALSE,FALSE
"24-35",34.6,-0.91525165259357,0.0689312031003501,0.599584152275804,0.541661137743335,0.65018709013834,FALSE,FALSE
"24-35",34.7,-0.915491277689722,0.06891625796474,0.599680090466758,0.541784376541438,0.650260659470517,FALSE,FALSE
"24-35",34.8,-0.91572698084929,0.0689014482048958,0.599774436015064,0.541905664040852,0.650332934740008,FALSE,FALSE
"24-35",34.9,-0.915958887096739,0.0688867763790138,0.599867240062406,0.542025056735431,0.650403962203705,FALSE,FALSE
"24-35",35,-0.916187121456534,0.06887224512615,0.599958553685854,0.542142610965184,0.65047378812326,FALSE,FALSE
"24-35",35.1,-0.916411808953142,0.0688578571804178,0.600048427899781,0.542258382905896,0.650542458776365,FALSE,FALSE
"24-35",35.2,-0.916633074611028,0.0688436153854226,0.600136913657714,0.542372428558482,0.650610020468114,FALSE,FALSE
"24-35",35.3,-0.916851043454658,0.0688295227089328,0.600224061854113,0.542484803738081,0.650676519542469,FALSE,FALSE
"24-35",35.4,-0.917065840508497,0.0688155822577875,0.600309923326097,0.542595564062874,0.650742002393808,FALSE,FALSE
"24-35",35.5,-0.917277590797011,0.0688017972930379,0.600394548855093,0.54270476494264,0.650806515478572,FALSE,FALSE
"24-35",35.6,-0.917486419344667,0.0687881712453256,0.600477989168428,0.54281246156705,0.650870105327002,FALSE,FALSE
"24-35",35.7,-0.917692451175929,0.0687747077304933,0.600560294940853,0.542918708893688,0.650932818554964,FALSE,FALSE
"24-35",35.8,-0.917895811315263,0.06876141056543,0.600641516796006,0.543023561635817,0.65099470187587,FALSE,FALSE
"24-35",35.9,-0.918096624787136,0.0687482837841482,0.600721705307804,0.543127074249875,0.651055802112685,FALSE,FALSE
"24-35",36,-0.918295016616012,0.0687353316540931,0.600800911001777,0.543229300922715,0.651116166210023,FALSE,FALSE
"24-35",36.1,-0.918491111826358,0.0687225586926829,0.600879184356338,0.543330295558581,0.651175841246337,FALSE,FALSE
"24-35",36.2,-0.918685035442639,0.0687099696840776,0.600956575803984,0.543430111765824,0.651234874446189,FALSE,FALSE
"24-35",36.3,-0.918876912489321,0.0686975696961776,0.601033135732435,0.543528802843364,0.651293313192609,FALSE,FALSE
"24-35",36.4,-0.919066867990869,0.0686853640978481,0.601108914485715,0.543626421766897,0.651351205039539,FALSE,FALSE
"24-35",36.5,-0.91925502697175,0.0686733585763707,0.60118396236516,0.543723021174841,0.65140859772436,FALSE,FALSE
"24-35",36.6,-0.919441514456429,0.0686615591551173,0.60125832963037,0.543818653354042,0.6514655391805,FALSE,FALSE
"24-35",36.7,-0.919626455469371,0.0686499722114478,0.601332066500095,0.54391337022522,0.651522077550116,FALSE,FALSE
"24-35",36.8,-0.919809975035043,0.0686386044948275,0.601405223153054,0.544007223328176,0.651578261196864,FALSE,FALSE
"24-35",36.9,-0.91999219817791,0.0686274631451631,0.601477849728699,0.544100263806754,0.651634138718735,FALSE,FALSE
"24-35",37,-0.920173249922437,0.0686165557113544,0.601549996327908,0.544192542393559,0.651689758960962,FALSE,FALSE
"24-35",37.1,-0.920353255293092,0.0686058901700606,0.601621713013618,0.544284109394441,0.651745171029004,FALSE,FALSE
"24-35",37.2,-0.920532339314338,0.0685954749446761,0.601693049811398,0.544375014672746,0.651800424301587,FALSE,FALSE
"24-35",37.3,-0.920710627010643,0.0685853189245157,0.601764056709953,0.544465307633336,0.651855568443815,FALSE,FALSE
"24-35",37.4,-0.9208882375678,0.0685754310284795,0.601834781336815,0.544555034954003,0.651910651077038,FALSE,FALSE
"24-35",37.5,-0.921065218243833,0.0685658150692307,0.601905242651057,0.544644215078386,0.6519656912759,FALSE,FALSE
"24-35",37.6,-0.921241567891666,0.0685564716074956,0.601975440331469,0.544732847298446,0.652020689041054,FALSE,FALSE
"24-35",37.7,-0.921417284462661,0.0685474016506048,0.602045373697861,0.544820930096158,0.652075644364028,FALSE,FALSE
"24-35",37.8,-0.921592365908183,0.0685386067062783,0.602115042070088,0.544908461506592,0.652130557577526,FALSE,FALSE
"24-35",37.9,-0.921766810179592,0.0685300887661104,0.602184444768051,0.544995439133049,0.652185429343905,FALSE,FALSE
"24-35",38,-0.921940615228252,0.0685218502891803,0.602253581111689,0.54508186016206,0.652240260643743,FALSE,FALSE
"24-35",38.1,-0.922113779005524,0.0685138941857888,0.602322450420973,0.545167721378244,0.652295052764502,FALSE,FALSE
"24-35",38.2,-0.922286299462771,0.068506223801323,0.602391052015904,0.545253019179034,0.652349807289296,FALSE,FALSE
"24-35",38.3,-0.922458174551356,0.0684988429002485,0.602459385216505,0.545337749589259,0.652404526085755,FALSE,FALSE
"24-35",38.4,-0.92262940222264,0.0684917556502307,0.602527449342819,0.545421908275588,0.652459211294979,FALSE,FALSE
"24-35",38.5,-0.922799980427987,0.0684849666063869,0.602595243714899,0.545505490560842,0.652513865320605,FALSE,FALSE
"24-35",38.6,-0.922969907118758,0.0684784806956669,0.602662767652809,0.545588491438161,0.652568490817963,FALSE,FALSE
"24-35",38.7,-0.923139180246316,0.0684723032013663,0.602730020476615,0.545670905585036,0.652623090683333,FALSE,FALSE
"24-35",38.8,-0.923307797762024,0.0684664397477708,0.602797001506381,0.545752727377193,0.652677668043305,FALSE,FALSE
"24-35",38.9,-0.923475757617243,0.0684608962849318,0.602863710062164,0.545833950902356,0.652732226244239,FALSE,FALSE
"24-35",39,-0.923643057763336,0.0684556790735767,0.602930145464009,0.545914569973849,0.652786768841816,FALSE,FALSE
"24-35",39.1,-0.923809696151666,0.0684507946701507,0.602996307031941,0.545994578144077,0.652841299590704,FALSE,FALSE
"24-35",39.2,-0.923975670733595,0.0684462499119935,0.603062194085967,0.546073968717852,0.652895822434312,FALSE,FALSE
"24-35",39.3,-0.924140979460485,0.0684420519026505,0.603127805946061,0.546152734765594,0.65295034149465,FALSE,FALSE
"24-35",39.4,-0.924305620283698,0.0684382079973192,0.603193141932168,0.546230869136383,0.653004861062289,FALSE,FALSE
"24-35",39.5,-0.924469591154598,0.0684347257884306,0.603258201364192,0.546308364470869,0.653059385586427,FALSE,FALSE
"24-35",39.6,-0.924632890024546,0.0684316130913688,0.603322983561997,0.54638521321405,0.653113919665042,FALSE,FALSE
"24-35",39.7,-0.924795514844905,0.068428877930326,0.603387487845395,0.546461407627903,0.65316846803517,FALSE,FALSE
"24-35",39.8,-0.924957463567037,0.0684265285242968,0.603451713534145,0.546536939803879,0.65322303556326,FALSE,FALSE
"24-35",39.9,-0.925118734142304,0.0684245732732112,0.603515659947949,0.54661180167525,0.653277627235651,FALSE,FALSE
"24-35",40,-0.92527932452207,0.0684230207442066,0.603579326406442,0.546685985029323,0.653332248149142,FALSE,FALSE
"24-35",40.1,-0.925439232657696,0.0684218796580411,0.60364271222919,0.546759481519506,0.65338690350167,FALSE,FALSE
"24-35",40.2,-0.925598456500544,0.0684211588756485,0.603705816735686,0.546832282677231,0.653441598583088,FALSE,FALSE
"24-35",40.3,-0.925756994001978,0.0684208673848356,0.60376863924534,0.546904379923743,0.65349633876605,FALSE,FALSE
"24-35",40.4,-0.925914843113359,0.0684210142871237,0.603831179077478,0.546975764581735,0.653551129497004,FALSE,FALSE
"24-35",40.5,-0.92607200178605,0.0684216087847343,0.603893435551335,0.547046427886842,0.653605976287285,FALSE,FALSE
"24-35",40.6,-0.926228467971414,0.0684226601677223,0.60395540798605,0.547116360998998,0.653660884704318,FALSE,FALSE
"24-35",40.7,-0.926384239620811,0.0684241778012556,0.60401709570066,0.547185555013635,0.653715860362931,FALSE,FALSE
"24-35",40.8,-0.926539314685606,0.0684261711130438,0.604078498014095,0.547254000972748,0.653770908916768,FALSE,FALSE
"24-35",40.9,-0.926693691117161,0.0684286495809181,0.604139614245173,0.547321689875805,0.653826036049822,FALSE,FALSE
"24-35",41,-0.926847366866837,0.0684316227205616,0.604200443712594,0.547388612690512,0.653881247468067,FALSE,FALSE
"24-35",41.1,-0.927000339885997,0.0684351000733939,0.604260985734936,0.547454760363432,0.65393654889121,FALSE,FALSE
"24-35",41.2,-0.927152608126004,0.0684390911946108,0.604321239630646,0.547520123830449,0.653991946044552,FALSE,FALSE
"24-35",41.3,-0.92730416953822,0.0684436056413801,0.60438120471804,0.547584694027086,0.654047444650955,FALSE,FALSE
"24-35",41.4,-0.927455022074007,0.0684486529611967,0.604440880315293,0.547648461898674,0.654103050422938,FALSE,FALSE
"24-35",41.5,-0.927605163684728,0.0684542426803966,0.604500265740434,0.547711418410358,0.654158769054873,FALSE,FALSE
"24-35",41.6,-0.927754592321745,0.0684603842928346,0.604559360311344,0.54777355455696,0.654214606215308,FALSE,FALSE
"24-35",41.7,-0.92790330593642,0.068467087248725,0.604618163345748,0.547834861372683,0.654270567539403,FALSE,FALSE
"24-35",41.8,-0.928051302480117,0.0684743609436489,0.604676674161207,0.547895329940657,0.654326658621484,FALSE,FALSE
"24-35",41.9,-0.928198579904196,0.0684822147077284,0.604734892075118,0.547954951402333,0.654382885007724,FALSE,FALSE
"24-35",42,-0.928345136160021,0.0684906577949726,0.604792816404703,0.54801371696671,0.654439252188937,FALSE,FALSE
"24-35",42.1,-0.928490969198954,0.0684996993727945,0.60485044646701,0.548071617919412,0.6544957655935,FALSE,FALSE
"24-35",42.2,-0.928636076972358,0.0685093485117021,0.604907781578898,0.548128645631598,0.654552430580399,FALSE,FALSE
"24-35",42.3,-0.928780457431594,0.0685196141751666,0.604964821057043,0.548184791568709,0.654609252432401,FALSE,FALSE
"24-35",42.4,-0.928924108528026,0.0685305052096693,0.605021564217921,0.548240047299052,0.65466623634935,FALSE,FALSE
"24-35",42.5,-0.929067028213015,0.068542030334928,0.60507801037781,0.548294404502222,0.654723387441597,FALSE,FALSE
"24-35",42.6,-0.929209214437924,0.0685541981343083,0.605134158852784,0.548347854977353,0.654780710723558,FALSE,FALSE
"24-35",42.7,-0.929350665154116,0.0685670170454185,0.605190008958702,0.548400390651202,0.654838211107401,FALSE,FALSE
"24-35",42.8,-0.929491378312952,0.0685804953508933,0.605245560011208,0.548452003586064,0.654895893396869,FALSE,FALSE
"24-35",42.9,-0.929631351865795,0.0685946411693661,0.605300811325722,0.548502685987517,0.654953762281239,FALSE,FALSE
"24-35",43,-0.929770583764007,0.0686094624466342,0.605355762217437,0.548552430211992,0.655011822329412,FALSE,FALSE
"24-35",43.1,-0.929909071958952,0.0686249669470177,0.60541041200131,0.548601228774172,0.655070077984149,FALSE,FALSE
"24-35",43.2,-0.930046814401991,0.0686411622449147,0.60546475999206,0.548649074354215,0.655128533556434,FALSE,FALSE
"24-35",43.3,-0.930183809044486,0.0686580557165558,0.60551880550416,0.548695959804798,0.655187193219992,FALSE,FALSE
"24-35",43.4,-0.930320053837801,0.0686756545319586,0.60557254785183,0.548741878157987,0.655246061005936,FALSE,FALSE
"24-35",43.5,-0.930455546733297,0.0686939656470852,0.605625986349034,0.548786822631925,0.655305140797564,FALSE,FALSE
"24-35",43.6,-0.930590285682336,0.0687129957962055,0.605679120309474,0.54883078663734,0.655364436325304,FALSE,FALSE
"24-35",43.7,-0.930724268636282,0.0687327514844661,0.605731949046584,0.548873763783872,0.655423951161792,FALSE,FALSE
"24-35",43.8,-0.930857493546496,0.0687532389806702,0.60578447187352,0.548915747886217,0.655483688717115,FALSE,FALSE
"24-35",43.9,-0.930989958364342,0.0687744643102665,0.605836688103162,0.548956732970084,0.65554365223419,FALSE,FALSE
"24-35",44,-0.93112166104118,0.0687964332485524,0.605888597048102,0.54899671327797,0.655603844784296,FALSE,FALSE
"24-35",44.1,-0.931252599528374,0.0688191513140917,0.60594019802064,0.549035683274746,0.655664269262757,FALSE,FALSE
"24-35",44.2,-0.931382771777287,0.0688426237623485,0.60599149033278,0.549073637653055,0.655724928384782,FALSE,FALSE
"24-35",44.3,-0.93151217573928,0.0688668555795392,0.60604247329622,0.549110571338527,0.655785824681453,FALSE,FALSE
"24-35",44.4,-0.931640809365715,0.0688918514767053,0.60609314622235,0.549146479494793,0.655846960495865,FALSE,FALSE
"24-35",44.5,-0.931768670607956,0.0689176158840064,0.606143508422246,0.54918135752832,0.65590833797943,FALSE,FALSE
"24-35",44.6,-0.931895757417365,0.0689441529452366,0.606193559206661,0.549215201093048,0.65596995908833,FALSE,FALSE
"24-35",44.7,-0.932022067745303,0.0689714665125652,0.606243297886021,0.549248006094836,0.656031825580128,FALSE,FALSE
"24-35",44.8,-0.932147599543134,0.0689995601415024,0.606292723770421,0.549279768695717,0.65609393901054,FALSE,FALSE
"24-35",44.9,-0.93227235076222,0.0690284370860917,0.606341836169614,0.549310485317957,0.656156300730362,FALSE,FALSE
"24-35",45,-0.932396319353923,0.0690581002943304,0.60639063439301,0.549340152647923,0.656218911882559,FALSE,FALSE
"24-35",45.1,-0.932519503269606,0.0690885524038175,0.606439117749669,0.549368767639752,0.656281773399508,FALSE,FALSE
"24-35",45.2,-0.93264190046063,0.0691197957376328,0.606487285548292,0.549396327518827,0.656344886000409,FALSE,FALSE
"24-35",45.3,-0.932763508878359,0.0691518323004439,0.606535137097218,0.549422829785066,0.656408250188851,FALSE,FALSE
"24-35",45.4,-0.932884326474154,0.0691846637748459,0.606582671704417,0.549448272215997,0.656471866250537,FALSE,FALSE
"24-35",45.5,-0.933004351199379,0.069218291517931,0.606629888677486,0.54947265286966,0.656535734251177,FALSE,FALSE
"24-35",45.6,-0.933123581005395,0.0692527165580901,0.606676787323637,0.549495970087291,0.656599854034533,FALSE,FALSE
"24-35",45.7,-0.933242013843564,0.0692879395920463,0.6067233669497,0.549518222495833,0.65666422522063,FALSE,FALSE
"24-35",45.8,-0.93335964766525,0.0693239609821195,0.606769626862107,0.549539409010233,0.656728847204129,FALSE,FALSE
"24-35",45.9,-0.933476480421815,0.0693607807537241,0.606815566366893,0.549559528835551,0.656793719152854,FALSE,FALSE
"24-35",46,-0.933592510064621,0.0693983985930971,0.60686118476969,0.549578581468881,0.656858840006487,FALSE,FALSE
"24-35",46.1,-0.93370773454503,0.0694368138452582,0.606906481375715,0.549596566701065,0.656924208475417,FALSE,FALSE
"24-35",46.2,-0.933822151814405,0.0694760255122009,0.606951455489768,0.549613484618224,0.656989823039753,FALSE,FALSE
"24-35",46.3,-0.933935759824108,0.0695160322513137,0.606996106416227,0.549629335603087,0.657055681948488,FALSE,FALSE
"24-35",46.4,-0.934048556525501,0.0695568323740314,0.607040433459039,0.549644120336137,0.657121783218831,FALSE,FALSE
"24-35",46.5,-0.934160539869948,0.0695984238447149,0.607084435921715,0.549657839796559,0.657188124635688,FALSE,FALSE
"24-35",46.6,-0.93427170780881,0.0696408042797593,0.607128113107324,0.549670495262997,0.657254703751306,FALSE,FALSE
"24-35",46.7,-0.934382058293449,0.0696839709469286,0.607171464318486,0.549682088314126,0.657321517885066,FALSE,FALSE
"24-35",46.8,-0.934491589275229,0.0697279207649162,0.607214488857367,0.549692620829031,0.657388564123433,FALSE,FALSE
"24-35",46.9,-0.934600298705511,0.06977265030313,0.607257186025672,0.549702094987402,0.657455839320065,FALSE,FALSE
"24-35",47,-0.934708184535658,0.0698181557816998,0.607299555124638,0.549710513269541,0.65752334009606,FALSE,FALSE
"24-35",47.1,-0.934815244717032,0.0698644330717066,0.607341595455029,0.549717878456183,0.65759106284037,FALSE,FALSE
"24-35",47.2,-0.934921477200995,0.0699114776956311,0.60738330631713,0.549724193628141,0.657659003710348,FALSE,FALSE
"24-35",47.3,-0.935026879938911,0.0699592848280203,0.607424687010738,0.549729462165756,0.65772715863246,FALSE,FALSE
"24-35",47.4,-0.935131450882141,0.0700078492963694,0.607465736835159,0.549733687748184,0.657795523303125,FALSE,FALSE
"24-35",47.5,-0.935235187982048,0.070057165582218,0.607506455089201,0.549736874352487,0.657864093189714,FALSE,FALSE
"24-35",47.6,-0.935338089189994,0.0701072278224579,0.607546841071164,0.549739026252563,0.657932863531683,FALSE,FALSE
"24-35",47.7,-0.935440152457342,0.0701580298108498,0.60758689407884,0.549740148017893,0.658001829341847,FALSE,FALSE
"24-35",47.8,-0.935541375735453,0.0702095649997472,0.607626613409501,0.549740244512114,0.658070985407802,FALSE,FALSE
"24-35",47.9,-0.935641756975691,0.0702618265020251,0.607665998359896,0.549739320891427,0.65814032629347,FALSE,FALSE
"24-35",48,-0.935741294129418,0.0703148070932102,0.60770504822624,0.549737382602834,0.658209846340788,FALSE,FALSE
"24-35",48.1,-0.935839985147995,0.0703684992138104,0.607743762304216,0.549734435382206,0.658279539671529,FALSE,FALSE
"24-35",48.2,-0.935937827982786,0.0704228949718411,0.60778213988896,0.549730485252194,0.658349400189251,FALSE,FALSE
"24-35",48.3,-0.936034820585153,0.0704779861455452,0.60782018027506,0.549725538519964,0.658419421581373,FALSE,FALSE
"24-35",48.4,-0.936130960906458,0.0705337641863034,0.607857882756544,0.54971960177479,0.658489597321381,FALSE,FALSE
"24-35",48.5,-0.936226246898064,0.0705902202217327,0.607895246626881,0.549712681885478,0.658559920671157,FALSE,FALSE
"24-35",48.6,-0.936320676511333,0.0706473450589702,0.607932271178968,0.549704785997635,0.658630384683425,FALSE,FALSE
"24-35",48.7,-0.936414247697627,0.0707051291881371,0.607968955705128,0.549695921530795,0.658700982204321,FALSE,FALSE
"24-35",48.8,-0.936506958408309,0.0707635627859833,0.608005299497098,0.54968609617538,0.658771705876076,FALSE,FALSE
"24-35",48.9,-0.936598806594741,0.0708226357197052,0.60804130184603,0.549675317889531,0.658842548139816,FALSE,FALSE
"24-35",49,-0.936689790208286,0.0708823375509372,0.608076962042477,0.549663594895777,0.658913501238468,FALSE,FALSE
"24-35",49.1,-0.936779907200305,0.0709426575399113,0.608112279376391,0.549650935677575,0.658984557219784,FALSE,FALSE
"24-35",49.2,-0.936869155522162,0.0710035846497818,0.608147253137115,0.549637348975702,0.659055707939458,FALSE,FALSE
"24-35",49.3,-0.936957533125218,0.0710651075511131,0.608181882613376,0.549622843784513,0.659126945064361,FALSE,FALSE
"24-35",49.4,-0.937045037960837,0.0711272146265254,0.60821616709328,0.549607429348066,0.659198260075869,FALSE,FALSE
"24-35",49.5,-0.93713166798038,0.071189893975496,0.608250105864302,0.549591115156108,0.659269644273288,FALSE,FALSE
"24-35",49.6,-0.93721742113521,0.0712531334193126,0.608283698213282,0.549573910939941,0.659341088777379,FALSE,FALSE
"24-35",49.7,-0.937302295376689,0.0713169205061751,0.60831694342642,0.549555826668154,0.659412584533979,FALSE,FALSE
"24-35",49.8,-0.93738628865618,0.0713812425164426,0.608349840789265,0.549536872542234,0.659484122317702,FALSE,FALSE
"24-35",49.9,-0.937469398925044,0.0714460864680219,0.608382389586709,0.549517058992054,0.659555692735742,FALSE,FALSE
"24-35",50,-0.937551624134646,0.0715114391218945,0.608414589102985,0.549496396671245,0.659627286231749,FALSE,FALSE
"24-35",50.1,-0.937632962236345,0.0715772869877788,0.608446438621653,0.549474896452447,0.659698893089796,FALSE,FALSE
"24-35",50.2,-0.937713411181506,0.0716436163299231,0.608477937425601,0.549452569422449,0.659770503438424,FALSE,FALSE
"24-35",50.3,-0.937792968921491,0.071710413173028,0.608509084797029,0.549429426877217,0.659842107254763,FALSE,FALSE
"24-35",50.4,-0.937871633407661,0.0717776633082929,0.608539880017453,0.549405480316813,0.659913694368734,FALSE,FALSE
"24-35",50.5,-0.93794940259138,0.0718453522995844,0.608570322367689,0.549380741440209,0.659985254467314,FALSE,FALSE
"24-35",50.6,-0.938026274424009,0.0719134654897238,0.60860041112785,0.549355222139992,0.660056777098885,FALSE,FALSE
"24-35",50.7,-0.938102246856912,0.071981988006889,0.60863014557734,0.549328934496975,0.66012825167764,FALSE,FALSE
"24-35",50.8,-0.93817731784145,0.0720509047711296,0.608659524994846,0.549301890774703,0.660199667488057,FALSE,FALSE
"24-35",50.9,-0.938251485328986,0.0721202005009904,0.608688548658328,0.54927410341386,0.660271013689445,FALSE,FALSE
"24-35",51,-0.938324747270882,0.0721898597202415,0.60871721584502,0.549245585026593,0.660342279320536,FALSE,FALSE
"24-35",51.1,-0.9383971016185,0.0722598667647116,0.608745525831415,0.549216348390725,0.660413453304155,FALSE,FALSE
"24-35",51.2,-0.938468546323204,0.0723302057892216,0.60877347789326,0.549186406443896,0.660484524451929,FALSE,FALSE
"24-35",51.3,-0.938539079336355,0.0724008607746159,0.608801071305554,0.549155772277602,0.660555481469062,FALSE,FALSE
"24-35",51.4,-0.938608698609315,0.0724718155348886,0.608828305342535,0.549124459131153,0.660626312959161,FALSE,FALSE
"24-35",51.5,-0.938677402093448,0.0725430537244018,0.608855179277675,0.549092480385548,0.660697007429112,FALSE,FALSE
"24-35",51.6,-0.938745187740116,0.0726145588451936,0.608881692383674,0.549059849557266,0.660767553294003,FALSE,FALSE
"24-35",51.7,-0.93881205350068,0.0726863142543739,0.608907843932452,0.549026580291971,0.660837938882099,FALSE,FALSE
"24-35",51.8,-0.938877997326504,0.0727583031716045,0.608933633195142,0.548992686358146,0.660908152439861,FALSE,FALSE
"24-35",51.9,-0.938943017168949,0.0728305086866618,0.608959059442083,0.548958181640643,0.660978182137004,FALSE,FALSE
"24-35",52,-0.939007110979378,0.0729029137670805,0.608984121942813,0.548923080134164,0.661048016071609,FALSE,FALSE
"24-35",52.1,-0.939070276709154,0.0729755012658754,0.609008819966062,0.548887395936659,0.661117642275262,FALSE,FALSE
"24-35",52.2,-0.939132512309639,0.0730482539293395,0.609033152779744,0.548851143242656,0.661187048718242,FALSE,FALSE
"24-35",52.3,-0.939193815732195,0.0731211544049165,0.609057119650952,0.548814336336517,0.661256223314747,FALSE,FALSE
"24-35",52.4,-0.939254184928184,0.0731941852491468,0.609080719845947,0.54877698958563,0.66132515392815,FALSE,FALSE
"24-35",52.5,-0.93931361784897,0.0732673289356839,0.609103952630154,0.54873911743352,0.661393828376299,FALSE,FALSE
"24-35",52.6,-0.939372112445913,0.0733405678633808,0.609126817268157,0.5487007343929,0.661462234436844,FALSE,FALSE
"24-35",52.7,-0.939429666670378,0.0734138843644445,0.609149313023684,0.548661855038654,0.661530359852608,FALSE,FALSE
"24-35",52.8,-0.939486278473726,0.0734872607126572,0.609171439159607,0.548622494000752,0.661598192336977,FALSE,FALSE
"24-35",52.9,-0.939541945807319,0.0735606791316635,0.609193194937933,0.548582665957095,0.661665719579336,FALSE,FALSE
"24-35",53,-0.93959666662252,0.0736341218033221,0.609214579619793,0.548542385626305,0.661732929250527,FALSE,FALSE
"24-35",53.1,-0.939650438870691,0.0737075708761208,0.60923559246544,0.548501667760441,0.661799809008338,FALSE,FALSE
"24-35",53.2,-0.939703260503195,0.0737810084736551,0.60925623273424,0.548460527137657,0.661866346503032,FALSE,FALSE
"24-35",53.3,-0.939755129471395,0.0738544167031678,0.60927649968466,0.548418978554793,0.661932529382892,FALSE,FALSE
"24-35",53.4,-0.939806043726651,0.073927777664151,0.60929639257427,0.548377036819904,0.661998345299803,FALSE,FALSE
"24-35",53.5,-0.939856001220328,0.0740010734570087,0.609315910659726,0.548334716744727,0.662063781914863,FALSE,FALSE
"24-35",53.6,-0.939904999903786,0.0740742861917801,0.609335053196769,0.548292033137085,0.662128826904023,FALSE,FALSE
"24-35",53.7,-0.93995303772839,0.0741473979969235,0.609353819440213,0.548249000793227,0.662193467963753,FALSE,FALSE
"24-35",53.8,-0.9400001126455,0.0742203910281598,0.609372208643944,0.548205634490106,0.662257692816737,FALSE,FALSE
"24-35",53.9,-0.940046222606479,0.0742932474773776,0.609390220060905,0.548161948977591,0.662321489217602,FALSE,FALSE
"24-35",54,-0.940091365562691,0.0743659495815973,0.609407852943093,0.548117958970626,0.662384844958671,FALSE,FALSE
"24-35",54.1,-0.940135539465496,0.0744384796319968,0.609425106541552,0.548073679141309,0.662447747875748,FALSE,FALSE
"24-35",54.2,-0.940178742266258,0.074510819982998,0.609441980106361,0.548029124110924,0.662510185853932,FALSE,FALSE
"24-35",54.3,-0.940220971916339,0.0745829530614148,0.609458472886633,0.547984308441893,0.662572146833461,FALSE,FALSE
"24-35",54.4,-0.940262226367101,0.0746548613756633,0.609474584130501,0.547939246629677,0.662633618815588,FALSE,FALSE
"24-35",54.5,-0.940302503569907,0.0747265275250346,0.609490313085116,0.547893953094601,0.662694589868491,FALSE,FALSE
"24-35",54.6,-0.940341801476119,0.0747979342090319,0.609505658996634,0.547848442173618,0.662755048133208,FALSE,FALSE
"24-35",54.7,-0.940380118037099,0.0748690642367717,0.609520621110214,0.547802728112001,0.662814981829615,FALSE,FALSE
"24-35",54.8,-0.94041745120421,0.0749399005364511,0.609535198670004,0.547756825054969,0.66287437926243,FALSE,FALSE
"24-35",54.9,-0.940453798928815,0.0750104261648817,0.609549390919141,0.547710747039245,0.662933228827256,FALSE,FALSE
"24-35",55,-0.940489159162275,0.0750806243170923,0.609563197099736,0.547664507984543,0.662991519016663,FALSE,FALSE
"24-35",55.1,-0.940523529855953,0.0751504783360005,0.609576616452872,0.547618121684977,0.6630492384263,FALSE,FALSE
"24-35",55.2,-0.940556908961211,0.0752199717221563,0.609589648218591,0.547571601800402,0.663106375761054,FALSE,FALSE
"24-35",55.3,-0.940589294429412,0.0752890881435578,0.609602291635891,0.547524961847685,0.663162919841244,FALSE,FALSE
"24-35",55.4,-0.940620684211918,0.075357811445542,0.609614545942717,0.547478215191888,0.663218859608858,FALSE,FALSE
"24-35",55.5,-0.940651076260092,0.0754261256607512,0.60962641037595,0.547431375037381,0.663274184133835,FALSE,FALSE
"24-35",55.6,-0.940680468525296,0.0754940150191791,0.609637884171403,0.547384454418877,0.663328882620389,FALSE,FALSE
"24-35",55.7,-0.940708858958892,0.0755614639582956,0.609648966563813,0.54733746619238,0.663382944413383,FALSE,FALSE
"24-35",55.8,-0.940736245512242,0.0756284571332555,0.609659656786831,0.547290423026052,0.663436359004743,FALSE,FALSE
"24-35",55.9,-0.94076262613671,0.075694979427191,0.609669954073015,0.547243337391,0.663489116039938,FALSE,FALSE
"24-35",56,-0.940787998783657,0.0757610159615921,0.609679857653823,0.547196221551969,0.663541205324492,FALSE,FALSE
"24-35",56.1,-0.940812361404446,0.0758265521067757,0.609689366759603,0.547149087557949,0.663592616830568,FALSE,FALSE
"24-35",56.2,-0.940835711950439,0.075891573492447,0.609698480619589,0.547101947232695,0.663643340703596,FALSE,FALSE
"24-35",56.3,-0.940858048372999,0.075956066018356,0.609707198461888,0.547054812165144,0.663693367268962,FALSE,FALSE
"24-35",56.4,-0.940879368623487,0.0760200158650505,0.609715519513477,0.54700769369975,0.663742687038765,FALSE,FALSE
"24-35",56.5,-0.940899670653267,0.0760834095047296,0.609723443000191,0.546960602926709,0.663791290718621,FALSE,FALSE
"24-35",56.6,-0.940918952884105,0.0761462352519965,0.609730968330301,0.546913549517811,0.663839170387215,FALSE,FALSE
"24-35",56.7,-0.940937216775035,0.0762084916977013,0.609738096096238,0.546866535398376,0.663886325913959,FALSE,FALSE
"24-35",56.8,-0.94095446499169,0.0762701817695856,0.609744827360058,0.546819559189142,0.663932760426005,FALSE,FALSE
"24-35",56.9,-0.940970700202765,0.0763313087990448,0.609751163183726,0.546772619153072,0.663978477311171,FALSE,FALSE
"24-35",57,-0.940985925076954,0.0763918765061665,0.609757104627941,0.546725713207074,0.664023480206941,FALSE,FALSE
"24-35",57.1,-0.941000142282955,0.0764518889948573,0.609762652752135,0.546678838926156,0.664067772997158,FALSE,FALSE
"24-35",57.2,-0.941013354489463,0.0765113507480426,0.609767808614494,0.546631993547512,0.664111359808771,FALSE,FALSE
"24-35",57.3,-0.941025564365173,0.0765702666229376,0.60977257327196,0.546585173974557,0.664154245008648,FALSE,FALSE
"24-35",57.4,-0.941036774578781,0.0766286418463869,0.60977694778025,0.546538376780896,0.66419643320043,FALSE,FALSE
"24-35",57.5,-0.941046987798982,0.0766864820102715,0.609780933193858,0.546491598214242,0.664237929221452,FALSE,FALSE
"24-35",57.6,-0.941056206694472,0.0767437930669811,0.609784530566071,0.546444834200269,0.664278738139704,FALSE,FALSE
"24-35",57.7,-0.941064433933947,0.0768005813249499,0.609787740948979,0.546398080346427,0.664318865250856,FALSE,FALSE
"24-35",57.8,-0.941071672186102,0.0768568534442531,0.609790565393482,0.546351331945686,0.664358316075319,FALSE,FALSE
"24-35",57.9,-0.941077924119633,0.0769126164322634,0.609793004949304,0.546304583980243,0.664397096355359,FALSE,FALSE
"24-35",58,-0.941083192403235,0.0769678776393648,0.609795060665002,0.546257831125175,0.664435212052259,FALSE,FALSE
"24-35",58.1,-0.941087479705604,0.0770226447547218,0.609796733587977,0.546211067752041,0.66447266934352,FALSE,FALSE
"24-35",58.2,-0.941090788695436,0.0770769258021016,0.609798024764482,0.546164287932447,0.66450947462011,FALSE,FALSE
"24-35",58.3,-0.941093122041425,0.0771307291357485,0.609798935239634,0.546117485441558,0.664545634483747,FALSE,FALSE
"24-35",58.4,-0.941094482412269,0.0771840634363071,0.609799466057424,0.546070653761571,0.664581155744229,FALSE,FALSE
"24-35",58.5,-0.941094872476661,0.077236937706793,0.609799618260729,0.546023786085148,0.664616045416797,FALSE,FALSE
"24-35",58.6,-0.941094294903299,0.0772893612686088,0.609799392891317,0.545976875318808,0.664650310719533,FALSE,FALSE
"24-35",58.7,-0.941092752360877,0.077341343757604,0.609798790989863,0.54592991408628,0.664683959070796,FALSE,FALSE
"24-35",58.8,-0.941090247518091,0.077392895120175,0.609797813595956,0.545882894731823,0.664716998086691,FALSE,FALSE
"24-35",58.9,-0.941086783043636,0.0774440256094059,0.609796461748107,0.545835809323511,0.664749435578567,FALSE,FALSE
"24-35",59,-0.941082361606209,0.077494745781245,0.609794736483765,0.545788649656482,0.664781279550542,FALSE,FALSE
"24-35",59.1,-0.941076985874505,0.0775450664907178,0.60979263883932,0.545741407256157,0.664812538197066,FALSE,FALSE
"24-35",59.2,-0.941070658517219,0.0775949988881722,0.60979016985012,0.545694073381434,0.664843219900499,FALSE,FALSE
"24-35",59.3,-0.941063382203047,0.077644554415556,0.609787330550473,0.545646639027847,0.664873333228719,FALSE,FALSE
"24-35",59.4,-0.941055159600684,0.077693744802722,0.609784121973663,0.545599094930701,0.664902886932756,FALSE,FALSE
"24-35",59.5,-0.941045993378827,0.077742582063762,0.60978054515196,0.545551431568187,0.664931889944443,FALSE,FALSE
"24-35",59.6,-0.94103588620617,0.0777910784933648,0.609776601116625,0.545503639164463,0.664960351374088,FALSE,FALSE
"24-35",59.7,-0.94102484075141,0.0778392466631976,0.609772290897922,0.545455707692729,0.664988280508169,FALSE,FALSE
"24-35",59.8,-0.941012859683242,0.0778870994183089,0.60976761552513,0.545407626878263,0.66501568680704,FALSE,FALSE
"24-35",59.9,-0.940999945670361,0.0779346498735503,0.60976257602655,0.545359386201456,0.665042579902654,FALSE,FALSE
"24-35",60,-0.940986101381463,0.077981911410016,0.609757173429517,0.54531097490082,0.665068969596304,FALSE,FALSE
"24-35",60.1,-0.940971329485244,0.078028897671497,0.609751408760405,0.54526238197598,0.665094865856371,FALSE,FALSE
"24-35",60.2,-0.940955632650399,0.0780756225609491,0.609745283044642,0.545213596190661,0.665120278816087,FALSE,FALSE
"24-35",60.3,-0.940939013545624,0.0781221002369726,0.609738797306719,0.545164606075652,0.665145218771302,FALSE,FALSE
"24-35",60.4,-0.940921474839614,0.0781683451103008,0.609731952570194,0.545115399931769,0.665169696178268,FALSE,FALSE
"24-35",60.5,-0.940903019201065,0.078214371840297,0.609724749857709,0.545065965832797,0.665193721651417,FALSE,FALSE
"24-35",60.6,-0.940883649298673,0.0782601953314565,0.609717190190993,0.545016291628439,0.665217305961158,FALSE,FALSE
"24-35",60.7,-0.940863367801133,0.0783058307299137,0.609709274590876,0.544966364947245,0.665240460031663,FALSE,FALSE
"24-35",60.8,-0.940842177377141,0.07835129341995,0.609701004077297,0.544916173199542,0.665263194938666,FALSE,FALSE
"24-35",60.9,-0.940820080695392,0.0783965990205028,0.609692379669312,0.544865703580366,0.665285521907259,FALSE,FALSE
"24-35",61,-0.940797080424583,0.078441763381673,0.609683402385105,0.54481494307238,0.665307452309682,FALSE,FALSE
"24-35",61.1,-0.940773179233407,0.078486802581229,0.609674073241999,0.5447638784488,0.665328997663122,FALSE,FALSE
"24-35",61.2,-0.940748379790562,0.0785317329211056,0.609664393256458,0.544712496276322,0.665350169627497,FALSE,FALSE
"24-35",61.3,-0.940722684764742,0.0785765709238964,0.609654363444107,0.544660782918047,0.665370980003242,FALSE,FALSE
"24-35",61.4,-0.940696096824644,0.0786213333293383,0.609643984819732,0.544608724536408,0.665391440729084,FALSE,FALSE
"24-35",61.5,-0.940668618638962,0.0786660370907844,0.609633258397294,0.544556307096113,0.665411563879815,FALSE,FALSE
"24-35",61.6,-0.940640252876393,0.0787106993716668,0.609622185189938,0.54450351636708,0.665431361664051,FALSE,FALSE
"24-35",61.7,-0.940611002205632,0.0787553375419452,0.609610766209999,0.544450337927389,0.665450846421983,FALSE,FALSE
"24-35",61.8,-0.940580869295375,0.0787999691745406,0.609599002469015,0.544396757166237,0.665470030623115,FALSE,FALSE
"24-35",61.9,-0.940549856814317,0.0788446120417529,0.609586894977733,0.54434275928691,0.665488926863993,FALSE,FALSE
"24-35",62,-0.940517967431154,0.0788892841116602,0.609574444746121,0.544288329309758,0.665507547865915,FALSE,FALSE
"24-35",62.1,-0.94048520381458,0.0789340035444983,0.609561652783374,0.544233452075189,0.665525906472628,FALSE,FALSE
"24-35",62.2,-0.940451568633293,0.0789787886890204,0.609548520097925,0.54417811224667,0.665544015648014,FALSE,FALSE
"24-35",62.3,-0.940417064555988,0.0790236580788332,0.609535047697453,0.544122294313753,0.665561888473746,FALSE,FALSE
"24-35",62.4,-0.94038169425136,0.07906863042871,0.609521236588894,0.544065982595104,0.665579538146939,FALSE,FALSE
"24-35",62.5,-0.940345460388104,0.0791137246308783,0.609507087778445,0.544009161241559,0.665596977977776,FALSE,FALSE
"24-35",62.6,-0.940308365634917,0.0791589597512821,0.609492602271578,0.543951814239194,0.665614221387108,FALSE,FALSE
"24-35",62.7,-0.940270412660493,0.0792043550258149,0.609477781073047,0.543893925412411,0.665631281904043,FALSE,FALSE
"24-35",62.8,-0.940231604133529,0.0792499298565255,0.609462625186897,0.543835478427054,0.665648173163505,FALSE,FALSE
"24-35",62.9,-0.94019194272272,0.0792957038077932,0.609447135616471,0.543776456793531,0.665664908903772,FALSE,TRUE
"24-35",63,-0.940151431096762,0.0793416966024717,0.609431313364422,0.543716843869971,0.665681502963985,FALSE,TRUE
"24-35",63.1,-0.94011007192435,0.0793879281180014,0.609415159432718,0.5436566228654,0.665697969281645,FALSE,TRUE
"24-35",63.2,-0.94006786787418,0.0794344183824879,0.609398674822655,0.543595776842932,0.665714321890066,FALSE,TRUE
"24-35",63.3,-0.940024821614947,0.0794811875707473,0.609381860534861,0.543534288723,0.665730574915815,FALSE,TRUE
"24-35",63.4,-0.939980935815347,0.0795282560003158,0.609364717569309,0.543472141286597,0.665746742576116,FALSE,TRUE
"24-35",63.5,-0.939936213144076,0.0795756441274234,0.609347246925322,0.543409317178553,0.665762839176233,FALSE,TRUE
"24-35",63.6,-0.939890656269829,0.0796233725429312,0.609329449601584,0.543345798910835,0.665778879106817,FALSE,TRUE
"24-35",63.7,-0.939844267861301,0.0796714619682312,0.609311326596147,0.543281568865871,0.665794876841228,FALSE,TRUE
"24-35",63.8,-0.939797050587189,0.0797199332511083,0.609292878906441,0.543216609299909,0.665810846932823,FALSE,TRUE
"24-35",63.9,-0.939749007116188,0.0797688073615626,0.609274107529281,0.543150902346395,0.665826804012218,FALSE,TRUE
"24-35",64,-0.939700140116994,0.0798181053875937,0.609255013460877,0.543084430019389,0.665842762784516,FALSE,TRUE
"24-35",64.1,-0.939650452258301,0.0798678485309441,0.609235597696842,0.543017174217007,0.665858738026502,FALSE,TRUE
"24-35",64.2,-0.939599946208806,0.079918058102803,0.609215861232197,0.542949116724885,0.665874744583808,FALSE,TRUE
"24-35",64.3,-0.939548624637205,0.0799687555194692,0.609195805061386,0.542880239219688,0.665890797368048,FALSE,TRUE
"24-35",64.4,-0.939496490212192,0.0800199622979734,0.609175430178278,0.542810523272636,0.665906911353912,FALSE,TRUE
"24-35",64.5,-0.939443545602464,0.0800717000516588,0.609154737576181,0.542739950353065,0.665923101576237,FALSE,TRUE
"24-35",64.6,-0.939389793476716,0.0801239904857211,0.609133728247844,0.542668501832022,0.665939383127038,FALSE,TRUE
"24-35",64.7,-0.939335236503643,0.0801768553927064,0.609112403185471,0.542596158985889,0.665955771152511,FALSE,TRUE
"24-35",64.8,-0.939279877351942,0.0802303166479681,0.609090763380725,0.542522903000034,0.665972280849996,FALSE,TRUE
"24-35",64.9,-0.939223718690307,0.0802843962050822,0.609068809824741,0.542448714972496,0.665988927464911,FALSE,TRUE
"24-35",65,-0.939166763187435,0.0803391160912217,0.609046543508127,0.542373575917706,0.666005726287657,FALSE,TRUE
"24-35",65.1,-0.939109013512021,0.0803944984024893,0.609023965420981,0.542297466770229,0.666022692650477,FALSE,TRUE
"24-35",65.2,-0.93905047233276,0.0804505652992101,0.60900107655289,0.542220368388544,0.666039841924296,FALSE,TRUE
"24-35",65.3,-0.938991142318348,0.080507339001183,0.608977877892945,0.542142261558853,0.666057189515519,FALSE,TRUE
"24-35",65.4,-0.938931026137481,0.0805648417828932,0.608954370429747,0.542063126998921,0.6660747508628,FALSE,TRUE
"24-35",65.5,-0.938870126458855,0.0806230959686839,0.608930555151414,0.54198294536194,0.666092541433777,FALSE,TRUE
"24-35",65.6,-0.938808445951164,0.0806821239278904,0.608906433045589,0.541901697240433,0.666110576721777,FALSE,TRUE
"24-35",65.7,-0.938745987283105,0.0807419480699351,0.60888200509945,0.54181936317018,0.666128872242489,FALSE,TRUE
"24-35",65.8,-0.938682753123373,0.0808025908393854,0.608857272299715,0.541735923634173,0.666147443530601,FALSE,TRUE
"24-35",65.9,-0.938618746140663,0.0808640747109749,0.608832235632654,0.541651359066604,0.66616630613642,FALSE,TRUE
"24-35",66,-0.938553969003671,0.0809264221845889,0.608806896084092,0.541565649856872,0.666185475622444,FALSE,TRUE
"24-35",66.1,-0.938488424381094,0.0809896557802151,0.608781254639421,0.541478776353629,0.66620496755992,FALSE,TRUE
"24-35",66.2,-0.938422114941626,0.081053798032861,0.608755312283605,0.541390718868838,0.666224797525367,FALSE,TRUE
"24-35",66.3,-0.938355043353963,0.0811188714874383,0.608729070001189,0.54130145768187,0.666244981097069,FALSE,TRUE
"24-35",66.4,-0.9382872122868,0.0811848986936163,0.608702528776308,0.541210973043613,0.666265533851551,FALSE,TRUE
"24-35",66.5,-0.938218624408834,0.0812519022006456,0.608675689592692,0.541119245180615,0.666286471360019,FALSE,TRUE
"24-35",66.6,-0.938149282388759,0.0813199045521533,0.608648553433677,0.541026254299243,0.666307809184779,FALSE,TRUE
"24-35",66.7,-0.938079188895272,0.0813889282809106,0.60862112128221,0.540931980589865,0.666329562875637,FALSE,TRUE
"24-35",66.8,-0.938008346597067,0.0814589959035756,0.608593394120856,0.540836404231054,0.666351747966269,FALSE,TRUE
"24-35",66.9,-0.937936758162841,0.081530129915412,0.608565372931811,0.540739505393808,0.666374379970573,FALSE,TRUE
"24-35",67,-0.937864426261289,0.0816023527849861,0.608537058696903,0.54064126424579,0.666397474379004,FALSE,TRUE
"24-35",67.1,-0.937791353561107,0.0816756869488428,0.608508452397604,0.540541660955586,0.666421046654887,FALSE,TRUE
"24-35",67.2,-0.93771754273099,0.081750154806164,0.608479555015035,0.540440675696976,0.666445112230712,FALSE,TRUE
"24-35",67.3,-0.937642996439634,0.08182577871341,0.608450367529975,0.540338288653215,0.666469686504412,FALSE,TRUE
"24-35",67.4,-0.937567717355735,0.0819025809789468,0.608420890922869,0.540234480021338,0.666494784835636,FALSE,TRUE
"24-35",67.5,-0.937491708147987,0.081980583857661,0.608391126173835,0.540129230016462,0.666520422541995,FALSE,TRUE
"24-35",67.6,-0.937414971485087,0.0820598095455645,0.608361074262668,0.540022518876107,0.666546614895309,FALSE,TRUE
"24-35",67.7,-0.93733751003573,0.0821402801743917,0.608330736168855,0.539914326864519,0.666573377117835,FALSE,TRUE
"24-35",67.8,-0.937259326468612,0.0822220178061902,0.608300112871574,0.539804634277003,0.666600724378494,FALSE,TRUE
"24-35",67.9,-0.937180423452428,0.0823050444279095,0.608269205349709,0.539693421444256,0.666628671789089,FALSE,TRUE
"24-35",68,-0.937100803655874,0.0823893819459878,0.60823801458185,0.539580668736705,0.666657234400518,FALSE,TRUE
"24-35",68.1,-0.937020469747646,0.0824750521809413,0.608206541546307,0.539466356568848,0.666686427198986,FALSE,TRUE
"24-35",68.2,-0.936939424396439,0.0825620768619573,0.608174787221113,0.539350465403584,0.666716265102215,FALSE,TRUE
"24-35",68.3,-0.936857670270949,0.0826504776214943,0.608142752584033,0.539232975756552,0.666746762955658,FALSE,TRUE
"24-35",68.4,-0.93677521003987,0.0827402759898918,0.608110438612571,0.539113868200456,0.66677793552871,FALSE,TRUE
"24-35",68.5,-0.9366920463719,0.0828314933899922,0.608077846283977,0.538993123369387,0.666809797510934,FALSE,TRUE
"24-35",68.6,-0.936608181935734,0.082924151131777,0.608044976575254,0.53887072196313,0.666842363508288,FALSE,TRUE
"24-35",68.7,-0.936523619400066,0.0830182704070225,0.608011830463166,0.53874664475147,0.666875648039359,FALSE,TRUE
"24-35",68.8,-0.936438361433593,0.0831138722839738,0.607978408924243,0.538620872578474,0.666909665531615,FALSE,TRUE
"24-35",68.9,-0.93635241070501,0.0832109777020445,0.607944712934793,0.538493386366761,0.66694443031767,FALSE,TRUE
"24-35",69,-0.936265769883013,0.0833096074665407,0.607910743470904,0.538364167121758,0.666979956631557,FALSE,TRUE
"24-35",69.1,-0.936178441636297,0.0834097822434164,0.607876501508452,0.538233195935928,0.667016258605033,FALSE,TRUE
"24-35",69.2,-0.936090428633558,0.0835115225540589,0.60784198802311,0.538100453992984,0.667053350263888,FALSE,TRUE
"24-35",69.3,-0.936001733543492,0.0836148487701115,0.607807203990353,0.537965922572073,0.667091245524292,FALSE,TRUE
"24-35",69.4,-0.935912359034794,0.0837197811083327,0.607772150385469,0.537829583051934,0.667129958189154,FALSE,TRUE
"24-35",69.5,-0.93582230777616,0.083826339625498,0.60773682818356,0.537691416915029,0.667169501944519,FALSE,TRUE
"24-35",69.6,-0.935731582436285,0.0839345442133445,0.607701238359551,0.537551405751645,0.667209890355987,FALSE,TRUE
"24-35",69.7,-0.935640185683865,0.084044414593564,0.607665381888201,0.537409531263951,0.667251136865164,FALSE,TRUE
"24-35",69.8,-0.935548120187595,0.0841559703128458,0.607629259744105,0.537265775270037,0.667293254786153,FALSE,TRUE
"24-35",69.9,-0.935455388616172,0.084269230737972,0.607592872901702,0.537120119707897,0.667336257302072,FALSE,TRUE
"24-35",70,-0.93536199363829,0.0843842150509707,0.607556222335283,0.536972546639386,0.667380157461622,FALSE,TRUE
"24-35",70.1,-0.935267937922646,0.0845009422443268,0.607519309018998,0.536823038254124,0.667424968175683,FALSE,TRUE
"24-35",70.2,-0.935173224137934,0.0846194311162558,0.60748213392686,0.536671576873363,0.667470702213965,FALSE,TRUE
"24-35",70.3,-0.935077854952851,0.0847397002660424,0.607444698032755,0.5365181449538,0.667517372201691,FALSE,TRUE
"24-35",70.4,-0.934981833036092,0.0848617680894477,0.607407002310447,0.536362725091349,0.667564990616346,FALSE,TRUE
"24-35",70.5,-0.934885161056352,0.0849856527741867,0.607369047733586,0.536205300024849,0.667613569784453,FALSE,TRUE
"24-35",70.6,-0.934787841682327,0.0851113722954797,0.607330835275713,0.536045852639734,0.667663121878422,FALSE,TRUE
"24-35",70.7,-0.934689877582713,0.0852389444116805,0.607292365910266,0.535884365971633,0.667713658913438,FALSE,TRUE
"24-35",70.8,-0.934591271426206,0.085368386659984,0.607253640610593,0.535720823209924,0.667765192744413,FALSE,TRUE
"24-35",70.9,-0.9344920258815,0.0854997163522154,0.607214660349947,0.535555207701215,0.667817735062995,FALSE,TRUE
"24-35",71,-0.934392143617293,0.0856329505707052,0.607175426101505,0.535387502952776,0.667871297394634,FALSE,TRUE
"24-35",71.1,-0.934291627302278,0.0857681061642498,0.607135938838366,0.5352176926359,0.667925891095713,FALSE,TRUE
"24-35",71.2,-0.934190479605152,0.0859051997441641,0.60709619953356,0.535045760589197,0.667981527350743,FALSE,TRUE
"24-35",71.3,-0.93408870319461,0.0860442476804247,0.607056209160057,0.534871690821823,0.668038217169626,FALSE,TRUE
"24-35",71.4,-0.933986300739348,0.0861852660979091,0.607015968690769,0.534695467516641,0.668095971384981,FALSE,TRUE
"24-35",71.5,-0.933883274908062,0.086328270872731,0.606975479098559,0.534517075033303,0.668154800649544,FALSE,TRUE
"24-35",71.6,-0.933779628369446,0.0864732776286764,0.60693474135625,0.534336497911269,0.668214715433639,FALSE,TRUE
"24-35",71.7,-0.933675363792197,0.0866203017337398,0.606893756436626,0.534153720872742,0.668275726022721,FALSE,TRUE
"24-35",71.8,-0.933570483845011,0.0867693582967647,0.606852525312441,0.53396872882553,0.668337842514994,FALSE,TRUE
"24-35",71.9,-0.933464991196582,0.0869204621641905,0.606811048956426,0.533781506865832,0.668401074819107,FALSE,TRUE
"24-35",72,-0.933358888515606,0.0870736279169056,0.606769328341295,0.53359204028094,0.668465432651927,FALSE,TRUE
"24-35",72.1,-0.93325217847078,0.0872288698672113,0.606727364439751,0.533400314551863,0.668530925536392,FALSE,TRUE
"24-35",72.2,-0.933144863730798,0.087386202055896,0.606685158224489,0.533206315355866,0.668597562799441,FALSE,TRUE
"24-35",72.3,-0.933036946964356,0.0875456382494224,0.606642710668211,0.53301002856893,0.668665353570036,FALSE,TRUE
"24-35",72.4,-0.93292843084015,0.0877071919372297,0.606600022743622,0.532811440268117,0.668734306777254,FALSE,TRUE
"24-35",72.5,-0.932819318026875,0.0878708763291505,0.606557095423444,0.532610536733866,0.668804431148473,FALSE,TRUE
"24-35",72.6,-0.932709611193228,0.0880367043529455,0.606513929680417,0.532407304452181,0.668875735207643,FALSE,TRUE
"24-35",72.7,-0.932599313007902,0.0882046886519567,0.606470526487307,0.532201730116745,0.668948227273636,FALSE,TRUE
"24-35",72.8,-0.932488426139595,0.0883748415828793,0.606426886816914,0.531993800630946,0.669021915458694,FALSE,TRUE
"24-35",72.9,-0.932376953257001,0.0885471752136549,0.606383011642075,0.5317835031098,0.669096807666954,FALSE,TRUE
"24-35",73,-0.932264897028817,0.0887217013214851,0.606338901935673,0.531570824881799,0.669172911593076,FALSE,TRUE
"24-35",73.1,-0.932152260123737,0.088898431390968,0.60629455867064,0.531355753490657,0.669250234720941,FALSE,TRUE
"24-35",73.2,-0.932039045210458,0.0890773766123569,0.606249982819964,0.531138276696968,0.669328784322464,FALSE,TRUE
"24-35",73.3,-0.931925254957675,0.0892585478799428,0.606205175356698,0.530918382479771,0.66940856745647,FALSE,TRUE
"24-35",73.4,-0.931810892034084,0.0894419557905597,0.606160137253961,0.530696059038027,0.669489590967686,FALSE,TRUE
"24-35",73.5,-0.931695959108379,0.0896276106422152,0.606114869484948,0.530471294791995,0.669571861485809,FALSE,TRUE
"24-35",73.6,-0.931580458849258,0.0898155224328441,0.606069373022933,0.530244078384519,0.66965538542467,FALSE,TRUE
"24-35",73.7,-0.931464393925414,0.0900057008591872,0.606023648841278,0.530014398682226,0.669740168981491,FALSE,TRUE
"24-35",73.8,-0.931347767005545,0.0901981553157937,0.605977697913436,0.529782244776621,0.66982621813623,FALSE,TRUE
"24-35",73.9,-0.931230580758345,0.090392894894148,0.605931521212957,0.529547605985098,0.669913538651022,FALSE,TRUE
"24-35",74,-0.93111283785251,0.0905899283819204,0.605885119713497,0.529310471851853,0.67000213606971,FALSE,TRUE
"24-35",74.1,-0.930994540956737,0.0907892642623415,0.605838494388819,0.529070832148704,0.670092015717464,FALSE,TRUE
"24-35",74.2,-0.930875692739719,0.0909909107136986,0.605791646212804,0.528828676875825,0.670183182700498,FALSE,TRUE
"24-35",74.3,-0.930756295870153,0.0911948756089557,0.605744576159453,0.528583996262375,0.670275641905868,FALSE,TRUE
"24-35",74.4,-0.930636353016735,0.0914011665154941,0.605697285202892,0.528336780767049,0.67036939800137,FALSE,TRUE
"24-35",74.5,-0.930515866848159,0.0916097906949747,0.605649774317383,0.528087021078529,0.670464455435523,FALSE,TRUE
"24-35",74.6,-0.930394840033122,0.0918207551033198,0.605602044477322,0.527834708115851,0.670560818437637,FALSE,TRUE
"24-35",74.7,-0.93027327524032,0.0920340663908134,0.605554096657253,0.527579833028673,0.670658491017978,FALSE,TRUE
"24-35",74.8,-0.930151175138447,0.0922497309023201,0.605505931831866,0.527322387197464,0.670757476968012,FALSE,TRUE
"24-35",74.9,-0.9300285423962,0.0924677546776201,0.605457550976009,0.527062362233602,0.670857779860741,FALSE,TRUE
"24-35",75,-0.929905379682273,0.0926881434518591,0.605408955064687,0.526799749979378,0.670959403051125,FALSE,TRUE
"24-35",75.1,-0.929781689665363,0.0929109026561125,0.605360145073074,0.526534542507926,0.671062349676582,FALSE,TRUE
"24-35",75.2,-0.929657475014165,0.0931360374180617,0.605311121976515,0.526266732123055,0.67116662265758,FALSE,TRUE
"24-35",75.3,-0.929532738397375,0.0933635525627808,0.605261886750532,0.525996311359011,0.671272224698305,FALSE,TRUE
"24-35",75.4,-0.929407482483689,0.0935934526136329,0.605212440370829,0.525723272980142,0.671379158287414,FALSE,TRUE
"24-35",75.5,-0.929281709941801,0.093825741793273,0.605162783813298,0.525447609980493,0.671487425698866,FALSE,TRUE
"24-35",75.6,-0.929155423440407,0.0940604240247568,0.605112918054026,0.525169315583315,0.671597028992833,FALSE,TRUE
"24-35",75.7,-0.929028625648204,0.0942975029327527,0.605062844069298,0.524888383240497,0.671707970016686,FALSE,TRUE
"24-35",75.8,-0.928901319233886,0.0945369818448549,0.605012562835602,0.524604806631921,0.671820250406059,FALSE,TRUE
"24-35",75.9,-0.92877350686615,0.0947788637929971,0.604962075329636,0.524318579664742,0.671933871585985,FALSE,TRUE
"24-35",76,-0.92864519121369,0.0950231515149623,0.604911382528316,0.524029696472592,0.672048834772108,FALSE,TRUE
"24-35",76.1,-0.928516374945203,0.0952698474559883,0.604860485408773,0.523738151414714,0.672165140971961,FALSE,TRUE
"24-35",76.2,-0.928387060729384,0.095518953770466,0.604809384948368,0.523443939075021,0.67228279098632,FALSE,TRUE
"24-35",76.3,-0.928257251234928,0.0957704723237282,0.60475808212469,0.523147054261092,0.672401785410618,FALSE,TRUE
"24-35",76.4,-0.928126949130532,0.0960244046939268,0.604706577915564,0.522847492003095,0.672522124636433,FALSE,TRUE
"24-35",76.5,-0.92799615708489,0.0962807521739956,0.604654873299058,0.522545247552649,0.672643808853032,FALSE,TRUE
"24-35",76.6,-0.927864877766699,0.0965395157736971,0.604602969253486,0.522240316381617,0.672766838048985,FALSE,TRUE
"24-35",76.7,-0.927733113844653,0.0968006962217493,0.60455086675741,0.521932694180841,0.672891212013837,FALSE,TRUE
"24-35",76.8,-0.92760086798745,0.0970642939680318,0.604498566789653,0.521622376858817,0.673016930339833,FALSE,TRUE
"24-35",76.9,-0.927468142863783,0.0973303091858675,0.604446070329297,0.52130936054031,0.673143992423711,FALSE,TRUE
"24-35",77,-0.927334941142348,0.0975987417743775,0.604393378355692,0.520993641564911,0.673272397468538,FALSE,TRUE
"24-35",77.1,-0.927201265491843,0.097869591360907,0.604340491848459,0.520675216485545,0.673402144485612,FALSE,TRUE
"24-35",77.2,-0.927067118580961,0.0981428573035194,0.604287411787496,0.520354082066921,0.673533232296399,FALSE,TRUE
"24-35",77.3,-0.926932503078398,0.0984185386935553,0.604234139152983,0.520030235283935,0.673665659534536,FALSE,TRUE
"24-35",77.4,-0.926797421652851,0.0986966343582555,0.604180674925386,0.519703673320023,0.67379942464787,FALSE,TRUE
"24-35",77.5,-0.926661876973014,0.0989771428634432,0.604127020085463,0.519374393565466,0.673934525900543,FALSE,TRUE
"24-35",77.6,-0.926525871707583,0.0992600625162644,0.60407317561427,0.519042393615657,0.674070961375128,FALSE,TRUE
"24-35",77.7,-0.926389408525254,0.0995453913679831,0.604019142493163,0.518707671269315,0.674208728974797,FALSE,TRUE
"24-35",77.8,-0.926252490094722,0.0998331272168284,0.603964921703805,0.518370224526668,0.674347826425532,FALSE,TRUE
"24-35",77.9,-0.926115119084684,0.100123267610892,0.603910514228169,0.518030051587592,0.674488251278377,FALSE,TRUE
"24-35",78,-0.925977298163833,0.100415809851073,0.603855921048546,0.517687150849714,0.674630000911717,FALSE,TRUE
"24-35",78.1,-0.925839030000868,0.100710750994064,0.603801143147547,0.517341520906484,0.674773072533599,FALSE,TRUE
"24-35",78.2,-0.925700317264481,0.101008087855385,0.603746181508109,0.516993160545205,0.674917463184079,FALSE,TRUE
"24-35",78.3,-0.92556116262337,0.101307817012448,0.603691037113497,0.51664206874505,0.675063169737599,FALSE,TRUE
"24-35",78.4,-0.92542156874623,0.10160993480767,0.603635710947315,0.516288244675026,0.675210188905391,FALSE,TRUE
"24-35",78.5,-0.925281538301757,0.101914437351605,0.603580203993505,0.515931687691934,0.675358517237913,FALSE,TRUE
"24-35",78.6,-0.925141073958645,0.102221320526121,0.603524517236352,0.515572397338292,0.675508151127299,FALSE,TRUE
"24-35",78.7,-0.925000178385591,0.102530579987599,0.603468651660493,0.515210373340231,0.675659086809836,FALSE,TRUE
"24-35",78.8,-0.924858854251291,0.10284221117016,0.603412608250915,0.514845615605386,0.675811320368462,FALSE,TRUE
"24-35",78.9,-0.924717104224439,0.103156209288917,0.603356387992968,0.514478124220748,0.675964847735276,FALSE,TRUE
"24-35",79,-0.924574930973731,0.103472569343244,0.603299991872362,0.514107899450515,0.676119664694074,FALSE,TRUE
"24-35",79.1,-0.924432337167864,0.103791286120074,0.603243420875175,0.513734941733919,0.67627576688289,FALSE,TRUE
"24-35",79.2,-0.924289325475532,0.104112354197204,0.603186675987856,0.513359251683035,0.676433149796557,FALSE,TRUE
"24-35",79.3,-0.924145898565431,0.10443576794662,0.603129758197232,0.512980830080592,0.676591808789269,FALSE,TRUE
"24-35",79.4,-0.924002059106257,0.104761521537832,0.603072668490511,0.512599677877758,0.676751739077166,FALSE,TRUE
"24-35",79.5,-0.923857809766706,0.105089608941221,0.603015407855286,0.512215796191924,0.676912935740917,FALSE,TRUE
"24-35",79.6,-0.923713153215472,0.105420023931394,0.602957977279539,0.511829186304484,0.677075393728309,FALSE,TRUE
"24-35",79.7,-0.923568092121252,0.105752760090543,0.602900377751647,0.511439849658598,0.677239107856845,FALSE,TRUE
"24-35",79.8,-0.92342262915274,0.106087810811808,0.602842610260387,0.511047787856965,0.677404072816342,FALSE,TRUE
"24-35",79.9,-0.923276766978634,0.106425169302648,0.602784675794936,0.510653002659581,0.677570283171528,FALSE,TRUE
"24-35",80,-0.923130508267628,0.106764828588198,0.602726575344881,0.510255495981506,0.677737733364647,FALSE,TRUE
"24-35",80.1,-0.922983855688417,0.107106781514639,0.602668309900219,0.509855269890625,0.67790641771805,FALSE,TRUE
"24-35",80.2,-0.922836811909698,0.107451020752557,0.602609880451364,0.509452326605412,0.678076330436793,FALSE,TRUE
"24-35",80.3,-0.922689379600167,0.107797538800293,0.602551287989149,0.509046668492702,0.678247465611227,FALSE,TRUE
"24-35",80.4,-0.922541561428517,0.108146327987291,0.602492533504832,0.508638298065461,0.67841981721958,FALSE,TRUE
"24-35",80.5,-0.922393360063446,0.108497380477437,0.602433617990099,0.508227217980567,0.678593379130534,FALSE,TRUE
"24-35",80.6,-0.922244778173649,0.108850688272381,0.60237454243707,0.507813431036595,0.678768145105794,FALSE,TRUE
"24-35",80.7,-0.922095818427821,0.109206243214851,0.602315307838301,0.507396940171614,0.678944108802648,FALSE,TRUE
"24-35",80.8,-0.921946483494658,0.109564036991954,0.602255915186789,0.506977748460988,0.679121263776507,FALSE,TRUE
"24-35",80.9,-0.921796776042855,0.109924061138455,0.602196365475975,0.506555859115196,0.679299603483453,FALSE,TRUE
"24-35",81,-0.921646698741109,0.11028630704005,0.602136659699752,0.506131275477655,0.679479121282747,FALSE,TRUE
"24-35",81.1,-0.921496254258114,0.110650765936605,0.602076798852464,0.505704001022567,0.679659810439349,FALSE,TRUE
"24-35",81.2,-0.921345445262567,0.111017428925391,0.602016783928912,0.505274039352764,0.679841664126403,FALSE,TRUE
"24-35",81.3,-0.921194274423162,0.111386286964286,0.601956615924361,0.504841394197586,0.680024675427716,FALSE,TRUE
"24-35",81.4,-0.921042744408596,0.111757330874961,0.601896295834537,0.504406069410764,0.68020883734022,FALSE,TRUE
"24-35",81.5,-0.920890857887564,0.11213055134604,0.601835824655639,0.50396806896832,0.680394142776406,FALSE,TRUE
"24-35",81.6,-0.920738617528762,0.112505938936237,0.601775203384338,0.503527396966492,0.680580584566753,FALSE,TRUE
"24-35",81.7,-0.920586026000884,0.112883484077462,0.60171443301778,0.503084057619669,0.680768155462127,FALSE,TRUE
"24-35",81.8,-0.920433085972628,0.11326317707791,0.601653514553595,0.502638055258352,0.680956848136162,FALSE,TRUE
"24-35",81.9,-0.920279800112688,0.113645008125111,0.601592448989895,0.502189394327131,0.681146655187622,FALSE,TRUE
"24-35",82,-0.92012617108976,0.114028967288959,0.601531237325282,0.501738079382686,0.681337569142739,FALSE,TRUE
"24-35",82.1,-0.91997220157254,0.114415044524708,0.601469880558851,0.501284115091807,0.681529582457526,FALSE,TRUE
"24-35",82.2,-0.919817894229723,0.11480322967594,0.601408379690192,0.500827506229437,0.681722687520072,FALSE,TRUE
"24-35",82.3,-0.919663251730004,0.115193512477498,0.601346735719394,0.500368257676741,0.681916876652806,FALSE,TRUE
"24-35",82.4,-0.91950827674208,0.11558588255839,0.601284949647052,0.49990637441919,0.682112142114746,FALSE,TRUE
"24-35",82.5,-0.919352971934646,0.115980329444659,0.601223022474267,0.499441861544683,0.682308476103711,FALSE,TRUE
"24-35",82.6,-0.919197339976397,0.116376842562221,0.601160955202649,0.498974724241676,0.682505870758517,FALSE,TRUE
"24-35",82.7,-0.919041383536029,0.116775411239669,0.601098748834327,0.49850496779735,0.682704318161144,FALSE,TRUE
"24-35",82.8,-0.918885105282238,0.117176024711038,0.601036404371945,0.498032597595799,0.682903810338872,FALSE,TRUE
"24-35",82.9,-0.918728507883719,0.117578672118543,0.60097392281867,0.497557619116243,0.6831043392664,FALSE,TRUE
"24-35",83,-0.918571594009169,0.117983342515275,0.600911305178192,0.497080037931267,0.683305896867926,FALSE,TRUE
"24-35",83.1,-0.918414366327281,0.118390024867865,0.600848552454734,0.496599859705091,0.683508475019207,FALSE,TRUE
"24-35",83.2,-0.918256827506752,0.118798708059107,0.60078566565305,0.496117090191858,0.683712065549592,FALSE,TRUE
"24-35",83.3,-0.918098980216279,0.119209380890551,0.600722645778427,0.495631735233961,0.683916660244018,FALSE,TRUE
"24-35",83.4,-0.917940827124555,0.119622032085056,0.600659493836696,0.495143800760382,0.68412225084499,FALSE,TRUE
"24-35",83.5,-0.917782370900277,0.120036650289301,0.600596210834228,0.494653292785077,0.684328829054522,FALSE,TRUE
"24-35",83.6,-0.91762361421214,0.120453224076267,0.60053279777794,0.49416021740537,0.684536386536052,FALSE,TRUE
"24-35",83.7,-0.917464559728841,0.120871741947677,0.600469255675302,0.49366458080039,0.684744914916332,FALSE,TRUE
"24-35",83.8,-0.917305210119074,0.121292192336397,0.600405585534332,0.493166389229525,0.684954405787286,FALSE,TRUE
"24-35",83.9,-0.917145568051535,0.121714563608801,0.600341788363609,0.492665649030911,0.685164850707833,FALSE,TRUE
"24-35",84,-0.916985636194919,0.1221388440671,0.60027786517227,0.492162366619946,0.685376241205692,FALSE,TRUE
"24-35",84.1,-0.916825417217923,0.122565021951627,0.600213816970013,0.491656548487835,0.685588568779151,FALSE,TRUE
"24-35",84.2,-0.916664913789242,0.12299308544309,0.600149644767106,0.491148201200158,0.685801824898803,FALSE,TRUE
"24-35",84.3,-0.916504128577571,0.123423022664782,0.600085349574384,0.490637331395474,0.686016001009263,FALSE,TRUE
"24-35",84.4,-0.916343064251607,0.123854821684758,0.600020932403255,0.490123945783943,0.686231088530841,FALSE,TRUE
"24-35",84.5,-0.916181723480044,0.124288470517969,0.599956394265703,0.489608051145991,0.686447078861204,FALSE,TRUE
"24-35",84.6,-0.916020108931578,0.124723957128359,0.599891736174292,0.489089654330986,0.686663963376988,FALSE,TRUE
"24-35",84.7,-0.915858223274905,0.125161269430929,0.599826959142168,0.488568762255955,0.686881733435398,FALSE,TRUE
"24-35",84.8,-0.91569606917872,0.125600395293753,0.59976206418306,0.488045381904326,0.68710038037577,FALSE,TRUE
"24-35",84.9,-0.915533649311719,0.126041322539968,0.59969705231129,0.487519520324693,0.687319895521103,FALSE,TRUE
"24-35",85,-0.915370966342598,0.126484038949719,0.599631924541766,0.486991184629618,0.687540270179567,FALSE,TRUE
"24-35",85.1,-0.915208022940052,0.126928532262067,0.599566681889995,0.486460381994449,0.687761495645978,FALSE,TRUE
"24-35",85.2,-0.915044821772777,0.127374790176865,0.599501325372078,0.48592711965618,0.687983563203248,FALSE,TRUE
"24-35",85.3,-0.914881365509468,0.127822800356588,0.59943585600472,0.485391404912323,0.688206464123798,FALSE,TRUE
"24-35",85.4,-0.914717656818821,0.128272550428138,0.599370274805227,0.484853245119822,0.688430189670956,FALSE,TRUE
"24-35",85.5,-0.914553698369532,0.128724027984601,0.599304582791511,0.484312647693982,0.688654731100313,FALSE,TRUE
"24-35",85.6,-0.914389492830295,0.129177220586978,0.599238780982096,0.483769620107431,0.688880079661061,FALSE,TRUE
"24-35",85.7,-0.914225042869807,0.129632115765869,0.599172870396115,0.483224169889112,0.689106226597295,FALSE,TRUE
"24-35",85.8,-0.914060351156764,0.130088701023135,0.599106852053319,0.482676304623291,0.689333163149296,FALSE,TRUE
"24-35",85.9,-0.91389542035986,0.130546963833511,0.599040726974074,0.482126031948601,0.689560880554778,FALSE,TRUE
"24-35",86,-0.913730253147792,0.131006891646194,0.598974496179368,0.48157335955711,0.689789370050114,FALSE,TRUE
"24-35",86.1,-0.913564852189255,0.131468471886391,0.598908160690812,0.48101829519341,0.690018622871531,FALSE,TRUE
"24-35",86.2,-0.913399220152944,0.131931691956835,0.598841721530645,0.480460846653735,0.690248630256283,FALSE,TRUE
"24-35",86.3,-0.913233359707555,0.132396539239266,0.598775179721732,0.479901021785107,0.690479383443791,FALSE,TRUE
"24-35",86.4,-0.913067273521785,0.132863001095881,0.598708536287572,0.479338828484503,0.69071087367676,FALSE,TRUE
"24-35",86.5,-0.912900964264327,0.133331064870747,0.598641792252297,0.478774274698045,0.690943092202275,FALSE,TRUE
"24-35",86.6,-0.912734434603879,0.13380071789118,0.598574948640675,0.47820736842022,0.691176030272864,FALSE,TRUE
"24-35",86.7,-0.912567687209135,0.134271947469102,0.598508006478115,0.47763811769312,0.691409679147536,FALSE,TRUE
"24-35",86.8,-0.912400724748791,0.134744740902352,0.598440966790668,0.477066530605708,0.691644030092802,FALSE,TRUE
"24-35",86.9,-0.912233549891543,0.135219085475974,0.59837383060503,0.476492615293105,0.691879074383662,FALSE,TRUE
"24-35",87,-0.912066165306086,0.135694968463472,0.598306598948543,0.475916379935904,0.692114803304571,FALSE,TRUE
"24-35",87.1,-0.911898573661116,0.136172377128035,0.598239272849199,0.4753378327595,0.692351208150385,FALSE,TRUE
"24-35",87.2,-0.911730777625328,0.136651298723729,0.598171853335642,0.474756982033453,0.692588280227275,FALSE,TRUE
"24-35",87.3,-0.911562779867419,0.13713172049666,0.598104341437173,0.474173836070861,0.692826010853627,FALSE,TRUE
"24-35",87.4,-0.911394583056083,0.137613629686111,0.598036738183746,0.473588403227767,0.693064391360907,FALSE,TRUE
"24-35",87.5,-0.911226189860016,0.138097013525644,0.597969044605979,0.473000691902578,0.693303413094519,FALSE,TRUE
"24-35",87.6,-0.911057602947914,0.13858185924418,0.597901261735148,0.472410710535509,0.693543067414623,FALSE,TRUE
"24-35",87.7,-0.910888824988472,0.139068154067044,0.597833390603195,0.471818467608051,0.693783345696946,FALSE,TRUE
"24-35",87.8,-0.910719858650387,0.139555885216988,0.597765432242729,0.471223971642452,0.694024239333562,FALSE,TRUE
"24-35",87.9,-0.910550706602353,0.140045039915181,0.597697387687027,0.470627231201226,0.69426573973365,FALSE,TRUE
"24-35",88,-0.910381371513066,0.140535605382181,0.597629257970037,0.470028254886675,0.694507838324243,FALSE,TRUE
"24-35",88.1,-0.910211856051222,0.141027568838868,0.597561044126382,0.46942705134044,0.694750526550936,FALSE,TRUE
"24-35",88.2,-0.910042162885516,0.141520917507364,0.597492747191359,0.468823629243059,0.694993795878594,FALSE,TRUE
"24-35",88.3,-0.909872294684644,0.142015638611918,0.597424368200943,0.468217997313552,0.695237637792024,FALSE,TRUE
"24-35",88.4,-0.909702254117302,0.14251171937977,0.597355908191789,0.467610164309024,0.695482043796639,FALSE,TRUE
"24-35",88.5,-0.909532043852184,0.143009147041991,0.597287368201235,0.467000139024285,0.695727005419093,FALSE,TRUE
"24-35",88.6,-0.909361666557987,0.143507908834294,0.597218749267302,0.466387930291486,0.695972514207903,FALSE,TRUE
"24-35",88.7,-0.909191124903407,0.14400799199783,0.597150052428698,0.465773546979774,0.696218561734051,FALSE,TRUE
"24-35",88.8,-0.909020421557138,0.144509383779948,0.59708127872482,0.465156997994968,0.696465139591564,FALSE,TRUE
"24-35",88.9,-0.908849559187877,0.145012071434947,0.597012429195754,0.464538292279242,0.696712239398082,FALSE,TRUE
"24-35",89,-0.908678540464318,0.145516042224793,0.596943504882279,0.463917438810838,0.696959852795402,FALSE,TRUE
"24-35",89.1,-0.908507368055159,0.14602128341982,0.596874506825869,0.463294446603781,0.697207971450009,FALSE,TRUE
"24-35",89.2,-0.908336044629093,0.146527782299408,0.596805436068693,0.462669324707623,0.697456587053587,FALSE,TRUE
"24-35",89.3,-0.908164572854817,0.147035526152639,0.596736293653621,0.462042082207192,0.697705691323514,FALSE,TRUE
"24-35",89.4,-0.907992955401027,0.147544502278937,0.59666708062422,0.461412728222362,0.697955276003342,FALSE,TRUE
"24-35",89.5,-0.907821194936417,0.148054697988677,0.59659779802476,0.460781271907838,0.698205332863256,FALSE,TRUE
"24-35",89.6,-0.907649294129684,0.148566100603788,0.596528446900216,0.460147722452949,0.698455853700527,FALSE,TRUE
"24-35",89.7,-0.907477255649524,0.149078697458323,0.596459028296268,0.459512089081468,0.698706830339934,FALSE,TRUE
"24-35",89.8,-0.90730508216463,0.149592475899021,0.596389543259304,0.458874381051432,0.698958254634186,FALSE,TRUE
"24-35",89.9,-0.9071327763437,0.150107423285841,0.59631999283642,0.458234607654982,0.699210118464322,FALSE,TRUE
"24-35",90,-0.906960340855429,0.150623526992485,0.596250378075424,0.457592778218221,0.699462413740094,FALSE,TRUE
"24-35",90.1,-0.906787778368513,0.151140774406898,0.596180700024838,0.456948902101074,0.699715132400337,FALSE,TRUE
"24-35",90.2,-0.906615091551646,0.151659152931754,0.596110959733894,0.456302988697173,0.699968266413335,FALSE,TRUE
"24-35",90.3,-0.906442283073525,0.15217864998492,0.596041158252546,0.455655047433741,0.700221807777153,FALSE,TRUE
"24-35",90.4,-0.906269355602845,0.15269925299991,0.595971296631461,0.455005087771502,0.700475748519975,FALSE,TRUE
"24-35",90.5,-0.906096311808302,0.153220949426317,0.595901375922028,0.454353119204593,0.700730080700418,FALSE,TRUE
"24-35",90.6,-0.905923154358591,0.153743726730231,0.595831397176355,0.45369915126049,0.700984796407836,FALSE,TRUE
"24-35",90.7,-0.905749885922409,0.15426757239464,0.595761361447275,0.453043193499947,0.701239887762609,FALSE,TRUE
"24-35",90.8,-0.90557650916845,0.154792473919819,0.595691269788341,0.452385255516947,0.701495346916426,FALSE,TRUE
"24-35",90.9,-0.905403026765409,0.155318418823699,0.595621123253835,0.451725346938655,0.701751166052548,FALSE,TRUE
"24-35",91,-0.905229441381984,0.155845394642226,0.595550922898764,0.451063477425397,0.702007337386064,FALSE,TRUE
"24-35",91.1,-0.905055755686869,0.156373388929701,0.595480669778865,0.45039965667063,0.702263853164134,FALSE,TRUE
"24-35",91.2,-0.90488197234876,0.156902389259113,0.595410364950603,0.449733894400941,0.702520705666221,FALSE,TRUE
"24-35",91.3,-0.904708094036352,0.15743238322245,0.595340009471174,0.449066200376042,0.702777887204311,FALSE,TRUE
"24-35",91.4,-0.904534123418342,0.157963358431003,0.595269604398508,0.448396584388776,0.703035390123123,FALSE,TRUE
"24-35",91.5,-0.904360063163424,0.158495302515653,0.595199150791268,0.447725056265141,0.703293206800307,FALSE,TRUE
"24-35",91.6,-0.904185915940294,0.15902820312715,0.595128649708852,0.447051625864315,0.703551329646638,FALSE,TRUE
"24-35",91.7,-0.904011684417648,0.159562047936372,0.595058102211395,0.446376303078685,0.703809751106186,FALSE,TRUE
"24-35",91.8,-0.903837371264181,0.160096824634582,0.594987509359768,0.445699097833901,0.704068463656496,FALSE,TRUE
"24-35",91.9,-0.90366297914859,0.160632520933664,0.594916872215583,0.445020020088919,0.704327459808735,FALSE,TRUE
"24-35",92,-0.903488510739569,0.161169124566353,0.59484619184119,0.444339079836065,0.704586732107852,FALSE,TRUE
"24-35",92.1,-0.903313968705814,0.161706623286452,0.594775469299682,0.443656287101099,0.704846273132716,FALSE,TRUE
"24-35",92.2,-0.903139355716021,0.162245004869039,0.594704705654893,0.442971651943293,0.705106075496243,FALSE,TRUE
"24-35",92.3,-0.902964674438886,0.162784257110661,0.5946339019714,0.442285184455509,0.705366131845526,FALSE,TRUE
"24-35",92.4,-0.902789927543103,0.163324367829523,0.594563059314527,0.441596894764292,0.705626434861946,FALSE,TRUE
"24-35",92.5,-0.902615117697368,0.16386532486566,0.594492178750342,0.440906793029959,0.705886977261278,FALSE,TRUE
"24-35",92.6,-0.902440247570378,0.164407116081104,0.594421261345657,0.440214889446706,0.706147751793789,FALSE,TRUE
"24-35",92.7,-0.902265319830828,0.16494972936004,0.594350308168036,0.439521194242714,0.706408751244331,FALSE,TRUE
"24-35",92.8,-0.902090337147413,0.165493152608955,0.594279320285789,0.438825717680262,0.706669968432422,FALSE,TRUE
"24-35",92.9,-0.901915302188828,0.166037373756773,0.594208298767975,0.438128470055848,0.706931396212319,FALSE,TRUE
"24-35",93,-0.90174021762377,0.166582380754984,0.594137244684406,0.437429461700316,0.707193027473088,FALSE,TRUE
"24-35",93.1,-0.901565086120934,0.167128161577769,0.594066159105642,0.436728702978981,0.707454855138665,FALSE,TRUE
"24-35",93.2,-0.901389910349016,0.167674704222108,0.593995043102997,0.436026204291774,0.707716872167908,FALSE,TRUE
"24-35",93.3,-0.901214692976711,0.168221996707885,0.593923897748537,0.435321976073375,0.707979071554647,FALSE,TRUE
"24-35",93.4,-0.901039436672714,0.168770027077989,0.593852724115084,0.434616028793365,0.708241446327719,FALSE,TRUE
"24-35",93.5,-0.900864144105722,0.169318783398396,0.59378152327621,0.433908372956373,0.708503989551008,FALSE,TRUE
"24-35",93.6,-0.90068881794443,0.169868253758257,0.593710296306247,0.433199019102233,0.708766694323469,FALSE,TRUE
"24-35",93.7,-0.900513460857534,0.170418426269966,0.59363904428028,0.432487977806143,0.70902955377915,FALSE,TRUE
"24-35",93.8,-0.900338075513728,0.170969289069237,0.593567768274152,0.431775259678828,0.709292561087209,FALSE,TRUE
"24-35",93.9,-0.90016266458171,0.171520830315154,0.593496469364461,0.431060875366711,0.709555709451925,FALSE,TRUE
"24-35",94,-0.899987230730173,0.172073038190233,0.593425148628566,0.43034483555208,0.709818992112699,FALSE,TRUE
"24-35",94.1,-0.899811776627815,0.172625900900467,0.593353807144582,0.429627150953265,0.710082402344056,FALSE,TRUE
"24-35",94.2,-0.89963630494333,0.173179406675369,0.593282445991384,0.428907832324818,0.710345933455638,FALSE,TRUE
"24-35",94.3,-0.899460818345414,0.173733543768006,0.593211066248608,0.428186890457693,0.710609578792192,FALSE,TRUE
"24-35",94.4,-0.899285319502762,0.174288300455032,0.593139668996647,0.427464336179432,0.710873331733555,FALSE,TRUE
"24-35",94.5,-0.899109811084071,0.174843665036709,0.593068255316656,0.426740180354352,0.711137185694631,FALSE,TRUE
"24-35",94.6,-0.898934295758036,0.175399625836929,0.592996826290553,0.426014433883737,0.711401134125368,FALSE,TRUE
"24-35",94.7,-0.898758776193352,0.175956171203228,0.592925383001014,0.425287107706031,0.711665170510723,FALSE,TRUE
"24-35",94.8,-0.898583255027674,0.176513289579365,0.592853926518842,0.42455821269732,0.711929288402666,TRUE,TRUE
"24-35",94.9,-0.898407733771441,0.177070972072643,0.592782457456568,0.423827756140048,0.71219348255273,TRUE,TRUE
"24-35",95,-0.898232212515208,0.177629213160384,0.592710975848853,0.423095740732479,0.712457749220621,TRUE,TRUE
"24-35",95.1,-0.898056691258975,0.178188007592564,0.592639481693496,0.422362168834136,0.712722084805255,TRUE,TRUE
"24-35",95.2,-0.897881170002743,0.17874735017964,0.592567974988293,0.421627042756554,0.712986485750807,TRUE,TRUE
"24-35",95.3,-0.89770564874651,0.179307235791761,0.592496455731043,0.420890364763858,0.713250948546127,TRUE,TRUE
"24-35",95.4,-0.897530127490277,0.179867659358001,0.59242492391954,0.420152137073345,0.71351546972416,TRUE,TRUE
"24-35",95.5,-0.897354606234044,0.180428615865594,0.592353379551582,0.41941236185605,0.713780045861371,TRUE,TRUE
"24-35",95.6,-0.897179084977812,0.180990100359182,0.592281822624965,0.41867104123731,0.714044673577185,TRUE,TRUE
"24-35",95.7,-0.897003563721579,0.181552107940073,0.592210253137484,0.417928177297315,0.714309349533425,TRUE,TRUE
"24-35",95.8,-0.896828042465346,0.182114633765508,0.592138671086934,0.41718377207166,0.714574070433766,TRUE,TRUE
"24-35",95.9,-0.896652521209113,0.182677673047942,0.59206707647111,0.416437827551879,0.714838833023192,TRUE,TRUE
"24-35",96,-0.89647699995288,0.183241221054327,0.591995469287805,0.41569034568598,0.715103634087458,TRUE,TRUE
"24-35",96.1,-0.896301478696648,0.183805273105412,0.591923849534816,0.414941328378968,0.715368470452566,TRUE,TRUE
"24-35",96.2,-0.896125957440415,0.184369824575048,0.591852217209933,0.414190777493369,0.715633338984242,TRUE,TRUE
"24-35",96.3,-0.895950436184182,0.184934870889503,0.591780572310952,0.413438694849734,0.715898236587422,TRUE,TRUE
"24-35",96.4,-0.895774914927949,0.185500407526789,0.591708914835664,0.412685082227144,0.716163160205744,TRUE,TRUE
"24-35",96.5,-0.895599393671717,0.186066430015993,0.591637244781863,0.411929941363715,0.716428106821049,TRUE,TRUE
"24-35",96.6,-0.895423872415484,0.186632933936626,0.591565562147339,0.411173273957077,0.716693073452888,TRUE,TRUE
"24-35",96.7,-0.895248351159251,0.187199914917966,0.591493866929885,0.410415081664868,0.716958057158033,TRUE,TRUE
"24-35",96.8,-0.895072829903018,0.187767368638426,0.591422159127292,0.409655366105206,0.717223055029999,TRUE,TRUE
"24-35",96.9,-0.894897308646785,0.188335290824922,0.591350438737351,0.408894128857162,0.717488064198567,TRUE,TRUE
"24-35",97,-0.894721787390553,0.188903677252249,0.591278705757852,0.408131371461225,0.71775308182932,TRUE,TRUE
"24-35",97.1,-0.89454626613432,0.189472523742467,0.591206960186585,0.407367095419757,0.718018105123178,TRUE,TRUE
"24-35",97.2,-0.894370744878087,0.190041826164301,0.591135202021341,0.40660130219745,0.718283131315946,TRUE,TRUE
"24-35",97.3,-0.894195223621854,0.190611580432536,0.591063431259907,0.405833993221768,0.718548157677863,TRUE,TRUE
"24-35",97.4,-0.894019702365622,0.191181782507436,0.590991647900074,0.405065169883388,0.718813181513163,TRUE,TRUE
"24-35",97.5,-0.893844181109389,0.191752428394157,0.59091985193963,0.404294833536634,0.719078200159632,TRUE,TRUE
"24-35",97.6,-0.893668659853156,0.192323514142177,0.590848043376362,0.403522985499905,0.719343210988183,TRUE,TRUE
"24-35",97.7,-0.893493138596923,0.192895035844732,0.590776222208059,0.402749627056098,0.719608211402427,TRUE,TRUE
"24-35",97.8,-0.89331761734069,0.193466989638256,0.590704388432507,0.40197475945302,0.719873198838256,TRUE,TRUE
"24-35",97.9,-0.893142096084458,0.194039371701834,0.590632542047495,0.401198383903804,0.72013817076343,TRUE,TRUE
"24-35",98,-0.892966574828225,0.194612178256654,0.590560683050808,0.400420501587312,0.720403124677164,TRUE,TRUE
"24-35",98.1,-0.892791053571992,0.195185405565482,0.590488811440233,0.399641113648531,0.720668058109735,TRUE,TRUE
"24-35",98.2,-0.892615532315759,0.195759049932124,0.590416927213555,0.398860221198972,0.720932968622074,TRUE,TRUE
"24-35",98.3,-0.892440011059527,0.196333107700914,0.59034503036856,0.398077825317055,0.721197853805384,TRUE,TRUE
"24-35",98.4,-0.892264489803294,0.196907575256193,0.590273120903034,0.397293927048495,0.721462711280747,TRUE,TRUE
"24-35",98.5,-0.892088968547061,0.197482449021813,0.590201198814759,0.396508527406677,0.721727538698749,TRUE,TRUE
"24-35",98.6,-0.891913447290828,0.198057725460626,0.590129264101521,0.395721627373031,0.721992333739097,TRUE,TRUE
"24-35",98.7,-0.891737926034595,0.198633401074,0.590057316761105,0.394933227897396,0.722257094110255,TRUE,TRUE
"24-35",98.8,-0.891562404778363,0.199209472401332,0.589985356791291,0.394143329898389,0.722521817549076,TRUE,TRUE
"24-35",98.9,-0.89138688352213,0.199785936019566,0.589913384189866,0.393351934263755,0.722786501820439,TRUE,TRUE
"24-35",99,-0.891211362265897,0.200362788542721,0.58984139895461,0.392559041850726,0.723051144716899,TRUE,TRUE
"24-35",99.1,-0.891035841009664,0.200940026621429,0.589769401083306,0.391764653486365,0.723315744058329,TRUE,TRUE
"24-35",99.2,-0.890860319753432,0.201517646942472,0.589697390573736,0.39096876996791,0.72358029769158,TRUE,TRUE
"24-35",99.3,-0.890684798497199,0.202095646228327,0.589625367423682,0.390171392063112,0.723844803490137,TRUE,TRUE
"24-35",99.4,-0.890509277240966,0.202674021236723,0.589553331630925,0.389372520510569,0.72410925935378,TRUE,TRUE
"24-35",99.5,-0.890333755984733,0.203252768760198,0.589481283193245,0.388572156020056,0.724373663208258,TRUE,TRUE
"24-35",99.6,-0.8901582347285,0.203831885625665,0.589409222108423,0.387770299272848,0.724638013004955,TRUE,TRUE
"24-35",99.7,-0.889982713472268,0.204411368693979,0.589337148374239,0.386966950922039,0.724902306720571,TRUE,TRUE
"24-35",99.8,-0.889807192216035,0.204991214859521,0.589265061988472,0.386162111592861,0.725166542356802,TRUE,TRUE
"24-35",99.9,-0.889631670959802,0.205571421049772,0.589192962948902,0.385355781882993,0.725430717940023,TRUE,TRUE
"24-35",100,-0.889456149703569,0.20615198422491,0.589120851253307,0.384547962362867,0.725694831520984,TRUE,TRUE
"36-47",0,0,0,0,0,0,TRUE,TRUE
"36-47",0.1,-0.0035585721445,0.000494445995101408,0.00355224793059405,0.00258610823972283,0.00451745177536378,FALSE,TRUE
"36-47",0.2,-0.00711707480560409,0.000988874576462711,0.00709180840519719,0.00516549335376637,0.00901439349988387,FALSE,TRUE
"36-47",0.3,-0.010675424919445,0.00148326492709476,0.0106186448010898,0.00773813097522935,0.0134907965602822,FALSE,TRUE
"36-47",0.4,-0.0142335393600711,0.00197759621502377,0.0141327214374942,0.0103039970924603,0.0179466340321854,FALSE,TRUE
"36-47",0.5,-0.0177913350015309,0.0024718476091698,0.0176340036277217,0.0128630680773171,0.0223818807499692,FALSE,TRUE
"36-47",0.6,-0.021348728717873,0.00296599827966616,0.0211224576692418,0.0154153206818439,0.0267965132840802,FALSE,TRUE
"36-47",0.7,-0.0249056373831455,0.00346002739817907,0.0245980508337599,0.0179607320349549,0.0311905099184231,FALSE,TRUE
"36-47",0.8,-0.0284619778713972,0.00395391413822794,0.0280607513573062,0.0204992796391239,0.0355638506278155,FALSE,TRUE
"36-47",0.9,-0.0320176670566765,0.00444763767550604,0.031510528430333,0.0230309413670804,0.0399165170555101,FALSE,TRUE
"36-47",1,-0.0355726218130319,0.00494117718820187,0.0349473521878254,0.0255556954585111,0.0442484924907928,FALSE,TRUE
"36-47",1.1,-0.0391267590145122,0.0054345118573213,0.0383711936994255,0.0280735205167684,0.0485597618466552,FALSE,TRUE
"36-47",1.2,-0.0426799955351654,0.00592762086701045,0.0417820249595681,0.0305843955055837,0.0528503116375466,FALSE,TRUE
"36-47",1.3,-0.0462322482490403,0.00642048340487963,0.0451798188776349,0.0330882997457884,0.0571201299572079,FALSE,TRUE
"36-47",1.4,-0.0497834340301851,0.00691307866232814,0.0485645492681225,0.0355852129120396,0.0613692064565902,FALSE,TRUE
"36-47",1.5,-0.0533334697526484,0.0074053858348704,0.0519361908408288,0.0380751150295525,0.0655975323218597,FALSE,TRUE
"36-47",1.6,-0.0568822722904793,0.00789738412246313,0.0552947191910576,0.0405579864708391,0.0698051002524943,FALSE,TRUE
"36-47",1.7,-0.0604297585177252,0.00838905272983375,0.0586401107898396,0.0430338079524503,0.0739919044394683,FALSE,FALSE
"36-47",1.8,-0.0639758453084354,0.00888037086681061,0.0619723429741795,0.0455025605317291,0.0781579405435383,FALSE,FALSE
"36-47",1.9,-0.0675204495366579,0.00937131774865424,0.0652913939373178,0.0479642256035637,0.0823032056736198,FALSE,FALSE
"36-47",2,-0.0710634880764418,0.00986187259639063,0.0685972427190192,0.0504187848971522,0.0864276983652686,FALSE,FALSE
"36-47",2.1,-0.0746048778018351,0.0103520146371458,0.0718898691958804,0.0528662204727675,0.0905314185592586,FALSE,FALSE
"36-47",2.2,-0.0781445355868859,0.0108417231044826,0.075169254071664,0.0553065147185322,0.0946143675802681,FALSE,FALSE
"36-47",2.3,-0.0816823783056438,0.0113309772387393,0.0784353788676584,0.0577396503471999,0.0986765481156713,FALSE,FALSE
"36-47",2.4,-0.0852183228321563,0.0118197562873699,0.0816882259130572,0.060165610392936,0.102717964194434,FALSE,FALSE
"36-47",2.5,-0.0887522860404725,0.0123080395052872,0.0849277783353727,0.0625843782081131,0.106738621166123,FALSE,FALSE
"36-47",2.6,-0.0922841848046406,0.0127958061552074,0.08815402005087,0.0649959374601043,0.11073852568003,FALSE,FALSE
"36-47",2.7,-0.0958139359987091,0.0132830355079974,0.091366935755033,0.067400272128087,0.114717685664399,FALSE,FALSE
"36-47",2.8,-0.0993414564967266,0.0137697068430247,0.0945665109130571,0.0697973664998502,0.118676110305784,FALSE,FALSE
"36-47",2.9,-0.102866663172742,0.0142557994485097,0.0977527317503721,0.0721872051686081,0.122613810028509,FALSE,FALSE
"36-47",3,-0.106389472900802,0.0147412926218802,0.100925585243194,0.0745697730298179,0.126530796474257,FALSE,FALSE
"36-47",3.1,-0.109909802554957,0.0152261656701297,0.104085059109112,0.0769450552780064,0.13042708248178,FALSE,FALSE
"36-47",3.2,-0.113427569009256,0.0157103979101777,0.107231141797697,0.0793130374035969,0.13430268206672,FALSE,FALSE
"36-47",3.3,-0.116942689137745,0.0161939686692333,0.110363822481155,0.0816737051897459,0.138157610401569,FALSE,FALSE
"36-47",3.4,-0.120455079814475,0.0166768572851619,0.113483091045004,0.0840270447091835,0.141991883795741,FALSE,FALSE
"36-47",3.5,-0.123964657913492,0.0171590431068555,0.116588938078788,0.0863730423210581,0.145805519675779,FALSE,FALSE
"36-47",3.6,-0.127471340308847,0.0176405054946055,0.119681354866827,0.0887116846677876,0.149598536565684,FALSE,FALSE
"36-47",3.7,-0.130975043874587,0.01812122382048,0.122760333378992,0.0910429586719153,0.153370954067377,FALSE,FALSE
"36-47",3.8,-0.13447568548476,0.0186011774687042,0.125825866261533,0.0933668515329704,0.157122792841289,FALSE,FALSE
"36-47",3.9,-0.137973182013417,0.0190803458360439,0.128877946827922,0.0956833507243342,0.160854074587083,FALSE,FALSE
"36-47",4,-0.141467450334604,0.0195587083321944,0.131916569049748,0.0979924439901103,0.164564822024509,FALSE,FALSE
"36-47",4.1,-0.14495840732237,0.0200362443801716,0.134941727547645,0.100294119342,0.16825505887439,FALSE,FALSE
"36-47",4.2,-0.148445969850764,0.0205129334167087,0.13795341758225,0.102588365056185,0.171924809839747,FALSE,FALSE
"36-47",4.3,-0.151930054793834,0.0209887548926564,0.140951635045209,0.104875169670206,0.175574100587055,FALSE,FALSE
"36-47",4.4,-0.155410579025629,0.0214636882733872,0.143936376450217,0.107154521979861,0.179202957727637,FALSE,FALSE
"36-47",4.5,-0.158887459420197,0.0219377130392051,0.146907638924095,0.109426411036089,0.182811408799196,FALSE,FALSE
"36-47",4.6,-0.162360612851587,0.0224108086857592,0.14986542019791,0.111690826141879,0.186399482247485,FALSE,FALSE
"36-47",4.7,-0.165829956193847,0.0228829547244622,0.152809718598131,0.113947756849162,0.189967207408113,FALSE,FALSE
"36-47",4.8,-0.169295406321026,0.0233541306829142,0.155740533037827,0.116197192955726,0.193514614488494,FALSE,FALSE
"36-47",4.9,-0.172756880107173,0.0238243161053315,0.158657863007909,0.118439124502121,0.197041734549934,FALSE,FALSE
"36-47",5,-0.176214294426335,0.02429349055298,0.161561708568405,0.120673541768576,0.20054859948986,FALSE,FALSE
"36-47",5.1,-0.179667566152561,0.0247616336046147,0.164452070339782,0.122900435271919,0.204035242024188,FALSE,FALSE
"36-47",5.2,-0.1831166121599,0.0252287248569247,0.16732894949431,0.125119795762495,0.207501695669837,FALSE,FALSE
"36-47",5.3,-0.186561349322399,0.0256947439249833,0.170192347747464,0.127331614221094,0.210947994727379,FALSE,FALSE
"36-47",5.4,-0.190001694514109,0.0261596704427047,0.173042267349371,0.129535881855882,0.214374174263842,FALSE,FALSE
"36-47",5.5,-0.193437564609077,0.0266234840633059,0.1758787110763,0.131732590099329,0.21778027009564,FALSE,FALSE
"36-47",5.6,-0.196868876481351,0.0270861644597758,0.178701682222192,0.133921730605148,0.221166318771666,FALSE,FALSE
"36-47",5.7,-0.200295547004981,0.0275476913253493,0.181511184590238,0.136103295245234,0.224532357556514,FALSE,FALSE
"36-47",5.8,-0.203717493054014,0.0280080443739896,0.184307222484495,0.138277276106603,0.22787842441385,FALSE,FALSE
"36-47",5.9,-0.207134631502499,0.0284672033408754,0.187089800701548,0.140443665488336,0.231204557989931,FALSE,FALSE
"36-47",6,-0.210546879224485,0.0289251479828964,0.189858924522216,0.142602455898531,0.234510797597262,FALSE,FALSE
"36-47",6.1,-0.21395415309402,0.0293818580791553,0.192614599703306,0.144753640051245,0.237797183198404,FALSE,FALSE
"36-47",6.2,-0.217356369985153,0.0298373134314766,0.195356832469401,0.146897210863451,0.241063755389923,FALSE,FALSE
"36-47",6.3,-0.220753446771932,0.0302914938649239,0.198085629504705,0.14903316145199,0.244310555386484,FALSE,FALSE
"36-47",6.4,-0.224145300328405,0.0307443792283237,0.200800997944922,0.151161485130525,0.247537625005095,FALSE,FALSE
"36-47",6.5,-0.227531847528621,0.0311959493947981,0.203502945369186,0.1532821754065,0.250745006649489,FALSE,FALSE
"36-47",6.6,-0.230913005246629,0.0316461842623043,0.206191479792037,0.155395225978098,0.253932743294657,FALSE,FALSE
"36-47",6.7,-0.234288690356477,0.0320950637541836,0.208866609655436,0.157500630731202,0.257100878471524,FALSE,FALSE
"36-47",6.8,-0.237658819732213,0.0325425678197179,0.211528343820831,0.159598383736354,0.260249456251772,FALSE,FALSE
"36-47",6.9,-0.241023310247886,0.0329886764346956,0.214176691561266,0.161688479245718,0.263378521232802,FALSE,FALSE
"36-47",7,-0.244382078777545,0.0334333696019855,0.216811662553536,0.163770911690046,0.26648811852285,FALSE,FALSE
"36-47",7.1,-0.247735042195238,0.033876627352121,0.219433266870388,0.165845675675635,0.269578293726243,FALSE,FALSE
"36-47",7.2,-0.251082117375013,0.0343184297438923,0.222041514972764,0.167912765981297,0.272649092928796,FALSE,FALSE
"36-47",7.3,-0.25442322119092,0.0347587568649494,0.224636417702097,0.169972177555316,0.275700562683364,FALSE,FALSE
"36-47",7.4,-0.257758270517005,0.0351975888324141,0.227217986272648,0.172023905512418,0.278732749995527,FALSE,FALSE
"36-47",7.5,-0.261087182227319,0.0356349057935024,0.229786232263886,0.17406794513073,0.281745702309426,FALSE,FALSE
"36-47",7.6,-0.264409873195909,0.0360706879261572,0.232341167612923,0.176104291848741,0.284739467493742,FALSE,FALSE
"36-47",7.7,-0.267726260296824,0.0365049154396915,0.234882804606985,0.178132941262267,0.287714093827816,FALSE,FALSE
"36-47",7.8,-0.271036260404112,0.0369375685754427,0.237411155875933,0.180153889121407,0.290669629987915,FALSE,FALSE
"36-47",7.9,-0.274339790391823,0.0373686276074374,0.239926234384833,0.182167131327504,0.293606125033639,FALSE,FALSE
"36-47",8,-0.277636767134003,0.0377980728430685,0.242428053426569,0.1841726639301,0.296523628394471,FALSE,FALSE
"36-47",8.1,-0.280927107504703,0.038225884623783,0.244916626614498,0.186170483123891,0.299422189856473,FALSE,FALSE
"36-47",8.2,-0.28421072837797,0.0386520433257826,0.24739196787516,0.188160585245678,0.302301859549115,FALSE,FALSE
"36-47",8.3,-0.287487546627853,0.039076529360736,0.249854091441023,0.190142966771319,0.305162687932257,FALSE,FALSE
"36-47",8.4,-0.2907574791284,0.039499323176504,0.252303011843284,0.19211762431267,0.308004725783261,FALSE,FALSE
"36-47",8.5,-0.29402044275366,0.0399204052578773,0.254738743904708,0.194084554614532,0.31082802418425,FALSE,FALSE
"36-47",8.6,-0.297276354377681,0.0403397561273281,0.257161302732517,0.19604375455159,0.31363263450951,FALSE,FALSE
"36-47",8.7,-0.300525130874512,0.040757356345774,0.259570703711323,0.197995221125343,0.31641860841302,FALSE,FALSE
"36-47",8.8,-0.303766689118202,0.0411731865133571,0.261966962496104,0.199938951461041,0.319185997816136,FALSE,FALSE
"36-47",8.9,-0.307000945982798,0.0415872272702364,0.264350095005232,0.201874942804606,0.3219348548954,FALSE,FALSE
"36-47",9,-0.31022781834235,0.0419994592973953,0.266720117413537,0.203803192519554,0.324665232070499,FALSE,FALSE
"36-47",9.1,-0.313447223070905,0.0424098633174632,0.269077046145426,0.20572369808391,0.327377181992351,FALSE,FALSE
"36-47",9.2,-0.316659077042513,0.0428184200955535,0.271420897868039,0.207636457087116,0.330070757531338,FALSE,FALSE
"36-47",9.3,-0.319863297131221,0.0432251104401164,0.273751689484453,0.209541467226934,0.332746011765668,FALSE,FALSE
"36-47",9.4,-0.323059800211079,0.0436299152038078,0.276069438126928,0.211438726306341,0.335402997969876,FALSE,FALSE
"36-47",9.5,-0.326248503156134,0.0440328152843753,0.278374161150208,0.21332823223042,0.338041769603464,FALSE,FALSE
"36-47",9.6,-0.329429322840436,0.0444337916255599,0.280665876124847,0.215209983003234,0.340662380299664,FALSE,FALSE
"36-47",9.7,-0.332602176138032,0.0448328252180164,0.2829446008306,0.217083976724706,0.343264883854353,FALSE,FALSE
"36-47",9.8,-0.335766979922971,0.0452298971002499,0.285210353249842,0.21895021158748,0.345849334215086,FALSE,FALSE
"36-47",9.9,-0.338923651069303,0.0456249883595718,0.28746315156104,0.220808685873773,0.34841578547027,FALSE,FALSE
"36-47",10,-0.342072106451074,0.0460180801330734,0.289703014132264,0.222659397952223,0.350964291838469,FALSE,FALSE
"36-47",10.1,-0.345212262942334,0.0464091536086191,0.291929959514745,0.224502346274723,0.353494907657839,FALSE,FALSE
"36-47",10.2,-0.348344037417131,0.046798190025859,0.294144006436472,0.226337529373245,0.356007687375698,FALSE,FALSE
"36-47",10.3,-0.351467346749514,0.0471851706772608,0.296345173795833,0.228164945856653,0.358502685538224,FALSE,FALSE
"36-47",10.4,-0.354582107813531,0.0475700769091635,0.298533480655302,0.229984594407506,0.360979956780281,FALSE,FALSE
"36-47",10.5,-0.35768823748323,0.0479528901228508,0.300708946235167,0.231796473778842,0.363439555815381,FALSE,FALSE
"36-47",10.6,-0.360785652632661,0.048333591775647,0.302871589907293,0.23360058279096,0.365881537425766,FALSE,FALSE
"36-47",10.7,-0.363874270135871,0.0487121633820338,0.30502143118894,0.235396920328177,0.368305956452626,FALSE,FALSE
"36-47",10.8,-0.36695400686691,0.0490885865147913,0.307158489736613,0.237185485335581,0.370712867786439,FALSE,FALSE
"36-47",10.9,-0.370024779699825,0.0494628428061603,0.309282785339952,0.238966276815759,0.373102326357442,FALSE,FALSE
"36-47",11,-0.373086505508665,0.0498349139490301,0.311394337915675,0.240739293825521,0.375474387126225,FALSE,FALSE
"36-47",11.1,-0.376139101167479,0.0502047816981493,0.313493167501546,0.242504535472596,0.37782910507445,FALSE,FALSE
"36-47",11.2,-0.379182483550314,0.0505724278713621,0.315579294250398,0.24426200091232,0.380166535195702,FALSE,FALSE
"36-47",11.3,-0.38221656953122,0.0509378343508706,0.317652738424183,0.246011689344306,0.382486732486454,FALSE,FALSE
"36-47",11.4,-0.385241275984246,0.051300983084522,0.319713520388075,0.247753600009086,0.384789751937164,FALSE,FALSE
"36-47",11.5,-0.388256519783439,0.0516618560871244,0.321761660604601,0.249487732184748,0.387075648523489,FALSE,FALSE
"36-47",11.6,-0.391262217802847,0.0520204354417888,0.323797179627816,0.251214085183543,0.389344477197629,FALSE,FALSE
"36-47",11.7,-0.394258286916521,0.0523767033012996,0.325820098097524,0.252932658348476,0.391596292879784,FALSE,FALSE
"36-47",11.8,-0.397244643998507,0.0527306418895149,0.32783043673352,0.254643451049873,0.39383115044974,FALSE,FALSE
"36-47",11.9,-0.400221205922855,0.0530822335027952,0.329828216329891,0.256346462681929,0.396049104738574,FALSE,FALSE
"36-47",12,-0.403187889563613,0.0534314605114637,0.331813457749337,0.258041692659229,0.398250210520471,FALSE,FALSE
"36-47",12.1,-0.406144611794829,0.0537783053612972,0.333786181917544,0.25972914041325,0.400434522504676,FALSE,FALSE
"36-47",12.2,-0.409091289490552,0.0541227505750489,0.335746409817581,0.261408805388831,0.402602095327552,FALSE,FALSE
"36-47",12.3,-0.412027839524831,0.0544647787540047,0.337694162484346,0.263080687040625,0.404752983544761,FALSE,FALSE
"36-47",12.4,-0.414954178771713,0.0548043725795723,0.339629460999037,0.26474478482952,0.406887241623566,FALSE,FALSE
"36-47",12.5,-0.417870224105248,0.0551415148149058,0.341552326483672,0.266401098219029,0.409004923935245,FALSE,FALSE
"36-47",12.6,-0.420775892399484,0.0554761883065647,0.343462780095629,0.268049626671663,0.411106084747627,FALSE,FALSE
"36-47",12.7,-0.423671100528469,0.0558083759862102,0.345360843022237,0.269690369645255,0.413190778217742,FALSE,FALSE
"36-47",12.8,-0.426555765366253,0.0561380608723379,0.34724653647539,0.271323326589276,0.415259058384587,FALSE,FALSE
"36-47",12.9,-0.429429803786882,0.0564652260720493,0.349119881686203,0.272948496941097,0.417310979162008,FALSE,FALSE
"36-47",13,-0.432293132664406,0.0567898547828626,0.350980899899694,0.274565880122236,0.419346594331698,FALSE,FALSE
"36-47",13.1,-0.435145668872874,0.057111930294563,0.352829612369513,0.276175475534558,0.421365957536312,FALSE,FALSE
"36-47",13.2,-0.437987329286334,0.0574314359910948,0.354666040352687,0.277777282556446,0.423369122272689,FALSE,FALSE
"36-47",13.3,-0.440818030778834,0.0577483553524961,0.356490205104412,0.279371300538932,0.425356141885197,FALSE,FALSE
"36-47",13.4,-0.443637690224423,0.0580626719568764,0.358302127872873,0.280957528801794,0.427327069559185,FALSE,FALSE
"36-47",13.5,-0.446446224497149,0.0583743694824388,0.36010182989409,0.282535966629609,0.429281958314553,FALSE,FALSE
"36-47",13.6,-0.44924355047106,0.0586834317095486,0.361889332386805,0.284106613267769,0.431220860999435,FALSE,FALSE
"36-47",13.7,-0.452029585020207,0.0589898425228476,0.363664656547394,0.285669467918452,0.433143830283989,FALSE,FALSE
"36-47",13.8,-0.454804245018636,0.059293585913418,0.365427823544809,0.287224529736552,0.435050918654309,FALSE,FALSE
"36-47",13.9,-0.457567447340396,0.0595946459809946,0.367178854515557,0.288771797825563,0.436942178406441,FALSE,FALSE
"36-47",14,-0.460319108859536,0.0598930069362284,0.368917770558701,0.290311271233415,0.438817661640517,FALSE,FALSE
"36-47",14.1,-0.463059146450104,0.0601886531030018,0.37064459273089,0.291842948948268,0.440677420255,FALSE,FALSE
"36-47",14.2,-0.465787476986149,0.0604815689207976,0.372359342041429,0.293366829894246,0.442521505941036,FALSE,FALSE
"36-47",14.3,-0.468504017341719,0.0607717389471225,0.374062039447361,0.294882912927131,0.444349970176929,FALSE,FALSE
"36-47",14.4,-0.471208684390863,0.0610591478599872,0.37575270584859,0.296391196829997,0.446162864222716,FALSE,FALSE
"36-47",14.5,-0.473901395007629,0.0613437804604442,0.377431362083022,0.297891680308792,0.447960239114861,FALSE,FALSE
"36-47",14.6,-0.476582066066066,0.0616256216751847,0.379098028921742,0.299384361987861,0.449742145661061,FALSE,FALSE
"36-47",14.7,-0.479250614440222,0.0619046565591969,0.380752727064208,0.300869240405418,0.451508634435162,FALSE,FALSE
"36-47",14.8,-0.481906957004146,0.0621808702984864,0.382395477133477,0.302346314008945,0.453259755772185,FALSE,FALSE
"36-47",14.9,-0.484551010631886,0.0624542482128606,0.384026299671455,0.303815581150545,0.454995559763471,FALSE,FALSE
"36-47",15,-0.48718269219749,0.06272477575878,0.385645215134167,0.305277040082217,0.456716096251934,FALSE,FALSE
"36-47",15.1,-0.489801918575008,0.0629924385322762,0.387252243887061,0.306730688951073,0.458421414827428,FALSE,FALSE
"36-47",15.2,-0.492408606638487,0.0632572222719394,0.388847406200327,0.308176525794484,0.460111564822224,FALSE,FALSE
"36-47",15.3,-0.495002673261977,0.0635191128619786,0.390430722244241,0.309614548535156,0.461786595306609,FALSE,FALSE
"36-47",15.4,-0.497584035319525,0.063778096335353,0.392002212084537,0.311044754976132,0.463446555084591,FALSE,FALSE
"36-47",15.5,-0.50015260968518,0.0640341588769806,0.393561895677793,0.312467142795724,0.465091492689719,FALSE,FALSE
"36-47",15.6,-0.502708313232991,0.064287286827023,0.395109792866845,0.313881709542361,0.466721456381024,FALSE,FALSE
"36-47",15.7,-0.505251062837006,0.06453746668425,0.396645923376219,0.315288452629362,0.468336494139071,FALSE,FALSE
"36-47",15.8,-0.507780775371273,0.0647846851094858,0.398170306807585,0.316687369329624,0.469936653662125,FALSE,FALSE
"36-47",15.9,-0.510297367709841,0.0650289289291387,0.399682962635229,0.318078456770227,0.47152198236244,FALSE,FALSE
"36-47",16,-0.51280075672676,0.065270185138817,0.401183910201546,0.319461711926953,0.473092527362662,FALSE,FALSE
"36-47",16.1,-0.515290859296076,0.0655084409070339,0.402673168712553,0.320837131618707,0.47464833549235,FALSE,FALSE
"36-47",16.2,-0.517767592291838,0.0657436835790016,0.404150757233416,0.322204712501859,0.476189453284616,FALSE,FALSE
"36-47",16.3,-0.520230872588096,0.0659759006805209,0.405616694683999,0.323564451064472,0.477715926972893,FALSE,FALSE
"36-47",16.4,-0.522680617058897,0.0662050799219648,0.407070999834429,0.324916343620447,0.47922780248781,FALSE,FALSE
"36-47",16.5,-0.52511674257829,0.0664312092023614,0.408513691300676,0.326260386303559,0.480725125454204,FALSE,FALSE
"36-47",16.6,-0.527539166020324,0.066654276613578,0.40994478754015,0.327596575061384,0.482207941188248,FALSE,FALSE
"36-47",16.7,-0.529947804259046,0.0668742704446091,0.411364306847313,0.328924905649128,0.483676294694703,FALSE,FALSE
"36-47",16.8,-0.532342574168506,0.0670911791859709,0.412772267349309,0.330245373623331,0.485130230664302,FALSE,FALSE
"36-47",16.9,-0.534723392622752,0.0673049915342059,0.4141686870016,0.331557974335468,0.48656979347126,FALSE,FALSE
"36-47",17,-0.537090176495833,0.0675156963965004,0.415553583583624,0.332862702925422,0.487995027170907,FALSE,FALSE
"36-47",17.1,-0.539442842661796,0.0677232828954175,0.416926974694465,0.33415955431484,0.489405975497463,FALSE,FALSE
"36-47",17.2,-0.541781307994691,0.0679277403737492,0.418288877748528,0.335448523200359,0.490802681861935,FALSE,FALSE
"36-47",17.3,-0.544105489368566,0.0681290583994919,0.419639309971232,0.336729604046703,0.49218518935016,FALSE,FALSE
"36-47",17.4,-0.546415303657469,0.0683272267709459,0.420978288394716,0.338002791079648,0.49355354072097,FALSE,FALSE
"36-47",17.5,-0.548710667735449,0.0685222355219459,0.422305829853549,0.339268078278843,0.49490777840451,FALSE,FALSE
"36-47",17.6,-0.550991498476554,0.0687140749272233,0.423621950980455,0.340525459370496,0.496247944500688,FALSE,FALSE
"36-47",17.7,-0.553257712754834,0.0689027355079055,0.424926668202042,0.341774927819903,0.49757408077777,FALSE,FALSE
"36-47",17.8,-0.555509227444335,0.0690882080371553,0.426219997734547,0.343016476823834,0.49888622867112,FALSE,FALSE
"36-47",17.9,-0.557745959419108,0.0692704835459548,0.427501955579582,0.344250099302761,0.50018442928209,FALSE,FALSE
"36-47",18,-0.5599678255532,0.0694495533290374,0.428772557519889,0.345475787892919,0.501468723377058,FALSE,FALSE
"36-47",18.1,-0.56217474272066,0.0696254089509718,0.430031819115105,0.346693534938207,0.502739151386617,FALSE,FALSE
"36-47",18.2,-0.564366627795535,0.0697980422524036,0.431279755697528,0.347903332481919,0.503995753404927,FALSE,FALSE
"36-47",18.3,-0.566543397651876,0.0699674453564567,0.432516382367892,0.349105172258291,0.505238569189219,FALSE,FALSE
"36-47",18.4,-0.56870496916373,0.0701336106753011,0.433741713991142,0.350299045683873,0.506467638159462,FALSE,FALSE
"36-47",18.5,-0.570851259205146,0.0702965309168899,0.434955765192221,0.351484943848713,0.507682999398201,FALSE,FALSE
"36-47",18.6,-0.572982184650172,0.0704561990918718,0.436158550351849,0.352662857507342,0.508884691650558,FALSE,FALSE
"36-47",18.7,-0.575097671190742,0.070612611269577,0.437350088563698,0.353832779285958,0.510072760284172,FALSE,FALSE
"36-47",18.8,-0.577197730289731,0.0707657904974668,0.438530446784937,0.354994723058188,0.511247317723942,FALSE,FALSE
"36-47",18.9,-0.579282421713344,0.0709157748984184,0.43969971833849,0.356148714648834,0.51240851300197,FALSE,FALSE
"36-47",19,-0.581351805768632,0.071062602714902,0.440857995933594,0.357294779868193,0.513556493835105,FALSE,FALSE
"36-47",19.1,-0.583405942762648,0.0712063121351645,0.442005371372444,0.358432944382498,0.514691406220156,FALSE,FALSE
"36-47",19.2,-0.585444893002441,0.0713469412884107,0.443141935561619,0.359563233719976,0.515813394457002,FALSE,FALSE
"36-47",19.3,-0.587468716795065,0.0714845282400339,0.444267778523383,0.360685673276798,0.516922601171347,FALSE,FALSE
"36-47",19.4,-0.589477474447569,0.0716191109868912,0.44538298940682,0.361800288322911,0.518019167337147,FALSE,FALSE
"36-47",19.5,-0.591471226267006,0.0717507274526219,0.446487656498843,0.362907104007763,0.519103232298675,FALSE,FALSE
"36-47",19.6,-0.593450032560427,0.0718794154830029,0.447581867235056,0.364006145365928,0.520174933792263,FALSE,FALSE
"36-47",19.7,-0.595413953634883,0.0720052128413405,0.448665708210475,0.36509743732264,0.521234407967689,FALSE,FALSE
"36-47",19.8,-0.597363049797426,0.0721281572038936,0.449739265190117,0.366181004699237,0.522281789409243,FALSE,FALSE
"36-47",19.9,-0.599297381355106,0.0722482861553272,0.450802623119454,0.367256872218518,0.523317211156442,FALSE,FALSE
"36-47",20,-0.601217008614976,0.0723656371841925,0.45185586613473,0.36832506451003,0.524340804724431,FALSE,FALSE
"36-47",20.1,-0.603121991884086,0.0724802476784321,0.452899077573156,0.36938560611527,0.525352700124037,FALSE,FALSE
"36-47",20.2,-0.605012391469489,0.0725921549209074,0.453932339982963,0.37043852149283,0.526353025881512,FALSE,FALSE
"36-47",20.3,-0.606888267678235,0.0727013960849468,0.454955735133344,0.371483835023462,0.527341909057942,FALSE,FALSE
"36-47",20.4,-0.608749680817376,0.0728080082299132,0.455969344024259,0.372521571015096,0.528319475268342,FALSE,FALSE
"36-47",20.5,-0.610596691193963,0.0729120282967875,0.45697324689612,0.373551753707788,0.52928584870043,FALSE,FALSE
"36-47",20.6,-0.612429359115047,0.0730134931037694,0.457967523239357,0.374574407278618,0.530241152133088,FALSE,FALSE
"36-47",20.7,-0.61424774488768,0.0731124393418911,0.458952251803862,0.375589555846537,0.531185506954516,FALSE,FALSE
"36-47",20.8,-0.616051908818914,0.073208903570645,0.459927510608314,0.376597223477161,0.532119033180073,FALSE,FALSE
"36-47",20.9,-0.6178419112158,0.0733029222136236,0.460893376949389,0.377597434187521,0.53304184946982,FALSE,FALSE
"36-47",21,-0.619617812385388,0.0733945315541703,0.461849927410857,0.37859021195077,0.53395407314576,FALSE,FALSE
"36-47",21.1,-0.621379672634731,0.0734837677310408,0.46279723787256,0.37957558070084,0.534855820208781,FALSE,FALSE
"36-47",21.2,-0.62312755227088,0.0735706667340746,0.463735383519286,0.380553564337074,0.535747205355308,FALSE,FALSE
"36-47",21.3,-0.624861511600886,0.0736552643998753,0.46466443884953,0.381524186728802,0.53662834199367,FALSE,FALSE
"36-47",21.4,-0.6265816109318,0.0737375964075005,0.465584477684141,0.382487471719896,0.537499342260173,FALSE,FALSE
"36-47",21.5,-0.628287910570674,0.0738176982741599,0.466495573174873,0.383443443133281,0.538360317034898,FALSE,FALSE
"36-47",21.6,-0.62998047082456,0.0738956053509218,0.46739779781282,0.384392124775413,0.539211375957225,FALSE,FALSE
"36-47",21.7,-0.631659352000508,0.0739713528184286,0.468291223436756,0.385333540440733,0.540052627441075,FALSE,FALSE
"36-47",21.8,-0.633324614405571,0.07404497568262,0.469175921241365,0.386267713916075,0.540884178689889,FALSE,FALSE
"36-47",21.9,-0.634976318346798,0.0741165087704659,0.470051961785377,0.387194668985061,0.541706135711341,FALSE,FALSE
"36-47",22,-0.636614524131243,0.0741859867257072,0.470919414999599,0.388114429432452,0.54251860333179,FALSE,FALSE
"36-47",22.1,-0.638239292065956,0.0742534440046064,0.471778350194848,0.389027019048479,0.54332168521047,FALSE,FALSE
"36-47",22.2,-0.639850682457988,0.0743189148717083,0.472628836069795,0.38993246163314,0.544115483853439,FALSE,FALSE
"36-47",22.3,-0.641448755614391,0.0743824333956102,0.473470940718699,0.390830781000478,0.544900100627262,FALSE,FALSE
"36-47",22.4,-0.643033571842216,0.0744440334447439,0.474304731639064,0.39172200098282,0.545675635772466,FALSE,FALSE
"36-47",22.5,-0.644605191448515,0.0745037486831695,0.475130275739188,0.392606145434997,0.546442188416745,FALSE,FALSE
"36-47",22.6,-0.646163674740339,0.0745616125663809,0.475947639345631,0.393483238238533,0.547199856587931,FALSE,FALSE
"36-47",22.7,-0.64770908202474,0.0746176583371259,0.476756888210589,0.39435330330581,0.547948737226733,FALSE,FALSE
"36-47",22.8,-0.649241473608768,0.0746719190212404,0.477558087519174,0.395216364584204,0.548688926199252,FALSE,FALSE
"36-47",22.9,-0.650760909799475,0.0747244274234987,0.478351301896617,0.39607244606019,0.549420518309262,FALSE,FALSE
"36-47",23,-0.652267450903913,0.07477521612348,0.479136595415374,0.396921571763426,0.550143607310286,FALSE,FALSE
"36-47",23.1,-0.653761157229133,0.0748243174714539,0.479914031602154,0.397763765770801,0.550858285917446,FALSE,FALSE
"36-47",23.2,-0.655242089082186,0.0748717635842851,0.480683673444858,0.398599052210462,0.551564645819106,FALSE,FALSE
"36-47",23.3,-0.656710306770124,0.074917586341359,0.481445583399437,0.399427455265806,0.552262777688312,FALSE,FALSE
"36-47",23.4,-0.658165870599998,0.0749618173805304,0.482199823396667,0.400248999179442,0.552952771194021,FALSE,FALSE
"36-47",23.5,-0.659608840878859,0.0750044880940955,0.482946454848847,0.401063708257127,0.553634715012147,FALSE,FALSE
"36-47",23.6,-0.661039277913759,0.0750456296247907,0.483685538656409,0.401871606871662,0.554308696836395,FALSE,FALSE
"36-47",23.7,-0.662457242011749,0.0750852728618181,0.48441713521446,0.402672719466763,0.554974803388923,FALSE,FALSE
"36-47",23.8,-0.66386279347988,0.0751234484369011,0.485141304419238,0.403467070560893,0.55563312043081,FALSE,FALSE
"36-47",23.9,-0.665255992625205,0.0751601867203708,0.485858105674493,0.404254684751063,0.556283732772344,FALSE,FALSE
"36-47",24,-0.666636899754773,0.0751955178172862,0.486567597897797,0.405035586716593,0.556926724283142,FALSE,FALSE
"36-47",24.1,-0.668005575175638,0.0752294715635888,0.487269839526777,0.405809801222836,0.557562177902083,FALSE,FALSE
"36-47",24.2,-0.669362079194849,0.0752620775222959,0.48796488852527,0.406577353124867,0.558190175647094,FALSE,FALSE
"36-47",24.3,-0.670706472119459,0.0752933649797319,0.488652802389412,0.407338267371127,0.558810798624754,FALSE,FALSE
"36-47",24.4,-0.672038814256518,0.0753233629418029,0.489333638153652,0.408092569007029,0.559424127039754,FALSE,FALSE
"36-47",24.5,-0.673359165913079,0.0753521001303141,0.4900074523967,0.408840283178518,0.560030240204194,FALSE,FALSE
"36-47",24.6,-0.674667587396192,0.0753796049793344,0.490674301247395,0.409581435135586,0.560629216546737,FALSE,FALSE
"36-47",24.7,-0.675964139012909,0.0754059056316092,0.491334240390518,0.410316050235744,0.56122113362161,FALSE,FALSE
"36-47",24.8,-0.677248881070281,0.0754310299350247,0.491987325072525,0.411044153947445,0.561806068117474,FALSE,FALSE
"36-47",24.9,-0.67852187387536,0.0754550054391261,0.492633610107221,0.411765771853447,0.562384095866149,FALSE,FALSE
"36-47",25,-0.679783177735197,0.0754778593916915,0.493273149881365,0.412480929654143,0.56295529185121,FALSE,FALSE
"36-47",25.1,-0.681032852956843,0.0754996187353651,0.49390599836021,0.413189653170817,0.563519730216458,FALSE,FALSE
"36-47",25.2,-0.68227095984735,0.0755203101043517,0.494532209092979,0.413891968348861,0.564077484274264,FALSE,FALSE
"36-47",25.3,-0.683497558713768,0.0755399598211755,0.495151835218278,0.414587901260922,0.564628626513797,FALSE,FALSE
"36-47",25.4,-0.684712709863151,0.0755585938935056,0.495764929469443,0.415277478109995,0.565173228609134,FALSE,FALSE
"36-47",25.5,-0.685916473602549,0.0755762380110511,0.496371544179833,0.415960725232455,0.565711361427263,FALSE,FALSE
"36-47",25.6,-0.687108910239012,0.0755929175425292,0.496971731288053,0.416637669101019,0.566243095035979,FALSE,FALSE
"36-47",25.7,-0.688290080079593,0.0756086575327075,0.497565542343122,0.41730833632765,0.56676849871168,FALSE,FALSE
"36-47",25.8,-0.689460043431343,0.0756234826995257,0.498153028509581,0.417972753666383,0.567287640947062,FALSE,FALSE
"36-47",25.9,-0.690618860601314,0.0756374174312971,0.498734240572543,0.418630948016091,0.567800589458725,FALSE,FALSE
"36-47",26,-0.691766591896556,0.0756504857839952,0.499309228942679,0.419282946423165,0.568307411194692,FALSE,FALSE
"36-47",26.1,-0.692903297624122,0.0756627114786259,0.499878043661158,0.419928776084133,0.568808172341835,FALSE,FALSE
"36-47",26.2,-0.694029038091062,0.0756741178986908,0.500440734404519,0.42056846434819,0.569302938333234,FALSE,FALSE
"36-47",26.3,-0.695143873604427,0.0756847280877426,0.500997350489497,0.42120203871965,0.569791773855449,FALSE,FALSE
"36-47",26.4,-0.69624786447127,0.0756945647470359,0.501547940877785,0.42182952686032,0.570274742855725,FALSE,FALSE
"36-47",26.5,-0.697341070998642,0.0757036502332782,0.502092554180751,0.422450956591789,0.570751908549134,FALSE,FALSE
"36-47",26.6,-0.698423553493593,0.0757120065564809,0.502631238664094,0.42306635589762,0.571223333425646,FALSE,FALSE
"36-47",26.7,-0.699495372263176,0.0757196553779169,0.503164042252448,0.423675752925462,0.571689079257146,FALSE,FALSE
"36-47",26.8,-0.700556587614441,0.0757266180081846,0.503691012533939,0.424279175989068,0.572149207104398,FALSE,FALSE
"36-47",26.9,-0.701607259854441,0.0757329154053839,0.504212196764685,0.424876653570213,0.572603777323952,FALSE,FALSE
"36-47",27,-0.702647449290226,0.0757385681734057,0.504727641873247,0.425468214320521,0.573052849575011,FALSE,FALSE
"36-47",27.1,-0.703677216228848,0.075743596560338,0.505237394465031,0.426053887063186,0.573496482826253,FALSE,FALSE
"36-47",27.2,-0.704696620977358,0.0757480204569926,0.505741500826634,0.426633700794596,0.573934735362616,FALSE,FALSE
"36-47",27.3,-0.705705723842808,0.0757518593955548,0.506240006930152,0.427207684685845,0.574367664792043,FALSE,FALSE
"36-47",27.4,-0.706704585132248,0.0757551325483584,0.506732958437429,0.427775868084146,0.574795328052208,FALSE,FALSE
"36-47",27.5,-0.707693265152732,0.0757578587267903,0.507220400704264,0.428338280514126,0.575217781417203,FALSE,FALSE
"36-47",27.6,-0.708671824211308,0.075760056380327,0.507702378784567,0.428894951679014,0.575635080504212,FALSE,FALSE
"36-47",27.7,-0.70964032261503,0.0757617435957061,0.508178937434474,0.429445911461706,0.576047280280162,FALSE,FALSE
"36-47",27.8,-0.710598820670948,0.0757629380962348,0.508650121116407,0.429991189925724,0.57645443506836,FALSE,FALSE
"36-47",27.9,-0.711547378686114,0.0757636572412407,0.509115974003099,0.430530817316041,0.57685659855512,FALSE,FALSE
"36-47",28,-0.71248605696758,0.0757639180256645,0.509576539981562,0.431064824059794,0.577253823796379,FALSE,FALSE
"36-47",28.1,-0.713414915822395,0.0757637370798005,0.510031862657023,0.431593240766865,0.577646163224317,FALSE,FALSE
"36-47",28.2,-0.714334015557613,0.075763130669186,0.510481985356807,0.432116098230336,0.578033668653971,FALSE,FALSE
"36-47",28.3,-0.715243416480284,0.0757621146946421,0.510926951134177,0.432633427426813,0.578416391289853,FALSE,FALSE
"36-47",28.4,-0.71614317889746,0.0757607046924707,0.511366802772139,0.433145259516618,0.578794381732579,FALSE,FALSE
"36-47",28.5,-0.717033363116192,0.0757589158348074,0.511801582787195,0.433651625843845,0.579167689985506,FALSE,FALSE
"36-47",28.6,-0.717914029443531,0.0757567629301362,0.512231333433058,0.434152557936276,0.579536365461383,FALSE,FALSE
"36-47",28.7,-0.718785238186529,0.0757542604239657,0.512656096704327,0.43464808750516,0.579900456989027,FALSE,FALSE
"36-47",28.8,-0.719647049652238,0.0757514223996719,0.513075914340121,0.435138246444845,0.580260012820006,FALSE,FALSE
"36-47",28.9,-0.720499524147708,0.0757482625795077,0.513490827827666,0.43562306683227,0.580615080635362,FALSE,FALSE
"36-47",29,-0.72134272197999,0.0757447943257838,0.513900878405853,0.436102580926304,0.580965707552352,FALSE,FALSE
"36-47",29.1,-0.722176703456138,0.0757410306422222,0.514306107068748,0.436576821166938,0.581311940131221,FALSE,FALSE
"36-47",29.2,-0.7230015288832,0.0757369841754848,0.514706554569063,0.437045820174325,0.581653824382016,FALSE,FALSE
"36-47",29.3,-0.72381725856823,0.0757326672168799,0.515102261421596,0.437509610747661,0.581991405771431,FALSE,FALSE
"36-47",29.4,-0.724623952818278,0.075728091704248,0.515493267906623,0.43796822586392,0.582324729229692,FALSE,FALSE
"36-47",29.5,-0.725421671940397,0.0757232692240306,0.515879614073258,0.438421698676412,0.582653839157491,FALSE,FALSE
"36-47",29.6,-0.726210476241636,0.0757182110135222,0.516261339742777,0.4388700625132,0.582978779432958,FALSE,FALSE
"36-47",29.7,-0.726990426029048,0.0757129279633098,0.516638484511898,0.439313350875338,0.583299593418697,FALSE,FALSE
"36-47",29.8,-0.727761581609683,0.0757074306198999,0.51701108775603,0.43975159743495,0.583616323968853,FALSE,FALSE
"36-47",29.9,-0.728524003290594,0.0757017291885365,0.517379188632489,0.440184836033142,0.583929013436257,FALSE,FALSE
"36-47",30,-0.729277751378832,0.0756958335362112,0.517742826083668,0.440613100677739,0.584237703679608,FALSE,FALSE
"36-47",30.1,-0.730022886181448,0.0756897531948675,0.518102038840181,0.441036425540859,0.584542436070732,FALSE,FALSE
"36-47",30.2,-0.730759468005493,0.0756834973648017,0.518456865423967,0.441454844956302,0.584843251501894,FALSE,FALSE
"36-47",30.3,-0.731487557158019,0.0756770749182607,0.518807344151362,0.441868393416775,0.58514019039318,FALSE,FALSE
"36-47",30.4,-0.732207213946077,0.0756704944032401,0.519153513136137,0.442277105570925,0.585433292699943,FALSE,FALSE
"36-47",30.5,-0.732918498676719,0.0756637640474831,0.519495410292498,0.44268101622021,0.585722597920327,FALSE,FALSE
"36-47",30.6,-0.733621471656995,0.0756568917626822,0.519833073338057,0.443080160315573,0.586008145102857,FALSE,FALSE
"36-47",30.7,-0.734316193193958,0.075649885148885,0.520166539796769,0.443474572953939,0.586289972854108,FALSE,FALSE
"36-47",30.8,-0.735002723594659,0.0756427514991058,0.520495847001834,0.443864289374528,0.586568119346448,FALSE,FALSE
"36-47",30.9,-0.735681123166148,0.0756354978041442,0.520821032098569,0.444249344954981,0.586842622325869,FALSE,FALSE
"36-47",31,-0.736351452215478,0.0756281307576127,0.521142132047246,0.444629775207291,0.58711351911989,FALSE,FALSE
"36-47",31.1,-0.7370137710497,0.0756206567611726,0.5214591836259,0.445005615773553,0.587380846645552,FALSE,FALSE
"36-47",31.2,-0.737668139975865,0.0756130819299826,0.521772223433106,0.445376902421516,0.587644641417495,FALSE,FALSE
"36-47",31.3,-0.738314619301024,0.0756054120983579,0.522081287890718,0.44574367103994,0.587904939556127,FALSE,FALSE
"36-47",31.4,-0.73895326933223,0.0755976528256437,0.52238641324659,0.446105957633768,0.58816177679588,FALSE,FALSE
"36-47",31.5,-0.739584150376532,0.0755898094023023,0.522687635577254,0.446463798319082,0.588415188493558,FALSE,FALSE
"36-47",31.6,-0.740207322740983,0.0755818868562156,0.522984990790575,0.446817229317885,0.588665209636788,FALSE,FALSE
"36-47",31.7,-0.740822846732634,0.0755738899592039,0.523278514628371,0.44716628695266,0.588911874852554,FALSE,FALSE
"36-47",31.8,-0.741430782658537,0.0755658232337618,0.523568242669013,0.447511007640744,0.589155218415838,FALSE,FALSE
"36-47",31.9,-0.742031190825743,0.0755576909600125,0.52385421032998,0.447851427888489,0.589395274258357,FALSE,FALSE
"36-47",32,-0.742624131541302,0.07554949718288,0.524136452870402,0.448187584285226,0.589632075977407,FALSE,FALSE
"36-47",32.1,-0.743209665112267,0.0755412457194816,0.524415005393559,0.44851951349702,0.589865656844803,FALSE,FALSE
"36-47",32.2,-0.743787851845689,0.075532940166741,0.524689902849366,0.448847252260214,0.590096049815925,FALSE,FALSE
"36-47",32.3,-0.74435875204862,0.0755245839092213,0.524961180036815,0.449170837374773,0.59032328753888,FALSE,FALSE
"36-47",32.4,-0.744922426028109,0.0755161801271808,0.525228871606402,0.44949030569741,0.590547402363756,FALSE,FALSE
"36-47",32.5,-0.74547893409121,0.0755077318048506,0.525493012062517,0.449805694134509,0.590768426352002,FALSE,FALSE
"36-47",32.6,-0.746028336544973,0.075499241738935,0.525753635765811,0.450117039634827,0.590986391285909,FALSE,FALSE
"36-47",32.7,-0.74657069369645,0.0754907125473354,0.526010776935536,0.450424379181987,0.591201328678205,FALSE,FALSE
"36-47",32.8,-0.747106065852692,0.0754821466780979,0.526264469651856,0.450727749786759,0.59141326978177,FALSE,FALSE
"36-47",32.9,-0.747634513320751,0.0754735464185861,0.526514747858131,0.451027188479118,0.591622245599459,FALSE,FALSE
"36-47",33,-0.748156096407678,0.0754649139048778,0.526761645363179,0.451322732300087,0.591828286894049,FALSE,FALSE
"36-47",33.1,-0.748670875420523,0.0754562511313875,0.527005195843503,0.451614418293367,0.592031424198298,FALSE,FALSE
"36-47",33.2,-0.74917891066634,0.0754475599607147,0.527245432845503,0.451902283496738,0.59223168782513,FALSE,FALSE
"36-47",33.3,-0.749680262452178,0.0754388421337181,0.527482389787653,0.452186364933245,0.592429107877937,FALSE,FALSE
"36-47",33.4,-0.75017499108509,0.0754300992798163,0.527716099962656,0.452466699602162,0.592623714261006,FALSE,FALSE
"36-47",33.5,-0.750663156872126,0.0754213329275158,0.527946596539573,0.452743324469726,0.592815536690068,FALSE,FALSE
"36-47",33.6,-0.751144820120339,0.0754125445151653,0.528173912565931,0.453016276459656,0.593004604702974,FALSE,FALSE
"36-47",33.7,-0.751620041136779,0.0754037354019388,0.528398080969797,0.453285592443441,0.593190947670496,FALSE,FALSE
"36-47",33.8,-0.752088880228498,0.075394906879045,0.528619134561837,0.453551309230399,0.593374594807259,FALSE,FALSE
"36-47",33.9,-0.752551397702547,0.0753860601811663,0.52883710603734,0.453813463557515,0.593555575182793,FALSE,FALSE
"36-47",34,-0.753007653865978,0.075377196498125,0.529052027978232,0.45407209207904,0.593733917732729,FALSE,FALSE
"36-47",34.1,-0.753457709025842,0.0753683169867793,0.52926393285505,0.454327231355874,0.593909651270115,FALSE,FALSE
"36-47",34.2,-0.75390162348919,0.0753594227831473,0.529472853028901,0.454578917844703,0.594082804496866,FALSE,FALSE
"36-47",34.3,-0.754339457563074,0.0753505150147606,0.529678820753398,0.454827187886912,0.594253406015358,FALSE,FALSE
"36-47",34.4,-0.754771271554545,0.075341594813248,0.529881868176567,0.455072077697265,0.594421484340141,FALSE,FALSE
"36-47",34.5,-0.755197125770655,0.0753326633271475,0.530082027342737,0.455313623352346,0.5945870679098,FALSE,FALSE
"36-47",34.6,-0.755617080518454,0.0753237217349496,0.530279330194396,0.455551860778768,0.59475018509895,FALSE,FALSE
"36-47",34.7,-0.756031196104995,0.0753147712583702,0.530473808574039,0.455786825741145,0.594910864230368,FALSE,FALSE
"36-47",34.8,-0.756439532837328,0.0753058131758537,0.530665494225981,0.456018553829826,0.595069133587263,FALSE,FALSE
"36-47",34.9,-0.756842151022505,0.075296848836307,0.530854418798151,0.456247080448392,0.59522502142569,FALSE,FALSE
"36-47",35,-0.757239110967577,0.0752878796730641,0.531040613843863,0.456472440800909,0.595378555987105,FALSE,FALSE
"36-47",35.1,-0.757630472979597,0.0752789072180819,0.531224110823569,0.456694669878947,0.595529765511059,FALSE,FALSE
"36-47",35.2,-0.758016297365614,0.0752699331163664,0.53140494110658,0.456913802448355,0.595678678248039,FALSE,FALSE
"36-47",35.3,-0.758396644432681,0.0752609591406309,0.531583135972777,0.457129873035792,0.595825322472451,FALSE,FALSE
"36-47",35.4,-0.758771574487849,0.0752519872061852,0.531758726614287,0.457342915915016,0.595969726495751,FALSE,FALSE
"36-47",35.5,-0.759141147838168,0.0752430193860562,0.531931744137148,0.457552965092933,0.596111918679716,FALSE,FALSE
"36-47",35.6,-0.759505424790692,0.0752340579263396,0.532102219562947,0.457760054295394,0.596251927449872,FALSE,FALSE
"36-47",35.7,-0.75986446565247,0.075225105261784,0.532270183830437,0.457964216952757,0.596389781309059,FALSE,FALSE
"36-47",35.8,-0.760218330730555,0.0752161640316057,0.532435667797133,0.458165486185192,0.596525508851153,FALSE,FALSE
"36-47",35.9,-0.760567080331997,0.0752072370955348,0.532598702240887,0.458363894787746,0.59665913877493,FALSE,FALSE
"36-47",36,-0.760910774763849,0.0751983275500936,0.532759317861439,0.458559475215161,0.596790699898085,FALSE,FALSE
"36-47",36.1,-0.761249474333161,0.0751894387451045,0.532917545281952,0.458752259566445,0.596920221171399,FALSE,FALSE
"36-47",36.2,-0.761583239346985,0.0751805743004307,0.533073415050523,0.458942279569186,0.597047731693055,FALSE,FALSE
"36-47",36.3,-0.761912130112372,0.0751717381229455,0.533226957641672,0.459129566563635,0.59717326072311,FALSE,FALSE
"36-47",36.4,-0.762236206936374,0.0751629344237335,0.533378203457814,0.459314151486523,0.59729683769811,FALSE,FALSE
"36-47",36.5,-0.762555530126041,0.0751541677355202,0.533527182830704,0.459496064854641,0.597418492245869,FALSE,FALSE
"36-47",36.6,-0.762870159988426,0.0751454429303317,0.53367392602287,0.459675336748169,0.59753825420038,FALSE,FALSE
"36-47",36.7,-0.76318015683058,0.075136765237382,0.533818463229021,0.459851996793752,0.597656153616902,FALSE,FALSE
"36-47",36.8,-0.763485580959553,0.0751281402611889,0.533960824577431,0.460026074147334,0.597772220787175,FALSE,FALSE
"36-47",36.9,-0.763786492682398,0.0751195739999155,0.53410104013131,0.460197597476743,0.597886486254801,FALSE,FALSE
"36-47",37,-0.764082952306166,0.0751110728639384,0.534239139890154,0.460366594944028,0.597998980830769,FALSE,FALSE
"36-47",37.1,-0.764375020137908,0.0751026436946392,0.534375153791067,0.460533094187548,0.598109735609128,FALSE,FALSE
"36-47",37.2,-0.764662756484676,0.0750942937834203,0.534509111710075,0.460697122303818,0.598218781982817,FALSE,FALSE
"36-47",37.3,-0.764946221653521,0.0750860308909408,0.534641043463407,0.460858705829115,0.598326151659631,FALSE,FALSE
"36-47",37.4,-0.765225474249917,0.0750778629651148,0.534770978017151,0.461017870122175,0.598431875757774,FALSE,FALSE
"36-47",37.5,-0.765500551917264,0.0750697947505281,0.534898934531504,0.461174632569702,0.598535974407491,FALSE,FALSE
"36-47",37.6,-0.765771478192157,0.0750618290178983,0.535024925562709,0.461329004993463,0.598638460484882,FALSE,FALSE
"36-47",37.7,-0.766038276348443,0.0750539690062103,0.535148963508005,0.461480998536412,0.598739347097499,FALSE,FALSE
"36-47",37.8,-0.766300969659972,0.0750462184524042,0.535271060728385,0.461630623774178,0.598838647713257,FALSE,FALSE
"36-47",37.9,-0.766559581400592,0.0750385815746182,0.535391229549083,0.461777890733908,0.598936376147281,FALSE,FALSE
"36-47",38,-0.766814134844152,0.0750310630555796,0.535509482260053,0.46192280891288,0.599032546548899,FALSE,FALSE
"36-47",38.1,-0.767064653264501,0.0750236680261438,0.53562583111645,0.46206538729691,0.599127173388802,FALSE,FALSE
"36-47",38.2,-0.767311159935487,0.075016402048982,0.5357402883391,0.462205634378526,0.59922027144634,FALSE,FALSE
"36-47",38.3,-0.76755367813096,0.0750092711024158,0.535852866114971,0.462343558174938,0.599311855796972,FALSE,FALSE
"36-47",38.4,-0.767792231124767,0.075002281564399,0.535963576597643,0.462479166245794,0.599401941799866,FALSE,FALSE
"36-47",38.5,-0.768026842190759,0.0749954401966463,0.536072431907767,0.462612465710723,0.599490545085633,FALSE,FALSE
"36-47",38.6,-0.768257534602783,0.0749887541289081,0.536179444133525,0.462743463266672,0.599577681544214,FALSE,FALSE
"36-47",38.7,-0.768484331634688,0.0749822308433906,0.53628462533109,0.462872165205041,0.599663367312898,FALSE,FALSE
"36-47",38.8,-0.768707256560323,0.0749758781593219,0.536387987525071,0.462998577428613,0.599747618764491,FALSE,FALSE
"36-47",38.9,-0.768926332653537,0.0749697042176629,0.536489542708968,0.463122705468281,0.599830452495606,FALSE,FALSE
"36-47",39,-0.769141583188179,0.0749637174659618,0.536589302845616,0.463244554499589,0.599911885315101,FALSE,FALSE
"36-47",39.1,-0.769353031438096,0.0749579266433538,0.536687279867622,0.463364129359058,0.599991934232646,FALSE,FALSE
"36-47",39.2,-0.769560700677139,0.0749523407657044,0.536783485677811,0.46348143456034,0.600070616447419,FALSE,FALSE
"36-47",39.3,-0.769764614179155,0.0749469691108953,0.536877932149656,0.463596474310164,0.600147949336935,FALSE,FALSE
"36-47",39.4,-0.769964795217994,0.0749418212042549,0.536970631127709,0.463709252524101,0.600223950446009,FALSE,FALSE
"36-47",39.5,-0.770161267067504,0.0749369068041307,0.537061594428032,0.463819772842136,0.600298637475832,FALSE,FALSE
"36-47",39.6,-0.770354053001534,0.074932235887606,0.537150833838621,0.463928038644064,0.600372028273193,FALSE,FALSE
"36-47",39.7,-0.770543176293933,0.074927818636358,0.537238361119825,0.464034053064687,0.600444140819804,FALSE,FALSE
"36-47",39.8,-0.770728660218549,0.0749236654226602,0.537324188004766,0.464137819008841,0.600514993221772,FALSE,FALSE
"36-47",39.9,-0.770910528049231,0.0749197867955273,0.537408326199755,0.464239339166236,0.600584603699171,FALSE,FALSE
"36-47",40,-0.771088803059828,0.0749161934670034,0.537490787384702,0.464338616026115,0.600652990575755,FALSE,FALSE
"36-47",40.1,-0.771263508524189,0.0749128962985936,0.537571583213521,0.464435651891739,0.60072017226878,FALSE,FALSE
"36-47",40.2,-0.771434667716163,0.0749099062878399,0.537650725314541,0.464530448894693,0.60078616727895,FALSE,FALSE
"36-47",40.3,-0.771602303909597,0.0749072345550408,0.537728225290905,0.46462300900901,0.600850994180486,FALSE,FALSE
"36-47",40.4,-0.771766440378342,0.0749048923301158,0.537804094720965,0.464713334065128,0.600914671611308,FALSE,FALSE
"36-47",40.5,-0.771927100396245,0.0749028909396156,0.537878345158684,0.464801425763665,0.600977218263341,FALSE,FALSE
"36-47",40.6,-0.772084307237156,0.0749012417938782,0.537950988134022,0.464887285689026,0.601038652872935,FALSE,FALSE
"36-47",40.7,-0.772238084174923,0.0748999563743314,0.538022035153329,0.464970915322831,0.601098994211409,FALSE,FALSE
"36-47",40.8,-0.772388454483394,0.074899046220943,0.538091497699727,0.465052316057173,0.601158261075705,FALSE,FALSE
"36-47",40.9,-0.77253544143642,0.0748985229198204,0.538159387233496,0.465131489207704,0.601216472279168,FALSE,FALSE
"36-47",41,-0.772679068307847,0.0748983980909589,0.538225715192454,0.465208436026547,0.60127364664244,FALSE,FALSE
"36-47",41.1,-0.772819358371526,0.0748986833761408,0.538290492992327,0.465283157715033,0.601329802984474,FALSE,FALSE
"36-47",41.2,-0.772956334901305,0.0748993904269867,0.538353732027133,0.465355655436272,0.60138496011366,FALSE,FALSE
"36-47",41.3,-0.773090021171033,0.0749005308931599,0.53841544366954,0.465425930327548,0.601439136819084,FALSE,FALSE
"36-47",41.4,-0.773220440454558,0.074902116410725,0.538475639271244,0.46549398351254,0.601492351861891,FALSE,FALSE
"36-47",41.5,-0.773347616025729,0.0749041585906632,0.538534330163326,0.465559816113372,0.601544623966778,FALSE,FALSE
"36-47",41.6,-0.773471571158395,0.0749066690075437,0.538591527656617,0.465623429262494,0.601595971813604,FALSE,FALSE
"36-47",41.7,-0.773592329126404,0.0749096591883553,0.538647243042053,0.465684824114379,0.60164641402912,FALSE,FALSE
"36-47",41.8,-0.773709913203606,0.0749131406014986,0.538701487591035,0.465744001857055,0.601695969178826,FALSE,FALSE
"36-47",41.9,-0.773824346663849,0.0749171246459396,0.538754272555774,0.465800963723459,0.601744655758946,FALSE,FALSE
"36-47",42,-0.773935652780982,0.0749216226405284,0.538805609169647,0.465855711002615,0.601792492188526,FALSE,FALSE
"36-47",42.1,-0.774043854828854,0.0749266458134834,0.53885550864754,0.465908245050638,0.601839496801667,FALSE,FALSE
"36-47",42.2,-0.774148976081313,0.0749322052920437,0.538903982186192,0.465958567301555,0.60188568783987,FALSE,FALSE
"36-47",42.3,-0.774251039812208,0.0749383120922908,0.538951040964532,0.466006679277954,0.601931083444519,FALSE,FALSE
"36-47",42.4,-0.774350069295388,0.0749449771091424,0.538996696144025,0.466052582601451,0.601975701649489,FALSE,FALSE
"36-47",42.5,-0.774446087804701,0.0749522111065202,0.539040958868995,0.466096279002977,0.602019560373882,FALSE,FALSE
"36-47",42.6,-0.774539118613997,0.0749600247076931,0.539083840266967,0.466137770332882,0.602062677414896,FALSE,FALSE
"36-47",42.7,-0.774629184997124,0.0749684283857985,0.53912535144899,0.466177058570858,0.602105070440831,FALSE,FALSE
"36-47",42.8,-0.77471631022793,0.074977432454544,0.539165503509964,0.466214145835677,0.602146756984217,FALSE,FALSE
"36-47",42.9,-0.774800517580266,0.0749870470590913,0.539204307528963,0.466249034394747,0.602187754435094,FALSE,FALSE
"36-47",43,-0.774881830327978,0.0749972821671236,0.539241774569557,0.466281726673473,0.602228080034413,FALSE,FALSE
"36-47",43.1,-0.774960271744917,0.0750081475601012,0.539277915680128,0.466312225264439,0.602267750867587,FALSE,FALSE
"36-47",43.2,-0.775035865104931,0.0750196528247041,0.539312741894182,0.466340532936396,0.602306783858177,FALSE,FALSE
"36-47",43.3,-0.775108633681868,0.0750318073444672,0.539346264230667,0.466366652643057,0.602345195761721,FALSE,FALSE
"36-47",43.4,-0.775178600749577,0.0750446202916073,0.539378493694274,0.466390587531706,0.602383003159707,FALSE,FALSE
"36-47",43.5,-0.775245789581908,0.0750581006190462,0.539409441275752,0.466412340951608,0.602420222453691,FALSE,FALSE
"36-47",43.6,-0.775310223452708,0.075072257052631,0.539439117952202,0.46643191646222,0.602456869859559,FALSE,FALSE
"36-47",43.7,-0.775371925635827,0.0750870980835536,0.539467534687388,0.466449317841216,0.602492961401941,FALSE,FALSE
"36-47",43.8,-0.775430919405113,0.0751026319609732,0.539494702432023,0.466464549092303,0.602528512908773,FALSE,FALSE
"36-47",43.9,-0.775487228034415,0.0751188666848406,0.539520632124076,0.466477614452841,0.602563540006012,FALSE,FALSE
"36-47",44,-0.775540874797582,0.0751358099989304,0.539545334689056,0.466488518401266,0.602598058112501,FALSE,FALSE
"36-47",44.1,-0.775591882968463,0.0751534693840795,0.539568821040304,0.466497265664296,0.602632082434993,FALSE,FALSE
"36-47",44.2,-0.775640275820906,0.0751718520516361,0.539591102079281,0.466503861223951,0.602665627963328,FALSE,FALSE
"36-47",44.3,-0.77568607662876,0.0751909649371201,0.539612188695853,0.466508310324353,0.602698709465768,FALSE,FALSE
"36-47",44.4,-0.775729308665874,0.0752108146940975,0.53963209176857,0.466510618478325,0.602731341484495,FALSE,FALSE
"36-47",44.5,-0.775769995206096,0.0752314076882693,0.539650822164945,0.466510791473776,0.602763538331266,FALSE,FALSE
"36-47",44.6,-0.775808159523275,0.0752527499917781,0.539668390741733,0.466508835379886,0.602795314083227,FALSE,FALSE
"36-47",44.7,-0.775843824891261,0.075274847377733,0.539684808345201,0.466504756553068,0.602826682578902,FALSE,FALSE
"36-47",44.8,-0.775877014583901,0.0752977053149548,0.539700085811401,0.466498561642721,0.602857657414335,FALSE,FALSE
"36-47",44.9,-0.775907751875045,0.0753213289629428,0.539714233966438,0.466490257596777,0.602888251939402,FALSE,FALSE
"36-47",45,-0.775936060038541,0.075345723167065,0.539727263626734,0.466479851667018,0.602918479254295,FALSE,FALSE
"36-47",45.1,-0.775961962348238,0.0753708924539716,0.539739185599292,0.466467351414193,0.602948352206167,FALSE,FALSE
"36-47",45.2,-0.775985482077984,0.0753968410272356,0.539750010681958,0.466452764712903,0.60297788338595,FALSE,FALSE
"36-47",45.3,-0.77600664250163,0.0754235727632191,0.539759749663674,0.466436099756279,0.603007085125346,FALSE,FALSE
"36-47",45.4,-0.776025466893022,0.0754510912071669,0.539768413324736,0.466417365060436,0.603035969493982,FALSE,FALSE
"36-47",45.5,-0.776041978526011,0.0754793995695296,0.539776012437048,0.466396569468708,0.603064548296747,FALSE,FALSE
"36-47",45.6,-0.776056200674444,0.0755085007225157,0.539782557764368,0.46637372215566,0.603092833071294,FALSE,FALSE
"36-47",45.7,-0.77606815661217,0.075538397196873,0.539788060062555,0.466348832630883,0.603120835085719,FALSE,FALSE
"36-47",45.8,-0.77607786961304,0.0755690911789016,0.539792530079819,0.466321910742566,0.603148565336413,FALSE,FALSE
"36-47",45.9,-0.776085362950899,0.0756005845076972,0.539795978556956,0.466292966680843,0.603176034546091,FALSE,FALSE
"36-47",46,-0.776090659899599,0.0756328786726261,0.539798416227593,0.466262010980922,0.60320325316199,FALSE,FALSE
"36-47",46.1,-0.776093783732987,0.0756659748110314,0.53979985381842,0.466229054525982,0.603230231354254,FALSE,FALSE
"36-47",46.2,-0.776094757724912,0.0756998737061707,0.539800302049428,0.466194108549861,0.603256979014479,FALSE,FALSE
"36-47",46.3,-0.776093605149223,0.0757345757853859,0.539799771634139,0.466157184639506,0.603283505754448,FALSE,FALSE
"36-47",46.4,-0.776090349279769,0.0757700811185041,0.539798273279833,0.466118294737209,0.603309820905033,FALSE,FALSE
"36-47",46.5,-0.776085013390399,0.075806389416469,0.53979581768778,0.466077451142618,0.603335933515274,FALSE,FALSE
"36-47",46.6,-0.77607762075496,0.0758435000302039,0.539792415553458,0.46603466651452,0.603361852351636,FALSE,FALSE
"36-47",46.7,-0.776068194647303,0.075881411949704,0.539788077566777,0.465989953872407,0.603387585897442,FALSE,FALSE
"36-47",46.8,-0.776056758341275,0.0759201238033585,0.539782814412299,0.465943326597816,0.603413142352471,FALSE,FALSE
"36-47",46.9,-0.776043335110726,0.0759596338575015,0.539776636769452,0.465894798435451,0.603438529632744,FALSE,FALSE
"36-47",47,-0.776027948229503,0.0759999400161901,0.539769555312746,0.465844383494074,0.603463755370476,FALSE,FALSE
"36-47",47.1,-0.776010620971457,0.0760410398212094,0.539761580711981,0.46579209624719,0.603488826914197,FALSE,FALSE
"36-47",47.2,-0.775991376610436,0.0760829304523028,0.53975272363246,0.465737951533495,0.603513751329056,FALSE,FALSE
"36-47",47.3,-0.775970238420287,0.076125608727627,0.539742994735192,0.465681964557118,0.603538535397286,FALSE,FALSE
"36-47",47.4,-0.775947229674861,0.0761690711044288,0.539732404677095,0.46562415088764,0.603563185618844,FALSE,FALSE
"36-47",47.5,-0.775922373648006,0.0762133136799442,0.539720964111203,0.465564526459892,0.603587708212222,FALSE,FALSE
"36-47",47.6,-0.775895693613571,0.076258332192516,0.539708683686855,0.46550310757354,0.603612109115418,FALSE,FALSE
"36-47",47.7,-0.775867212845404,0.07630412202293,0.5396955740499,0.46543991089246,0.603636393987083,FALSE,FALSE
"36-47",47.8,-0.775836954617354,0.0763506781959672,0.539681645842887,0.465374953443887,0.603660568207828,FALSE,FALSE
"36-47",47.9,-0.77580494220327,0.076397995382169,0.539666909705255,0.465308252617366,0.603684636881694,FALSE,FALSE
"36-47",48,-0.775771198877,0.0764460678998153,0.539651376273523,0.465239826163478,0.60370860483779,FALSE,FALSE
"36-47",48.1,-0.775735747912395,0.0764948897171121,0.539635056181477,0.465169692192369,0.603732476632081,FALSE,FALSE
"36-47",48.2,-0.775698612583301,0.076544454454586,0.539617960060352,0.465097869172063,0.603756256549349,FALSE,FALSE
"36-47",48.3,-0.775659816163568,0.0765947553876846,0.539600098539014,0.465024375926572,0.603779948605299,FALSE,FALSE
"36-47",48.4,-0.775619381927044,0.0766457854495784,0.539581482244138,0.464949231633803,0.603803556548826,FALSE,FALSE
"36-47",48.5,-0.775577333147579,0.0766975372341644,0.539562121800384,0.464872455823259,0.603827083864432,FALSE,FALSE
"36-47",48.6,-0.775533693099022,0.0767500029992651,0.539542027830574,0.464794068373544,0.603850533774803,FALSE,FALSE
"36-47",48.7,-0.77548848505522,0.0768031746700245,0.539521210955858,0.464714089509665,0.603873909243519,FALSE,FALSE
"36-47",48.8,-0.775441732290022,0.0768570438424939,0.539499681795885,0.46463253980014,0.603897212977931,FALSE,FALSE
"36-47",48.9,-0.775393458077278,0.076911601787409,0.539477450968972,0.464549440153911,0.603920447432165,FALSE,FALSE
"36-47",49,-0.775343685690836,0.0769668394541512,0.539454529092263,0.464464811817066,0.60394361481028,FALSE,FALSE
"36-47",49.1,-0.775292438404545,0.0770227474748943,0.539430926781893,0.464378676369368,0.603966717069562,FALSE,FALSE
"36-47",49.2,-0.775239739492254,0.0770793161689298,0.539406654653148,0.464291055720598,0.603989755923958,FALSE,FALSE
"36-47",49.3,-0.77518561222781,0.0771365355471705,0.539381723320617,0.464201972106712,0.604012732847645,FALSE,FALSE
"36-47",49.4,-0.775130079885064,0.0771943953168283,0.539356143398351,0.464111448085814,0.60403564907873,FALSE,FALSE
"36-47",49.5,-0.775073165737864,0.0772528848862628,0.539329925500012,0.46401950653395,0.604058505623085,FALSE,FALSE
"36-47",49.6,-0.775014893060059,0.077311993369998,0.539303080239021,0.46392617064072,0.604081303258309,FALSE,FALSE
"36-47",49.7,-0.774955285125496,0.0773717095939036,0.539275618228706,0.463831463904716,0.604104042537815,FALSE,FALSE
"36-47",49.8,-0.774894365208026,0.077432022100539,0.539247550082447,0.463735410128784,0.604126723795039,FALSE,FALSE
"36-47",49.9,-0.774832156581497,0.077492919154654,0.539218886413813,0.463638033415119,0.604149347147778,FALSE,FALSE
"36-47",50,-0.774768682519757,0.0775543887488464,0.539189637836707,0.463539358160183,0.604171912502632,FALSE,FALSE
"36-47",50.1,-0.774703966296655,0.0776164186093706,0.5391598149655,0.463439409049464,0.60419441955958,FALSE,FALSE
"36-47",50.2,-0.774638031186041,0.0776789962020954,0.539129428415165,0.463338211052065,0.604216867816652,FALSE,FALSE
"36-47",50.3,-0.774570900461762,0.0777421087386078,0.539098488801408,0.463235789415135,0.604239256574728,FALSE,FALSE
"36-47",50.4,-0.774502597397668,0.0778057431824586,0.539067006740799,0.463132169658136,0.604261584942429,FALSE,FALSE
"36-47",50.5,-0.774433145267607,0.0778698862555478,0.539034992850899,0.463027377566957,0.60428385184113,FALSE,FALSE
"36-47",50.6,-0.774362567345428,0.0779345244446462,0.53900245775038,0.462921439187873,0.604306056010063,FALSE,FALSE
"36-47",50.7,-0.77429088690498,0.0779996440080498,0.538969412059156,0.462814380821344,0.604328196011533,FALSE,FALSE
"36-47",50.8,-0.774218127220112,0.0780652309823644,0.538935866398492,0.462706229015676,0.604350270236221,FALSE,FALSE
"36-47",50.9,-0.774144311564671,0.0781312711894175,0.538901831391127,0.46259701056052,0.604372276908593,FALSE,FALSE
"36-47",51,-0.774069463212508,0.0781977502432935,0.53886731766139,0.462486752480242,0.604394214092397,FALSE,FALSE
"36-47",51.1,-0.773993605437471,0.0782646535574905,0.538832335835305,0.462375482027129,0.604416079696253,FALSE,FALSE
"36-47",51.2,-0.773916761513408,0.0783319663521957,0.53879689654071,0.462263226674474,0.604437871479333,FALSE,FALSE
"36-47",51.3,-0.773838954714168,0.0783996736616748,0.538761010407356,0.462150014109507,0.604459587057129,FALSE,FALSE
"36-47",51.4,-0.7737602083136,0.0784677603417758,0.538724688067016,0.462035872226192,0.604481223907303,FALSE,FALSE
"36-47",51.5,-0.773680545585554,0.078536211077541,0.538687940153587,0.461920829117899,0.604502779375622,FALSE,FALSE
"36-47",51.6,-0.773599989803876,0.0786050103909278,0.538650777303187,0.461804913069924,0.604524250681972,FALSE,FALSE
"36-47",51.7,-0.773518564242417,0.0786741426486329,0.538613210154258,0.461688152551896,0.604545634926452,FALSE,FALSE
"36-47",51.8,-0.773436292175025,0.0787435920700199,0.538575249347655,0.461570576210042,0.604566929095545,FALSE,FALSE
"36-47",51.9,-0.773353196875549,0.0788133427351459,0.53853690552674,0.461452212859331,0.604588130068363,FALSE,FALSE
"36-47",52,-0.773269301617837,0.0788833785928863,0.538498189337475,0.461333091475487,0.604609234622964,FALSE,FALSE
"36-47",52.1,-0.773184629675738,0.0789536834691544,0.538459111428506,0.461213241186882,0.604630239442741,FALSE,FALSE
"36-47",52.2,-0.773099204323101,0.0790242410752147,0.538419682451251,0.461092691266305,0.604651141122883,FALSE,FALSE
"36-47",52.3,-0.773013048833775,0.0790950350160869,0.538379913059978,0.460971471122608,0.604671936176899,FALSE,FALSE
"36-47",52.4,-0.772926186481609,0.0791660487990396,0.538339813911891,0.46084961029223,0.604692621043215,FALSE,FALSE
"36-47",52.5,-0.772838640540451,0.0792372658421708,0.538299395667204,0.460727138430611,0.604713192091828,FALSE,FALSE
"36-47",52.6,-0.772750434284149,0.0793086694830746,0.538258668989216,0.460604085303477,0.60473364563103,FALSE,FALSE
"36-47",52.7,-0.772661590986554,0.0793802429875916,0.538217644544386,0.46048048077802,0.604753977914192,FALSE,FALSE
"36-47",52.8,-0.772572133921512,0.0794519695586416,0.538176333002402,0.460356354813955,0.604774185146611,FALSE,FALSE
"36-47",52.9,-0.772482086362875,0.0795238323451378,0.538134745036249,0.460231737454463,0.60479426349241,FALSE,FALSE
"36-47",53,-0.772391471584489,0.0795958144509803,0.538092891322272,0.460106658817029,0.60481420908151,FALSE,FALSE
"36-47",53.1,-0.772300312860203,0.0796678989441282,0.538050782540244,0.459981149084157,0.604834018016648,FALSE,FALSE
"36-47",53.2,-0.772208633463867,0.0797400688657491,0.538008429373423,0.45985523849398,0.604853686380456,FALSE,FALSE
"36-47",53.3,-0.77211645666933,0.0798123072394451,0.537965842508609,0.45972895733076,0.604873210242601,FALSE,FALSE
"36-47",53.4,-0.772023805750439,0.0798845970805541,0.537923032636202,0.45960233591527,0.604892585666975,FALSE,FALSE
"36-47",53.5,-0.771930703981044,0.0799569214055263,0.537880010450254,0.459475404595075,0.604911808718942,FALSE,FALSE
"36-47",53.6,-0.771837174634993,0.0800292632413743,0.537836786648519,0.459348193734699,0.604930875472644,FALSE,FALSE
"36-47",53.7,-0.771743240986136,0.0801016056351968,0.537793371932502,0.45922073370568,0.604949782018353,FALSE,FALSE
"36-47",53.8,-0.77164892630832,0.0801739316637764,0.537749777007503,0.459093054876525,0.604968524469886,FALSE,FALSE
"36-47",53.9,-0.771554253875395,0.0802462244432489,0.537706012582663,0.458965187602546,0.604987098972069,FALSE,FALSE
"36-47",54,-0.77145924696121,0.0803184671388464,0.537662089371001,0.458837162215592,0.605005501708257,FALSE,FALSE
"36-47",54.1,-0.771363928839612,0.0803906429747123,0.537618018089454,0.458709009013673,0.605023728907904,FALSE,FALSE
"36-47",54.2,-0.771268322784452,0.0804627352437895,0.537573809458913,0.458580758250474,0.605041776854196,FALSE,FALSE
"36-47",54.3,-0.771172452069577,0.0805347273177809,0.537529474204257,0.458452440124755,0.605059641891726,FALSE,FALSE
"36-47",54.4,-0.771076339968837,0.0806066026571838,0.53748502305438,0.45832408476965,0.605077320434236,FALSE,FALSE
"36-47",54.5,-0.77098000975608,0.0806783448213967,0.537440466742222,0.458195722241848,0.605094808972401,FALSE,FALSE
"36-47",54.6,-0.770883484705154,0.0807499374789008,0.537395816004796,0.458067382510667,0.605112104081683,FALSE,FALSE
"36-47",54.7,-0.77078678808991,0.0808213644175163,0.537351081583207,0.457939095447018,0.605129202430226,FALSE,FALSE
"36-47",54.8,-0.770689943184194,0.0808926095547334,0.537306274222676,0.457810890812253,0.605146100786822,FALSE,FALSE
"36-47",54.9,-0.770592973261857,0.0809636569481195,0.537261404672558,0.457682798246903,0.605162796028918,FALSE,FALSE
"36-47",55,-0.770495901596747,0.0810344908058043,0.537216483686357,0.457554847259301,0.605179285150701,FALSE,FALSE
"36-47",55.1,-0.770398751462712,0.0811050954970417,0.537171522021737,0.457427067214095,0.605195565271221,FALSE,FALSE
"36-47",55.2,-0.770301546133601,0.0811754555628524,0.537126530440538,0.457299487320637,0.605211633642591,FALSE,FALSE
"36-47",55.3,-0.770204308883264,0.0812455557267457,0.53708151970878,0.457172136621265,0.60522748765824,FALSE,FALSE
"36-47",55.4,-0.770107062985549,0.0813153809055243,0.537036500596668,0.457045043979457,0.605243124861228,FALSE,FALSE
"36-47",55.5,-0.770009831714304,0.0813849162201712,0.536991483878601,0.456918238067878,0.605258542952627,FALSE,FALSE
"36-47",55.6,-0.769912638343379,0.0814541470068226,0.536946480333164,0.456791747356294,0.605273739799966,FALSE,FALSE
"36-47",55.7,-0.769815506146621,0.0815230588278267,0.536901500743135,0.456665600099376,0.605288713445743,FALSE,FALSE
"36-47",55.8,-0.769718458397881,0.0815916374828905,0.536856555895474,0.456539824324368,0.605303462116,FALSE,FALSE
"36-47",55.9,-0.769621518371006,0.081659869020317,0.53681165658132,0.456414447818649,0.605317984228976,FALSE,FALSE
"36-47",56,-0.769524709339845,0.0817277397483338,0.536766813595981,0.456289498117145,0.605332278403822,FALSE,FALSE
"36-47",56.1,-0.769428054578248,0.0817952362465164,0.53672203773892,0.456165002489637,0.605346343469392,FALSE,FALSE
"36-47",56.2,-0.769331577360062,0.0818623453773061,0.536677339813743,0.456040987927921,0.605360178473109,FALSE,FALSE
"36-47",56.3,-0.769235300959137,0.0819290542976271,0.536632730628182,0.455917481132846,0.605373782689902,FALSE,FALSE
"36-47",56.4,-0.769139248649321,0.0819953504706031,0.536588220994073,0.45579450850122,0.605387155631231,FALSE,FALSE
"36-47",56.5,-0.769043443704463,0.0820612216773765,0.536543821727339,0.455672096112575,0.605400297054176,FALSE,FALSE
"36-47",56.6,-0.768947907006062,0.0821266574838325,0.536499542539102,0.45555026686084,0.60541320715176,FALSE,FALSE
"36-47",56.7,-0.768852643988875,0.0821916572133631,0.536455385983847,0.455429024831652,0.605425887567808,FALSE,FALSE
"36-47",56.8,-0.768757653951227,0.0822562243428447,0.536411351772138,0.455308366335329,0.605438340736395,FALSE,FALSE
"36-47",56.9,-0.768662936175861,0.0823203627874136,0.536367439607094,0.455188287200205,0.605450569423657,FALSE,FALSE
"36-47",57,-0.76856848994552,0.0823840768856266,0.536323649191615,0.455068782796486,0.605462576722436,FALSE,FALSE
"36-47",57.1,-0.768474314542948,0.0824473713941483,0.536279980228376,0.454949848041482,0.605474366048133,FALSE,FALSE
"36-47",57.2,-0.768380409250888,0.0825102514825021,0.536236432419832,0.454831477404776,0.605485941134618,FALSE,FALSE
"36-47",57.3,-0.768286773352082,0.0825727227278853,0.536193005468219,0.454713664913348,0.6054973060302,FALSE,FALSE
"36-47",57.4,-0.768193406129274,0.0826347911100444,0.536149699075553,0.454596404156641,0.605508465093631,FALSE,FALSE
"36-47",57.5,-0.768100306865208,0.0826964630062101,0.536106512943633,0.454479688291581,0.605519422990176,FALSE,FALSE
"36-47",57.6,-0.768007474842626,0.0827577451860898,0.536063446774038,0.454363510047546,0.605530184687719,FALSE,FALSE
"36-47",57.7,-0.767914909344271,0.0828186448069159,0.536020500268132,0.454247861731284,0.605540755452914,FALSE,FALSE
"36-47",57.8,-0.767822609652887,0.0828791694085474,0.535977673127063,0.454132735231794,0.605551140847389,FALSE,FALSE
"36-47",57.9,-0.767730575051218,0.0829393269086235,0.535934965051763,0.454018122025157,0.605561346723981,FALSE,FALSE
"36-47",58,-0.767638804822005,0.0829991255977674,0.535892375742951,0.453904013179325,0.605571379223021,FALSE,FALSE
"36-47",58.1,-0.767547298247993,0.0830585741348372,0.535849904901131,0.453790399358869,0.605581244768647,FALSE,FALSE
"36-47",58.2,-0.767456054611924,0.0831176815422236,0.535807552226596,0.453677270829695,0.605590950065168,FALSE,FALSE
"36-47",58.3,-0.767365073196542,0.0831764572011912,0.535765317419425,0.453564617463712,0.605600502093448,FALSE,FALSE
"36-47",58.4,-0.76727435328459,0.0832349108472613,0.535723200179489,0.453452428743472,0.605609908107336,FALSE,FALSE
"36-47",58.5,-0.767183894158811,0.0832930525656358,0.535681200206446,0.453340693766777,0.605619175630118,FALSE,FALSE
"36-47",58.6,-0.767093695101948,0.0833508927866574,0.535639317199746,0.453229401251245,0.60562831245101,FALSE,FALSE
"36-47",58.7,-0.767003755396744,0.0834084422813076,0.535597550858629,0.453118539538861,0.605637326621663,FALSE,FALSE
"36-47",58.8,-0.766914074325944,0.0834657121567368,0.535555900882128,0.453008096600482,0.605646226452715,FALSE,FALSE
"36-47",58.9,-0.766824651172289,0.0835227138518278,0.535514366969069,0.452898060040333,0.605655020510347,FALSE,FALSE
"36-47",59,-0.766735485218523,0.0835794591327878,0.535472948818073,0.452788417100461,0.605663717612878,FALSE,FALSE
"36-47",59.1,-0.76664657574739,0.0836359600887695,0.535431646127552,0.45267915466518,0.605672326827371,FALSE,FALSE
"36-47",59.2,-0.766557922041632,0.0836922291275169,0.535390458595717,0.452570259265488,0.605680857466263,FALSE,FALSE
"36-47",59.3,-0.766469523383993,0.0837482789710356,0.535349385920572,0.452461717083463,0.605689319084014,FALSE,FALSE
"36-47",59.4,-0.766381379057215,0.0838041226512846,0.535308427799921,0.452353513956646,0.605697721473763,FALSE,FALSE
"36-47",59.5,-0.766293488344042,0.0838597735058881,0.535267583931363,0.452245635382405,0.60570607466401,FALSE,FALSE
"36-47",59.6,-0.766205850527218,0.0839152451738646,0.535226854012297,0.452138066522282,0.6057143889153,FALSE,FALSE
"36-47",59.7,-0.766118464889485,0.0839705515913722,0.53518623773992,0.452030792206336,0.605722674716926,FALSE,FALSE
"36-47",59.8,-0.766031330713587,0.0840257069874679,0.53514573481123,0.451923796937466,0.605730942783633,FALSE,FALSE
"36-47",59.9,-0.765944447282266,0.0840807258798782,0.535105344923026,0.451817064895728,0.605739204052332,FALSE,FALSE
"36-47",60,-0.765857813878266,0.08413562307078,0.535065067771907,0.451710579942647,0.605747469678824,FALSE,FALSE
"36-47",60.1,-0.765771429784331,0.0841904136425898,0.535024903054276,0.451604325625521,0.605755751034518,FALSE,FALSE
"36-47",60.2,-0.765685294283203,0.0842451129537581,0.534984850466338,0.45149828518172,0.60576405970316,FALSE,FALSE
"36-47",60.3,-0.765599406657625,0.0842997366345689,0.534944909704103,0.451392441542986,0.605772407477556,FALSE,FALSE
"36-47",60.4,-0.765513766190341,0.0843543005829409,0.534905080463384,0.451286777339725,0.605780806356297,FALSE,FALSE
"36-47",60.5,-0.765428372164094,0.08440882096023,0.534865362439801,0.451181274905312,0.605789268540481,FALSE,FALSE
"36-47",60.6,-0.765343223861627,0.0844633141870294,0.534825755328779,0.451075916280387,0.605797806430425,FALSE,FALSE
"36-47",60.7,-0.765258320565683,0.0845177969389675,0.534786258825551,0.450970683217157,0.605806432622377,FALSE,FALSE
"36-47",60.8,-0.765173661559006,0.0845722861425003,0.534746872625156,0.450865557183714,0.605815159905222,FALSE,FALSE
"36-47",60.9,-0.765089246124339,0.0846267989706975,0.534707596422442,0.450760519368341,0.605824001257164,FALSE,FALSE
"36-47",61,-0.765005073544424,0.0846813528390202,0.534668429912069,0.450655550683847,0.605832969842419,FALSE,FALSE
"36-47",61.1,-0.764921143102006,0.0847359654010884,0.534629372788502,0.4505506317719,0.605842079007877,FALSE,FALSE
"36-47",61.2,-0.764837454079827,0.084790654544437,0.53459042474602,0.450445743007371,0.605851342279758,FALSE,FALSE
"36-47",61.3,-0.76475400576063,0.0848454383862586,0.534551585478714,0.450340864502698,0.605860773360252,FALSE,FALSE
"36-47",61.4,-0.764670797427158,0.084900335269131,0.534512854680485,0.450235976112261,0.605870386124144,FALSE,FALSE
"36-47",61.5,-0.764587828362156,0.0849553637567289,0.534474232045047,0.450131057436768,0.605880194615415,FALSE,FALSE
"36-47",61.6,-0.764505097848366,0.085010542629517,0.53443571726593,0.450026087827667,0.605890213043831,FALSE,FALSE
"36-47",61.7,-0.76442260516853,0.0850658908804244,0.534397310036476,0.44992104639157,0.605900455781503,FALSE,FALSE
"36-47",61.8,-0.764340349605394,0.0851214277104979,0.534359010049843,0.449815911994701,0.605910937359435,FALSE,FALSE
"36-47",61.9,-0.764258330441698,0.0851771725245327,0.534320816999005,0.449710663267354,0.60592167246404,FALSE,FALSE
"36-47",62,-0.764176546960188,0.085233144926681,0.534282730576754,0.449605278608394,0.605932675933632,FALSE,FALSE
"36-47",62.1,-0.764094998443606,0.0852893647160336,0.534244750475696,0.449499736189755,0.605943962754901,FALSE,FALSE
"36-47",62.2,-0.764013684174694,0.0853458518821779,0.534206876388258,0.449394013960985,0.605955548059353,FALSE,FALSE
"36-47",62.3,-0.763932603436197,0.0854026266007269,0.534169108006686,0.449288089653804,0.605967447119721,FALSE,FALSE
"36-47",62.4,-0.763851755510858,0.0854597092288207,0.534131445023042,0.449181940786689,0.605979675346357,FALSE,FALSE
"36-47",62.5,-0.763771139681419,0.0855171203005984,0.534093887129213,0.449075544669489,0.605992248283583,FALSE,FALSE
"36-47",62.6,-0.763690755230624,0.0855748805226399,0.534056434016905,0.44896887840807,0.606005181606021,FALSE,FALSE
"36-47",62.7,-0.763610601441217,0.0856330107693752,0.534019085377643,0.448861918908982,0.606018491114882,FALSE,FALSE
"36-47",62.8,-0.763530677595939,0.0856915320784632,0.53398184090278,0.448754642884162,0.606032192734232,FALSE,FALSE
"36-47",62.9,-0.763450982977535,0.0857504656461354,0.533944700283487,0.448647026855667,0.606046302507218,FALSE,FALSE
"36-47",63,-0.763371516868748,0.0858098328225072,0.533907663210763,0.448539047160433,0.606060836592264,FALSE,FALSE
"36-47",63.1,-0.763292278552321,0.0858696551068534,0.533870729375428,0.448430679955071,0.606075811259231,FALSE,FALSE
"36-47",63.2,-0.763213267310996,0.0859299541428491,0.533833898468129,0.448321901220696,0.606091242885543,FALSE,TRUE
"36-47",63.3,-0.763134482427518,0.0859907517137744,0.533797170179341,0.448212686767781,0.606107147952274,FALSE,TRUE
"36-47",63.4,-0.76305592318463,0.0860520697376825,0.533760544199362,0.448103012241057,0.606123543040205,FALSE,TRUE
"36-47",63.5,-0.762977588865074,0.0861139302625309,0.533724020218319,0.447992853124434,0.606140444825842,FALSE,TRUE
"36-47",63.6,-0.762899478751593,0.0861763554612758,0.53368759792617,0.447882184745965,0.606157870077393,FALSE,TRUE
"36-47",63.7,-0.762821592126932,0.086239367626928,0.533651277012696,0.447770982282838,0.606175835650713,FALSE,TRUE
"36-47",63.8,-0.762743928273833,0.0863029891675714,0.533615057167513,0.44765922076641,0.606194358485211,FALSE,TRUE
"36-47",63.9,-0.76266648647504,0.0863672426013436,0.533578938080064,0.447546875087267,0.606213455599721,FALSE,TRUE
"36-47",64,-0.762589266013295,0.086432150551378,0.533542919439625,0.447433920000328,0.606233144088328,FALSE,TRUE
"36-47",64.1,-0.762512266171341,0.0864977357407078,0.533507000935302,0.447320330129972,0.606253441116167,FALSE,TRUE
"36-47",64.2,-0.762435486231923,0.086564020987132,0.533471182256034,0.447206079975213,0.606274363915176,FALSE,TRUE
"36-47",64.3,-0.762358925477783,0.0866310291980433,0.533435463090594,0.4470911439149,0.606295929779818,FALSE,TRUE
"36-47",64.4,-0.762282583191664,0.0866987833652185,0.533399843127587,0.446975496212954,0.606318156062762,FALSE,TRUE
"36-47",64.5,-0.76220645865631,0.0867673065595707,0.533364322055454,0.446859111023638,0.606341060170528,FALSE,TRUE
"36-47",64.6,-0.762130551154464,0.0868366219258655,0.533328899562469,0.446741962396868,0.606364659559094,FALSE,TRUE
"36-47",64.7,-0.762054859968868,0.0869067526773995,0.533293575336744,0.446624024283544,0.606388971729475,FALSE,TRUE
"36-47",64.8,-0.761979384382267,0.0869777220906433,0.533258349066227,0.446505270540923,0.606414014223254,FALSE,TRUE
"36-47",64.9,-0.761904123677402,0.0870495534998492,0.533223220438702,0.446385674938026,0.606439804618087,FALSE,TRUE
"36-47",65,-0.761829077137019,0.0871222702916232,0.533188189141792,0.446265211161066,0.606466360523171,FALSE,TRUE
"36-47",65.1,-0.761754244043859,0.0871958958994644,0.533153254862958,0.446143852818916,0.60649369957468,FALSE,TRUE
"36-47",65.2,-0.761679623680666,0.0872704537982699,0.533118417289501,0.446021573448607,0.606521839431163,FALSE,TRUE
"36-47",65.3,-0.761605215330183,0.0873459674988089,0.533083676108559,0.445898346520846,0.606550797768918,FALSE,TRUE
"36-47",65.4,-0.761531018275153,0.0874224605421645,0.533049031007115,0.445774145445572,0.606580592277329,FALSE,TRUE
"36-47",65.5,-0.761457031798319,0.0874999564941464,0.533014481671989,0.445648943577533,0.606611240654176,FALSE,TRUE
"36-47",65.6,-0.761383255182425,0.0875784789396748,0.532980027789846,0.445522714221892,0.606642760600916,FALSE,TRUE
"36-47",65.7,-0.761309687710214,0.0876580514771364,0.532945669047191,0.445395430639856,0.606675169817934,FALSE,TRUE
"36-47",65.8,-0.76123632866443,0.0877386977127145,0.532911405130374,0.445267066054326,0.606708485999773,FALSE,TRUE
"36-47",65.9,-0.761163177327814,0.0878204412546953,0.532877235725587,0.445137593655576,0.606742726830332,FALSE,TRUE
"36-47",66,-0.76109023298311,0.08790330570775,0.53284316051887,0.445006986606945,0.606777909978047,FALSE,TRUE
"36-47",66.1,-0.761017494913063,0.0879873146671963,0.532809179196103,0.444875218050552,0.606814053091049,FALSE,TRUE
"36-47",66.2,-0.760944962400414,0.0880724917132403,0.532775291443017,0.444742261113027,0.606851173792295,FALSE,TRUE
"36-47",66.3,-0.760872634727907,0.0881588604051998,0.532741496945185,0.444608088911259,0.60688928967469,FALSE,TRUE
"36-47",66.4,-0.760800511178285,0.0882464442757125,0.53270779538803,0.444472674558158,0.606928418296185,FALSE,TRUE
"36-47",66.5,-0.760728591034291,0.0883352668249295,0.532674186456823,0.444335991168426,0.606968577174864,FALSE,TRUE
"36-47",66.6,-0.760656873578669,0.0884253515146975,0.53264066983668,0.444198011864344,0.607009783784012,FALSE,TRUE
"36-47",66.7,-0.760585358094162,0.0885167217627303,0.532607245212569,0.444058709781564,0.60705205554718,FALSE,TRUE
"36-47",66.8,-0.760514043863513,0.088609400936773,0.532573912269308,0.443918058074904,0.607095409833232,FALSE,TRUE
"36-47",66.9,-0.760442930169465,0.0887034123487609,0.532540670691563,0.443776029924156,0.607139863951391,FALSE,TRUE
"36-47",67,-0.760372016294761,0.0887987792489751,0.532507520163853,0.443632598539889,0.607185435146277,FALSE,TRUE
"36-47",67.1,-0.760301301522144,0.0888955248201971,0.532474460370548,0.443487737169256,0.60723214059294,FALSE,TRUE
"36-47",67.2,-0.760230785134359,0.0889936721718655,0.532441490995869,0.443341419101793,0.607279997391897,FALSE,TRUE
"36-47",67.3,-0.760160466414147,0.0890932443342364,0.532408611723891,0.443193617675224,0.607329022564168,FALSE,TRUE
"36-47",67.4,-0.760090344644252,0.0891942642525515,0.532375822238542,0.443044306281246,0.607379233046314,FALSE,TRUE
"36-47",67.5,-0.760020419107417,0.0892967547812142,0.532343122223606,0.442893458371316,0.607430645685484,FALSE,TRUE
"36-47",67.6,-0.759950689086386,0.089400738677979,0.532310511362718,0.442741047462421,0.607483277234471,FALSE,TRUE
"36-47",67.7,-0.759881153863902,0.0895062385981554,0.532277989339372,0.44258704714283,0.607537144346777,FALSE,TRUE
"36-47",67.8,-0.759811812722707,0.0896132770888288,0.532245555836916,0.442431431077839,0.607592263571693,FALSE,TRUE
"36-47",67.9,-0.759742664945545,0.0897218765831027,0.532213210538555,0.442274173015488,0.607648651349397,FALSE,TRUE
"36-47",68,-0.75967370981516,0.0898320593943635,0.532180953127351,0.442115246792257,0.607706324006066,FALSE,TRUE
"36-47",68.1,-0.759604946614294,0.0899438477105719,0.532148783286224,0.441954626338741,0.607765297749019,FALSE,TRUE
"36-47",68.2,-0.75953637462569,0.0900572635885831,0.532116700697952,0.441792285685298,0.607825588661873,FALSE,TRUE
"36-47",68.3,-0.759467993132093,0.0901723289484992,0.532084705045174,0.441628198967657,0.607887212699733,FALSE,TRUE
"36-47",68.4,-0.759399801416244,0.090289065568057,0.532052796010385,0.441462340432506,0.607950185684414,FALSE,TRUE
"36-47",68.5,-0.759331798760887,0.090407495077053,0.532020973275944,0.441294684443037,0.608014523299688,FALSE,TRUE
"36-47",68.6,-0.759263984448766,0.0905276389518108,0.531989236524069,0.441125205484453,0.608080241086573,FALSE,TRUE
"36-47",68.7,-0.759196357762624,0.0906495185096913,0.531957585436839,0.440953878169435,0.608147354438661,FALSE,TRUE
"36-47",68.8,-0.759128917985202,0.0907731549036509,0.531926019696196,0.440780677243562,0.608215878597475,FALSE,TRUE
"36-47",68.9,-0.759061664399246,0.0908985691168504,0.531894538983944,0.440605577590692,0.608285828647891,FALSE,TRUE
"36-47",69,-0.758994596287498,0.0910257819573154,0.531863142981752,0.44042855423828,0.608357219513583,FALSE,TRUE
"36-47",69.1,-0.758927712932702,0.0911548140526558,0.531831831371149,0.440249582362658,0.60843006595254,FALSE,TRUE
"36-47",69.2,-0.7588610136176,0.0912856858448419,0.531800603833533,0.440068637294246,0.608504382552616,FALSE,TRUE
"36-47",69.3,-0.758794497624935,0.0914184175850453,0.531769460050164,0.439885694522717,0.608580183727146,FALSE,TRUE
"36-47",69.4,-0.758728164237452,0.0915530293285435,0.531738399702168,0.439700729702088,0.608657483710623,FALSE,TRUE
"36-47",69.5,-0.758662012737892,0.0916895409296947,0.531707422470538,0.439513718655763,0.60873629655442,FALSE,TRUE
"36-47",69.6,-0.758596042409,0.091827972036982,0.531676528036134,0.439324637381494,0.608816636122597,FALSE,TRUE
"36-47",69.7,-0.758530252533518,0.0919683420881344,0.531645716079682,0.43913346205628,0.608898516087752,FALSE,TRUE
"36-47",69.8,-0.75846464239419,0.0921106703053227,0.531614986281777,0.438940169041198,0.60898194992696,FALSE,TRUE
"36-47",69.9,-0.758399211273758,0.0922549756904375,0.531584338322882,0.438744734886151,0.609066950917769,FALSE,TRUE
"36-47",70,-0.758333958454967,0.092401277020449,0.531553771883329,0.438547136334544,0.609153532134281,FALSE,TRUE
"36-47",70.1,-0.758268883220559,0.0925495928428531,0.53152328664332,0.438347350327879,0.609241706443301,FALSE,TRUE
"36-47",70.2,-0.758203984853277,0.0926999414712062,0.531492882282928,0.438145354010266,0.609331486500569,FALSE,TRUE
"36-47",70.3,-0.758139262635865,0.0928523409807502,0.531462558482095,0.437941124732855,0.609422884747076,FALSE,TRUE
"36-47",70.4,-0.758074715851065,0.0930068092041328,0.531432314920635,0.437734640058172,0.609515913405459,FALSE,TRUE
"36-47",70.5,-0.758010343781622,0.0931633637272224,0.531402151278234,0.437525877764376,0.609610584476486,FALSE,TRUE
"36-47",70.6,-0.757946145710278,0.0933220218850235,0.531372067234452,0.437314815849411,0.609706909735627,FALSE,TRUE
"36-47",70.7,-0.757882120919776,0.0934828007576919,0.531342062468719,0.437101432535077,0.60980490072972,FALSE,TRUE
"36-47",70.8,-0.75781826869286,0.0936457171666539,0.531312136660341,0.436885706271,0.609904568773723,FALSE,TRUE
"36-47",70.9,-0.757754588312272,0.0938107876708319,0.531282289488497,0.436667615738497,0.61000592494757,FALSE,TRUE
"36-47",71,-0.757691079060756,0.0939780285629771,0.531252520632241,0.436447139854355,0.610108980093116,FALSE,TRUE
"36-47",71.1,-0.757627740221056,0.0941474558661123,0.531222829770503,0.436224257774491,0.610213744811187,FALSE,TRUE
"36-47",71.2,-0.757564571075913,0.0943190853300872,0.531193216582088,0.435998948897524,0.610320229458727,FALSE,TRUE
"36-47",71.3,-0.757501570908072,0.094492932428247,0.531163680745676,0.435771192868229,0.61042844414605,FALSE,TRUE
"36-47",71.4,-0.757438739000276,0.0946690123542172,0.531134221939826,0.43554096958089,0.610538398734191,FALSE,TRUE
"36-47",71.5,-0.757376074635268,0.094847340018805,0.531104839842974,0.435308259182543,0.610650102832377,FALSE,TRUE
"36-47",71.6,-0.757313577095791,0.095027930047021,0.531075534133434,0.435073042076108,0.610763565795583,FALSE,TRUE
"36-47",71.7,-0.757251245664588,0.0952107967752195,0.531046304489397,0.434835298923407,0.610878796722219,FALSE,TRUE
"36-47",71.8,-0.757189079624402,0.0953959542483625,0.531017150588935,0.434595010648071,0.610995804451913,FALSE,TRUE
"36-47",71.9,-0.757127078257977,0.0955834162174055,0.530988072109998,0.434352158438336,0.61111459756341,FALSE,TRUE
"36-47",72,-0.757065240848056,0.0957731961368082,0.530959068730418,0.434106723749716,0.611235184372582,FALSE,TRUE
"36-47",72.1,-0.757003566677382,0.0959653071621702,0.530930140127905,0.433858688307566,0.611357572930554,FALSE,TRUE
"36-47",72.2,-0.756942055028699,0.0961597621479936,0.530901285980052,0.433608034109524,0.611481771021941,FALSE,TRUE
"36-47",72.3,-0.756880705184748,0.0963565736455715,0.530872505964334,0.433354743427836,0.6116077861632,FALSE,TRUE
"36-47",72.4,-0.756819516428274,0.0965557539010057,0.530843799758107,0.433098798811565,0.611735625601102,FALSE,TRUE
"36-47",72.5,-0.75675848804202,0.0967573148533518,0.530815167038609,0.432840183088673,0.611865296311312,FALSE,TRUE
"36-47",72.6,-0.756697619308729,0.0969612681328937,0.530786607482964,0.432578879367996,0.611996804997096,FALSE,TRUE
"36-47",72.7,-0.756636909511144,0.0971676250595471,0.530758120768178,0.432314871041083,0.612130158088135,FALSE,TRUE
"36-47",72.8,-0.756576357932009,0.0973763966413924,0.53072970657114,0.432048141783928,0.612265361739464,FALSE,TRUE
"36-47",72.9,-0.756515963854066,0.0975875935733377,0.530701364568627,0.431778675558576,0.612402421830522,FALSE,TRUE
"36-47",73,-0.756455726560058,0.0978012262359105,0.530673094437297,0.431506456614608,0.612541343964326,FALSE,TRUE
"36-47",73.1,-0.75639564533273,0.0980173046941801,0.530644895853699,0.431231469490507,0.612682133466756,FALSE,TRUE
"36-47",73.2,-0.756335719454824,0.0982358386968084,0.530616768494263,0.4309536990149,0.612824795385961,FALSE,TRUE
"36-47",73.3,-0.756275948209083,0.0984568376752297,0.53058871203531,0.43067313030769,0.61296933449188,FALSE,TRUE
"36-47",73.4,-0.75621633087825,0.0986803107429596,0.530560726153045,0.430389748781056,0.613115755275882,FALSE,TRUE
"36-47",73.5,-0.75615686674507,0.0989062666950308,0.530532810523564,0.430103540140343,0.613264061950517,FALSE,TRUE
"36-47",73.6,-0.756097555092283,0.0991347140075575,0.530504964822848,0.429814490384829,0.613414258449387,FALSE,TRUE
"36-47",73.7,-0.756038395202636,0.099365660837425,0.530477188726769,0.429522585808376,0.61356634842713,FALSE,TRUE
"36-47",73.8,-0.755979386358869,0.0995991150221057,0.530449481911089,0.429227812999963,0.61372033525952,FALSE,TRUE
"36-47",73.9,-0.755920527843727,0.0998350840795988,0.530421844051456,0.428930158844107,0.613876222043669,FALSE,TRUE
"36-47",74,-0.755861818939952,0.100073575208495,0.530394274823412,0.428629610521162,0.614034011598361,FALSE,TRUE
"36-47",74.1,-0.755803258930289,0.10031459528816,0.530366773902388,0.428326155507511,0.614193706464476,FALSE,TRUE
"36-47",74.2,-0.755744847097479,0.100558150879047,0.530339340963707,0.42801978157564,0.614355308905539,FALSE,TRUE
"36-47",74.3,-0.755686582724267,0.100804248223115,0.530311975682583,0.427710476794106,0.614518820908364,FALSE,TRUE
"36-47",74.4,-0.755628465093395,0.10105289324438,0.530284677734123,0.427398229527389,0.61468424418382,FALSE,TRUE
"36-47",74.5,-0.755570493487606,0.101304091549574,0.530257446793325,0.42708302843564,0.614851580167689,FALSE,TRUE
"36-47",74.6,-0.755512667189644,0.101557848428917,0.530230282535081,0.426764862474321,0.615020830021635,FALSE,TRUE
"36-47",74.7,-0.755454985482253,0.101814168857013,0.530203184634177,0.426443720893737,0.615191994634273,FALSE,TRUE
"36-47",74.8,-0.755397447648174,0.102073057493844,0.530176152765294,0.42611959323847,0.615365074622343,FALSE,TRUE
"36-47",74.9,-0.755340052970152,0.102334518685881,0.530149186603005,0.425792469346702,0.615540070331974,FALSE,TRUE
"36-47",75,-0.755282800730929,0.1025985564673,0.53012228582178,0.425462339349448,0.615716981840054,FALSE,TRUE
"36-47",75.1,-0.75522569021325,0.102865174561306,0.530095450095983,0.425129193669683,0.61589580895569,FALSE,TRUE
"36-47",75.2,-0.755168720699856,0.103134376381553,0.530068679099876,0.424793023021379,0.616076551221764,FALSE,TRUE
"36-47",75.3,-0.75511189147349,0.103406165033676,0.530041972507614,0.424453818408438,0.616259207916579,FALSE,TRUE
"36-47",75.4,-0.755055201816898,0.103680543316908,0.530015329993252,0.424111571123548,0.616443778055594,FALSE,TRUE
"36-47",75.5,-0.754998651012821,0.103957513725807,0.529988751230741,0.423766272746933,0.616630260393245,FALSE,TRUE
"36-47",75.6,-0.754942238344002,0.104237078452067,0.52996223589393,0.423417915145027,0.616818653424854,FALSE,TRUE
"36-47",75.7,-0.754885963093186,0.104519239386423,0.529935783656565,0.423066490469054,0.617008955388619,FALSE,TRUE
"36-47",75.8,-0.754829824543115,0.10480399812065,0.529909394192293,0.42271199115353,0.617201164267682,FALSE,TRUE
"36-47",75.9,-0.754773821976531,0.10509135594964,0.529883067174658,0.422354409914685,0.617395277792279,FALSE,TRUE
"36-47",76,-0.75471795467618,0.105381313873571,0.529856802277104,0.421993739748798,0.617591293441963,FALSE,TRUE
"36-47",76.1,-0.754662221924802,0.105673872600153,0.529830599172975,0.421629973930465,0.617789208447903,FALSE,TRUE
"36-47",76.2,-0.754606623005143,0.105969032546953,0.529804457535515,0.421263106010788,0.61798901979525,FALSE,TRUE
"36-47",76.3,-0.754551157199945,0.106266793843797,0.529778377037871,0.420893129815496,0.618190724225576,FALSE,TRUE
"36-47",76.4,-0.754495823791951,0.106567156335247,0.529752357353087,0.420520039442989,0.618394318239375,FALSE,TRUE
"36-47",76.5,-0.754440622063904,0.106870119583147,0.529726398154114,0.420143829262328,0.61859979809863,FALSE,TRUE
"36-47",76.6,-0.754385551298548,0.107175682869235,0.5297004991138,0.419764493911148,0.618807159829445,FALSE,TRUE
"36-47",76.7,-0.754330610778626,0.107483845197829,0.529674659904898,0.419382028293519,0.619016399224723,FALSE,TRUE
"36-47",76.8,-0.754275799786881,0.107794605298562,0.529648880200066,0.418996427577743,0.619227511846918,FALSE,TRUE
"36-47",76.9,-0.754221117606055,0.108107961629193,0.529623159671861,0.418607687194094,0.619440493030825,FALSE,TRUE
"36-47",77,-0.754166563518894,0.108423912378459,0.529597497992746,0.418215802832508,0.61965533788643,FALSE,TRUE
"36-47",77.1,-0.754112136808138,0.108742455468997,0.529571894835089,0.417820770440218,0.619872041301804,FALSE,TRUE
"36-47",77.2,-0.754057836756533,0.109063588560308,0.529546349871162,0.417422586219339,0.620090597946051,FALSE,TRUE
"36-47",77.3,-0.75400366264682,0.109387309051769,0.529520862773141,0.41702124662441,0.620311002272287,FALSE,TRUE
"36-47",77.4,-0.753949613761744,0.109713614085704,0.529495433213109,0.416616748359889,0.620533248520672,FALSE,TRUE
"36-47",77.5,-0.753895689384047,0.110042500550481,0.529470060863053,0.416209088377609,0.620757330721475,FALSE,TRUE
"36-47",77.6,-0.753841888796472,0.110373965083667,0.529444745394869,0.41579826387419,0.620983242698177,FALSE,TRUE
"36-47",77.7,-0.753788211281763,0.110708004075209,0.529419486480356,0.415384272288421,0.621210978070604,FALSE,TRUE
"36-47",77.8,-0.753734656122663,0.111044613670657,0.529394283791224,0.414967111298601,0.621440530258098,FALSE,TRUE
"36-47",77.9,-0.753681222601915,0.111383789774422,0.529369136999088,0.414546778819856,0.621671892482714,FALSE,TRUE
"36-47",78,-0.753627910002262,0.111725528053058,0.529344045775472,0.414123273001414,0.621905057772442,FALSE,TRUE
"36-47",78.1,-0.753574717606448,0.112069823938579,0.529319009791806,0.41369659222387,0.622140018964452,FALSE,TRUE
"36-47",78.2,-0.753521644697215,0.112416672631797,0.529294028719432,0.413266735096407,0.62237676870837,FALSE,TRUE
"36-47",78.3,-0.753468690557307,0.112766069105687,0.529269102229599,0.412833700454013,0.622615299469562,FALSE,TRUE
"36-47",78.4,-0.753415854469467,0.11311800810877,0.529244229993465,0.412397487354662,0.622855603532444,FALSE,TRUE
"36-47",78.5,-0.753363135716439,0.113472484168514,0.5292194116821,0.411958095076487,0.623097673003804,FALSE,TRUE
"36-47",78.6,-0.753310533580964,0.113829491594756,0.529194646966482,0.411515523114934,0.623341499816135,FALSE,TRUE
"36-47",78.7,-0.753258047345788,0.114189024483131,0.5291699355175,0.4110697711799,0.623587075730984,FALSE,TRUE
"36-47",78.8,-0.753205676293652,0.114551076718518,0.529145277005956,0.410620839192861,0.623834392342308,FALSE,TRUE
"36-47",78.9,-0.7531534197073,0.114915641978492,0.52912067110256,0.410168727283996,0.624083441079832,FALSE,TRUE
"36-47",79,-0.753101276869475,0.115282713736782,0.529096117477936,0.409713435789289,0.62433421321242,FALSE,TRUE
"36-47",79.1,-0.753049247062921,0.115652285266742,0.529071615802619,0.409254965247644,0.624586699851443,FALSE,TRUE
"36-47",79.2,-0.75299732957038,0.116024349644813,0.529047165747058,0.40879331639798,0.624840891954151,FALSE,TRUE
"36-47",79.3,-0.752945523674596,0.116398899753995,0.529022766981613,0.408328490176333,0.625096780327038,FALSE,TRUE
"36-47",79.4,-0.752893828658312,0.116775928287313,0.528998419176558,0.407860487712957,0.625354355629216,FALSE,TRUE
"36-47",79.5,-0.752842243804271,0.117155427751284,0.528974122002081,0.407389310329426,0.625613608375773,FALSE,TRUE
"36-47",79.6,-0.752790768395216,0.117537390469374,0.528949875128282,0.406914959535739,0.625874528941129,FALSE,TRUE
"36-47",79.7,-0.752739401713891,0.117921808585453,0.528925678225177,0.406437437027429,0.626137107562385,FALSE,TRUE
"36-47",79.8,-0.752688143043038,0.11830867406724,0.528901530962697,0.405956744682684,0.626401334342662,FALSE,TRUE
"36-47",79.9,-0.752636991665402,0.118697978709735,0.528877433010687,0.40547288455947,0.626667199254427,FALSE,TRUE
"36-47",80,-0.752585946863724,0.11908971413864,0.528853384038907,0.404985858892672,0.626934692142806,FALSE,TRUE
"36-47",80.1,-0.752535007920749,0.119483871813775,0.528829383717033,0.404495670091234,0.627203802728886,FALSE,TRUE
"36-47",80.2,-0.752484174119219,0.119880443032462,0.528805431714658,0.40400232073533,0.627474520613001,FALSE,TRUE
"36-47",80.3,-0.752433444741878,0.12027941893291,0.52878152770129,0.403505813573532,0.627746835277994,FALSE,TRUE
"36-47",80.4,-0.752382819071468,0.12068079049757,0.528757671346353,0.403006151520005,0.628020736092471,FALSE,TRUE
"36-47",80.5,-0.752332296390734,0.121084548556475,0.528733862319191,0.402503337651712,0.628296212314024,FALSE,TRUE
"36-47",80.6,-0.752281875982418,0.12149068379056,0.528710100289063,0.401997375205645,0.628573253092447,FALSE,TRUE
"36-47",80.7,-0.752231557129263,0.12189918673496,0.528686384925146,0.401488267576068,0.628851847472915,FALSE,TRUE
"36-47",80.8,-0.752181339114013,0.122310047782279,0.528662715896536,0.400976018311786,0.629131984399148,FALSE,TRUE
"36-47",80.9,-0.75213122121941,0.122723257185845,0.528639092872246,0.40046063111343,0.62941365271655,FALSE,TRUE
"36-47",81,-0.752081202728199,0.123138805062928,0.528615515521209,0.399942109830775,0.629696841175322,FALSE,TRUE
"36-47",81.1,-0.752031282923122,0.123556681397941,0.528591983512275,0.39942045846007,0.629981538433546,FALSE,TRUE
"36-47",81.2,-0.751981461086922,0.123976876045608,0.528568496514217,0.398895681141401,0.630267733060247,FALSE,TRUE
"36-47",81.3,-0.751931736502342,0.124399378734103,0.528545054195723,0.398367782156075,0.630555413538418,FALSE,TRUE
"36-47",81.4,-0.751882108452127,0.124824179068164,0.528521656225405,0.397836765924035,0.630844568268026,FALSE,TRUE
"36-47",81.5,-0.751832576219018,0.12525126653217,0.528498302271794,0.397302637001298,0.631135185568981,FALSE,TRUE
"36-47",81.6,-0.75178313908576,0.125680630493193,0.52847499200334,0.396765400077426,0.631427253684077,FALSE,TRUE
"36-47",81.7,-0.751733796335094,0.126112260204014,0.528451725088416,0.39622505997302,0.631720760781899,FALSE,TRUE
"36-47",81.8,-0.751684547249766,0.126546144806107,0.528428501195315,0.395681621637247,0.632015694959703,FALSE,TRUE
"36-47",81.9,-0.751635391112517,0.126982273332592,0.528405319992253,0.3951350901454,0.632312044246257,FALSE,TRUE
"36-47",82,-0.75158632720609,0.127420634711151,0.528382181147365,0.394585470696484,0.632609796604654,FALSE,TRUE
"36-47",82.1,-0.75153735481323,0.127861217766908,0.528359084328712,0.394032768610834,0.632908939935084,FALSE,TRUE
"36-47",82.2,-0.75148847321668,0.12830401122528,0.528336029204274,0.393476989327768,0.633209462077584,FALSE,TRUE
"36-47",82.3,-0.751439681699181,0.128749003714785,0.528313015441956,0.39291813840327,0.633511350814737,FALSE,TRUE
"36-47",82.4,-0.751390979543478,0.12919618376982,0.528290042709585,0.392356221507705,0.63381459387435,FALSE,TRUE
"36-47",82.5,-0.751342366032314,0.129645539833397,0.528267110674911,0.391791244423572,0.634119178932088,FALSE,TRUE
"36-47",82.6,-0.751293840448433,0.130097060259847,0.528244219005609,0.391223213043284,0.634425093614072,FALSE,TRUE
"36-47",82.7,-0.751245402074576,0.130550733317482,0.528221367369277,0.390652133366985,0.634732325499446,FALSE,TRUE
"36-47",82.8,-0.751197050193487,0.131006547191223,0.528198555433436,0.390078011500404,0.635040862122904,FALSE,TRUE
"36-47",82.9,-0.751148784087911,0.13146448998519,0.528175782865534,0.389500853652738,0.635350690977178,FALSE,TRUE
"36-47",83,-0.751100603040589,0.131924549725249,0.528153049332943,0.388920666134575,0.635661799515493,FALSE,TRUE
"36-47",83.1,-0.751052506334265,0.132386714361529,0.528130354502958,0.388337455355847,0.635974175153978,FALSE,TRUE
"36-47",83.2,-0.751004493251682,0.132850971770892,0.528107698042801,0.387751227823822,0.636287805274053,FALSE,TRUE
"36-47",83.3,-0.750956563075584,0.133317309759371,0.528085079619621,0.387161990141127,0.636602677224762,FALSE,TRUE
"36-47",83.4,-0.750908715088713,0.133785716064564,0.52806249890049,0.386569749003813,0.636918778325077,FALSE,TRUE
"36-47",83.5,-0.750860948573813,0.134256178357996,0.528039955552407,0.385974511199448,0.637236095866166,FALSE,TRUE
"36-47",83.6,-0.750813262813627,0.134728684247434,0.528017449242299,0.385376283605248,0.63755461711362,FALSE,TRUE
"36-47",83.7,-0.750765657090898,0.135203221279168,0.527994979637018,0.384775073186248,0.637874329309638,FALSE,TRUE
"36-47",83.8,-0.750718130688369,0.135679776940255,0.527972546403344,0.384170886993499,0.638195219675184,FALSE,TRUE
"36-47",83.9,-0.750670682888784,0.136158338660718,0.527950149207982,0.383563732162308,0.638517275412098,FALSE,TRUE
"36-47",84,-0.750623312974885,0.136638893815714,0.527927787717567,0.382953615910514,0.638840483705174,FALSE,TRUE
"36-47",84.1,-0.750576020229416,0.137121429727657,0.527905461598661,0.38234054553679,0.639164831724197,FALSE,TRUE
"36-47",84.2,-0.750528803935121,0.137605933668304,0.527883170517754,0.381724528418991,0.639490306625946,FALSE,TRUE
"36-47",84.3,-0.750481663374742,0.138092392860806,0.527860914141263,0.381105572012532,0.639816895556155,FALSE,TRUE
"36-47",84.4,-0.750434597831022,0.138580794481719,0.527838692135534,0.380483683848799,0.640144585651442,FALSE,TRUE
"36-47",84.5,-0.750387606586704,0.139071125662972,0.527816504166843,0.379858871533596,0.640473364041199,FALSE,TRUE
"36-47",84.6,-0.750340688924533,0.139563373493809,0.527794349901394,0.379231142745633,0.640803217849442,FALSE,TRUE
"36-47",84.7,-0.75029384412725,0.140057525022679,0.527772229005319,0.378600505235037,0.64113413419663,FALSE,TRUE
"36-47",84.8,-0.7502470714776,0.140553567259099,0.527750141144681,0.377966966821903,0.641466100201443,FALSE,TRUE
"36-47",84.9,-0.750200370258326,0.14105148717548,0.527728085985473,0.377330535394882,0.641799102982523,FALSE,TRUE
"36-47",85,-0.75015373975217,0.141551271708906,0.527706063193616,0.3766912189098,0.642133129660188,FALSE,TRUE
"36-47",85.1,-0.750107179241875,0.142052907762889,0.527684072434963,0.376049025388302,0.642468167358098,FALSE,TRUE
"36-47",85.2,-0.750060688010186,0.142556382209082,0.527662113375296,0.375403962916545,0.642804203204891,FALSE,TRUE
"36-47",85.3,-0.750014265339844,0.143061681888953,0.527640185680328,0.374756039643913,0.64314122433579,FALSE,TRUE
"36-47",85.4,-0.749967910513595,0.143568793615428,0.527618289015704,0.374105263781765,0.643479217894164,FALSE,TRUE
"36-47",85.5,-0.749921622814179,0.144077704174502,0.527596423046998,0.373451643602219,0.643818171033061,FALSE,TRUE
"36-47",85.6,-0.749875401524342,0.144588400326805,0.527574587439716,0.372795187436966,0.644158070916708,FALSE,TRUE
"36-47",85.7,-0.749829245926825,0.14510086880914,0.527552781859296,0.372135903676114,0.644498904721973,FALSE,TRUE
"36-47",85.8,-0.749783155304373,0.14561509633599,0.527531005971108,0.37147380076707,0.644840659639797,FALSE,TRUE
"36-47",85.9,-0.749737128939727,0.146131069600984,0.527509259440452,0.370808887213441,0.645183322876587,FALSE,TRUE
"36-47",86,-0.749691166115633,0.146648775278332,0.527487541932562,0.370141171573975,0.645526881655587,FALSE,TRUE
"36-47",86.1,-0.749645266114832,0.147168200024231,0.527465853112604,0.369470662461531,0.645871323218206,FALSE,TRUE
"36-47",86.2,-0.749599428220068,0.147689330478233,0.527444192645675,0.368797368542077,0.64621663482532,FALSE,TRUE
"36-47",86.3,-0.749553651714083,0.148212153264584,0.527422560196807,0.368121298533713,0.646562803758537,FALSE,TRUE
"36-47",86.4,-0.749507935879623,0.148736654993529,0.527400955430963,0.367442461205735,0.646909817321441,FALSE,TRUE
"36-47",86.5,-0.749462279999428,0.149262822262591,0.52737937801304,0.366760865377714,0.647257662840789,FALSE,TRUE
"36-47",86.6,-0.749416683356244,0.149790641657808,0.527357827607868,0.366076519918611,0.647606327667697,FALSE,TRUE
"36-47",86.7,-0.749371145232812,0.150320099754954,0.527336303880211,0.365389433745921,0.647955799178778,FALSE,TRUE
"36-47",86.8,-0.749325664911876,0.150851183120716,0.527314806494766,0.36469961582484,0.648306064777261,FALSE,TRUE
"36-47",86.9,-0.749280241676179,0.151383878313854,0.527293335116165,0.364007075167457,0.648657111894079,FALSE,TRUE
"36-47",87,-0.749234874808465,0.151918171886318,0.527271889408974,0.363311820831984,0.649008927988924,FALSE,TRUE
"36-47",87.1,-0.749189563591477,0.152454050384353,0.52725046903769,0.362613861922,0.649361500551281,FALSE,TRUE
"36-47",87.2,-0.749144307307957,0.152991500349559,0.527229073666749,0.361913207585723,0.649714817101425,FALSE,TRUE
"36-47",87.3,-0.749099105240649,0.153530508319932,0.527207702960519,0.361209867015318,0.650068865191397,FALSE,TRUE
"36-47",87.4,-0.749053956672296,0.154071060830881,0.527186356583304,0.360503849446213,0.65042363240595,FALSE,TRUE
"36-47",87.5,-0.749008860885642,0.154613144416206,0.527165034199342,0.359795164156455,0.650779106363472,FALSE,TRUE
"36-47",87.6,-0.748963817163429,0.155156745609063,0.527143735472807,0.35908382046608,0.651135274716875,FALSE,TRUE
"36-47",87.7,-0.748918824788401,0.155701850942891,0.527122460067807,0.358369827736511,0.651492125154466,FALSE,TRUE
"36-47",87.8,-0.748873883043301,0.156248446952325,0.527101207648387,0.357653195369981,0.651849645400785,FALSE,TRUE
"36-47",87.9,-0.748828991210872,0.15679652017407,0.527079977878527,0.356933932808974,0.652207823217428,FALSE,TRUE
"36-47",88,-0.748784148573857,0.157346057147765,0.527058770422142,0.356212049535693,0.652566646403835,FALSE,TRUE
"36-47",88.1,-0.748739354415,0.157897044416811,0.527037584943085,0.355487555071547,0.652926102798059,FALSE,TRUE
"36-47",88.2,-0.748694608017044,0.158449468529181,0.527016421105143,0.354760458976663,0.653286180277511,FALSE,TRUE
"36-47",88.3,-0.748649908662731,0.159003316038206,0.526995278572041,0.354030770849414,0.653646866759678,FALSE,TRUE
"36-47",88.4,-0.748605255634806,0.159558573503334,0.526974157007439,0.353298500325976,0.654008150202824,FALSE,TRUE
"36-47",88.5,-0.74856064821601,0.160115227490873,0.526953056074934,0.352563657079897,0.654370018606665,FALSE,TRUE
"36-47",88.6,-0.748516085689089,0.160673264574706,0.52693197543806,0.351826250821689,0.654732460013016,FALSE,TRUE
"36-47",88.7,-0.748471567336784,0.161232671336988,0.526910914760289,0.351086291298446,0.65509546250643,FALSE,TRUE
"36-47",88.8,-0.748427092441838,0.161793434368818,0.526889873705027,0.35034378829347,0.655459014214802,FALSE,TRUE
"36-47",88.9,-0.748382660286996,0.162355540270894,0.52686885193562,0.349598751625925,0.655823103309958,FALSE,TRUE
"36-47",89,-0.748338270155,0.162918975654144,0.526847849115351,0.348851191150505,0.656187718008227,FALSE,TRUE
"36-47",89.1,-0.748293921328593,0.163483727140342,0.526826864907438,0.348101116757121,0.65655284657098,FALSE,TRUE
"36-47",89.2,-0.748249613090519,0.164049781362696,0.52680589897504,0.347348538370608,0.656918477305167,FALSE,TRUE
"36-47",89.3,-0.748205344723521,0.164617124966427,0.526784950981251,0.346593465950443,0.65728459856382,FALSE,TRUE
"36-47",89.4,-0.748161115510342,0.16518574460932,0.526764020589104,0.345835909490492,0.65765119874654,FALSE,TRUE
"36-47",89.5,-0.748116924733725,0.165755626962259,0.526743107461571,0.345075879018759,0.658018266299974,FALSE,TRUE
"36-47",89.6,-0.748072771676413,0.16632675870975,0.526722211261559,0.34431338459716,0.65838578971826,FALSE,TRUE
"36-47",89.7,-0.74802865562115,0.166899126550419,0.526701331651917,0.343548436321312,0.658753757543465,FALSE,TRUE
"36-47",89.8,-0.747984575850679,0.167472717197494,0.526680468295429,0.34278104432034,0.659122158365999,FALSE,TRUE
"36-47",89.9,-0.747940531647742,0.168047517379271,0.52665962085482,0.342011218756689,0.659490980825016,FALSE,TRUE
"36-47",90,-0.747896522295084,0.168623513839567,0.526638788992752,0.34123896982596,0.659860213608794,FALSE,TRUE
"36-47",90.1,-0.747852547075447,0.16920069333815,0.526617972371825,0.340464307756764,0.6602298454551,FALSE,TRUE
"36-47",90.2,-0.747808605271574,0.169779042651157,0.526597170654581,0.339687242810572,0.660599865151544,FALSE,TRUE
"36-47",90.3,-0.747764696166209,0.170358548571497,0.526576383503498,0.338907785281605,0.660970261535905,FALSE,TRUE
"36-47",90.4,-0.747720819042095,0.170939197909238,0.526555610580994,0.338125945496712,0.661341023496455,FALSE,TRUE
"36-47",90.5,-0.747676973181975,0.171520977491978,0.526534851549426,0.337341733815278,0.661712139972257,FALSE,TRUE
"36-47",90.6,-0.747633157868593,0.172103874165204,0.526514106071089,0.336555160629139,0.662083599953455,FALSE,TRUE
"36-47",90.7,-0.747589372384691,0.172687874792632,0.52649337380822,0.335766236362507,0.662455392481547,FALSE,TRUE
"36-47",90.8,-0.747545616013012,0.173272966256542,0.526472654422993,0.334974971471912,0.662827506649645,FALSE,TRUE
"36-47",90.9,-0.7475018880363,0.173859135458091,0.526451947577522,0.334181376446154,0.663199931602715,FALSE,TRUE
"36-47",91,-0.747458187737299,0.174446369317618,0.526431252933862,0.333385461806263,0.663572656537812,FALSE,TRUE
"36-47",91.1,-0.74741451439875,0.175034654774929,0.526410570154005,0.332587238105478,0.6639456707043,FALSE,TRUE
"36-47",91.2,-0.747370867303398,0.175623978789585,0.526389898899886,0.331786715929228,0.664318963404051,FALSE,TRUE
"36-47",91.3,-0.747327245733986,0.176214328341156,0.526369238833378,0.330983905895129,0.664692523991643,FALSE,TRUE
"36-47",91.4,-0.747283648973256,0.176805690429485,0.526348589616293,0.330178818652992,0.665066341874533,FALSE,TRUE
"36-47",91.5,-0.747240076303953,0.177398052074923,0.526327950910385,0.329371464884836,0.665440406513234,FALSE,TRUE
"36-47",91.6,-0.747196527008818,0.177991400318562,0.526307322377346,0.328561855304915,0.665814707421459,FALSE,TRUE
"36-47",91.7,-0.747153000370596,0.178585722222458,0.526286703678811,0.327750000659757,0.666189234166276,FALSE,TRUE
"36-47",91.8,-0.74710949567203,0.179181004869835,0.526266094476352,0.326935911728201,0.666563976368234,FALSE,TRUE
"36-47",91.9,-0.747066012195862,0.179777235365287,0.526245494431484,0.326119599321457,0.666938923701486,FALSE,TRUE
"36-47",92,-0.747022549224836,0.180374400834966,0.52622490320566,0.325301074283165,0.667314065893902,FALSE,TRUE
"36-47",92.1,-0.746979106041695,0.18097248842676,0.526204320460276,0.324480347489468,0.667689392727165,FALSE,TRUE
"36-47",92.2,-0.746935681929183,0.181571485310462,0.526183745856666,0.323657429849086,0.668064894036868,FALSE,TRUE
"36-47",92.3,-0.746892276170042,0.18217137867793,0.526163179056106,0.322832332303407,0.668440559712586,FALSE,TRUE
"36-47",92.4,-0.746848888047016,0.182772155743235,0.526142619719812,0.32200506582658,0.668816379697951,FALSE,TRUE
"36-47",92.5,-0.746805516842847,0.183373803742809,0.526122067508941,0.321175641425614,0.669192343990713,FALSE,TRUE
"36-47",92.6,-0.74676216184028,0.183976309935569,0.526101522084591,0.32034407014049,0.66956844264279,FALSE,TRUE
"36-47",92.7,-0.746718822322057,0.184579661603047,0.5260809831078,0.319510363044275,0.669944665760307,FALSE,TRUE
"36-47",92.8,-0.746675497570921,0.185183846049508,0.526060450239548,0.318674531243246,0.670321003503638,FALSE,TRUE
"36-47",92.9,-0.746632186869617,0.18578885060205,0.526039923140753,0.317836585877015,0.670697446087421,FALSE,TRUE
"36-47",93,-0.746588889500886,0.186394662610715,0.526019401472278,0.316996538118669,0.671073983780581,FALSE,TRUE
"36-47",93.1,-0.746545604747471,0.187001269448575,0.525998884894923,0.316154399174907,0.671450606906336,FALSE,TRUE
"36-47",93.2,-0.746502331892118,0.187608658511818,0.525978373069432,0.315310180286188,0.671827305842197,FALSE,TRUE
"36-47",93.3,-0.746459070217567,0.188216817219832,0.525957865656489,0.314463892726885,0.672204071019959,FALSE,TRUE
"36-47",93.4,-0.746415819006564,0.18882573301527,0.525937362316718,0.313615547805443,0.67258089292569,FALSE,TRUE
"36-47",93.5,-0.74637257754185,0.189435393364121,0.525916862710685,0.312765156864538,0.672957762099705,FALSE,TRUE
"36-47",93.6,-0.746329345106169,0.190045785755764,0.525896366498897,0.31191273128125,0.673334669136535,FALSE,TRUE
"36-47",93.7,-0.746286120982264,0.190656897703023,0.525875873341803,0.311058282467233,0.673711604684896,FALSE,TRUE
"36-47",93.8,-0.746242904452878,0.191268716742214,0.525855382899791,0.310201821868895,0.674088559447637,FALSE,TRUE
"36-47",93.9,-0.746199694800756,0.191881230433182,0.525834894833192,0.309343360967576,0.674465524181699,FALSE,TRUE
"36-47",94,-0.746156491308638,0.192494426359339,0.525814408802278,0.308482911279737,0.67484248969805,FALSE,TRUE
"36-47",94.1,-0.74611329325927,0.193108292127693,0.525793924467261,0.307620484357152,0.675219446861629,FALSE,TRUE
"36-47",94.2,-0.746070099935394,0.193722815368868,0.525773441488296,0.306756091787097,0.675596386591272,FALSE,TRUE
"36-47",94.3,-0.746026910619753,0.194337983737128,0.525752959525478,0.305889745192552,0.675973299859638,FALSE,TRUE
"36-47",94.4,-0.745983724595091,0.194953784910384,0.525732478238842,0.3050214562324,0.676350177693131,FALSE,TRUE
"36-47",94.5,-0.74594054114415,0.195570206590209,0.525711997288367,0.304151236601636,0.67672701117181,FALSE,TRUE
"36-47",94.6,-0.745897359549675,0.19618723650184,0.525691516333973,0.303279098031568,0.677103791429299,FALSE,TRUE
"36-47",94.7,-0.745854179094407,0.196804862394173,0.525671035035518,0.302405052290033,0.67748050965269,FALSE,TRUE
"36-47",94.8,-0.745810999069434,0.197423072118648,0.525650553056762,0.301529111079444,0.677857157134937,TRUE,TRUE
"36-47",94.9,-0.745767819068798,0.1980418564195,0.52563007020512,0.300651282417728,0.678233727128946,TRUE,TRUE
"36-47",95,-0.745724639068163,0.198661209700062,0.52560958646901,0.299771569618481,0.678610215344316,TRUE,TRUE
"36-47",95.1,-0.745681459067528,0.199281126655274,0.525589101848392,0.298889975638379,0.678986617699635,TRUE,TRUE
"36-47",95.2,-0.745638279066892,0.199901602041083,0.52556861634323,0.298006503375126,0.67936293016863,TRUE,TRUE
"36-47",95.3,-0.745595099066257,0.20052263067365,0.525548129953484,0.297121155668185,0.679739148779432,TRUE,TRUE
"36-47",95.4,-0.745551919065621,0.201144207428561,0.525527642679117,0.296233935299494,0.68011526961386,TRUE,TRUE
"36-47",95.5,-0.745508739064986,0.201766327240053,0.52550715452009,0.295344844994183,0.680491288806703,TRUE,TRUE
"36-47",95.6,-0.745465559064351,0.20238898510025,0.525486665476365,0.294453887421267,0.680867202545018,TRUE,TRUE
"36-47",95.7,-0.745422379063715,0.203012176058412,0.525466175547905,0.293561065194338,0.681243007067442,TRUE,TRUE
"36-47",95.8,-0.74537919906308,0.203635895220188,0.52544568473467,0.292666380872249,0.681618698663505,TRUE,TRUE
"36-47",95.9,-0.745336019062444,0.204260137746884,0.525425193036623,0.29176983695978,0.681994273672955,TRUE,TRUE
"36-47",96,-0.745292839061809,0.204884898854743,0.525404700453725,0.290871435908305,0.682369728485096,TRUE,TRUE
"36-47",96.1,-0.745249659061174,0.205510173814226,0.525384206985938,0.289971180116442,0.682745059538134,TRUE,TRUE
"36-47",96.2,-0.745206479060538,0.206135957949315,0.525363712633224,0.289069071930697,0.683120263318526,TRUE,TRUE
"36-47",96.3,-0.745163299059903,0.206762246636815,0.525343217395545,0.288165113646102,0.683495336360345,TRUE,TRUE
"36-47",96.4,-0.745120119059267,0.207389035305674,0.525322721272863,0.287259307506834,0.683870275244652,TRUE,TRUE
"36-47",96.5,-0.745076939058632,0.208016319436303,0.525302224265138,0.286351655706842,0.684245076598876,TRUE,TRUE
"36-47",96.6,-0.745033759057997,0.208644094559916,0.525281726372334,0.285442160390448,0.684619737096201,TRUE,TRUE
"36-47",96.7,-0.744990579057361,0.209272356257872,0.525261227594412,0.28453082365295,0.684994253454964,TRUE,TRUE
"36-47",96.8,-0.744947399056726,0.209901100161026,0.525240727931333,0.283617647541216,0.68536862243806,TRUE,TRUE
"36-47",96.9,-0.74490421905609,0.210530321949096,0.52522022738306,0.282702634054264,0.685742840852358,TRUE,TRUE
"36-47",97,-0.744861039055455,0.211160017350027,0.525199725949554,0.281785785143841,0.68611690554812,TRUE,TRUE
"36-47",97.1,-0.74481785905482,0.211790182139378,0.525179223630777,0.280867102714988,0.68649081341843,TRUE,TRUE
"36-47",97.2,-0.744774679054184,0.212420812139704,0.52515872042669,0.279946588626601,0.686864561398635,TRUE,TRUE
"36-47",97.3,-0.744731499053549,0.213051903219954,0.525138216337257,0.279024244691985,0.68723814646579,TRUE,TRUE
"36-47",97.4,-0.744688319052913,0.21368345129488,0.525117711362437,0.278100072679391,0.687611565638107,TRUE,TRUE
"36-47",97.5,-0.744645139052278,0.214315452324445,0.525097205502194,0.277174074312563,0.68798481597442,TRUE,TRUE
"36-47",97.6,-0.744601959051643,0.214947902313245,0.525076698756488,0.276246251271257,0.688357894573655,TRUE,TRUE
"36-47",97.7,-0.744558779051007,0.215580797309943,0.525056191125282,0.275316605191769,0.688730798574298,TRUE,TRUE
"36-47",97.8,-0.744515599050372,0.2162141334067,0.525035682608537,0.274385137667447,0.689103525153887,TRUE,TRUE
"36-47",97.9,-0.744472419049736,0.216847906738624,0.525015173206216,0.273451850249201,0.689476071528495,TRUE,TRUE
"36-47",98,-0.744429239049101,0.217482113483222,0.524994662918279,0.272516744445998,0.689848434952232,TRUE,TRUE
"36-47",98.1,-0.744386059048466,0.218116749859858,0.524974151744689,0.271579821725358,0.690220612716745,TRUE,TRUE
"36-47",98.2,-0.74434287904783,0.218751812129226,0.524953639685407,0.270641083513843,0.690592602150734,TRUE,TRUE
"36-47",98.3,-0.744299699047195,0.219387296592819,0.524933126740396,0.269700531197531,0.690964400619466,TRUE,TRUE
"36-47",98.4,-0.744256519046559,0.220023199592417,0.524912612909616,0.268758166122491,0.6913360055243,TRUE,TRUE
"36-47",98.5,-0.744213339045924,0.22065951750957,0.52489209819303,0.267813989595253,0.69170741430222,TRUE,TRUE
"36-47",98.6,-0.744170159045289,0.221296246765103,0.5248715825906,0.266868002883261,0.692078624425371,TRUE,TRUE
"36-47",98.7,-0.744126979044653,0.221933383818613,0.524851066102286,0.265920207215329,0.692449633400604,TRUE,TRUE
"36-47",98.8,-0.744083799044018,0.222570925167981,0.524830548728052,0.264970603782091,0.692820438769027,TRUE,TRUE
"36-47",98.9,-0.744040619043382,0.223208867348893,0.524810030467858,0.264019193736435,0.693191038105559,TRUE,TRUE
"36-47",99,-0.743997439042747,0.223847206934358,0.524789511321666,0.263065978193944,0.693561429018495,TRUE,TRUE
"36-47",99.1,-0.743954259042112,0.224485940534245,0.524768991289439,0.262110958233319,0.693931609149077,TRUE,TRUE
"36-47",99.2,-0.743911079041476,0.225125064794813,0.524748470371137,0.261154134896807,0.694301576171063,TRUE,TRUE
"36-47",99.3,-0.743867899040841,0.225764576398261,0.524727948566723,0.260195509190612,0.694671327790312,TRUE,TRUE
"36-47",99.4,-0.743824719040206,0.226404472062273,0.524707425876159,0.259235082085307,0.69504086174437,TRUE,TRUE
"36-47",99.5,-0.74378153903957,0.227044748539579,0.524686902299405,0.258272854516244,0.695410175802063,TRUE,TRUE
"36-47",99.6,-0.743738359038935,0.22768540261751,0.524666377836425,0.257308827383945,0.695779267763091,TRUE,TRUE
"36-47",99.7,-0.743695179038299,0.228326431117573,0.524645852487178,0.256343001554501,0.696148135457638,TRUE,TRUE
"36-47",99.8,-0.743651999037664,0.228967830895021,0.524625326251629,0.255375377859962,0.696516776745973,TRUE,TRUE
"36-47",99.9,-0.743608819037028,0.229609598838437,0.524604799129737,0.254405957098712,0.696885189518072,TRUE,TRUE
"36-47",100,-0.743565639036393,0.230251731869312,0.524584271121465,0.253434740035856,0.697253371693234,TRUE,TRUE
"48-59",0,0,0,0,0,0,TRUE,TRUE
"48-59",0.1,-0.00343223821313444,0.000566358379696787,0.00342635481655618,0.00231948162457596,0.00453199999191134,FALSE,TRUE
"48-59",0.2,-0.0068643965028545,0.00113269627388043,0.00684089034911961,0.00463354366662183,0.00904334197076251,FALSE,TRUE
"48-59",0.3,-0.0102963793247814,0.0016989891934796,0.0102435530730167,0.00694215166467216,0.0135339790369022,FALSE,TRUE
"48-59",0.4,-0.0137280910631238,0.00226521263184503,0.0136342905456175,0.00924527152844501,0.018003866316768,FALSE,TRUE
"48-59",0.5,-0.0171594361020904,0.00283134208345674,0.0170130514669348,0.0115428695710914,0.02245296104337,FALSE,TRUE
"48-59",0.6,-0.0205903188258903,0.00339735304432753,0.0203797856688005,0.0138349125059097,0.0268812225295328,FALSE,TRUE
"48-59",0.7,-0.0240206436187317,0.00396322101240687,0.0237344441040311,0.016121367443058,0.0312886121411884,FALSE,TRUE
"48-59",0.8,-0.027450314864824,0.00452892148798561,0.0270769788355887,0.0184022018862692,0.0356750932707247,FALSE,TRUE
"48-59",0.9,-0.0308792369483756,0.00509442997410111,0.0304073430257319,0.0206773837295638,0.0400406313103945,FALSE,TRUE
"48-59",1,-0.0343073142535954,0.00565972197694338,0.0337254909251654,0.0229468812539646,0.044385193625788,FALSE,TRUE
"48-59",1.1,-0.0377344511646925,0.00622477300626214,0.0370313778621852,0.0252106631242101,0.0487087495293751,FALSE,TRUE
"48-59",1.2,-0.0411605520658754,0.0067895585757749,0.0403249602318222,0.027468698385468,0.0530112702541193,FALSE,TRUE
"48-59",1.3,-0.0445855213413528,0.00735405420357634,0.0436061954849868,0.0297209564600504,0.0572927289271703,FALSE,TRUE
"48-59",1.4,-0.0480092633753336,0.00791823541254893,0.046875042117614,0.0319674071441266,0.0615531005436349,FALSE,TRUE
"48-59",1.5,-0.0514316825520264,0.00848207773077511,0.0501314596598118,0.0342080206044376,0.0657923619404356,FALSE,TRUE
"48-59",1.6,-0.0548526832556407,0.00904555669195099,0.0533754086650149,0.0364427673750105,0.0700104917702554,FALSE,TRUE
"48-59",1.7,-0.0582721698703844,0.00960864783580153,0.0566068506991407,0.0386716183538705,0.0742074704755736,FALSE,FALSE
"48-59",1.8,-0.0616900467804668,0.0101713267084982,0.0598257483297575,0.0408945447997564,0.0783832802628022,FALSE,FALSE
"48-59",1.9,-0.0651062183700964,0.0107335688630777,0.0630320651152562,0.0431115183288333,0.0825379050765147,FALSE,FALSE
"48-59",2,-0.0685205890234825,0.0112953498598637,0.0662257655940351,0.0453225109114069,0.0866713305737838,FALSE,FALSE
"48-59",2.1,-0.0719330631248334,0.0118566452668902,0.0694068152736932,0.0475274948686351,0.0907835440986184,FALSE,FALSE
"48-59",2.2,-0.0753435450583576,0.0124174306603273,0.0725751806202368,0.049726442869242,0.0948745346565147,FALSE,FALSE
"48-59",2.3,-0.0787519392082649,0.0129776816249097,0.0757308290473009,0.0519193279262316,0.098944292889118,FALSE,FALSE
"48-59",2.4,-0.0821581499587631,0.0135373737543678,0.078873728905381,0.0541061233935977,0.102992811048995,FALSE,FALSE
"48-59",2.5,-0.0855620816940617,0.0140964826518614,0.082003849471086,0.0562868029630385,0.107020082974532,FALSE,FALSE
"48-59",2.6,-0.0889636387983691,0.0146549839304161,0.0851211609364032,0.0584613406606667,0.111026104064946,FALSE,FALSE
"48-59",2.7,-0.0923627256558942,0.0152128532133636,0.0882256343979847,0.0606297108437213,0.115010871255422,FALSE,FALSE
"48-59",2.8,-0.0957592466508458,0.0157700661347841,0.0913172418464511,0.0627918881972782,0.118974382992378,FALSE,FALSE
"48-59",2.9,-0.0991531061674328,0.0163265983399527,0.0943959561557157,0.0649478477309604,0.122916639208858,FALSE,FALSE
"48-59",3,-0.102544208589863,0.0168824254857891,0.0974617510723303,0.0670975647756472,0.126837641300049,FALSE,FALSE
"48-59",3.1,-0.105932458302347,0.0174375232413109,0.100514601204854,0.0692410149801843,0.130737392098946,FALSE,FALSE
"48-59",3.2,-0.109317759689093,0.0179918672880905,0.103554482013242,0.0713781743080899,0.134615895852136,FALSE,FALSE
"48-59",3.3,-0.112700017134309,0.0185454333207162,0.106581369798261,0.0735090190342638,0.138473158195729,FALSE,FALSE
"48-59",3.4,-0.116079135022204,0.0190981970472573,0.109595241690934,0.0756335257416931,0.142309186131432,FALSE,FALSE
"48-59",3.5,-0.119455017736987,0.0196501341897331,0.112596075642,0.0777516713181575,0.146123988002752,FALSE,FALSE
"48-59",3.6,-0.122827569662867,0.0202012204845865,0.115583850411412,0.0798634329529341,0.149917573471359,FALSE,FALSE
"48-59",3.7,-0.126196695184052,0.0207514316831625,0.118558545557857,0.0819687881335005,0.153689953493582,FALSE,FALSE
"48-59",3.8,-0.129562298684752,0.0213007435521904,0.121520141428305,0.084067714642237,0.15744114029706,FALSE,FALSE
"48-59",3.9,-0.132924284549176,0.021849131874272,0.124468619147589,0.0861601905531267,0.161171147357536,FALSE,FALSE
"48-59",4,-0.136282557161531,0.0223965724483737,0.127403960608016,0.088246194228456,0.164879989375811,FALSE,FALSE
"48-59",4.1,-0.139637020906027,0.0229430410903248,0.130326148459005,0.0903257043155113,0.168567682254843,FALSE,FALSE
"48-59",4.2,-0.142987580166872,0.0234885136333206,0.133235166096763,0.0923986997432757,0.172234243077,FALSE,FALSE
"48-59",4.3,-0.146334139328276,0.0240329659284308,0.136130997653986,0.0944651597191235,0.175879690081475,FALSE,FALSE
"48-59",4.4,-0.149676602774447,0.0245763738451139,0.139013627989601,0.0965250637255121,0.179504042641851,FALSE,FALSE
"48-59",4.5,-0.153014874889594,0.0251187132717381,0.14188304267854,0.0985783915166734,0.183107321243829,FALSE,FALSE
"48-59",4.6,-0.156348860057925,0.0256599601161066,0.144739228001541,0.100625123115302,0.186689547463114,FALSE,FALSE
"48-59",4.7,-0.15967846266365,0.0262000903059909,0.147582170934997,0.10266523880924,0.190250743943457,FALSE,FALSE
"48-59",4.8,-0.163003587090978,0.0267390797896696,0.150411859140831,0.104698719148165,0.19379093437487,FALSE,FALSE
"48-59",4.9,-0.166324137724116,0.0272769045364738,0.153228280956411,0.106725544940265,0.19731014347199,FALSE,FALSE
"48-59",5,-0.169640018947275,0.0278135405373396,0.156031425384505,0.108745697248922,0.200808396952619,FALSE,FALSE
"48-59",5.1,-0.172951135144662,0.0283489638053675,0.158821282083268,0.110759157389386,0.204285721516419,FALSE,FALSE
"48-59",5.2,-0.176257390700487,0.0288831503763891,0.161597841356272,0.112765906925448,0.20774214482378,FALSE,FALSE
"48-59",5.3,-0.179558689998957,0.0294160763095411,0.16436109414257,0.114765927666109,0.21117769547485,FALSE,FALSE
"48-59",5.4,-0.182854937424283,0.0299477176878468,0.167111032006806,0.116759201662246,0.214592402988734,FALSE,FALSE
"48-59",5.5,-0.186146037360673,0.0304780506188058,0.16984764712936,0.118745711203275,0.21798629778286,FALSE,FALSE
"48-59",5.6,-0.189431894192335,0.0310070512349914,0.172570932296533,0.120725438813812,0.221359411152514,FALSE,FALSE
"48-59",5.7,-0.192712412303479,0.0315346956946566,0.175280880890773,0.122698367250321,0.224711775250542,FALSE,FALSE
"48-59",5.8,-0.195987496078313,0.0320609601823484,0.177977486880945,0.124664479497775,0.228043423067225,FALSE,FALSE
"48-59",5.9,-0.199257049901046,0.0325858209095305,0.180660744812641,0.126623758766292,0.231354388410324,FALSE,FALSE
"48-59",6,-0.202520978155887,0.0331092541152162,0.183330649798528,0.128576188487785,0.234644705885289,FALSE,FALSE
"48-59",6.1,-0.205779185227045,0.0336312360666087,0.185987197508746,0.130521752312594,0.237914410875648,FALSE,FALSE
"48-59",6.2,-0.209031575498728,0.0341517430597524,0.188630384161338,0.13246043410612,0.241163539523561,FALSE,FALSE
"48-59",6.3,-0.212278053355145,0.0346707514201933,0.191260206512736,0.134392217945451,0.244392128710547,FALSE,FALSE
"48-59",6.4,-0.215518523180505,0.0351882375036491,0.193876661848279,0.136317088115983,0.247600216038383,FALSE,FALSE
"48-59",6.5,-0.218752889359016,0.0357041776966903,0.196479747972778,0.138235029108037,0.250787839810174,FALSE,FALSE
"48-59",6.6,-0.221981056274889,0.0362185484174308,0.19906946320113,0.140146025613465,0.253955039011597,FALSE,FALSE
"48-59",6.7,-0.22520292831233,0.0367313261162302,0.201645806348967,0.142050062522256,0.257101853292314,FALSE,FALSE
"48-59",6.8,-0.22841840985555,0.0372424872764065,0.204208776723356,0.143947124919131,0.26022832294756,FALSE,FALSE
"48-59",6.9,-0.231627405288757,0.0377520084149605,0.206758374113541,0.14583719808013,0.263334488899902,FALSE,FALSE
"48-59",7,-0.234829818996159,0.0382598660833116,0.20929459878173,0.147720267469198,0.266420392681167,FALSE,FALSE
"48-59",7.1,-0.238025555361966,0.0387660368680458,0.211817451453927,0.149596318734758,0.269486076414549,FALSE,FALSE
"48-59",7.2,-0.241214518770386,0.0392704973916757,0.21432693331081,0.151465337706277,0.272531582796882,FALSE,FALSE
"48-59",7.3,-0.244396613605629,0.0397732243134126,0.21682304597865,0.153327310390823,0.275556955081085,FALSE,FALSE
"48-59",7.4,-0.247571744251902,0.0402741943299529,0.219305791520283,0.155182222969616,0.278562237058783,FALSE,FALSE
"48-59",7.5,-0.250739815093415,0.0407733841762759,0.22177517242612,0.157030061794572,0.281547473043095,FALSE,FALSE
"48-59",7.6,-0.253900730514376,0.0412707706264562,0.224231191605205,0.158870813384828,0.284512707851594,FALSE,FALSE
"48-59",7.7,-0.257054394898995,0.0417663304944901,0.226673852376322,0.16070446442327,0.287457986789441,FALSE,FALSE
"48-59",7.8,-0.260200712631479,0.0422600406351351,0.229103158459143,0.162531001753037,0.290383355632682,FALSE,FALSE
"48-59",7.9,-0.263339588096039,0.0427518779447652,0.231519113965423,0.164350412374034,0.293288860611726,FALSE,FALSE
"48-59",8,-0.266470925676882,0.0432418193622407,0.233921723390244,0.166162683439408,0.296174548394984,FALSE,FALSE
"48-59",8.1,-0.269594629758217,0.0437298418697927,0.236310991603299,0.167967802252038,0.299040466072679,FALSE,FALSE
"48-59",8.2,-0.272710604724254,0.0442159224939243,0.238686923840229,0.169765756260998,0.301886661140829,FALSE,FALSE
"48-59",8.3,-0.275818754959201,0.0447000383063272,0.241049525693998,0.171556533058011,0.304713181485394,FALSE,FALSE
"48-59",8.4,-0.278918984847266,0.0451821664248152,0.24339880310632,0.173340120373891,0.307520075366593,FALSE,FALSE
"48-59",8.5,-0.28201119877266,0.045662284014274,0.24573476235913,0.175116506074973,0.310307391403389,FALSE,FALSE
"48-59",8.6,-0.285095301119589,0.0461403682876291,0.248057410066099,0.17688567815953,0.313075178558139,FALSE,FALSE
"48-59",8.7,-0.288171196272264,0.0466163965068308,0.250366753164196,0.17864762475417,0.315823486121412,FALSE,FALSE
"48-59",8.8,-0.291238788614892,0.0470903459838579,0.252662798905297,0.180402334110222,0.318552363696975,FALSE,FALSE
"48-59",8.9,-0.294297982531684,0.0475621940817397,0.254945554847835,0.182149794600113,0.321261861186937,FALSE,FALSE
"48-59",9,-0.297348682406847,0.0480319182155971,0.257215028848503,0.183889994713715,0.323952028777066,FALSE,FALSE
"48-59",9.1,-0.30039079262459,0.0484994958537038,0.259471229053992,0.185622923054688,0.326622916922266,FALSE,FALSE
"48-59",9.2,-0.303424217569122,0.0489649045185669,0.261714163892784,0.187348568336801,0.329274576332215,FALSE,FALSE
"48-59",9.3,-0.306448861624653,0.0494281217880285,0.263943842066985,0.189066919380235,0.331907057957173,FALSE,FALSE
"48-59",9.4,-0.30946462917539,0.0498891252963882,0.266160272544201,0.190777965107867,0.334520412973944,FALSE,FALSE
"48-59",9.5,-0.312471424605542,0.0503478927355476,0.268363464549465,0.192481694541541,0.337114692772003,FALSE,FALSE
"48-59",9.6,-0.315469152299319,0.0508044018561764,0.270553427557201,0.194178096798309,0.339689948939786,FALSE,FALSE
"48-59",9.7,-0.318457716640929,0.0512586304689018,0.272730171283238,0.195867161086661,0.342246233251133,FALSE,FALSE
"48-59",9.8,-0.32143702201458,0.0517105564455206,0.274893705676865,0.197548876702732,0.344783597651898,FALSE,FALSE
"48-59",9.9,-0.324406972804483,0.0521601577202356,0.277044040912932,0.199223233026481,0.347302094246714,FALSE,FALSE
"48-59",10,-0.327367473394845,0.0526074122909166,0.27918118738399,0.200890219517857,0.349801775285912,FALSE,FALSE
"48-59",10.1,-0.330318428169875,0.0530522982203858,0.281305155692484,0.202549825712933,0.352282693152604,FALSE,FALSE
"48-59",10.2,-0.333259741513782,0.0534947936377295,0.283415956642973,0.204202041220024,0.354744900349918,FALSE,FALSE
"48-59",10.3,-0.336191317810775,0.0539348767396362,0.285513601234413,0.205846855715772,0.357188449488387,FALSE,FALSE
"48-59",10.4,-0.339113061445062,0.0543725257917612,0.287598100652463,0.207484258941212,0.359613393273496,FALSE,FALSE
"48-59",10.5,-0.342024876800853,0.0548077191301194,0.289669466261848,0.209114240697808,0.362019784493382,FALSE,FALSE
"48-59",10.6,-0.344926668262357,0.0552404351625065,0.291727709598756,0.210736790843463,0.364407676006687,FALSE,FALSE
"48-59",10.7,-0.347818340213781,0.0556706523699486,0.293772842363278,0.212351899288497,0.36677712073056,FALSE,FALSE
"48-59",10.8,-0.350699797039335,0.0560983493081827,0.295804876411889,0.213959555991603,0.369128171628816,FALSE,FALSE
"48-59",10.9,-0.353570943123227,0.0565235046091668,0.297823823749975,0.215559750955763,0.371460881700243,FALSE,FALSE
"48-59",11,-0.356431682849667,0.0569460969826225,0.29982969652439,0.217152474224142,0.373775303967057,FALSE,FALSE
"48-59",11.1,-0.359281920602863,0.0573661052176085,0.301822507016065,0.218737715875945,0.376071491463511,FALSE,FALSE
"48-59",11.2,-0.362121560767024,0.0577835081841279,0.303802267632649,0.220315466022239,0.378349497224647,FALSE,FALSE
"48-59",11.3,-0.364950507726359,0.0581982848347694,0.305768990901189,0.221885714801745,0.380609374275199,FALSE,FALSE
"48-59",11.4,-0.367768665865076,0.0586104142063825,0.307722689460857,0.223448452376591,0.382851175618646,FALSE,FALSE
"48-59",11.5,-0.370575939567385,0.0590198754217891,0.309663376055707,0.225003668928029,0.385074954226399,FALSE,FALSE
"48-59",11.6,-0.373372233217494,0.0594266476915309,0.311591063527471,0.226551354652116,0.387280763027152,FALSE,FALSE
"48-59",11.7,-0.376157451199611,0.0598307103156545,0.313505764808401,0.228091499755353,0.389468654896359,FALSE,FALSE
"48-59",11.8,-0.378931497897947,0.0602320426855351,0.315407492914138,0.229624094450286,0.391638682645869,FALSE,FALSE
"48-59",11.9,-0.381694277696709,0.060630624285739,0.317296260936624,0.231149128951062,0.393790899013694,FALSE,FALSE
"48-59",12,-0.384445694980106,0.0610264346959267,0.319172082037048,0.232666593468949,0.395925356653931,FALSE,FALSE
"48-59",12.1,-0.387185654132347,0.0614194535927981,0.321034969438829,0.234176478207801,0.398042108126813,FALSE,FALSE
"48-59",12.2,-0.389914059537641,0.0618096607520787,0.322884936420635,0.235678773359489,0.400141205888908,FALSE,FALSE
"48-59",12.3,-0.392630815580197,0.0621970360505506,0.324721996309435,0.237173469099274,0.402222702283464,FALSE,FALSE
"48-59",12.4,-0.395335826644223,0.0625815594681278,0.326546162473584,0.23866055558114,0.404286649530882,FALSE,FALSE
"48-59",12.5,-0.398028997113928,0.0629632110899773,0.328357448315952,0.240140022933071,0.406333099719338,FALSE,FALSE
"48-59",12.6,-0.400710231373521,0.0633419711086871,0.330155867267071,0.241611861252279,0.408362104795539,FALSE,FALSE
"48-59",12.7,-0.403379433807212,0.0637178198264827,0.331941432778325,0.243076060600379,0.410373716555619,FALSE,FALSE
"48-59",12.8,-0.406036508799207,0.0640907376574931,0.333714158315172,0.244532610998506,0.412367986636174,FALSE,FALSE
"48-59",12.9,-0.408681360733718,0.0644607051300672,0.335474057350395,0.245981502422379,0.41434496650543,FALSE,FALSE
"48-59",13,-0.411313893994951,0.064827702889143,0.337221143357385,0.247422724797302,0.416304707454555,FALSE,FALSE
"48-59",13.1,-0.413934012967116,0.0651917116986698,0.338955429803454,0.248856267993111,0.418247260589098,FALSE,FALSE
"48-59",13.2,-0.416541622034423,0.0655527124440853,0.340676930143182,0.250282121819052,0.420172676820573,FALSE,FALSE
"48-59",13.3,-0.419136625581078,0.0659106861348494,0.342385657811785,0.251700276018597,0.422081006858173,FALSE,FALSE
"48-59",13.4,-0.421718927991292,0.0662656139070351,0.344081626218523,0.253110720264201,0.423972301200622,FALSE,FALSE
"48-59",13.5,-0.424288433649274,0.0666174770259796,0.345764848740129,0.254513444151977,0.425846610128158,FALSE,FALSE
"48-59",13.6,-0.426845046939231,0.0669662568889958,0.347435338714265,0.255908437196312,0.427703983694658,FALSE,FALSE
"48-59",13.7,-0.429388672245373,0.0673119350281465,0.34909310943301,0.257295688824409,0.42954447171989,FALSE,FALSE
"48-59",13.8,-0.431919213951908,0.0676544931130821,0.350738174136374,0.258675188370746,0.431368123781903,FALSE,FALSE
"48-59",13.9,-0.434436576443046,0.0679939129539455,0.352370546005829,0.260046925071474,0.43317498920955,FALSE,FALSE
"48-59",14,-0.436940664102995,0.0683301765043432,0.353990238157879,0.261410888058717,0.434965117075147,FALSE,FALSE
"48-59",14.1,-0.439431381315963,0.0686632658643871,0.355597263637645,0.262767066354804,0.436738556187265,FALSE,FALSE
"48-59",14.2,-0.441908632466161,0.0689931632838061,0.357191635412474,0.264115448866413,0.438495355083654,FALSE,FALSE
"48-59",14.3,-0.444372321937796,0.0693198511651324,0.358773366365578,0.265456024378626,0.440235562024302,FALSE,FALSE
"48-59",14.4,-0.446822354115077,0.0696433120669618,0.360342469289686,0.266788781548896,0.441959224984633,FALSE,FALSE
"48-59",14.5,-0.449258633382213,0.0699635287072917,0.361898956880727,0.268113708900923,0.44366639164883,FALSE,FALSE
"48-59",14.6,-0.451681064123413,0.0702804839669382,0.363442841731528,0.269430794818436,0.445357109403305,FALSE,FALSE
"48-59",14.7,-0.454089550722886,0.0705941608930342,0.364974136325533,0.27074002753887,0.44703142533029,FALSE,FALSE
"48-59",14.8,-0.45648399756484,0.0709045427026116,0.366492853030544,0.272041395146954,0.448689386201572,FALSE,FALSE
"48-59",14.9,-0.458864309033484,0.071211612786269,0.367999004092481,0.273334885568183,0.450331038472366,FALSE,FALSE
"48-59",15,-0.461230389513028,0.0715153547119271,0.369492601629156,0.274620486562193,0.451956428275315,FALSE,FALSE
"48-59",15.1,-0.463582143387679,0.0718157522286755,0.370973657624072,0.27589818571602,0.453565601414635,FALSE,FALSE
"48-59",15.2,-0.465919475041647,0.0721127892707113,0.372442183920227,0.277167970437247,0.455158603360391,FALSE,FALSE
"48-59",15.3,-0.46824228885914,0.0724064499613744,0.373898192213949,0.278429827947032,0.456735479242917,FALSE,FALSE
"48-59",15.4,-0.470550489224367,0.0726967186172795,0.375341694048729,0.279683745273019,0.458296273847371,FALSE,FALSE
"48-59",15.5,-0.472843980521538,0.0729835797525499,0.376772700809088,0.280929709242125,0.459841031608432,FALSE,FALSE
"48-59",15.6,-0.47512266713486,0.0732670180831542,0.378191223714437,0.282167706473193,0.461369796605132,FALSE,FALSE
"48-59",15.7,-0.477386453448542,0.0735470185313497,0.379597273812967,0.283397723369516,0.462882612555841,FALSE,FALSE
"48-59",15.8,-0.479635243846794,0.0738235662302341,0.380990861975538,0.284619746111231,0.464379522813381,FALSE,FALSE
"48-59",15.9,-0.481868942713825,0.0740966465284106,0.38237199888959,0.285833760647566,0.465860570360297,FALSE,FALSE
"48-59",16,-0.484087454433842,0.0743662449947673,0.383740695053054,0.287039752688942,0.467325797804264,FALSE,FALSE
"48-59",16.1,-0.486290683391055,0.0746323474233756,0.385096960768282,0.28823770769893,0.468775247373645,FALSE,FALSE
"48-59",16.2,-0.488478533969672,0.0748949398385094,0.386440806135979,0.289427610886058,0.470208960913197,FALSE,FALSE
"48-59",16.3,-0.490650910553903,0.0751540084997906,0.387772241049143,0.290609447195449,0.471626979879927,FALSE,FALSE
"48-59",16.4,-0.492807717527955,0.0754095399074618,0.389091275187017,0.291783201300307,0.4730293453391,FALSE,FALSE
"48-59",16.5,-0.494948859276039,0.075661520807792,0.390397918009044,0.292948857593232,0.474416097960398,FALSE,FALSE
"48-59",16.6,-0.497074240182362,0.075909938198617,0.391692178748823,0.29410640017736,0.475787278014239,FALSE,FALSE
"48-59",16.7,-0.499183764631134,0.0761547793350197,0.392974066408076,0.29525581285733,0.477142925368251,FALSE,FALSE
"48-59",16.8,-0.501277337006563,0.0763960317351537,0.394243589750615,0.296397079130059,0.478483079483905,FALSE,FALSE
"48-59",16.9,-0.503354861692858,0.0766336831862138,0.395500757296311,0.297530182175342,0.479807779413315,FALSE,FALSE
"48-59",17,-0.505416243074228,0.076867721750558,0.396745577315068,0.298655104846242,0.481117063796196,FALSE,FALSE
"48-59",17.1,-0.507461385534881,0.0770981357719845,0.397978057820789,0.299771829659289,0.482410970856998,FALSE,FALSE
"48-59",17.2,-0.509490193459027,0.077324913882169,0.399198206565354,0.300880338784471,0.4836895384022,FALSE,FALSE
"48-59",17.3,-0.511502571230874,0.0775480450072659,0.400406031032585,0.30198061403501,0.484952803817788,FALSE,FALSE
"48-59",17.4,-0.513498423234631,0.0777675183746782,0.401601538432219,0.303072636856922,0.486200804066903,FALSE,FALSE
"48-59",17.5,-0.515477653854507,0.0779833235200013,0.402784735693866,0.304156388318345,0.487433575687667,FALSE,FALSE
"48-59",17.6,-0.517440167474711,0.0781954502941437,0.403955629460973,0.305231849098638,0.488651154791199,FALSE,FALSE
"48-59",17.7,-0.519385868479451,0.078403888870633,0.405114226084779,0.306298999477245,0.489853577059815,FALSE,FALSE
"48-59",17.8,-0.521314661252936,0.0786086297531081,0.406260531618264,0.307357819322299,0.491040877745411,FALSE,FALSE
"48-59",17.9,-0.523226450179375,0.0788096637830062,0.407394551810086,0.308408288078984,0.492213091668055,FALSE,FALSE
"48-59",18,-0.525121139642977,0.0790069821474484,0.408516292098518,0.309450384757627,0.493370253214765,FALSE,FALSE
"48-59",18.1,-0.52699863402795,0.0792005763873293,0.409625757605373,0.310484087921519,0.494512396338493,FALSE,FALSE
"48-59",18.2,-0.528858837718504,0.0793904384056171,0.41072295312991,0.311509375674464,0.495639554557324,FALSE,FALSE
"48-59",18.3,-0.530701655098847,0.0795765604758696,0.411807883142745,0.312526225648033,0.496751760953877,FALSE,FALSE
"48-59",18.4,-0.532526990553187,0.0797589352509718,0.41288055177973,0.313534614988528,0.497849048174929,FALSE,FALSE
"48-59",18.5,-0.534334748465735,0.0799375557721021,0.413940962835838,0.314534520343634,0.498931448431263,FALSE,FALSE
"48-59",18.6,-0.536124833220698,0.0801124154779323,0.414989119759016,0.315525917848764,0.499998993497737,FALSE,FALSE
"48-59",18.7,-0.537897160591144,0.0802835114166845,0.416025032294843,0.3165087866069,0.501051723528007,FALSE,FALSE
"48-59",18.8,-0.539651757128772,0.0804508721048504,0.417048774361456,0.317483139230002,0.502089763628563,FALSE,FALSE
"48-59",18.9,-0.541388711772104,0.0806145436312374,0.418060455323338,0.318449007178299,0.50311328539569,FALSE,FALSE
"48-59",19,-0.543108114158198,0.0807745722240549,0.419060183850915,0.319406421896042,0.504122458916616,FALSE,FALSE
"48-59",19.1,-0.544810053924115,0.0809310040477469,0.420048067527907,0.320355414607018,0.505117452258323,FALSE,FALSE
"48-59",19.2,-0.546494620706913,0.0810838851967628,0.421024212867123,0.321296016323932,0.506098431498047,FALSE,FALSE
"48-59",19.3,-0.548161904143651,0.0812332616893845,0.421988725326027,0.322228257857634,0.507065560753263,FALSE,FALSE
"48-59",19.4,-0.54981199387139,0.081379179461607,0.4229417093221,0.32315216982621,0.50801900221118,FALSE,FALSE
"48-59",19.5,-0.551444979527188,0.0815216843610677,0.423883268247993,0.32406778266394,0.508958916157722,FALSE,FALSE
"48-59",19.6,-0.553060950748104,0.0816608221410183,0.424813504486466,0.324975126630145,0.509885461006014,FALSE,FALSE
"48-59",19.7,-0.554659997171199,0.0817966384543378,0.425732519425131,0.325874231817912,0.510798793324378,FALSE,FALSE
"48-59",19.8,-0.55624220843353,0.0819291788475801,0.426640413470994,0.326765128162722,0.511699067863838,FALSE,FALSE
"48-59",19.9,-0.557807674172158,0.0820584887550548,0.427537286064798,0.327647845450968,0.512586437585129,FALSE,FALSE
"48-59",20,-0.559356484024142,0.0821846134929375,0.428423235695173,0.328522413328398,0.513461053685246,FALSE,FALSE
"48-59",20.1,-0.56088872762654,0.0823075982534051,0.429298359912602,0.329388861308458,0.514323065623493,FALSE,FALSE
"48-59",20.2,-0.562404494616413,0.0824274880987957,0.430162755343183,0.330247218780566,0.515172621147077,FALSE,FALSE
"48-59",20.3,-0.563903874630819,0.082544327955789,0.431016517702228,0.331097515018304,0.516009866316228,FALSE,FALSE
"48-59",20.4,-0.565386957306818,0.0826581626096052,0.431859741807664,0.331939779187545,0.516834945528857,FALSE,FALSE
"48-59",20.5,-0.566853832281469,0.0827690366982203,0.432692521593259,0.332774040354516,0.51764800154476,FALSE,FALSE
"48-59",20.6,-0.568304589191832,0.0828769947065968,0.433514950121676,0.333600327493802,0.518449175509368,FALSE,FALSE
"48-59",20.7,-0.569739317674965,0.0829820809609268,0.434327119597348,0.334418669496287,0.519238606977052,FALSE,FALSE
"48-59",20.8,-0.571158107367929,0.0830843396228864,0.435129121379188,0.335229095177054,0.520016433933987,FALSE,FALSE
"48-59",20.9,-0.572561047907782,0.083183814683901,0.435921045993123,0.336031633283227,0.520782792820581,FALSE,FALSE
"48-59",21,-0.573948228931583,0.0832805499594197,0.43670298314447,0.336826312501776,0.52153781855347,FALSE,FALSE
"48-59",21.1,-0.575319740076392,0.083374589083197,0.437475021730143,0.33761316146727,0.522281644547097,FALSE,FALSE
"48-59",21.2,-0.576675670979268,0.0834659755015832,0.438237249850704,0.338392208769598,0.523014402734865,FALSE,FALSE
"48-59",21.3,-0.57801611127727,0.0835547524678206,0.438989754822253,0.339163482961652,0.523736223589878,FALSE,FALSE
"48-59",21.4,-0.579341150607458,0.083640963036347,0.439732623188161,0.339927012566971,0.52444723614528,FALSE,FALSE
"48-59",21.5,-0.580650878606892,0.0837246500571047,0.440465940730655,0.340682826087357,0.525147568014188,FALSE,FALSE
"48-59",21.6,-0.581945384912629,0.0838058561698559,0.441189792482243,0.341430952010458,0.525837345409228,FALSE,FALSE
"48-59",21.7,-0.58322475916173,0.0838846237985043,0.441904262736999,0.342171418817317,0.526516693161687,FALSE,FALSE
"48-59",21.8,-0.584489090991254,0.0839609951454225,0.442609435061698,0.342904254989904,0.527185734740276,FALSE,FALSE
"48-59",21.9,-0.58573847003826,0.0840350121857866,0.443305392306801,0.343629489018606,0.527844592269519,FALSE,FALSE
"48-59",22,-0.586972985939807,0.0841067166619178,0.443992216617309,0.344347149409706,0.528493386547766,FALSE,FALSE
"48-59",22.1,-0.588192728332955,0.0841761500776311,0.444669989443466,0.345057264692826,0.529132237064845,FALSE,FALSE
"48-59",22.2,-0.589397786854763,0.0842433536925933,0.445338791551329,0.345759863428351,0.52976126201935,FALSE,FALSE
"48-59",22.3,-0.59058825114229,0.0843083685166902,0.445998703033202,0.346454974214823,0.530380578335579,FALSE,FALSE
"48-59",22.4,-0.591764210832596,0.0843712353044034,0.446649803317934,0.347142625696318,0.530990301680117,FALSE,FALSE
"48-59",22.5,-0.592925755562739,0.0844319945491997,0.447292171181088,0.347822846569799,0.53159054647809,FALSE,FALSE
"48-59",22.6,-0.59407297496978,0.0844906864779326,0.447925884754974,0.348495665592432,0.532181425929071,FALSE,FALSE
"48-59",22.7,-0.595205958690777,0.0845473510452584,0.44855102153856,0.349161111588897,0.532763052022664,FALSE,FALSE
"48-59",22.8,-0.59632479636279,0.0846020279280673,0.449167658407251,0.349819213458657,0.533335535553759,FALSE,FALSE
"48-59",22.9,-0.597429577622877,0.0846547565199328,0.449775871622549,0.350470000183215,0.53389898613748,FALSE,FALSE
"48-59",23,-0.598520392108099,0.0847055759255799,0.450375736841586,0.351113500833334,0.534453512223809,FALSE,FALSE
"48-59",23.1,-0.599597329455515,0.0847545249553735,0.450967329126537,0.351749744576238,0.534999221111916,FALSE,FALSE
"48-59",23.2,-0.600660479302183,0.0848016421198307,0.451550722953913,0.352378760682778,0.535536218964187,FALSE,FALSE
"48-59",23.3,-0.601709931285163,0.084846965624158,0.452125992223737,0.353000578534575,0.536064610819957,FALSE,FALSE
"48-59",23.4,-0.602745775041515,0.0848905333628153,0.452693210268607,0.353615227631128,0.536584500608962,FALSE,FALSE
"48-59",23.5,-0.603768100208297,0.0849323829141099,0.453252449862637,0.354222737596893,0.537095991164508,FALSE,FALSE
"48-59",23.6,-0.60477699642257,0.0849725515348219,0.453803783230294,0.354823138188323,0.537599184236369,FALSE,FALSE
"48-59",23.7,-0.605772553321391,0.0850110761548649,0.454347282055117,0.355416459300878,0.538094180503416,FALSE,FALSE
"48-59",23.8,-0.606754860541822,0.0850479933719831,0.454883017488331,0.356002730975998,0.538581079585987,FALSE,FALSE
"48-59",23.9,-0.607724007720919,0.0850833394464886,0.455411060157349,0.356581983408028,0.539059980058004,FALSE,FALSE
"48-59",24,-0.608680084495744,0.0851171502960408,0.455931480174171,0.357154246951113,0.539530979458835,FALSE,FALSE
"48-59",24.1,-0.609623180503356,0.085149461490472,0.456444347143677,0.357719552126039,0.539994174304925,FALSE,FALSE
"48-59",24.2,-0.610553385380813,0.0851803082466606,0.456949730171813,0.358277929627037,0.540449660101184,FALSE,FALSE
"48-59",24.3,-0.611470788765175,0.0852097254234568,0.457447697873679,0.358829410328529,0.540897531352149,FALSE,FALSE
"48-59",24.4,-0.612375480293501,0.0852377475166621,0.457938318381515,0.359374025291831,0.541337881572923,FALSE,FALSE
"48-59",24.5,-0.613267549602851,0.0852644086540674,0.458421659352585,0.359911805771796,0.5417708032999,FALSE,FALSE
"48-59",24.6,-0.614147086330284,0.0852897425905516,0.458897787976967,0.360442783223404,0.542196388101278,FALSE,FALSE
"48-59",24.7,-0.615014180112858,0.0853137827032457,0.45936677098524,0.360966989308287,0.542614726587369,FALSE,FALSE
"48-59",24.8,-0.615868920587634,0.0853365619867642,0.459828674656085,0.3614844559012,0.543025908420715,FALSE,FALSE
"48-59",24.9,-0.616711397391671,0.0853581130485082,0.46028356482378,0.361995215096417,0.543430022326011,FALSE,FALSE
"48-59",25,-0.617541700162028,0.0853784681040442,0.460731506885612,0.362499299214062,0.543827156099846,FALSE,FALSE
"48-59",25.1,-0.618359918535764,0.0853976589725611,0.461172565809191,0.362996740806368,0.544217396620263,FALSE,FALSE
"48-59",25.2,-0.619166142149938,0.08541571707241,0.461606806139675,0.363487572663858,0.544600829856158,FALSE,FALSE
"48-59",25.3,-0.61996046064161,0.0854326734167302,0.462034292006907,0.363971827821446,0.544977540876502,FALSE,FALSE
"48-59",25.4,-0.620742963647839,0.0854485586091656,0.462455087132463,0.36444953956446,0.545347613859412,FALSE,FALSE
"48-59",25.5,-0.621513740805685,0.0854634028396744,0.46286925483661,0.364920741434571,0.545711132101073,FALSE,FALSE
"48-59",25.6,-0.622272881752206,0.0854772358804375,0.463276858045182,0.365385467235637,0.546068178024509,FALSE,FALSE
"48-59",25.7,-0.623020476124463,0.0854900870818682,0.463677959296366,0.365843751039449,0.546418833188217,FALSE,FALSE
"48-59",25.8,-0.623756613559513,0.0855019853687278,0.464072620747415,0.366295627191383,0.546763178294674,FALSE,FALSE
"48-59",25.9,-0.624481383694417,0.085512959236351,0.464460904181259,0.366741130315943,0.547101293198712,FALSE,FALSE
"48-59",26,-0.625194876166234,0.0855230367469854,0.464842871013056,0.367180295322206,0.547433256915777,FALSE,FALSE
"48-59",26.1,-0.625897180612023,0.0855322455262487,0.465218582296644,0.367613157409151,0.547759147630074,FALSE,FALSE
"48-59",26.2,-0.626588386668843,0.0855406127597081,0.465588098730925,0.368039752070874,0.548079042702608,FALSE,FALSE
"48-59",26.3,-0.627268583973754,0.0855481651895857,0.465951480666163,0.368460115101686,0.54839301867912,FALSE,FALSE
"48-59",26.4,-0.627937862163815,0.0855549291115943,0.46630878811021,0.368874282601087,0.548701151297938,FALSE,FALSE
"48-59",26.5,-0.628596310876084,0.0855609303719076,0.466660080734649,0.369282290978616,0.549003515497728,FALSE,FALSE
"48-59",26.6,-0.629244019747623,0.0855661943642691,0.467005417880863,0.369684176958559,0.549300185425178,FALSE,FALSE
"48-59",26.7,-0.629881078415489,0.0855707460272432,0.467344858566032,0.370079977584538,0.549591234442597,FALSE,FALSE
"48-59",26.8,-0.630507576516743,0.0855746098416138,0.467678461489053,0.370469730223941,0.549876735135448,FALSE,FALSE
"48-59",26.9,-0.631123603688442,0.0855778098279331,0.468006285036383,0.370853472572223,0.550156759319825,FALSE,FALSE
"48-59",27,-0.631729249567648,0.0855803695442265,0.468328387287818,0.371231242657047,0.550431378049861,FALSE,FALSE
"48-59",27.1,-0.632324603791418,0.0855823120838554,0.46864482602219,0.371603078842274,0.550700661625102,FALSE,FALSE
"48-59",27.2,-0.632909755996813,0.0855836600735445,0.468955658723001,0.371969019831797,0.550964679597824,FALSE,FALSE
"48-59",27.3,-0.633484795820891,0.0855844356715754,0.469260942583985,0.372329104673213,0.551223500780317,FALSE,FALSE
"48-59",27.4,-0.634049812900711,0.0855846605661522,0.469560734514597,0.372683372761318,0.551477193252142,FALSE,FALSE
"48-59",27.5,-0.634604896873334,0.0855843559739425,0.469855091145436,0.373031863841444,0.551725824367352,FALSE,FALSE
"48-59",27.6,-0.635150137375818,0.0855835426387968,0.4701440688336,0.373374618012609,0.551969460761706,FALSE,FALSE
"48-59",27.7,-0.635685624045223,0.0855822408306524,0.470427723667976,0.373711675730487,0.552208168359855,FALSE,FALSE
"48-59",27.8,-0.636211446518608,0.0855804703446234,0.470706111474456,0.374043077810199,0.552442012382532,FALSE,FALSE
"48-59",27.9,-0.636727694433032,0.0855782505002821,0.470979287821098,0.374368865428903,0.552671057353733,FALSE,FALSE
"48-59",28,-0.637234457425555,0.0855756001411355,0.471247308023212,0.374689080128202,0.552895367107903,FALSE,FALSE
"48-59",28.1,-0.637731825133235,0.0855725376342989,0.471510227148389,0.375003763816338,0.553115004797131,FALSE,FALSE
"48-59",28.2,-0.638219887193132,0.0855690808703736,0.47176810002146,0.375312958770195,0.553330032898359,FALSE,FALSE
"48-59",28.3,-0.638698733242306,0.0855652472635284,0.472020981229397,0.375616707637088,0.553540513220614,FALSE,FALSE
"48-59",28.4,-0.639168452917815,0.0855610537517919,0.472268925126147,0.375915053436333,0.55374650691226,FALSE,FALSE
"48-59",28.5,-0.639629135856719,0.0855565167975563,0.472511985837411,0.376208039560614,0.553948074468285,FALSE,FALSE
"48-59",28.6,-0.640080871696078,0.0855516523882987,0.472750217265352,0.376495709777114,0.554145275737624,FALSE,FALSE
"48-59",28.7,-0.64052375007295,0.0855464760375205,0.472983673093251,0.376778108228429,0.55433816993052,FALSE,FALSE
"48-59",28.8,-0.640957860624394,0.085541002785911,0.473212406790097,0.377055279433244,0.554526815625939,FALSE,FALSE
"48-59",28.9,-0.641383292987471,0.0855352472027353,0.473436471615122,0.377327268286782,0.554711270779025,FALSE,FALSE
"48-59",29,-0.641800136799239,0.0855292233874532,0.473655920622274,0.377594120061009,0.55489159272862,FALSE,FALSE
"48-59",29.1,-0.642208481696758,0.0855229449715684,0.473870806664632,0.377855880404595,0.555067838204848,FALSE,FALSE
"48-59",29.2,-0.642608417317087,0.0855164251207138,0.474081182398763,0.378112595342627,0.555240063336754,FALSE,FALSE
"48-59",29.3,-0.643000033297284,0.0855096765369742,0.474287100289022,0.378364311276079,0.555408323660022,FALSE,FALSE
"48-59",29.4,-0.64338341927441,0.0855027114614504,0.474488612611798,0.37861107498101,0.555572674124771,FALSE,FALSE
"48-59",29.5,-0.643758664885525,0.085495541677065,0.474685771459696,0.378852933607516,0.555733169103423,FALSE,FALSE
"48-59",29.6,-0.644125859767686,0.0854881785116159,0.474878628745671,0.379089934678413,0.555889862398661,FALSE,FALSE
"48-59",29.7,-0.644485093557953,0.0854806328410776,0.475067236207103,0.37932212608765,0.556042807251475,FALSE,FALSE
"48-59",29.8,-0.644836455893386,0.0854729150931525,0.475251645409813,0.379549556098454,0.556192056349301,FALSE,FALSE
"48-59",29.9,-0.645180036411044,0.0854650352510766,0.475431907752035,0.379772273341195,0.556337661834256,FALSE,FALSE
"48-59",30,-0.645515924747986,0.08545700285768,0.475608074468325,0.37999032681098,0.556479675311479,FALSE,FALSE
"48-59",30.1,-0.645844210541272,0.0854488270197044,0.475780196633414,0.380203765864949,0.55661814785757,FALSE,FALSE
"48-59",30.2,-0.646164983427961,0.0854405164123817,0.47594832516602,0.380412640219303,0.556753130029146,FALSE,FALSE
"48-59",30.3,-0.646478333045111,0.085432079284272,0.476112510832595,0.380616999946024,0.556884671871507,FALSE,FALSE
"48-59",30.4,-0.646784349029783,0.085423523462367,0.476272804251025,0.380816895469314,0.557012822927418,FALSE,FALSE
"48-59",30.5,-0.647083121019035,0.0854148563574572,0.476429255894276,0.381012377561731,0.557137632246015,FALSE,FALSE
"48-59",30.6,-0.647374738649928,0.0854060849697663,0.476581916093992,0.381203497340021,0.557259148391829,FALSE,FALSE
"48-59",30.7,-0.647659291559519,0.0853972158948548,0.476730835044035,0.381390306260654,0.557377419453947,FALSE,FALSE
"48-59",30.8,-0.647936869384869,0.0853882553297923,0.476876062803981,0.381572856115049,0.557492493055294,FALSE,FALSE
"48-59",30.9,-0.648207561763037,0.085379209079602,0.477017649302559,0.381751199024483,0.55760441636206,FALSE,FALSE
"48-59",31,-0.648471458331081,0.0853700825639779,0.477155644341047,0.381925387434694,0.557713236093253,FALSE,FALSE
"48-59",31.1,-0.648728648726063,0.0853608808242762,0.477290097596609,0.382095474110167,0.557818998530403,FALSE,FALSE
"48-59",31.2,-0.648979222585039,0.0853516085307809,0.477421058625589,0.382261512128091,0.557921749527404,FALSE,FALSE
"48-59",31.3,-0.649223269545071,0.0853422699902472,0.477548576866755,0.382423554872004,0.558021534520506,FALSE,FALSE
"48-59",31.4,-0.649460879243217,0.0853328691537213,0.477672701644492,0.382581656025106,0.558118398538451,FALSE,FALSE
"48-59",31.5,-0.649692141316536,0.0853234096246389,0.477793482171945,0.382735869563244,0.558212386212772,FALSE,FALSE
"48-59",31.6,-0.649917145402088,0.0853138946672028,0.477910967554117,0.38288624974757,0.558303541788235,FALSE,FALSE
"48-59",31.7,-0.650135981136932,0.0853043272150411,0.478025206790917,0.383032851116857,0.558391909133447,FALSE,FALSE
"48-59",31.8,-0.650348738158127,0.0852947098801457,0.478136248780159,0.383175728479485,0.558477531751624,FALSE,FALSE
"48-59",31.9,-0.650555506102733,0.0852850449620928,0.478244142320516,0.383314936905083,0.558560452791518,FALSE,FALSE
"48-59",32,-0.650756374607809,0.0852753344575458,0.478348936114424,0.383450531715834,0.558640715058513,FALSE,FALSE
"48-59",32.1,-0.650951433310414,0.0852655800700408,0.47845067877094,0.383582568477428,0.558718361025888,FALSE,FALSE
"48-59",32.2,-0.651140771847608,0.0852557832200563,0.478549418808554,0.383711102989675,0.558793432846249,FALSE,FALSE
"48-59",32.3,-0.651324479856449,0.085245945055366,0.47864520465795,0.383836191276764,0.558865972363137,FALSE,FALSE
"48-59",32.4,-0.651502646973997,0.0852360664616773,0.478738084664729,0.383957889577172,0.558936021122808,FALSE,FALSE
"48-59",32.5,-0.651675362837312,0.0852261480735536,0.478828107092075,0.384076254333218,0.559003620386187,FALSE,FALSE
"48-59",32.6,-0.651842717083452,0.0852161902856235,0.478915320123383,0.384191342180258,0.559068811141012,FALSE,FALSE
"48-59",32.7,-0.652004799349477,0.0852061932640747,0.478999771864838,0.384303209935528,0.559131634114144,FALSE,FALSE
"48-59",32.8,-0.652161699272446,0.0851961569584347,0.479081510347951,0.384411914586617,0.559192129784076,FALSE,FALSE
"48-59",32.9,-0.652313506489419,0.0851860811136382,0.479160583532043,0.384517513279582,0.559250338393613,FALSE,FALSE
"48-59",33,-0.652460310637455,0.085175965282381,0.479237039306691,0.384620063306698,0.559306299962748,FALSE,FALSE
"48-59",33.1,-0.652602201353612,0.0851658088377621,0.479310925494126,0.384719622093837,0.559360054301729,FALSE,FALSE
"48-59",33.2,-0.652739268274951,0.0851556109862125,0.479382289851585,0.384816247187478,0.559411641024305,FALSE,FALSE
"48-59",33.3,-0.65287160103853,0.0851453707807122,0.47945118007362,0.384909996241346,0.559461099561181,FALSE,FALSE
"48-59",33.4,-0.65299928928141,0.0851350871342965,0.479517643794362,0.385000927002681,0.559508469173653,FALSE,FALSE
"48-59",33.5,-0.653122422640648,0.0851247588338493,0.479581728589736,0.385089097298122,0.559553788967451,FALSE,FALSE
"48-59",33.6,-0.653241090753305,0.0851143845541866,0.479643481979645,0.385174565019218,0.559597097906772,FALSE,FALSE
"48-59",33.7,-0.65335538325644,0.0851039628724285,0.479702951430091,0.385257388107565,0.559638434828517,FALSE,FALSE
"48-59",33.8,-0.653465389787111,0.0850934922826618,0.479760184355268,0.38533762453955,0.559677838456732,FALSE,FALSE
"48-59",33.9,-0.653571199982379,0.0850829712108912,0.4798152281196,0.385415332310718,0.559715347417245,FALSE,FALSE
"48-59",34,-0.653672903479303,0.0850723980302824,0.479868130039746,0.385490569419754,0.559751000252514,FALSE,FALSE
"48-59",34.1,-0.653770589914941,0.085061771076695,0.47991893738655,0.385563393852072,0.559784835436683,FALSE,FALSE
"48-59",34.2,-0.653864348926353,0.0850510886645065,0.479967697386954,0.385633863563025,0.559816891390841,FALSE,FALSE
"48-59",34.3,-0.6539542701506,0.085040349102729,0.48001445722587,0.385702036460709,0.559847206498492,FALSE,FALSE
"48-59",34.4,-0.654040443224738,0.0850295507114168,0.480059264048,0.385767970388389,0.559875819121243,FALSE,FALSE
"48-59",34.5,-0.654122957785829,0.0850186918383675,0.480102164959621,0.385831723106521,0.559902767614693,FALSE,FALSE
"48-59",34.6,-0.654201903470931,0.0850077708761153,0.480143207030323,0.385893352274384,0.559928090344552,FALSE,FALSE
"48-59",34.7,-0.654277369917104,0.0849967862792189,0.480182437294704,0.385952915431305,0.559951825702961,FALSE,FALSE
"48-59",34.8,-0.654349446761406,0.0849857365818431,0.480219902754025,0.386010469977495,0.55997401212504,FALSE,FALSE
"48-59",34.9,-0.654418223640898,0.084974620415635,0.480255650377816,0.386066073154479,0.55999468810565,FALSE,FALSE
"48-59",35,-0.654483790192638,0.0849634365278961,0.480289727105448,0.38611978202512,0.560013892216377,FALSE,FALSE
"48-59",35.1,-0.654546236053686,0.08495218380005,0.480322179847654,0.386171653453247,0.56003166312274,FALSE,FALSE
"48-59",35.2,-0.654605650861101,0.0849408612664066,0.480353055488012,0.386221744082868,0.560048039601613,FALSE,FALSE
"48-59",35.3,-0.654662124251942,0.0849294681332247,0.480382400884384,0.386270110316986,0.560063060558888,FALSE,FALSE
"48-59",35.4,-0.654715745863268,0.0849180037980709,0.480410262870314,0.386316808295995,0.560076765047344,FALSE,FALSE
"48-59",35.5,-0.65476660533214,0.0849064678694784,0.480436688256379,0.386361893875681,0.56008919228476,FALSE,FALSE
"48-59",35.6,-0.654814792295616,0.0848948601869048,0.480461723831506,0.386405422604797,0.560100381672245,FALSE,FALSE
"48-59",35.7,-0.654860396390755,0.0848831808409896,0.480485416364239,0.386447449702238,0.5601103728128,FALSE,FALSE
"48-59",35.8,-0.654903507254617,0.0848714301941127,0.480507812603964,0.3864880300338,0.560119205530112,FALSE,FALSE
"48-59",35.9,-0.654944214524261,0.0848596089012542,0.4805289592821,0.386527218088522,0.560126919887577,FALSE,FALSE
"48-59",36,-0.654982607836746,0.0848477179311556,0.480548903113236,0.386565067954618,0.560133556207555,FALSE,FALSE
"48-59",36.1,-0.655018776829132,0.0848357585877842,0.480567690796236,0.386601633294993,0.560139155090853,FALSE,FALSE
"48-59",36.2,-0.655052811138477,0.0848237325321,0.480585369015297,0.386636967322345,0.560143757436452,FALSE,FALSE
"48-59",36.3,-0.655084800401842,0.0848116418041261,0.480601984440964,0.38667112277385,0.560147404461453,FALSE,FALSE
"48-59",36.4,-0.655114834256285,0.0847994888453239,0.480617583731107,0.386704151885428,0.560150137721265,FALSE,FALSE
"48-59",36.5,-0.655143002338866,0.0847872765212708,0.480632213531851,0.386736106365605,0.560151999130027,FALSE,FALSE
"48-59",36.6,-0.655169394286644,0.0847750081446441,0.480645920478472,0.386767037368945,0.560153030981257,FALSE,FALSE
"48-59",36.7,-0.655194099736678,0.084762687498509,0.480658751196239,0.38679699546908,0.560153275968741,FALSE,FALSE
"48-59",36.8,-0.655217208326028,0.0847503188599105,0.480670752301225,0.386826030631318,0.560152777207651,FALSE,FALSE
"48-59",36.9,-0.655238809691753,0.0847379070237708,0.480681970401072,0.386854192184841,0.560151578255894,FALSE,FALSE
"48-59",37,-0.655258993470911,0.0847254573270902,0.480692452095714,0.386881528794493,0.560149723135695,FALSE,FALSE
"48-59",37.1,-0.655277849300564,0.0847129756734526,0.480702243978057,0.386908088432156,0.560147256355406,FALSE,FALSE
"48-59",37.2,-0.655295466817769,0.0847004685578328,0.48071139263462,0.386933918347716,0.560144222931549,FALSE,FALSE
"48-59",37.3,-0.655311935659585,0.0846879430917072,0.480719944646131,0.386959065039631,0.560140668411076,FALSE,FALSE
"48-59",37.4,-0.655327341737016,0.0846754068568145,0.480727944653248,0.386983572147191,0.560136637106919,FALSE,FALSE
"48-59",37.5,-0.655341725058998,0.0846628659883506,0.480735413456703,0.387007456900975,0.560132151894019,FALSE,FALSE
"48-59",37.6,-0.655355094743847,0.0846503258789226,0.480742355814169,0.387030718484114,0.56012722141863,FALSE,FALSE
"48-59",37.7,-0.655367459334526,0.0846377925592798,0.480748776182704,0.387053354958671,0.560121854623122,FALSE,FALSE
"48-59",37.8,-0.655378827374001,0.0846252727030451,0.480754679017562,0.387075363612789,0.560116061003253,FALSE,FALSE
"48-59",37.9,-0.655389207405236,0.084612773605102,0.480760068772239,0.387096740986776,0.560109850589663,FALSE,FALSE
"48-59",38,-0.655398607971196,0.0846003031601788,0.480764949898519,0.387117482898923,0.56010323392954,FALSE,FALSE
"48-59",38.1,-0.655407037614845,0.08458786984163,0.480769326846514,0.387137584471077,0.56009622206846,FALSE,FALSE
"48-59",38.2,-0.655414504879149,0.0845754826804106,0.480773204064709,0.387157040153964,0.560088826532397,FALSE,FALSE
"48-59",38.3,-0.655421018307072,0.0845631512442448,0.480776586000005,0.387175843752258,0.560081059309902,FALSE,FALSE
"48-59",38.4,-0.655426586441578,0.0845508856169846,0.480779477097764,0.387193988449413,0.560072932834445,FALSE,FALSE
"48-59",38.5,-0.655431217825632,0.0845386963781589,0.480781881801846,0.387211466832244,0.560064459966926,FALSE,FALSE
"48-59",38.6,-0.655434921002199,0.08452659458271,0.480783804554655,0.387228270915278,0.560055653978341,FALSE,FALSE
"48-59",38.7,-0.655437704514244,0.0845145917409169,0.480785249797177,0.387244392164852,0.560046528532617,FALSE,FALSE
"48-59",38.8,-0.655439576904731,0.0845026997985033,0.480786221969026,0.38725982152299,0.560037097669592,FALSE,FALSE
"48-59",38.9,-0.655440546716625,0.0844909311169288,0.480786725508479,0.387274549431033,0.560027375788164,FALSE,FALSE
"48-59",39,-0.65544062249289,0.0844792984538628,0.48078676485252,0.387288565853049,0.560017377629587,FALSE,FALSE
"48-59",39.1,-0.655439812776491,0.0844678149438378,0.480786344436879,0.387301860298998,0.560007118260917,FALSE,FALSE
"48-59",39.2,-0.655438126110394,0.0844564940790834,0.48078546869607,0.387314421847686,0.559996613058614,FALSE,FALSE
"48-59",39.3,-0.655435571037562,0.084445349690538,0.480784142063433,0.387326239169477,0.559985877692291,FALSE,FALSE
"48-59",39.4,-0.65543215610096,0.0844343959290375,0.480782368971167,0.38733730054879,0.559974928108608,FALSE,FALSE
"48-59",39.5,-0.655427889843552,0.0844236472466811,0.480780153850378,0.387347593906366,0.559963780515317,FALSE,FALSE
"48-59",39.6,-0.655422780808305,0.0844131183783715,0.480777501131106,0.387357106821319,0.559952451365448,FALSE,FALSE
"48-59",39.7,-0.655416837538181,0.0844028243235309,0.480774415242371,0.38736582655296,0.559940957341638,FALSE,FALSE
"48-59",39.8,-0.655410068576147,0.0843927803279906,0.480770900612206,0.387373740062404,0.559929315340609,FALSE,FALSE
"48-59",39.9,-0.655402482465166,0.084383001866055,0.480766961667692,0.387380834033957,0.559917542457782,FALSE,FALSE
"48-59",40,-0.655394087748203,0.0843735046227389,0.480762602835002,0.387387094896288,0.559905655972039,FALSE,FALSE
"48-59",40.1,-0.655384892968223,0.0843643044761781,0.480757828539429,0.387392508843373,0.559893673330617,FALSE,FALSE
"48-59",40.2,-0.65537490666819,0.0843554174802136,0.480752643205424,0.387397061855236,0.559881612134154,FALSE,FALSE
"48-59",40.3,-0.65536413739107,0.0843468598471501,0.480747051256634,0.38740073971846,0.559869490121867,FALSE,FALSE
"48-59",40.4,-0.655352593679826,0.0843386479306873,0.480741057115934,0.387403528046489,0.559857325156878,FALSE,FALSE
"48-59",40.5,-0.655340284077424,0.0843307982090266,0.480734665205462,0.387405412299706,0.559845135211673,FALSE,FALSE
"48-59",40.6,-0.655327217126828,0.0843233272681529,0.480727879946655,0.387406377805304,0.559832938353712,FALSE,FALSE
"48-59",40.7,-0.655313401371002,0.0843162517852915,0.480720705760279,0.387406409776921,0.559820752731174,FALSE,FALSE
"48-59",40.8,-0.655298845352913,0.0843095885125429,0.480713147066467,0.387405493334079,0.559808596558846,FALSE,FALSE
"48-59",40.9,-0.655283557615523,0.084303354260695,0.480705208284746,0.387403613521384,0.559796488104159,FALSE,FALSE
"48-59",41,-0.655267546701798,0.0842975658832145,0.480696893834077,0.387400755327515,0.559784445673366,FALSE,FALSE
"48-59",41.1,-0.655250821154703,0.0842922402604197,0.480688208132882,0.387396903703992,0.559772487597865,FALSE,FALSE
"48-59",41.2,-0.655233389517202,0.0842873942838343,0.480679155599076,0.387392043583718,0.559760632220675,FALSE,FALSE
"48-59",41.3,-0.65521526033226,0.0842830448407268,0.480669740650101,0.387386159899294,0.55974889788305,FALSE,FALSE
"48-59",41.4,-0.655196442142841,0.0842792087988337,0.480659967702955,0.387379237601116,0.559737302911256,FALSE,FALSE
"48-59",41.5,-0.65517694349191,0.0842759029912732,0.480649841174225,0.38737126167524,0.559725865603493,FALSE,FALSE
"48-59",41.6,-0.655156772922432,0.084273144201646,0.480639365480113,0.38736221716101,0.559714604216975,FALSE,FALSE
"48-59",41.7,-0.655135938977371,0.0842709491493311,0.480628545036471,0.387352089168472,0.559703536955158,FALSE,FALSE
"48-59",41.8,-0.655114450199693,0.0842693344749741,0.480617384258827,0.387340862895534,0.559692681955144,FALSE,FALSE
"48-59",41.9,-0.655092315132361,0.0842683167261747,0.480605887562417,0.387328523644904,0.559682057275229,FALSE,FALSE
"48-59",42,-0.655069542318341,0.0842679123433725,0.480594059362211,0.387315056840781,0.559671680882621,FALSE,FALSE
"48-59",42.1,-0.655046140300597,0.0842681376459369,0.480581904072944,0.387300448045309,0.559661570641331,FALSE,FALSE
"48-59",42.2,-0.655022117622094,0.0842690088184616,0.48056942610914,0.387284682974785,0.559651744300225,FALSE,FALSE
"48-59",42.3,-0.654997482825796,0.0842705418972683,0.480556629885146,0.387267747515618,0.559642219481249,FALSE,FALSE
"48-59",42.4,-0.654972244454668,0.0842727527571222,0.480543519815153,0.387249627740042,0.559633013667835,FALSE,FALSE
"48-59",42.5,-0.654946411051675,0.0842756570981618,0.480530100313228,0.387230309921573,0.559624144193478,FALSE,FALSE
"48-59",42.6,-0.654919991159782,0.0842792704330474,0.480516375793337,0.387209780550208,0.559615628230503,FALSE,FALSE
"48-59",42.7,-0.654892993321952,0.0842836080743311,0.480502350669373,0.387188026347367,0.559607482779008,FALSE,FALSE
"48-59",42.8,-0.654865426081152,0.0842886851220513,0.48048802935518,0.387165034280573,0.559599724656003,FALSE,FALSE
"48-59",42.9,-0.654837297980344,0.0842945164515558,0.48047341626458,0.387140791577862,0.559592370484734,FALSE,FALSE
"48-59",43,-0.654808617562495,0.0843011167015568,0.480458515811401,0.387115285741926,0.559585436684209,FALSE,FALSE
"48-59",43.1,-0.654779393370569,0.0843085002624213,0.480443332409493,0.38708850456398,0.559578939458917,FALSE,FALSE
"48-59",43.2,-0.65474963394753,0.0843166812647003,0.480427870472761,0.387060436137353,0.559572894788753,FALSE,FALSE
"48-59",43.3,-0.654719347836343,0.0843256735679008,0.480412134415186,0.387031068870801,0.559567318419146,FALSE,FALSE
"48-59",43.4,-0.654688543579973,0.0843354907495038,0.480396128650846,0.387000391501532,0.559562225851401,FALSE,FALSE
"48-59",43.5,-0.654657229721384,0.0843461460942326,0.480379857593943,0.386968393107944,0.559557632333248,FALSE,FALSE
"48-59",43.6,-0.654625414803541,0.0843576525835736,0.480363325658823,0.386935063122073,0.559553552849615,FALSE,FALSE
"48-59",43.7,-0.65459310736941,0.0843700228855553,0.480346537260001,0.386900391341744,0.559550002113616,FALSE,FALSE
"48-59",43.8,-0.654560315961953,0.084383269344787,0.480329496812179,0.386864367942424,0.559546994557767,FALSE,FALSE
"48-59",43.9,-0.654527049124137,0.0843974039727621,0.480312208730274,0.386826983488774,0.559544544325424,FALSE,FALSE
"48-59",44,-0.654493315398925,0.0844124384384291,0.480294677429431,0.386788228945889,0.559542665262461,FALSE,FALSE
"48-59",44.1,-0.654459123329283,0.0844283840590337,0.480276907325051,0.386748095690239,0.559541370909178,FALSE,FALSE
"48-59",44.2,-0.654424481458174,0.084445251791235,0.48025890283281,0.386706575520285,0.559540674492444,FALSE,FALSE
"48-59",44.3,-0.654389398328565,0.0844630522225003,0.480240668368676,0.386663660666786,0.559540588918091,FALSE,FALSE
"48-59",44.4,-0.654353882483419,0.0844817955627804,0.48022220834893,0.386619343802787,0.559541126763544,FALSE,FALSE
"48-59",44.5,-0.654317942465701,0.0845014916364699,0.48020352719019,0.386573618053275,0.559542300270704,FALSE,FALSE
"48-59",44.6,-0.654281586818375,0.0845221498746533,0.480184629309424,0.38652647700452,0.559544121339085,FALSE,FALSE
"48-59",44.7,-0.654244824084407,0.0845437793076435,0.480165519123969,0.386477914713079,0.559546601519199,FALSE,FALSE
"48-59",44.8,-0.654207662806761,0.0845663885578118,0.480146201051556,0.386427925714468,0.559549752006205,FALSE,FALSE
"48-59",44.9,-0.654170111528402,0.0845899858327144,0.480126679510318,0.386376505031505,0.559553583633815,FALSE,FALSE
"48-59",45,-0.654132178792294,0.0846145789185173,0.480106958918817,0.386323648182301,0.559558106868465,FALSE,FALSE
"48-59",45.1,-0.654093873141403,0.0846401751737224,0.480087043696054,0.386269351187931,0.559563331803753,FALSE,FALSE
"48-59",45.2,-0.654055203118691,0.0846667815231962,0.48006693826149,0.386213610579738,0.559569268155138,FALSE,FALSE
"48-59",45.3,-0.654016177267126,0.0846944044525046,0.480046647035059,0.38615642340631,0.559575925254924,FALSE,FALSE
"48-59",45.4,-0.65397680412967,0.084723050002555,0.48002617443719,0.386097787240104,0.559583312047501,FALSE,FALSE
"48-59",45.5,-0.653937092249289,0.0847527237645472,0.480005524888814,0.386037700183709,0.559591437084876,FALSE,FALSE
"48-59",45.6,-0.653897050168947,0.084783430875236,0.479984702811388,0.385976160875777,0.559600308522463,FALSE,FALSE
"48-59",45.7,-0.65385668643161,0.0848151760125056,0.479963712626902,0.385913168496582,0.559609934115173,FALSE,FALSE
"48-59",45.8,-0.653816009580241,0.0848479633912586,0.479942558757901,0.385848722773235,0.559620321213764,FALSE,FALSE
"48-59",45.9,-0.653775028157805,0.0848817967596194,0.479921245627492,0.38578282398454,0.559631476761485,FALSE,FALSE
"48-59",46,-0.653733750707267,0.0849166793954535,0.479899777659365,0.385715472965487,0.559643407290999,FALSE,FALSE
"48-59",46.1,-0.653692185771593,0.0849526141032037,0.479878159277798,0.385646671111397,0.559656118921585,FALSE,FALSE
"48-59",46.2,-0.653650341893745,0.0849896032110438,0.47985639490768,0.385576420381694,0.559669617356633,FALSE,FALSE
"48-59",46.3,-0.65360822761669,0.0850276485683494,0.479834488974513,0.38550472330333,0.559683907881416,FALSE,FALSE
"48-59",46.4,-0.653565851483391,0.085066751543487,0.479812445904434,0.385431582973841,0.559698995361147,FALSE,FALSE
"48-59",46.5,-0.653523222036813,0.0851069130219204,0.479790270124219,0.385357003064042,0.55971488423933,FALSE,FALSE
"48-59",46.6,-0.653480347819922,0.0851481334046353,0.4797679660613,0.38528098782037,0.559731578536388,FALSE,FALSE
"48-59",46.7,-0.653437237375681,0.0851904126068806,0.479745538143773,0.385203542066853,0.559749081848574,FALSE,FALSE
"48-59",46.8,-0.653393899247055,0.0852337500572261,0.479722990800411,0.385124671206733,0.559767397347179,FALSE,FALSE
"48-59",46.9,-0.65335034197701,0.0852781446969361,0.479700328460672,0.385044381223715,0.559786527778007,FALSE,FALSE
"48-59",47,-0.653306574108509,0.0853235949796577,0.47967755555471,0.38496267868287,0.559806475461147,FALSE,FALSE
"48-59",47.1,-0.653262604184518,0.085370098871422,0.479654676513385,0.384879570731173,0.559827242291022,FALSE,FALSE
"48-59",47.2,-0.653218440748,0.0854176538509578,0.479631695768273,0.384795065097682,0.559848829736716,FALSE,FALSE
"48-59",47.3,-0.653174092341921,0.0854662569103148,0.479608617751674,0.384709170093372,0.559871238842583,FALSE,FALSE
"48-59",47.4,-0.653129567509246,0.0855159045557962,0.479585446896618,0.384621894610602,0.559894470229134,FALSE,FALSE
"48-59",47.5,-0.653084874792938,0.0855665928091967,0.479562187636878,0.384533248122242,0.559918524094201,FALSE,FALSE
"48-59",47.6,-0.653040022735963,0.0856183172093453,0.479538844406974,0.38444324068044,0.559943400214369,FALSE,FALSE
"48-59",47.7,-0.652995019881286,0.0856710728139495,0.479515421642182,0.384351882915049,0.559969097946686,FALSE,FALSE
"48-59",47.8,-0.65294987477187,0.0857248542017388,0.47949192377854,0.384259186031703,0.559995616230639,FALSE,FALSE
"48-59",47.9,-0.652904595950681,0.0857796554749044,0.479468355252856,0.384165161809555,0.560022953590398,FALSE,FALSE
"48-59",48,-0.652859191960683,0.0858354702618328,0.479444720502712,0.384069822598668,0.560051108137321,FALSE,FALSE
"48-59",48.1,-0.652813671344841,0.0858922917201288,0.479421023966473,0.383973181317076,0.560080077572722,FALSE,FALSE
"48-59",48.2,-0.65276804264612,0.0859501125399265,0.47939727008329,0.383875251447504,0.560109859190897,FALSE,FALSE
"48-59",48.3,-0.652722314407484,0.0860089249474832,0.479373463293105,0.383776047033762,0.560140449882404,FALSE,FALSE
"48-59",48.4,-0.652676495171899,0.0860687207090541,0.479349608036657,0.383675582676805,0.560171846137596,FALSE,FALSE
"48-59",48.5,-0.652630593482327,0.0861294911350421,0.479325708755485,0.383573873530476,0.560204044050393,FALSE,FALSE
"48-59",48.6,-0.652584617881735,0.0861912270844215,0.479301769891935,0.383470935296923,0.560237039322311,FALSE,FALSE
"48-59",48.7,-0.652538576913087,0.0862539189694293,0.479277795889158,0.383366784221697,0.560270827266724,FALSE,FALSE
"48-59",48.8,-0.652492479119348,0.0863175567605211,0.47925379119112,0.383261437088546,0.560305402813356,FALSE,FALSE
"48-59",48.9,-0.652446333043482,0.0863821299915874,0.479229760242599,0.383154911213884,0.560340760513022,FALSE,FALSE
"48-59",49,-0.652400147228454,0.0864476277654252,0.479205707489189,0.383047224440974,0.560376894542576,FALSE,FALSE
"48-59",49.1,-0.652353930217228,0.0865140387594622,0.479181637377306,0.382938395133793,0.560413798710102,FALSE,FALSE
"48-59",49.2,-0.65230769055277,0.0865813512317267,0.479157554354184,0.38282844217061,0.560451466460309,FALSE,FALSE
"48-59",49.3,-0.652261436778043,0.0866495530270609,0.479133462867878,0.382717384937266,0.560489890880151,FALSE,FALSE
"48-59",49.4,-0.652215177436014,0.0867186315835716,0.479109367367268,0.382605243320172,0.560529064704653,FALSE,FALSE
"48-59",49.5,-0.652168921069645,0.086788573939314,0.479085272302057,0.382492037699017,0.560568980322943,FALSE,FALSE
"48-59",49.6,-0.652122676221903,0.0868593667392041,0.479061182122768,0.382377788939201,0.560609629784488,FALSE,FALSE
"48-59",49.7,-0.652076451435751,0.0869309962421543,0.479037101280752,0.382262518383992,0.56065100480552,FALSE,FALSE
"48-59",49.8,-0.652030255254154,0.0870034483284276,0.479013034228179,0.382146247846414,0.560693096775664,FALSE,FALSE
"48-59",49.9,-0.651984096220077,0.087076708507207,0.478988985418042,0.382028999600867,0.56073589676474,FALSE,FALSE
"48-59",50,-0.651937982876485,0.0871507619243715,0.478964959304153,0.381910796374492,0.560779395529763,FALSE,FALSE
"48-59",50.1,-0.651891923766342,0.087225593370479,0.478940960341144,0.381791661338276,0.560823583522104,FALSE,FALSE
"48-59",50.2,-0.651845927432613,0.0873011872889462,0.478916992984462,0.381671618097904,0.560868450894839,FALSE,FALSE
"48-59",50.3,-0.651800002418263,0.0873775277844243,0.478893061690369,0.381550690684372,0.560913987510253,FALSE,FALSE
"48-59",50.4,-0.651754157266255,0.0874545986313634,0.478869170915936,0.381428903544349,0.560960182947515,FALSE,FALSE
"48-59",50.5,-0.651708400519556,0.0875323832827624,0.478845325119044,0.381306281530312,0.561007026510514,FALSE,FALSE
"48-59",50.6,-0.651662740721129,0.0876108648790982,0.478821528758375,0.381182849890436,0.561054507235838,FALSE,FALSE
"48-59",50.7,-0.65161718641394,0.0876900262574303,0.478797786293414,0.38105863425827,0.561102613900911,FALSE,FALSE
"48-59",50.8,-0.651571746140952,0.0877698499606763,0.478774102184439,0.38093366064218,0.561151335032273,FALSE,FALSE
"48-59",50.9,-0.651526428445131,0.0878503182470524,0.478750480892521,0.380807955414574,0.561200658914,FALSE,FALSE
"48-59",51,-0.651481241869442,0.0879314130996762,0.478726926879514,0.38068154530092,0.561250573596255,FALSE,FALSE
"48-59",51.1,-0.651436194956848,0.0880131162363258,0.478703444608054,0.380554457368542,0.561301066903976,FALSE,FALSE
"48-59",51.2,-0.651391296250314,0.0880954091193511,0.478680038541549,0.380426719015223,0.561352126445688,FALSE,FALSE
"48-59",51.3,-0.651346554292806,0.0881782729657336,0.478656713144177,0.380298357957598,0.561403739622437,FALSE,FALSE
"48-59",51.4,-0.651301977627288,0.08826168875729,0.478633472880876,0.380169402219351,0.561455893636843,FALSE,FALSE
"48-59",51.5,-0.651257574796724,0.0883456372510151,0.478610322217337,0.380039880119221,0.561508575502266,FALSE,FALSE
"48-59",51.6,-0.65121335434408,0.0884300989895609,0.478587265619999,0.379909820258815,0.561561772052084,FALSE,FALSE
"48-59",51.7,-0.651169324812319,0.0885150543118471,0.478564307556037,0.379779251510244,0.561615469949074,FALSE,FALSE
"48-59",51.8,-0.651125494744407,0.0886004833637997,0.47854145249336,0.379648203003562,0.561669655694902,FALSE,FALSE
"48-59",51.9,-0.651081872683308,0.0886863661092138,0.478518704900595,0.379516704114041,0.561724315639701,FALSE,FALSE
"48-59",52,-0.651038467171987,0.0887726823407378,0.478496069247084,0.379384784449265,0.561779435991755,FALSE,FALSE
"48-59",52.1,-0.650995286753409,0.0888594116909735,0.478473550002872,0.379252473836053,0.561835002827268,FALSE,FALSE
"48-59",52.2,-0.650952339970537,0.0889465336436922,0.478451151638697,0.379119802307211,0.561891002100227,FALSE,FALSE
"48-59",52.3,-0.650909635366338,0.0890340275451599,0.478428878625981,0.378986800088126,0.561947419652343,FALSE,FALSE
"48-59",52.4,-0.650867181483775,0.0891218726155718,0.478406735436817,0.378853497583191,0.562004241223083,FALSE,FALSE
"48-59",52.5,-0.650824986865813,0.0892100479605913,0.478384726543962,0.378719925362072,0.562061452459774,FALSE,FALSE
"48-59",52.6,-0.650783060055418,0.0892985325829916,0.478362856420823,0.378586114145822,0.562119038927792,FALSE,FALSE
"48-59",52.7,-0.650741409595552,0.0893873053943974,0.478341129541446,0.378452094792836,0.562176986120816,FALSE,FALSE
"48-59",52.8,-0.650700044029182,0.0894763452271233,0.478319550380504,0.378317898284656,0.56223527947116,FALSE,FALSE
"48-59",52.9,-0.650658971899272,0.0895656308461094,0.478298123413283,0.378183555711626,0.562293904360176,FALSE,FALSE
"48-59",53,-0.650618201748786,0.0896551409609479,0.478276853115672,0.3780490982584,0.562352846128722,FALSE,FALSE
"48-59",53.1,-0.65057774212069,0.0897448542380028,0.478255743964148,0.377914557189305,0.562412090087693,FALSE,FALSE
"48-59",53.2,-0.650537601557947,0.089834749312619,0.478234800435764,0.377779963833554,0.562471621528622,FALSE,FALSE
"48-59",53.3,-0.650497788603523,0.0899248048014189,0.47821402700813,0.377645349570327,0.56253142573434,FALSE,FALSE
"48-59",53.4,-0.650458311800382,0.0900149993146867,0.478193428159407,0.3775107458137,0.562591487989698,FALSE,FALSE
"48-59",53.5,-0.650419179691488,0.0901053114688374,0.478173008368284,0.377376183997441,0.562651793592349,FALSE,FALSE
"48-59",53.6,-0.650380400819808,0.0901957198989714,0.478152772113969,0.377241695559665,0.562712327863585,FALSE,FALSE
"48-59",53.7,-0.650341983728304,0.0902862032715121,0.47813272387617,0.377107311927351,0.56277307615924,FALSE,FALSE
"48-59",53.8,-0.650303936959942,0.0903767402969263,0.478112868135078,0.376973064500722,0.562834023880642,FALSE,FALSE
"48-59",53.9,-0.650266269057687,0.0904673097425281,0.478093209371357,0.376838984637488,0.562895156485625,FALSE,FALSE
"48-59",54,-0.650228988564503,0.0905578904453637,0.47807375206612,0.376705103636955,0.562956459499595,FALSE,FALSE
"48-59",54.1,-0.650192104023355,0.0906484613251792,0.478054500700915,0.376571452723995,0.563017918526656,FALSE,FALSE
"48-59",54.2,-0.650155623977207,0.0907390013974697,0.478035459757709,0.376438063032881,0.56307951926079,FALSE,FALSE
"48-59",54.3,-0.650119556969024,0.0908294897866108,0.478016633718867,0.376304965590989,0.563141247497085,FALSE,FALSE
"48-59",54.4,-0.650083911541772,0.0909199057390721,0.477998027067138,0.37617219130236,0.563203089143033,FALSE,FALSE
"48-59",54.5,-0.650048696238413,0.0910102286367144,0.477979644285632,0.376039770931129,0.563265030229873,FALSE,FALSE
"48-59",54.6,-0.650013919601914,0.0911004380101694,0.477961489857803,0.375907735084813,0.563327056923995,FALSE,FALSE
"48-59",54.7,-0.649979590175239,0.0911905135523045,0.47794356826743,0.375776114197467,0.563389155538403,FALSE,FALSE
"48-59",54.8,-0.649945716501351,0.0912804351317725,0.477925883998597,0.375644938512699,0.563451312544233,FALSE,FALSE
"48-59",54.9,-0.649912307123218,0.0913701828066479,0.477908441535672,0.375514238066539,0.563513514582333,FALSE,FALSE
"48-59",55,-0.649879370583802,0.0914597368381506,0.477891245363289,0.375384042670182,0.563575748474903,FALSE,FALSE
"48-59",55.1,-0.649846915426068,0.0915490777044589,0.477874299966322,0.375254381892577,0.563638001237196,FALSE,FALSE
"48-59",55.2,-0.649814950192982,0.091638186114613,0.477857609829869,0.375125285042876,0.563700260089282,FALSE,FALSE
"48-59",55.3,-0.649783483427507,0.0917270430225109,0.477841179439229,0.374996781152743,0.56376251246788,FALSE,FALSE
"48-59",55.4,-0.649752523672609,0.0918156296409981,0.477825013279877,0.374868898958509,0.563824746038251,FALSE,FALSE
"48-59",55.5,-0.649722079471252,0.0919039274560541,0.477809115837447,0.374741666883189,0.563886948706166,FALSE,FALSE
"48-59",55.6,-0.649692159366401,0.0919919182410762,0.477793491597702,0.374615113018338,0.563949108629938,FALSE,FALSE
"48-59",55.7,-0.64966277190102,0.0920795840712646,0.477778145046518,0.374489265105764,0.56401121423253,FALSE,FALSE
"48-59",55.8,-0.649633925618074,0.0921669073381099,0.477763080669855,0.374364150519082,0.564073254213737,FALSE,FALSE
"48-59",55.9,-0.649605629060528,0.0922538707639851,0.477748302953736,0.374239796245117,0.564135217562444,FALSE,FALSE
"48-59",56,-0.649577890771347,0.0923404574168473,0.477733816384222,0.374116228865141,0.564197093568964,FALSE,FALSE
"48-59",56.1,-0.649550719293494,0.0924266507250474,0.477719625447388,0.373993474535956,0.564258871837456,FALSE,FALSE
"48-59",56.2,-0.649524123169936,0.0925124344922552,0.477705734629294,0.373871558970812,0.56432054229843,FALSE,FALSE
"48-59",56.3,-0.649498110943635,0.092597792912499,0.477692148415965,0.373750507420156,0.56438209522134,FALSE,FALSE
"48-59",56.4,-0.649472691157558,0.0926827105853256,0.477678871293361,0.373630344652216,0.564443521227257,FALSE,FALSE
"48-59",56.5,-0.649447872354669,0.092767172531081,0.477665907747353,0.373511094933413,0.564504811301649,FALSE,FALSE
"48-59",56.6,-0.649423662066759,0.0928511660458161,0.477653261735514,0.37339277911581,0.56456595793687,FALSE,FALSE
"48-59",56.7,-0.64940006129676,0.0929346907838045,0.477640933804811,0.373275398790309,0.564626961332548,FALSE,FALSE
"48-59",56.8,-0.649377068453924,0.093017751674303,0.477628923146818,0.373158947437701,0.564687825059713,FALSE,FALSE
"48-59",56.9,-0.649354681940912,0.0931003542239157,0.477617228949014,0.373043417815795,0.564748553176954,FALSE,FALSE
"48-59",57,-0.649332900160392,0.0931825044972127,0.477605850398225,0.372928801986808,0.56480915021643,FALSE,FALSE
"48-59",57.1,-0.649311721515026,0.0932642091094008,0.477594786680632,0.372815091325873,0.564869621177299,FALSE,FALSE
"48-59",57.2,-0.64929114440748,0.0933454752190818,0.477584036981777,0.372702276529446,0.564929971519228,FALSE,FALSE
"48-59",57.3,-0.649271167240418,0.0934263105210961,0.477573600486562,0.37259034762364,0.564990207155988,FALSE,FALSE
"48-59",57.4,-0.649251788416505,0.0935067232394494,0.477563476379262,0.372479293972476,0.565050334449123,FALSE,FALSE
"48-59",57.5,-0.649233006338405,0.0935867221203197,0.477553663843524,0.372369104286061,0.56511036020169,FALSE,FALSE
"48-59",57.6,-0.649214819408782,0.0936663164251404,0.477544162062372,0.372259766628684,0.565170291652074,FALSE,FALSE
"48-59",57.7,-0.649197226030302,0.0937455159237595,0.477534970218219,0.372151268426851,0.565230136467872,FALSE,FALSE
"48-59",57.8,-0.649180224605629,0.0938243308876695,0.477526087492861,0.372043596477238,0.565289902739845,FALSE,FALSE
"48-59",57.9,-0.649163813537427,0.0939027720833059,0.477517513067492,0.37193673695459,0.565349598975922,FALSE,FALSE
"48-59",58,-0.64914799122836,0.0939808507654122,0.477509246122701,0.371830675419548,0.565409234095282,FALSE,FALSE
"48-59",58.1,-0.649132756081095,0.0940585786704678,0.477501285838483,0.371725396826422,0.565468817422478,FALSE,FALSE
"48-59",58.2,-0.649118106498294,0.0941359680101752,0.47749363139424,0.371620885530898,0.565528358681623,FALSE,FALSE
"48-59",58.3,-0.649104040882623,0.0942130314650053,0.477486281968786,0.371517125297701,0.565587867990631,FALSE,FALSE
"48-59",58.4,-0.649090557636746,0.0942897821777963,0.477479236740356,0.371414099308192,0.565647355855496,FALSE,FALSE
"48-59",58.5,-0.649077655163328,0.0943662337474031,0.477472494886604,0.37131179016793,0.565706833164629,FALSE,FALSE
"48-59",58.6,-0.649065331865033,0.0944424002223968,0.477466055584615,0.371210179914178,0.565766311183228,FALSE,FALSE
"48-59",58.7,-0.649053586144525,0.0945182960948068,0.477459918010903,0.371109250023366,0.565825801547697,FALSE,FALSE
"48-59",58.8,-0.64904241640447,0.0945939362939072,0.477454081341421,0.371008981418521,0.565885316260098,FALSE,FALSE
"48-59",58.9,-0.649031821047532,0.0946693361800416,0.477448544751566,0.370909354476648,0.565944867682633,FALSE,FALSE
"48-59",59,-0.649021798476375,0.0947445115384839,0.477443307416176,0.370810349036086,0.566004468532166,FALSE,FALSE
"48-59",59.1,-0.649012347093663,0.0948194785733329,0.477438368509547,0.370711944403824,0.56606413187477,FALSE,FALSE
"48-59",59.2,-0.649003465302063,0.0948942539014369,0.477433727205426,0.370614119362797,0.566123871120295,FALSE,FALSE
"48-59",59.3,-0.648995151504237,0.094968854546346,0.477429382677024,0.370516852179144,0.566183700016967,FALSE,FALSE
"48-59",59.4,-0.648987404102851,0.0950432979322883,0.477425334097016,0.37042012060945,0.566243632645998,FALSE,FALSE
"48-59",59.5,-0.648980221500569,0.0951176018781684,0.477421580637548,0.370323901907968,0.566303683416224,FALSE,FALSE
"48-59",59.6,-0.648973602100055,0.0951917845915838,0.477418121470242,0.37022817283382,0.566363867058744,FALSE,FALSE
"48-59",59.7,-0.648967544303975,0.0952658646628579,0.477414955766198,0.37013290965818,0.566424198621585,FALSE,FALSE
"48-59",59.8,-0.648962046514992,0.0953398610590852,0.477412082696001,0.370038088171452,0.56648469346436,FALSE,FALSE
"48-59",59.9,-0.648957107135772,0.0954137931181872,0.477409501429727,0.369943683690432,0.566545367252944,FALSE,FALSE
"48-59",60,-0.648952724568978,0.0954876805429758,0.477407211136942,0.369849671065464,0.566606235954151,FALSE,FALSE
"48-59",60.1,-0.648948897217276,0.0955615433952203,0.477405210986715,0.369756024687594,0.566667315830406,FALSE,FALSE
"48-59",60.2,-0.64894562348333,0.095635402089718,0.477403500147613,0.36966271849572,0.566728623434419,FALSE,FALSE
"48-59",60.3,-0.648942901769804,0.0957092773883628,0.477402077787715,0.369569725983742,0.566790175603854,FALSE,FALSE
"48-59",60.4,-0.648940730479363,0.0957831903942107,0.47740094307461,0.369477020207718,0.566851989455992,FALSE,FALSE
"48-59",60.5,-0.648939108014671,0.09585716254554,0.477400095175405,0.369384573793021,0.56691408238238,FALSE,FALSE
"48-59",60.6,-0.648938032778394,0.0959312156099019,0.477399533256727,0.36929235894151,0.566976472043472,FALSE,FALSE
"48-59",60.7,-0.648937503173195,0.0960053716781616,0.477399256484729,0.369200347438706,0.56703917636325,FALSE,FALSE
"48-59",60.8,-0.64893751760174,0.0960796531585246,0.477399264025097,0.369108510660986,0.567102213523835,FALSE,FALSE
"48-59",60.9,-0.648938074466691,0.0961540827705481,0.47739955504305,0.369016819582786,0.567165601960075,FALSE,FALSE
"48-59",61,-0.648939172170716,0.0962286835391342,0.477400128703347,0.368925244783825,0.567229360354108,FALSE,FALSE
"48-59",61.1,-0.648940809116477,0.0963034787885022,0.477400984170291,0.368833756456352,0.567293507629905,FALSE,FALSE
"48-59",61.2,-0.648942983706639,0.0963784921361391,0.477402120607734,0.368742324412405,0.567358062947788,FALSE,FALSE
"48-59",61.3,-0.648945694343867,0.0964537474867248,0.477403537179081,0.368650918091102,0.567423045698917,FALSE,FALSE
"48-59",61.4,-0.648948939430826,0.0965292690260309,0.477405233047295,0.368559506565954,0.567488475499746,FALSE,FALSE
"48-59",61.5,-0.64895271737018,0.0966050812147901,0.477407207374902,0.368468058552208,0.567554372186453,FALSE,FALSE
"48-59",61.6,-0.648957026564593,0.0966812087825356,0.477409459323992,0.368376542414213,0.567620755809327,FALSE,FALSE
"48-59",61.7,-0.64896186541673,0.0967576767214075,0.477411988056229,0.368284926172827,0.567687646627127,FALSE,FALSE
"48-59",61.8,-0.648967232329255,0.0968345102799248,0.47741479273285,0.368193177512847,0.5677550651014,FALSE,FALSE
"48-59",61.9,-0.648973125704834,0.0969117349567213,0.477417872514673,0.368101263790479,0.56782303189076,FALSE,FALSE
"48-59",62,-0.648979543946131,0.0969893764942437,0.477421226562101,0.368009152040842,0.567891567845129,FALSE,FALSE
"48-59",62.1,-0.64898648545581,0.0970674608724109,0.477424854035124,0.36791680898551,0.567960693999928,FALSE,FALSE
"48-59",62.2,-0.648993948636535,0.0971460143022317,0.477428754093328,0.367824201040091,0.568030431570238,FALSE,FALSE
"48-59",62.3,-0.649001931890972,0.0972250632193812,0.477432925895893,0.36773129432185,0.568100801944903,FALSE,FALSE
"48-59",62.4,-0.649010433621785,0.0973046342777333,0.477437368601603,0.367638054657365,0.568171826680593,FALSE,FALSE
"48-59",62.5,-0.649019452231638,0.097384754342849,0.477442081368848,0.367544447590236,0.568243527495822,FALSE,FALSE
"48-59",62.6,-0.649028986123196,0.0974654504854187,0.477447063355628,0.367450438388826,0.568315926264911,FALSE,FALSE
"48-59",62.7,-0.649039033699123,0.0975467499746578,0.477452313719559,0.367355992054054,0.56838904501191,FALSE,FALSE
"48-59",62.8,-0.649049593362085,0.0976286802716553,0.477457831617874,0.36726107332723,0.568462905904466,FALSE,FALSE
"48-59",62.9,-0.649060663514745,0.0977112690226735,0.477463616207431,0.367165646697932,0.568537531247637,FALSE,FALSE
"48-59",63,-0.649072242559768,0.097794544052399,0.477469666644716,0.367069676411935,0.568612943477665,FALSE,FALSE
"48-59",63.1,-0.649084328899819,0.0978785333571437,0.477475982085846,0.366973126479184,0.568689165155683,FALSE,FALSE
"48-59",63.2,-0.649096920937562,0.0979632650979963,0.477482561686576,0.36687596068181,0.568766218961387,FALSE,TRUE
"48-59",63.3,-0.649110017075662,0.0980487675939229,0.4774894046023,0.366778142582198,0.568844127686639,FALSE,TRUE
"48-59",63.4,-0.649123615716783,0.0981350693148173,0.477496509988057,0.366679635531099,0.568922914229033,FALSE,TRUE
"48-59",63.5,-0.64913771526359,0.0982221988745006,0.477503876998535,0.366580402675791,0.569002601585393,FALSE,TRUE
"48-59",63.6,-0.649152314118747,0.0983101850236689,0.477511504788076,0.366480406968288,0.569083212845234,FALSE,TRUE
"48-59",63.7,-0.64916741068492,0.0983990566427921,0.47751939251068,0.366379611173586,0.56916477118416,FALSE,TRUE
"48-59",63.8,-0.649183003364771,0.0984888427349609,0.477527539320005,0.366277977877974,0.569247299857215,FALSE,TRUE
"48-59",63.9,-0.649199090560967,0.0985795724186841,0.47753594436938,0.366175469497369,0.56933082219218,FALSE,TRUE
"48-59",64,-0.649215670676171,0.0986712749206361,0.4775446068118,0.366072048285716,0.569415361582824,FALSE,TRUE
"48-59",64.1,-0.649232742113049,0.0987639795683558,0.477553525799936,0.365967676343416,0.569500941482097,FALSE,TRUE
"48-59",64.2,-0.649250303274264,0.0988577157828968,0.477562700486137,0.36586231562581,0.569587585395285,FALSE,TRUE
"48-59",64.3,-0.649268352562481,0.09895251307143,0.477572130022433,0.365755927951698,0.569675316873104,FALSE,TRUE
"48-59",64.4,-0.649286888380365,0.0990484010198001,0.477581813560542,0.365648475011903,0.569764159504757,FALSE,TRUE
"48-59",64.5,-0.64930590913058,0.0991454092850363,0.477591750251872,0.365539918377876,0.569854136910942,FALSE,TRUE
"48-59",64.6,-0.649325413215791,0.0992435675878191,0.477601939247526,0.365430219510336,0.569945272736809,FALSE,TRUE
"48-59",64.7,-0.649345399038663,0.0993429057049042,0.477612379698306,0.365319339767949,0.570037590644886,FALSE,TRUE
"48-59",64.8,-0.649365865001859,0.0994434534615048,0.477623070754715,0.365207240416047,0.570131114307953,FALSE,TRUE
"48-59",64.9,-0.649386809508045,0.0995452407236348,0.477634011566966,0.365093882635373,0.570225867401883,FALSE,TRUE
"48-59",65,-0.649408230959885,0.0996482973904131,0.477645201284979,0.364979227530868,0.570321873598437,FALSE,TRUE
"48-59",65.1,-0.649430127760043,0.0997526533863327,0.477656639058393,0.364863236140477,0.570419156558035,FALSE,TRUE
"48-59",65.2,-0.649452498311185,0.0998583386534948,0.477668324036562,0.364745869443992,0.57051773992248,FALSE,TRUE
"48-59",65.3,-0.649475341015974,0.0999653831438118,0.477680255368566,0.364627088371918,0.570617647307662,FALSE,TRUE
"48-59",65.4,-0.649498654277075,0.10007381681118,0.477692432203209,0.364506853814358,0.570718902296223,FALSE,TRUE
"48-59",65.5,-0.649522436497153,0.100183669603623,0.477704853689029,0.364385126629926,0.570821528430203,FALSE,TRUE
"48-59",65.6,-0.649546686078872,0.100294971455416,0.477717518974296,0.364261867654672,0.570925549203657,FALSE,TRUE
"48-59",65.7,-0.649571401424897,0.10040775227918,0.477730427207021,0.36413703771103,0.571030988055251,FALSE,TRUE
"48-59",65.8,-0.649596580937893,0.100522041957962,0.477743577534957,0.364010597616767,0.571137868360845,FALSE,TRUE
"48-59",65.9,-0.649622223020523,0.100637870337297,0.477756969105601,0.36388250819395,0.571246213426049,FALSE,TRUE
"48-59",66,-0.649648326075452,0.100755267217255,0.477770601066204,0.363752730277922,0.57135604647878,FALSE,TRUE
"48-59",66.1,-0.649674888505346,0.100874262344479,0.477784472563771,0.363621224726271,0.5714673906618,FALSE,TRUE
"48-59",66.2,-0.649701908712868,0.100994885404212,0.477798582745063,0.363487952427809,0.57158026902525,FALSE,TRUE
"48-59",66.3,-0.649729385100684,0.101117166012325,0.477812930756604,0.36335287431154,0.571694704519186,FALSE,TRUE
"48-59",66.4,-0.649757316071457,0.101241133707342,0.477827515744686,0.363215951355627,0.571810719986106,FALSE,TRUE
"48-59",66.5,-0.649785700027852,0.101366817942463,0.477842336855368,0.363077144596346,0.571928338153495,FALSE,TRUE
"48-59",66.6,-0.649814535372534,0.1014942480776,0.477857393234484,0.362936415137019,0.572047581626367,FALSE,TRUE
"48-59",66.7,-0.649843820508167,0.101623453371419,0.477872684027645,0.362793724156946,0.572168472879822,FALSE,TRUE
"48-59",66.8,-0.649873553837416,0.101754462973395,0.477888208380244,0.362649032920294,0.572291034251619,FALSE,TRUE
"48-59",66.9,-0.649903733762945,0.101887305915886,0.477903965437459,0.362502302784977,0.572415287934774,FALSE,TRUE
"48-59",67,-0.649934358687419,0.102022011106229,0.477919954344255,0.362353495211495,0.57254125597017,FALSE,TRUE
"48-59",67.1,-0.649965427013502,0.10215860731886,0.477936174245391,0.362202571771746,0.572668960239208,FALSE,TRUE
"48-59",67.2,-0.64999693714386,0.10229712318746,0.477952624285422,0.362049494157795,0.572798422456479,FALSE,TRUE
"48-59",67.3,-0.650028887481156,0.10243758719714,0.477969303608705,0.361894224190605,0.572929664162478,FALSE,TRUE
"48-59",67.4,-0.650061276428055,0.10258002767666,0.477986211359396,0.361736723828716,0.573062706716359,FALSE,TRUE
"48-59",67.5,-0.650094102387221,0.102724472790692,0.478003346681463,0.361576955176876,0.573197571288731,FALSE,TRUE
"48-59",67.6,-0.65012736376132,0.102870950532126,0.478020708718683,0.361414880494618,0.573334278854505,FALSE,TRUE
"48-59",67.7,-0.650161058953016,0.103019488714427,0.478038296614649,0.361250462204773,0.573472850185798,FALSE,TRUE
"48-59",67.8,-0.650195186364972,0.103170114964049,0.47805610951277,0.361083662901923,0.573613305844882,FALSE,TRUE
"48-59",67.9,-0.650229744399855,0.103322856712905,0.47807414655628,0.360914445360784,0.573755666177219,FALSE,TRUE
"48-59",68,-0.650264731460328,0.103477741190902,0.478092406888237,0.36074277254451,0.573899951304533,FALSE,TRUE
"48-59",68.1,-0.650300145949055,0.103634795418542,0.47811088965153,0.360568607612934,0.57404618111798,FALSE,TRUE
"48-59",68.2,-0.650335986268702,0.103794046199597,0.478129593988878,0.360391913930708,0.574194375271378,FALSE,TRUE
"48-59",68.3,-0.650372250821933,0.103955520113856,0.47814851904284,0.36021265507537,0.57434455317452,FALSE,TRUE
"48-59",68.4,-0.650408938011413,0.104119243509962,0.478167663955814,0.360030794845319,0.574496733986574,FALSE,TRUE
"48-59",68.5,-0.650446046239806,0.104285242498319,0.47818702787004,0.359846297267686,0.574650936609574,FALSE,TRUE
"48-59",68.6,-0.650483573909776,0.104453542944108,0.478206609927607,0.359659126606112,0.574807179681997,FALSE,TRUE
"48-59",68.7,-0.650521519423988,0.104624170460377,0.478226409270455,0.359469247368424,0.574965481572444,FALSE,TRUE
"48-59",68.8,-0.650559881185107,0.104797150401243,0.478246425040379,0.359276624314193,0.57512586037342,FALSE,TRUE
"48-59",68.9,-0.650598657595797,0.10497250785519,0.478266656379028,0.35908122246219,0.575288333895225,FALSE,TRUE
"48-59",69,-0.650637847058723,0.105150267638474,0.478287102427918,0.358883007097716,0.57545291965995,FALSE,TRUE
"48-59",69.1,-0.650677447976549,0.105330454288639,0.478307762328425,0.358681943779817,0.575619634895586,FALSE,TRUE
"48-59",69.2,-0.65071745875194,0.105513092058152,0.478328635221797,0.35847799834837,0.575788496530264,FALSE,TRUE
"48-59",69.3,-0.650757877787561,0.105698204908145,0.478349720249151,0.358271136931039,0.575959521186604,FALSE,TRUE
"48-59",69.4,-0.650798703486076,0.105885816502293,0.478371016551481,0.358061325950103,0.576132725176197,FALSE,TRUE
"48-59",69.5,-0.650839934250149,0.106075950200812,0.478392523269659,0.35784853212914,0.576308124494222,FALSE,TRUE
"48-59",69.6,-0.650881568482445,0.106268629054581,0.478414239544439,0.357632722499574,0.576485734814185,FALSE,TRUE
"48-59",69.7,-0.650923604585628,0.106463875799414,0.478436164516461,0.357413864407075,0.576665571482811,FALSE,TRUE
"48-59",69.8,-0.650966040962364,0.10666171285045,0.478458297326254,0.357191925517816,0.576847649515068,FALSE,TRUE
"48-59",69.9,-0.651008876015316,0.106862162296699,0.478480637114239,0.356966873824569,0.577031983589336,FALSE,TRUE
"48-59",70,-0.65105210814715,0.107065245895725,0.478503183020731,0.356738677652657,0.577218588042732,FALSE,TRUE
"48-59",70.1,-0.651095735760529,0.107270985068477,0.478525934185948,0.356507305665739,0.57740747686658,FALSE,TRUE
"48-59",70.2,-0.651139757258118,0.107479400894271,0.478548889750006,0.356272726871436,0.577598663702034,FALSE,TRUE
"48-59",70.3,-0.651184171042583,0.107690514105925,0.47857204885293,0.356034910626798,0.577792161835869,FALSE,TRUE
"48-59",70.4,-0.651228975516587,0.107904345085052,0.478595410634652,0.355793826643594,0.57798798419642,FALSE,TRUE
"48-59",70.5,-0.651274169082794,0.108120913857509,0.478618974235017,0.355549444993446,0.578186143349692,FALSE,TRUE
"48-59",70.6,-0.651319750143871,0.108340240089008,0.478642738793785,0.355301736112776,0.578386651495633,FALSE,TRUE
"48-59",70.7,-0.65136571710248,0.108562343080896,0.478666703450637,0.355050670807587,0.578589520464573,FALSE,TRUE
"48-59",70.8,-0.651412068361287,0.108787241766091,0.478690867345172,0.354796220258071,0.578794761713841,FALSE,TRUE
"48-59",70.9,-0.651458802322955,0.109014954705196,0.478715229616918,0.354538356023027,0.579002386324543,FALSE,TRUE
"48-59",71,-0.651505917390151,0.109245500082776,0.47873978940533,0.354277050044107,0.579212404998522,FALSE,TRUE
"48-59",71.1,-0.651553411965538,0.109478895703813,0.478764545849795,0.354012274649881,0.579424828055488,FALSE,TRUE
"48-59",71.2,-0.65160128445178,0.10971515899033,0.478789498089635,0.353744002559707,0.579639665430334,FALSE,TRUE
"48-59",71.3,-0.651649533251543,0.109954306978189,0.478814645264111,0.353472206887432,0.579856926670621,FALSE,TRUE
"48-59",71.4,-0.65169815676749,0.110196356314072,0.478839986512423,0.353196861144894,0.580076620934247,FALSE,TRUE
"48-59",71.5,-0.651747153402288,0.110441323252632,0.478865520973718,0.352917939245239,0.580298756987297,FALSE,TRUE
"48-59",71.6,-0.651796521558598,0.110689223653824,0.47889124778709,0.352635415506059,0.580523343202075,FALSE,TRUE
"48-59",71.7,-0.651846259639088,0.11094007298042,0.478917166091582,0.352349264652327,0.580750387555314,FALSE,TRUE
"48-59",71.8,-0.65189636604642,0.111193886295696,0.478943275026194,0.352059461819155,0.580979897626577,FALSE,TRUE
"48-59",71.9,-0.65194683918326,0.111450678261305,0.47896957372988,0.351765982554354,0.581211880596832,FALSE,TRUE
"48-59",72,-0.651997677452272,0.111710463135327,0.478996061341557,0.351468802820811,0.581446343247215,FALSE,TRUE
"48-59",72.1,-0.65204887925612,0.1119732547705,0.479022737000101,0.351167898998672,0.581683291957976,FALSE,TRUE
"48-59",72.2,-0.65210044299747,0.112239066612633,0.479049599844359,0.350863247887338,0.581922732707606,FALSE,TRUE
"48-59",72.3,-0.652152367078985,0.112507911699196,0.479076649013145,0.350554826707269,0.582164671072148,FALSE,TRUE
"48-59",72.4,-0.652204649903331,0.112779802658093,0.479103883645244,0.350242613101607,0.582409112224687,FALSE,TRUE
"48-59",72.5,-0.652257289873172,0.11305475170661,0.479131302879419,0.349926585137601,0.582656060935028,FALSE,TRUE
"48-59",72.6,-0.652310285391172,0.113332770650545,0.479158905854409,0.349606721307856,0.582905521569541,FALSE,TRUE
"48-59",72.7,-0.652363634859995,0.113613870883511,0.479186691708937,0.349283000531387,0.583157498091203,FALSE,TRUE
"48-59",72.8,-0.652417336682308,0.113898063386419,0.479214659581707,0.348955402154499,0.583411994059799,FALSE,TRUE
"48-59",72.9,-0.652471389260773,0.114185358727135,0.479242808611413,0.348623905951475,0.583669012632313,FALSE,TRUE
"48-59",73,-0.652525790998056,0.114475767060306,0.479271137936738,0.348288492125089,0.583928556563488,FALSE,TRUE
"48-59",73.1,-0.65258054029682,0.114769298127366,0.479299646696358,0.347949141306937,0.584190628206557,FALSE,TRUE
"48-59",73.2,-0.652635635559732,0.115065961256705,0.479328334028946,0.34760583455759,0.584455229514151,FALSE,TRUE
"48-59",73.3,-0.652691075189454,0.115365765364008,0.479357199073173,0.347258553366576,0.584722362039372,FALSE,TRUE
"48-59",73.4,-0.652746857588653,0.115668718952761,0.479386240967713,0.346907279652184,0.584992026937031,FALSE,TRUE
"48-59",73.5,-0.652802981159991,0.115974830114924,0.479415458851245,0.346551995761099,0.585264224965053,FALSE,TRUE
"48-59",73.6,-0.652859444306135,0.116284106531757,0.479444851862453,0.346192684467869,0.585538956486046,FALSE,TRUE
"48-59",73.7,-0.652916245429747,0.116596555474817,0.479474419140034,0.345829328974208,0.585816221469027,FALSE,TRUE
"48-59",73.8,-0.652973382933494,0.116912183807101,0.479504159822698,0.345461912908131,0.586096019491299,FALSE,TRUE
"48-59",73.9,-0.653030855220039,0.117230997984351,0.479534073049171,0.345090420322937,0.586378349740496,FALSE,TRUE
"48-59",74,-0.653088660692047,0.117553004056503,0.479564157958198,0.344714835696025,0.586663211016761,FALSE,TRUE
"48-59",74.1,-0.653146797752182,0.117878207669295,0.479594413688546,0.344335143927567,0.586950601735088,FALSE,TRUE
"48-59",74.2,-0.65320526480311,0.118206614066009,0.479624839379005,0.343951330339019,0.587240519927797,FALSE,TRUE
"48-59",74.3,-0.653264060247494,0.118538228089363,0.479655434168394,0.343563380671495,0.587532963247157,FALSE,TRUE
"48-59",74.4,-0.653323182487999,0.118873054183539,0.479686197195562,0.343171281083989,0.587827928968141,FALSE,TRUE
"48-59",74.5,-0.65338262992729,0.119211096396348,0.479717127599391,0.34277501815146,0.588125413991322,FALSE,TRUE
"48-59",74.6,-0.653442400968032,0.119552358381527,0.479748224518797,0.342374578862782,0.588425414845896,FALSE,TRUE
"48-59",74.7,-0.653502494012888,0.119896843401167,0.479779487092737,0.341969950618553,0.588727927692831,FALSE,TRUE
"48-59",74.8,-0.653562907464523,0.120244554328263,0.479810914460205,0.341561121228784,0.589032948328146,FALSE,TRUE
"48-59",74.9,-0.653623639725602,0.120595493649392,0.479842505760244,0.341148078910455,0.589340472186299,FALSE,TRUE
"48-59",75,-0.65368468919879,0.120949663467503,0.479874260131938,0.340730812284952,0.589650494343702,FALSE,TRUE
"48-59",75.1,-0.65374605428675,0.121307065504826,0.479906176714423,0.340309310375383,0.589963009522342,FALSE,TRUE
"48-59",75.2,-0.653807733392148,0.121667701105892,0.479938254646888,0.339883562603784,0.590278012093513,FALSE,TRUE
"48-59",75.3,-0.653869724917648,0.122031571240658,0.479970493068571,0.339453558788211,0.590595496081649,FALSE,TRUE
"48-59",75.4,-0.653932027265915,0.122398676507738,0.480002891118773,0.339019289139727,0.590915455168261,FALSE,TRUE
"48-59",75.5,-0.653994638839613,0.122769017137734,0.480035447936851,0.338580744259284,0.59123788269597,FALSE,TRUE
"48-59",75.6,-0.654057558041406,0.123142592996661,0.480068162662225,0.338137915134513,0.59156277167263,FALSE,TRUE
"48-59",75.7,-0.65412078327396,0.123519403589466,0.480101034434379,0.337690793136412,0.591890114775539,FALSE,TRUE
"48-59",75.8,-0.654184312939939,0.123899448063634,0.480134062392865,0.33723937001595,0.592219904355741,FALSE,TRUE
"48-59",75.9,-0.654248145442006,0.124282725212879,0.480167245677306,0.336783637900579,0.592552132442399,FALSE,TRUE
"48-59",76,-0.654312279182828,0.124669233480914,0.480200583427393,0.336323589290671,0.592886790747248,FALSE,TRUE
"48-59",76.1,-0.654376712565068,0.125058970965302,0.480234074782897,0.335859217055868,0.593223870669124,FALSE,TRUE
"48-59",76.2,-0.654441443991391,0.125451935421376,0.480267718883663,0.335390514431369,0.593563363298557,FALSE,TRUE
"48-59",76.3,-0.654506471864462,0.125848124266225,0.480301514869618,0.334917475014133,0.593905259422425,FALSE,TRUE
"48-59",76.4,-0.654571794586944,0.126247534582754,0.480335461880769,0.334440092759034,0.594249549528677,FALSE,TRUE
"48-59",76.5,-0.654637410561503,0.126650163123798,0.48036955905721,0.333958361974935,0.594596223811105,FALSE,TRUE
"48-59",76.6,-0.654703318190804,0.127056006316293,0.48040380553912,0.333472277320717,0.594945272174167,FALSE,TRUE
"48-59",76.7,-0.654769515877509,0.127465060265507,0.480438200466769,0.332981833801251,0.59529668423787,FALSE,TRUE
"48-59",76.8,-0.654836002024285,0.127877320759315,0.48047274298052,0.332487026763318,0.595650449342679,FALSE,TRUE
"48-59",76.9,-0.654902775033796,0.128292783272521,0.480507432220829,0.331987851891482,0.596006556554484,FALSE,TRUE
"48-59",77,-0.654969833308706,0.128711442971226,0.480542267328249,0.331484305203923,0.596364994669591,FALSE,TRUE
"48-59",77.1,-0.65503717525168,0.129133294717235,0.480577247443432,0.33097638304823,0.596725752219758,FALSE,TRUE
"48-59",77.2,-0.655104799265383,0.129558333072492,0.480612371707133,0.330464082097162,0.597088817477247,FALSE,TRUE
"48-59",77.3,-0.655172703752478,0.129986552303554,0.48064763926021,0.32994739934437,0.597454178459912,FALSE,TRUE
"48-59",77.4,-0.655240887115631,0.130417946386094,0.480683049243627,0.329426332100099,0.597821822936305,FALSE,TRUE
"48-59",77.5,-0.655309347757505,0.130852509009426,0.480718600798457,0.328900877986863,0.598191738430804,FALSE,TRUE
"48-59",77.6,-0.655378084080767,0.13129023358105,0.480754293065884,0.328371034935097,0.598563912228748,FALSE,TRUE
"48-59",77.7,-0.655447094488079,0.131731113231221,0.480790125187206,0.327836801178795,0.598938331381595,FALSE,TRUE
"48-59",77.8,-0.655516377382107,0.132175140817529,0.480826096303835,0.327298175251131,0.599314982712082,FALSE,TRUE
"48-59",77.9,-0.655585931165516,0.13262230892949,0.480862205557302,0.326755155980072,0.599693852819389,FALSE,TRUE
"48-59",78,-0.655655754240969,0.133072609893154,0.480898452089257,0.326207742483982,0.600074928084309,FALSE,TRUE
"48-59",78.1,-0.655725845011131,0.133526035775707,0.480934835041473,0.325655934167219,0.600458194674417,FALSE,TRUE
"48-59",78.2,-0.655796201878667,0.133982578390087,0.480971353555848,0.325099730715737,0.600843638549233,FALSE,TRUE
"48-59",78.3,-0.655866823246242,0.134442229299595,0.481008006774404,0.32453913209268,0.601231245465378,FALSE,TRUE
"48-59",78.4,-0.655937707516519,0.134904979822501,0.481044793839296,0.323974138533992,0.60162100098172,FALSE,TRUE
"48-59",78.5,-0.656008853092164,0.135370821036652,0.481081713892808,0.32340475054402,0.602012890464515,FALSE,TRUE
"48-59",78.6,-0.656080258375841,0.135839743784066,0.481118766077356,0.322830968891143,0.602406899092517,FALSE,TRUE
"48-59",78.7,-0.656151921770214,0.136311738675519,0.481155949535493,0.322252794603399,0.602803011862089,FALSE,TRUE
"48-59",78.8,-0.656223841677949,0.136786796095116,0.48119326340991,0.321670228964136,0.603201213592277,FALSE,TRUE
"48-59",78.9,-0.656296016501709,0.13726490620485,0.481230706843436,0.321083273507675,0.603601488929875,FALSE,TRUE
"48-59",79,-0.656368444644159,0.13774605894914,0.481268278979043,0.320491930014999,0.604003822354452,FALSE,TRUE
"48-59",79.1,-0.656441124507964,0.138230244059355,0.481305978959847,0.31989620050946,0.604408198183364,FALSE,TRUE
"48-59",79.2,-0.656514054495788,0.138717451058307,0.481343805929109,0.319296087252507,0.604814600576728,FALSE,TRUE
"48-59",79.3,-0.656587233010296,0.139207669264731,0.481381759030239,0.318691592739449,0.605223013542368,FALSE,TRUE
"48-59",79.4,-0.656660658454153,0.139700887797726,0.481419837406796,0.318082719695243,0.605633420940722,FALSE,TRUE
"48-59",79.5,-0.656734329230022,0.140197095581182,0.481458040202492,0.317469471070305,0.606045806489724,FALSE,TRUE
"48-59",79.6,-0.656808243740569,0.140696281348165,0.481496366561194,0.316851850036368,0.606460153769639,FALSE,TRUE
"48-59",79.7,-0.656882400388458,0.141198433645279,0.481534815626924,0.316229859982363,0.606876446227859,FALSE,TRUE
"48-59",79.8,-0.656956797576353,0.14170354083699,0.481573386543861,0.315603504510336,0.607294667183666,FALSE,TRUE
"48-59",79.9,-0.657031433706919,0.142211591109916,0.481612078456347,0.314972787431413,0.607714799832944,FALSE,TRUE
"48-59",80,-0.657106307182821,0.142722572477083,0.481650890508884,0.314337712761792,0.608136827252848,FALSE,TRUE
"48-59",80.1,-0.657181416406723,0.143236472782142,0.481689821846138,0.31369828471878,0.608560732406436,FALSE,TRUE
"48-59",80.2,-0.65725675978129,0.143753279703544,0.481728871612944,0.313054507716876,0.60898649814724,FALSE,TRUE
"48-59",80.3,-0.657332335709187,0.144272980758676,0.481768038954301,0.312406386363894,0.609414107223801,FALSE,TRUE
"48-59",80.4,-0.657408142593076,0.144795563307963,0.48180732301538,0.311753925457127,0.609843542284149,FALSE,TRUE
"48-59",80.5,-0.657484178835625,0.145321014558909,0.481846722941524,0.311097129979564,0.61027478588023,FALSE,TRUE
"48-59",80.6,-0.657560442839496,0.145849321570117,0.481886237878248,0.310436005096149,0.61070782047229,FALSE,TRUE
"48-59",80.7,-0.657636933007354,0.146380471255245,0.481925866971245,0.309770556150088,0.611142628433193,FALSE,TRUE
"48-59",80.8,-0.657713647741865,0.146914450386924,0.481965609366384,0.309100788659209,0.611579192052701,FALSE,TRUE
"48-59",80.9,-0.657790585445692,0.147451245600632,0.482005464209713,0.308426708312368,0.612017493541686,FALSE,TRUE
"48-59",81,-0.6578677445215,0.147990843398515,0.482045430647462,0.307748320965903,0.612457515036293,FALSE,TRUE
"48-59",81.1,-0.657945123371954,0.14853323015316,0.482085507826043,0.307065632640147,0.612899238602047,FALSE,TRUE
"48-59",81.2,-0.658022720399718,0.149078392111325,0.482125694892053,0.306378649515989,0.613342646237904,FALSE,TRUE
"48-59",81.3,-0.658100534007456,0.149626315397609,0.482165990992276,0.305687377931483,0.613787719880239,FALSE,TRUE
"48-59",81.4,-0.658178562597834,0.150176986018084,0.482206395273683,0.30499182437852,0.614234441406783,FALSE,TRUE
"48-59",81.5,-0.658256804573516,0.150730389863864,0.482246906883437,0.304291995499544,0.614682792640497,FALSE,TRUE
"48-59",81.6,-0.658335258337166,0.151286512714634,0.482287524968892,0.303587898084332,0.615132755353393,FALSE,TRUE
"48-59",81.7,-0.658413922291448,0.151845340242118,0.482328248677594,0.302879539066816,0.615584311270285,FALSE,TRUE
"48-59",81.8,-0.658492794839029,0.1524068580135,0.482369077157287,0.302166925521975,0.616037442072494,FALSE,TRUE
"48-59",81.9,-0.658571874382571,0.152971051494794,0.48241000955591,0.301450064662769,0.616492129401483,FALSE,TRUE
"48-59",82,-0.65865115932474,0.153537906054154,0.482451045021601,0.300728963837133,0.616948354862439,FALSE,TRUE
"48-59",82.1,-0.658730648068199,0.154107406965143,0.482492182702698,0.300003630525035,0.617406100027786,FALSE,TRUE
"48-59",82.2,-0.658810339015614,0.154679539409939,0.482533421747742,0.299274072335573,0.61786534644065,FALSE,TRUE
"48-59",82.3,-0.65889023056965,0.155254288482491,0.482574761305477,0.298540297004143,0.618326075618253,FALSE,TRUE
"48-59",82.4,-0.65897032113297,0.155831639191624,0.482616200524853,0.297802312389653,0.618788269055253,FALSE,TRUE
"48-59",82.5,-0.659050609108239,0.156411576464089,0.482657738555026,0.297060126471801,0.619251908227022,FALSE,TRUE
"48-59",82.6,-0.659131092898122,0.15699408514756,0.48269937454536,0.296313747348403,0.61971697459286,FALSE,TRUE
"48-59",82.7,-0.659211770905284,0.157579150013579,0.48274110764543,0.295563183232775,0.620183449599159,FALSE,TRUE
"48-59",82.8,-0.659292641532388,0.158166755760448,0.482782937005024,0.294808442451181,0.620651314682494,FALSE,TRUE
"48-59",82.9,-0.6593737031821,0.158756887016065,0.482824861774141,0.294049533440321,0.621120551272665,FALSE,TRUE
"48-59",83,-0.659454954257083,0.159349528340714,0.482866881102996,0.293286464744892,0.621591140795672,FALSE,TRUE
"48-59",83.1,-0.659536393160003,0.159944664229795,0.482908994142019,0.292519245015188,0.622063064676638,FALSE,TRUE
"48-59",83.2,-0.659618018293525,0.160542279116508,0.482951200041861,0.291747883004765,0.622536304342666,FALSE,TRUE
"48-59",83.3,-0.659699828060311,0.161142357374478,0.482993497953388,0.290972387568157,0.62301084122564,FALSE,TRUE
"48-59",83.4,-0.659781820863028,0.161744883320341,0.48303588702769,0.290192767658645,0.62348665676497,FALSE,TRUE
"48-59",83.5,-0.65986399510434,0.162349841216261,0.483078366416079,0.289409032326084,0.623963732410277,FALSE,TRUE
"48-59",83.6,-0.65994634918691,0.162957215272411,0.48312093527009,0.288621190714779,0.624442049624016,FALSE,TRUE
"48-59",83.7,-0.660028881513405,0.163566989649398,0.483163592741485,0.287829252061417,0.624921589884051,FALSE,TRUE
"48-59",83.8,-0.660111590486487,0.164179148460633,0.483206337982249,0.287033225693049,0.625402334686168,FALSE,TRUE
"48-59",83.9,-0.660194474508823,0.164793675774661,0.483249170144599,0.286233121025128,0.62588426554653,FALSE,TRUE
"48-59",84,-0.660277531983076,0.165410555617432,0.48329208838098,0.285428947559596,0.626367364004077,FALSE,TRUE
"48-59",84.1,-0.660360761311911,0.166029771974527,0.483335091844068,0.284620714883023,0.626851611622878,FALSE,TRUE
"48-59",84.2,-0.660444160897992,0.166651308793341,0.483378179686772,0.283808432664796,0.627336989994417,FALSE,TRUE
"48-59",84.3,-0.660527729143985,0.167275149985205,0.483421351062234,0.28299211065536,0.627823480739832,FALSE,TRUE
"48-59",84.4,-0.660611464452553,0.167901279427473,0.483464605123831,0.282171758684508,0.628311065512098,FALSE,TRUE
"48-59",84.5,-0.660695365226361,0.168529680965556,0.483507941025177,0.28134738665972,0.628799725998158,FALSE,TRUE
"48-59",84.6,-0.660779429868073,0.169160338414907,0.483551357920124,0.280519004564548,0.629289443921001,FALSE,TRUE
"48-59",84.7,-0.660863656780355,0.16979323556297,0.483594854962762,0.279686622457056,0.629780201041689,FALSE,TRUE
"48-59",84.8,-0.660948044365871,0.17042835617107,0.483638431307422,0.2788502504683,0.630271979161327,FALSE,TRUE
"48-59",84.9,-0.661032591027285,0.17106568397627,0.483682086108678,0.27800989880086,0.630764760122996,FALSE,TRUE
"48-59",85,-0.661117295167261,0.171705202693175,0.483725818521344,0.277165577727414,0.631258525813617,FALSE,TRUE
"48-59",85.1,-0.661202155188466,0.1723468960157,0.483769627700481,0.276317297589361,0.631753258165782,FALSE,TRUE
"48-59",85.2,-0.661287169493562,0.172990747618787,0.483813512801395,0.275465068795488,0.63224893915953,FALSE,TRUE
"48-59",85.3,-0.661372336485214,0.173636741160086,0.483857472979637,0.274608901820682,0.632745550824072,FALSE,TRUE
"48-59",85.4,-0.661457654566088,0.174284860281589,0.483901507391007,0.273748807204682,0.633243075239473,FALSE,TRUE
"48-59",85.5,-0.661543122138846,0.174935088611228,0.483945615191554,0.272884795550881,0.633741494538285,FALSE,TRUE
"48-59",85.6,-0.661628737606156,0.175587409764428,0.483989795537579,0.272016877525164,0.634240790907136,FALSE,TRUE
"48-59",85.7,-0.661714499370679,0.176241807345618,0.484034047585632,0.271145063854789,0.634740946588271,FALSE,TRUE
"48-59",85.8,-0.661800405835082,0.176898264949711,0.484078370492517,0.270269365327314,0.63524194388105,FALSE,TRUE
"48-59",85.9,-0.661886455402029,0.177556766163535,0.484122763415291,0.269389792789557,0.635743765143401,FALSE,TRUE
"48-59",86,-0.661972646474184,0.178217294567235,0.484167225511267,0.268506357146602,0.636246392793231,FALSE,TRUE
"48-59",86.1,-0.662058977454212,0.178879833735628,0.484211755938014,0.267619069360842,0.636749809309791,FALSE,TRUE
"48-59",86.2,-0.662145446744777,0.179544367239529,0.484256353853357,0.266727940451058,0.637253997235006,FALSE,TRUE
"48-59",86.3,-0.662232052748544,0.180210878647037,0.48430101841538,0.265832981491537,0.637758939174754,FALSE,TRUE
"48-59",86.4,-0.662318793868177,0.180879351524785,0.484345748782428,0.264934203611235,0.638264617800112,FALSE,TRUE
"48-59",86.5,-0.662405668506342,0.181549769439154,0.484390544113103,0.26403161799296,0.63877101584856,FALSE,TRUE
"48-59",86.6,-0.662492675065702,0.182222115957457,0.484435403566272,0.263125235872606,0.639278116125145,FALSE,TRUE
"48-59",86.7,-0.662579811948922,0.182896374649084,0.484480326301062,0.262215068538417,0.639785901503603,FALSE,TRUE
"48-59",86.8,-0.662667077558666,0.183572529086617,0.484525311476864,0.261301127330283,0.640294354927453,FALSE,TRUE
"48-59",86.9,-0.6627544702976,0.184250562846908,0.484570358253336,0.260383423639069,0.640803459411043,FALSE,TRUE
"48-59",87,-0.662841988568387,0.184930459512132,0.484615465790399,0.259461968905986,0.641313198040566,FALSE,TRUE
"48-59",87.1,-0.662929630773693,0.185612202670802,0.484660633248241,0.258536774621986,0.641823553975035,FALSE,TRUE
"48-59",87.2,-0.663017395316182,0.186295775918756,0.484705859787318,0.257607852327188,0.642334510447232,FALSE,TRUE
"48-59",87.3,-0.663105280598518,0.186981162860115,0.484751144568354,0.256675213610343,0.642846050764607,FALSE,TRUE
"48-59",87.4,-0.663193285023366,0.187668347108206,0.484796486752344,0.255738870108324,0.643358158310162,FALSE,TRUE
"48-59",87.5,-0.66328140699339,0.188357312286463,0.484841885500552,0.254798833505646,0.643870816543285,FALSE,TRUE
"48-59",87.6,-0.663369644911255,0.189048042029297,0.484887339974513,0.253855115534016,0.644384009000562,FALSE,TRUE
"48-59",87.7,-0.663457997179626,0.189740519982934,0.484932849336036,0.252907727971915,0.644897719296551,FALSE,TRUE
"48-59",87.8,-0.663546462201167,0.190434729806229,0.484978412747201,0.251956682644202,0.64541193112453,FALSE,TRUE
"48-59",87.9,-0.663635038378542,0.191130655171456,0.485024029370362,0.251001991421753,0.645926628257207,FALSE,TRUE
"48-59",88,-0.663723724114416,0.191828279765069,0.485069698368151,0.250043666221116,0.646441794547408,FALSE,TRUE
"48-59",88.1,-0.663812517811455,0.192527587288434,0.485115418903472,0.249081719004208,0.64695741392873,FALSE,TRUE
"48-59",88.2,-0.663901417872321,0.193228561458542,0.485161190139508,0.248116161778018,0.647473470416166,FALSE,TRUE
"48-59",88.3,-0.66399042269968,0.193931186008695,0.485207011239718,0.247147006594356,0.647989948106704,FALSE,TRUE
"48-59",88.4,-0.664079530696197,0.194635444689165,0.485252881367839,0.24617426554961,0.648506831179893,FALSE,TRUE
"48-59",88.5,-0.664168740264535,0.195341321267837,0.485298799687888,0.245197950784534,0.649024103898391,FALSE,TRUE
"48-59",88.6,-0.66425804980736,0.196048799530819,0.485344765364162,0.244218074484061,0.649541750608479,FALSE,TRUE
"48-59",88.7,-0.664347457727336,0.19675786328304,0.485390777561238,0.243234648877134,0.650059755740546,FALSE,TRUE
"48-59",88.8,-0.664436962427127,0.197468496348816,0.485436835443973,0.242247686236563,0.65057810380956,FALSE,TRUE
"48-59",88.9,-0.664526562309399,0.198180682572407,0.485482938177507,0.241257198878904,0.651096779415506,FALSE,TRUE
"48-59",89,-0.664616255776815,0.198894405818537,0.485529084927265,0.240263199164355,0.651615767243798,FALSE,TRUE
"48-59",89.1,-0.66470604123204,0.199609649972909,0.485575274858952,0.239265699496675,0.652135052065677,FALSE,TRUE
"48-59",89.2,-0.664795917077739,0.200326398942691,0.485621507138558,0.238264712323128,0.65265461873857,FALSE,TRUE
"48-59",89.3,-0.664885881716575,0.201044636656985,0.48566778093236,0.237260250134436,0.653174452206446,FALSE,TRUE
"48-59",89.4,-0.664975933551215,0.201764347067278,0.485714095406919,0.236252325464765,0.653694537500132,FALSE,TRUE
"48-59",89.5,-0.665066070984322,0.202485514147873,0.485760449729081,0.235240950891713,0.654214859737615,FALSE,TRUE
"48-59",89.6,-0.665156292418561,0.2032081218963,0.485806843065981,0.234226139036334,0.654735404124328,FALSE,TRUE
"48-59",89.7,-0.665246596256597,0.203932154333719,0.485853274585039,0.233207902563164,0.655256155953404,FALSE,TRUE
"48-59",89.8,-0.665336980901093,0.204657595505291,0.485899743453967,0.232186254180275,0.655777100605918,FALSE,TRUE
"48-59",89.9,-0.665427444754715,0.205384429480543,0.485946248840762,0.231161206639341,0.656298223551105,FALSE,TRUE
"48-59",90,-0.665517986220127,0.206112640353716,0.485992789913713,0.230132772735718,0.656819510346565,FALSE,TRUE
"48-59",90.1,-0.665608603699993,0.20684221224409,0.486039365841395,0.229100965308547,0.657340946638438,FALSE,TRUE
"48-59",90.2,-0.665699295596978,0.207573129296304,0.486085975792679,0.228065797240867,0.657862518161573,FALSE,TRUE
"48-59",90.3,-0.665790060313748,0.208305375680648,0.486132618936722,0.227027281459743,0.65838421073967,FALSE,TRUE
"48-59",90.4,-0.665880896252965,0.209038935593356,0.486179294442975,0.225985430936409,0.65890601028541,FALSE,TRUE
"48-59",90.5,-0.665971801817295,0.209773793256869,0.486226001481181,0.224940258686429,0.659427902800564,FALSE,TRUE
"48-59",90.6,-0.666062775409402,0.210509932920096,0.486272739221375,0.223891777769864,0.659949874376088,FALSE,TRUE
"48-59",90.7,-0.666153815431952,0.211247338858653,0.486319506833886,0.222840001291459,0.660471911192202,FALSE,TRUE
"48-59",90.8,-0.666244920287607,0.211985995375096,0.486366303489336,0.221784942400842,0.66099399951845,FALSE,TRUE
"48-59",90.9,-0.666336088379034,0.212725886799135,0.486413128358639,0.220726614292729,0.661516125713751,FALSE,TRUE
"48-59",91,-0.666427318108896,0.213466997487842,0.486459980613008,0.219665030207152,0.662038276226425,FALSE,TRUE
"48-59",91.1,-0.666518607879858,0.214209311825839,0.486506859423947,0.218600203429686,0.662560437594213,FALSE,TRUE
"48-59",91.2,-0.666609956094585,0.21495281422548,0.486553763963258,0.217532147291699,0.663082596444283,FALSE,TRUE
"48-59",91.3,-0.66670136115574,0.215697489127021,0.486600693403036,0.216460875170607,0.663604739493213,FALSE,TRUE
"48-59",91.4,-0.66679282146599,0.216443320998776,0.486647646915675,0.215386400490137,0.664126853546972,FALSE,TRUE
"48-59",91.5,-0.666884335427997,0.217190294337267,0.486694623673864,0.214308736720609,0.664648925500879,FALSE,TRUE
"48-59",91.6,-0.666975901444428,0.217938393667357,0.48674162285059,0.213227897379217,0.665170942339553,FALSE,TRUE
"48-59",91.7,-0.667067517917945,0.218687603542377,0.486788643619137,0.212143896030328,0.665692891136851,FALSE,TRUE
"48-59",91.8,-0.667159183251215,0.219437908544245,0.486835685153085,0.21105674628579,0.666214759055794,FALSE,TRUE
"48-59",91.9,-0.6672508958469,0.220189293283572,0.486882746626315,0.209966461805238,0.666736533348477,FALSE,TRUE
"48-59",92,-0.667342654107667,0.220941742399756,0.486929827213005,0.208873056296427,0.667258201355975,FALSE,TRUE
"48-59",92.1,-0.667434456436179,0.221695240561076,0.48697692608763,0.207776543515554,0.667779750508228,FALSE,TRUE
"48-59",92.2,-0.667526301235102,0.222449772464767,0.487024042424968,0.2066769372676,0.668301168323927,FALSE,TRUE
"48-59",92.3,-0.667618186907098,0.223205322837095,0.487071175400092,0.205574251406681,0.668822442410377,FALSE,TRUE
"48-59",92.4,-0.667710111854834,0.223961876433417,0.487118324188378,0.204468499836393,0.669343560463362,FALSE,TRUE
"48-59",92.5,-0.667802074480974,0.22471941803824,0.487165487965498,0.203359696510182,0.669864510266989,FALSE,TRUE
"48-59",92.6,-0.667894073188181,0.225477932465263,0.487212665907429,0.202247855431705,0.670385279693529,FALSE,TRUE
"48-59",92.7,-0.667986106379121,0.226237404557421,0.487259857190444,0.201132990655205,0.670905856703247,FALSE,TRUE
"48-59",92.8,-0.668078172456459,0.226997819186918,0.487307060991118,0.200015116285897,0.671426229344224,FALSE,TRUE
"48-59",92.9,-0.668170269822859,0.227759161255248,0.487354276486328,0.198894246480346,0.671946385752166,FALSE,TRUE
"48-59",93,-0.668262396880984,0.22852141569322,0.487401502853249,0.197770395446866,0.67246631415021,FALSE,TRUE
"48-59",93.1,-0.668354552033501,0.229284567460966,0.48744873926936,0.196643577445912,0.672986002848716,FALSE,TRUE
"48-59",93.2,-0.668446733683073,0.230048601547949,0.487495984912441,0.195513806790486,0.673505440245059,FALSE,TRUE
"48-59",93.3,-0.668538940232365,0.230813502972962,0.48754323896057,0.194381097846543,0.6740246148234,FALSE,TRUE
"48-59",93.4,-0.668631170084042,0.231579256784124,0.487590500592132,0.193245465033404,0.674543515154466,FALSE,TRUE
"48-59",93.5,-0.668723421640768,0.232345848058864,0.487637768985808,0.192106922824172,0.675062129895307,FALSE,TRUE
"48-59",93.6,-0.668815693305207,0.233113261903909,0.487685043320585,0.190965485746152,0.675580447789058,FALSE,TRUE
"48-59",93.7,-0.668907983480025,0.233881483455257,0.487732322775751,0.189821168381279,0.676098457664685,FALSE,TRUE
"48-59",93.8,-0.669000290567885,0.234650497878152,0.487779606530894,0.188673985366541,0.67661614843673,FALSE,TRUE
"48-59",93.9,-0.669092612971452,0.235420290367053,0.487826893765906,0.187523951394416,0.677133509105049,FALSE,TRUE
"48-59",94,-0.669184949093392,0.23619084614559,0.487874183660981,0.186371081213306,0.677650528754539,FALSE,TRUE
"48-59",94.1,-0.669277297336367,0.236962150466531,0.487921475396614,0.185215389627975,0.678167196554866,FALSE,TRUE
"48-59",94.2,-0.669369656103044,0.237734188611727,0.487968768153604,0.18405689149999,0.678683501760179,FALSE,TRUE
"48-59",94.3,-0.669462023796086,0.238506945892069,0.488016061113051,0.182895601748168,0.679199433708828,FALSE,TRUE
"48-59",94.4,-0.669554398818158,0.239280407647427,0.488063353456357,0.181731535349017,0.679714981823067,FALSE,TRUE
"48-59",94.5,-0.669646779571924,0.240054559246595,0.488110644365227,0.180564707337193,0.680230135608758,FALSE,TRUE
"48-59",94.6,-0.66973916446005,0.240829386087229,0.488157933021667,0.179395132805943,0.680744884655067,FALSE,TRUE
"48-59",94.7,-0.669831551885199,0.241604873595778,0.488205218607988,0.178222826907565,0.681259218634156,FALSE,TRUE
"48-59",94.8,-0.669923940268616,0.242381007324946,0.488252500316308,0.177047804711833,0.681773127367614,TRUE,TRUE
"48-59",94.9,-0.670016328706233,0.243157776402986,0.488299777684284,0.175870076174418,0.682286603182039,TRUE,TRUE
"48-59",95,-0.670108717143851,0.243935174479003,0.48834705068458,0.174689644715612,0.682799641532475,TRUE,TRUE
"48-59",95.1,-0.670201105581469,0.244713195558448,0.488394319317598,0.173506513262013,0.683312238140505,TRUE,TRUE
"48-59",95.2,-0.670293494019087,0.245491833717989,0.488441583583743,0.172320684660666,0.683824388798433,TRUE,TRUE
"48-59",95.3,-0.670385882456705,0.246271083104537,0.488488843483419,0.171132161680073,0.684336089368277,TRUE,TRUE
"48-59",95.4,-0.670478270894323,0.247050937934288,0.488536099017027,0.169940947011192,0.684847335780763,TRUE,TRUE
"48-59",95.5,-0.670570659331941,0.247831392491769,0.488583350184973,0.168747043268418,0.68535812403434,TRUE,TRUE
"48-59",95.6,-0.670663047769559,0.248612441128908,0.488630596987658,0.16755045299055,0.685868450194219,TRUE,TRUE
"48-59",95.7,-0.670755436207176,0.249394078264116,0.488677839425487,0.166351178641747,0.686378310391406,TRUE,TRUE
"48-59",95.8,-0.670847824644794,0.250176298381381,0.488725077498862,0.16514922261246,0.686887700821771,TRUE,TRUE
"48-59",95.9,-0.670940213082412,0.250959096029372,0.488772311208187,0.163944587220364,0.687396617745115,TRUE,TRUE
"48-59",96,-0.67103260152003,0.251742465820563,0.488819540553866,0.162737274711263,0.687905057484259,TRUE,TRUE
"48-59",96.1,-0.671124989957648,0.252526402430366,0.4888667655363,0.161527287259989,0.688413016424146,TRUE,TRUE
"48-59",96.2,-0.671217378395266,0.253310900596278,0.488913986155893,0.160314626971284,0.688920491010952,TRUE,TRUE
"48-59",96.3,-0.671309766832884,0.254095955117037,0.488961202413049,0.159099295880673,0.689427477751217,TRUE,TRUE
"48-59",96.4,-0.671402155270502,0.254881560851799,0.48900841430817,0.157881295955318,0.689933973210983,TRUE,TRUE
"48-59",96.5,-0.67149454370812,0.255667712719317,0.489055621841659,0.156660629094865,0.690439974014945,TRUE,TRUE
"48-59",96.6,-0.671586932145737,0.25645440569714,0.48910282501392,0.155437297132272,0.690945476845623,TRUE,TRUE
"48-59",96.7,-0.671679320583355,0.257241634820819,0.489150023825354,0.15421130183463,0.691450478442535,TRUE,TRUE
"48-59",96.8,-0.671771709020973,0.258029395183126,0.489197218276366,0.152982644903972,0.691954975601389,TRUE,TRUE
"48-59",96.9,-0.671864097458591,0.258817681933287,0.489244408367357,0.151751327978064,0.692458965173287,TRUE,TRUE
"48-59",97,-0.671956485896209,0.259606490276222,0.489291594098731,0.150517352631189,0.692962444063938,TRUE,TRUE
"48-59",97.1,-0.672048874333827,0.260395815471802,0.48933877547089,0.149280720374917,0.693465409232885,TRUE,TRUE
"48-59",97.2,-0.672141262771445,0.261185652834108,0.489385952484238,0.148041432658868,0.693967857692742,TRUE,TRUE
"48-59",97.3,-0.672233651209062,0.261975997730711,0.489433125139176,0.146799490871456,0.694469786508444,TRUE,TRUE
"48-59",97.4,-0.67232603964668,0.262766845581957,0.489480293436108,0.145554896340627,0.694971192796508,TRUE,TRUE
"48-59",97.5,-0.672418428084298,0.263558191860262,0.489527457375435,0.144307650334586,0.695472073724302,TRUE,TRUE
"48-59",97.6,-0.672510816521916,0.26435003208942,0.489574616957562,0.143057754062509,0.695972426509331,TRUE,TRUE
"48-59",97.7,-0.672603204959534,0.26514236184392,0.489621772182889,0.141805208675251,0.696472248418524,TRUE,TRUE
"48-59",97.8,-0.672695593397152,0.265935176748272,0.48966892305182,0.140550015266038,0.696971536767546,TRUE,TRUE
"48-59",97.9,-0.67278798183477,0.266728472476347,0.489716069564758,0.139292174871149,0.697470288920101,TRUE,TRUE
"48-59",98,-0.672880370272388,0.267522244750721,0.489763211722103,0.138031688470589,0.697968502287268,TRUE,TRUE
"48-59",98.1,-0.672972758710006,0.268316489342029,0.48981034952426,0.136768556988755,0.698466174326823,TRUE,TRUE
"48-59",98.2,-0.673065147147623,0.269111202068339,0.48985748297163,0.135502781295086,0.698963302542593,TRUE,TRUE
"48-59",98.3,-0.673157535585241,0.269906378794517,0.489904612064616,0.134234362204708,0.699459884483804,TRUE,TRUE
"48-59",98.4,-0.673249924022859,0.270702015431619,0.489951736803619,0.132963300479067,0.699955917744444,TRUE,TRUE
"48-59",98.5,-0.673342312460477,0.271498107936279,0.489998857189042,0.131689596826552,0.700451399962639,TRUE,TRUE
"48-59",98.6,-0.673434700898095,0.272294652310115,0.490045973221288,0.130413251903112,0.700946328820033,TRUE,TRUE
"48-59",98.7,-0.673527089335713,0.273091644599138,0.490093084900759,0.129134266312862,0.701440702041179,TRUE,TRUE
"48-59",98.8,-0.673619477773331,0.273889080893169,0.490140192227855,0.127852640608679,0.701934517392939,TRUE,TRUE
"48-59",98.9,-0.673711866210949,0.274686957325273,0.490187295202981,0.126568375292787,0.702427772683892,TRUE,TRUE
"48-59",99,-0.673804254648566,0.275485270071189,0.490234393826537,0.125281470817341,0.702920465763755,TRUE,TRUE
"48-59",99.1,-0.673896643086184,0.276284015348777,0.490281488098926,0.123991927584995,0.703412594522805,TRUE,TRUE
"48-59",99.2,-0.673989031523802,0.277083189417472,0.49032857802055,0.122699745949463,0.703904156891318,TRUE,TRUE
"48-59",99.3,-0.67408141996142,0.277882788577742,0.490375663591811,0.121404926216075,0.704395150839009,TRUE,TRUE
"48-59",99.4,-0.674173808399038,0.278682809170558,0.49042274481311,0.120107468642321,0.704885574374482,TRUE,TRUE
"48-59",99.5,-0.674266196836656,0.279483247576869,0.490469821684849,0.118807373438388,0.705375425544693,TRUE,TRUE
"48-59",99.6,-0.674358585274274,0.280284100217085,0.490516894207431,0.117504640767693,0.705864702434416,TRUE,TRUE
"48-59",99.7,-0.674450973711892,0.281085363550571,0.490563962381257,0.116199270747396,0.706353403165716,TRUE,TRUE
"48-59",99.8,-0.67454336214951,0.281887034075142,0.490611026206729,0.114891263448926,0.706841525897435,TRUE,TRUE
"48-59",99.9,-0.674635750587127,0.282689108326572,0.490658085684248,0.113580618898475,0.707329068824679,TRUE,TRUE
"48-59",100,-0.674728139024745,0.283491582878103,0.490705140814216,0.112267337077506,0.707816030178318,TRUE,TRUE
