REF_AREA,Geographic area,INDICATOR,Indicator,SEX,Sex,WEALTH_QUINTILE,Wealth Quintile,SERIES_NAME,Series Name,SERIES_YEAR,Series Year,REF_AREA_PARENT,Parent reference area,ADMIN_LEVEL,Administrative level,REGIONAL_GROUP,Regional group,UNIT_MEASURE,Unit of measure,TIME_PERIOD,OBS_VALUE,CONNECTION,COUNTRY_NOTES,DEATH_CATEGORY,CATEGORY,SERIES_TYPE,Series Type,SERIES_CATEGORY,Series Category,OBS_STATUS,Observation Status,DEFINITION,YEAR_TO_ACHIEVE,STATUS,MODEL,Model Used,SERIES_METHOD,Series Method,INTERVAL,TIME_SINCE_FIRST_BIRTH,Time Since First Birth,AGE_GROUP_OF_WOMEN,Age Group of Women,REF_DATE,LOWER_BOUND,UPPER_BOUND,STD_ERR
NGA-1_1,Abia,MRY0T4,Under-five mortality rate,_T,Total,_T,Total,UN_IGME,UN IGME estimate,2021,2021,NGA,Nigeria,1,Administrative level 1,,,D_PER_1000_B,"Deaths per 1,000 live births",2000-01,157.857961113688,,,,,,,,,A,Normal value,,,,,,,,1,,,,,2000,133.609390330365,182.349233392593,
NGA-1_1,Abia,MRY0T4,Under-five mortality rate,_T,Total,_T,Total,UN_IGME,UN IGME estimate,2021,2021,NGA,Nigeria,1,Administrative level 1,,,D_PER_1000_B,"Deaths per 1,000 live births",2001-01,155.471493541578,,,,,,,,,A,Normal value,,,,,,,,1,,,,,2001,133.865717817648,179.401494127077,
NGA-1_1,Abia,MRY0T4,Under-five mortality rate,_T,Total,_T,Total,UN_IGME,UN IGME estimate,2021,2021,NGA,Nigeria,1,Administrative level 1,,,D_PER_1000_B,"Deaths per 1,000 live births",2002-01,151.560064681074,,,,,,,,,A,Normal value,,,,,,,,1,,,,,2002,131.523712378901,172.307386619553,
NGA-1_1,Abia,MRY0T4,Under-five mortality rate,_T,Total,_T,Total,UN_IGME,UN IGME estimate,2021,2021,NGA,Nigeria,1,Administrative level 1,,,D_PER_1000_B,"Deaths per 1,000 live births",2003-01,149.421878388565,,,,,,,,,A,Normal value,,,,,,,,1,,,,,2003,131.521295073486,167.770403209708,
NGA-1_1,Abia,MRY0T4,Under-five mortality rate,_T,Total,_T,Total,UN_IGME,UN IGME estimate,2021,2021,NGA,Nigeria,1,Administrative level 1,,,D_PER_1000_B,"Deaths per 1,000 live births",2004-01,148.167459492655,,,,,,,,,A,Normal value,,,,,,,,1,,,,,2004,131.230915931132,165.544611766146,
NGA-1_1,Abia,MRY0T4,Under-five mortality rate,_T,Total,_T,Total,UN_IGME,UN IGME estimate,2021,2021,NGA,Nigeria,1,Administrative level 1,,,D_PER_1000_B,"Deaths per 1,000 live births",2005-01,147.181408052214,,,,,,,,,A,Normal value,,,,,,,,1,,,,,2005,132.150287857155,163.661542232287,
NGA-1_1,Abia,MRY0T4,Under-five mortality rate,_T,Total,_T,Total,UN_IGME,UN IGME estimate,2021,2021,NGA,Nigeria,1,Administrative level 1,,,D_PER_1000_B,"Deaths per 1,000 live births",2006-01,142.820801147378,,,,,,,,,A,Normal value,,,,,,,,1,,,,,2006,128.628347238142,158.777686774674,
NGA-1_1,Abia,MRY0T4,Under-five mortality rate,_T,Total,_T,Total,UN_IGME,UN IGME estimate,2021,2021,NGA,Nigeria,1,Administrative level 1,,,D_PER_1000_B,"Deaths per 1,000 live births",2007-01,138.812243602956,,,,,,,,,A,Normal value,,,,,,,,1,,,,,2007,125.580174802701,154.764277769306,
NGA-1_1,Abia,MRY0T4,Under-five mortality rate,_T,Total,_T,Total,UN_IGME,UN IGME estimate,2021,2021,NGA,Nigeria,1,Administrative level 1,,,D_PER_1000_B,"Deaths per 1,000 live births",2008-01,138.57940457605,,,,,,,,,A,Normal value,,,,,,,,1,,,,,2008,125.109762783602,154.297093776387,
NGA-1_1,Abia,MRY0T4,Under-five mortality rate,_T,Total,_T,Total,UN_IGME,UN IGME estimate,2021,2021,NGA,Nigeria,1,Administrative level 1,,,D_PER_1000_B,"Deaths per 1,000 live births",2009-01,135.645983008208,,,,,,,,,A,Normal value,,,,,,,,1,,,,,2009,122.521393173885,150.363735454385,
NGA-1_1,Abia,MRY0T4,Under-five mortality rate,_T,Total,_T,Total,UN_IGME,UN IGME estimate,2021,2021,NGA,Nigeria,1,Administrative level 1,,,D_PER_1000_B,"Deaths per 1,000 live births",2010-01,135.071435106676,,,,,,,,,A,Normal value,,,,,,,,1,,,,,2010,121.015770531532,150.118199648699,
NGA-1_1,Abia,MRY0T4,Under-five mortality rate,_T,Total,_T,Total,UN_IGME,UN IGME estimate,2021,2021,NGA,Nigeria,1,Administrative level 1,,,D_PER_1000_B,"Deaths per 1,000 live births",2011-01,130.720531077972,,,,,,,,,A,Normal value,,,,,,,,1,,,,,2011,116.767857409625,146.356628160539,
NGA-1_1,Abia,MRY0T4,Under-five mortality rate,_T,Total,_T,Total,UN_IGME,UN IGME estimate,2021,2021,NGA,Nigeria,1,Administrative level 1,,,D_PER_1000_B,"Deaths per 1,000 live births",2012-01,128.118242190422,,,,,,,,,A,Normal value,,,,,,,,1,,,,,2012,113.790683422437,143.920476981191,
NGA-1_1,Abia,MRY0T4,Under-five mortality rate,_T,Total,_T,Total,UN_IGME,UN IGME estimate,2021,2021,NGA,Nigeria,1,Administrative level 1,,,D_PER_1000_B,"Deaths per 1,000 live births",2013-01,120.502313541124,,,,,,,,,A,Normal value,,,,,,,,1,,,,,2013,106.509492466963,136.650457217902,
NGA-1_1,Abia,MRY0T4,Under-five mortality rate,_T,Total,_T,Total,UN_IGME,UN IGME estimate,2021,2021,NGA,Nigeria,1,Administrative level 1,,,D_PER_1000_B,"Deaths per 1,000 live births",2014-01,113.686051218711,,,,,,,,,A,Normal value,,,,,,,,1,,,,,2014,99.2014508885173,130.447259923256,
NGA-1_1,Abia,MRY0T4,Under-five mortality rate,_T,Total,_T,Total,UN_IGME,UN IGME estimate,2021,2021,NGA,Nigeria,1,Administrative level 1,,,D_PER_1000_B,"Deaths per 1,000 live births",2015-01,108.442817612909,,,,,,,,,A,Normal value,,,,,,,,1,,,,,2015,94.269039663956,125.021096292344,
NGA-1_1,Abia,MRY0T4,Under-five mortality rate,_T,Total,_T,Total,UN_IGME,UN IGME estimate,2021,2021,NGA,Nigeria,1,Administrative level 1,,,D_PER_1000_B,"Deaths per 1,000 live births",2016-01,104.704003190207,,,,,,,,,A,Normal value,,,,,,,,1,,,,,2016,89.3837212353348,121.063560960724,
NGA-1_1,Abia,MRY0T4,Under-five mortality rate,_T,Total,_T,Total,UN_IGME,UN IGME estimate,2021,2021,NGA,Nigeria,1,Administrative level 1,,,D_PER_1000_B,"Deaths per 1,000 live births",2017-01,101.391366776954,,,,,,,,,A,Normal value,,,,,,,,1,,,,,2017,85.4954181024301,119.959467407491,
NGA-1_1,Abia,MRY0T4,Under-five mortality rate,_T,Total,_T,Total,UN_IGME,UN IGME estimate,2021,2021,NGA,Nigeria,1,Administrative level 1,,,D_PER_1000_B,"Deaths per 1,000 live births",2018-01,99.3556495015435,,,,,,,,,A,Normal value,,,,,,,,1,,,,,2018,82.7651304807708,120.005681311164,
NGA-1_1,Abia,MRY0T4,Under-five mortality rate,_T,Total,_T,Total,UN_IGME,UN IGME estimate,2021,2021,NGA,Nigeria,1,Administrative level 1,,,D_PER_1000_B,"Deaths per 1,000 live births",2019-01,97.2131299363272,,,,,,,,,A,Normal value,,,,,,,,1,,,,,2019,79.3415276827813,119.334056568566,
NGA-1_1,Abia,MRY0T4,Under-five mortality rate,_T,Total,_T,Total,UN_IGME,UN IGME estimate,2021,2021,NGA,Nigeria,1,Administrative level 1,,,D_PER_1000_B,"Deaths per 1,000 live births",2020-01,94.9166161584195,,,,,,,,,A,Normal value,,,,,,,,1,,,,,2020,76.5502806782176,118.962217440573,
NGA-1_1,Abia,MRY0T4,Under-five mortality rate,_T,Total,_T,Total,UN_IGME,UN IGME estimate,2021,2021,NGA,Nigeria,1,Administrative level 1,,,D_PER_1000_B,"Deaths per 1,000 live births",2021-01,92.9703108978643,,,,,,,,,A,Normal value,,,,,,,,1,,,,,2021,72.7492604968038,119.094013688815,
NGA-17_1,Imo,MRM0,Neonatal mortality rate,_T,Total,_T,Total,UN_IGME,UN IGME estimate,2021,2021,NGA,Nigeria,1,Administrative level 1,,,D_PER_1000_B,"Deaths per 1,000 live births",2000-01,40.8854537792312,,,,,,,,,A,Normal value,,,,,,,,1,,,,,2000,32.8699271786443,51.4745416645254,
NGA-17_1,Imo,MRM0,Neonatal mortality rate,_T,Total,_T,Total,UN_IGME,UN IGME estimate,2021,2021,NGA,Nigeria,1,Administrative level 1,,,D_PER_1000_B,"Deaths per 1,000 live births",2001-01,40.6837800456448,,,,,,,,,A,Normal value,,,,,,,,1,,,,,2001,33.258681342832,50.0657821279814,
NGA-17_1,Imo,MRM0,Neonatal mortality rate,_T,Total,_T,Total,UN_IGME,UN IGME estimate,2021,2021,NGA,Nigeria,1,Administrative level 1,,,D_PER_1000_B,"Deaths per 1,000 live births",2002-01,39.7675488955489,,,,,,,,,A,Normal value,,,,,,,,1,,,,,2002,32.8441195289404,48.9096129043738,
NGA-17_1,Imo,MRM0,Neonatal mortality rate,_T,Total,_T,Total,UN_IGME,UN IGME estimate,2021,2021,NGA,Nigeria,1,Administrative level 1,,,D_PER_1000_B,"Deaths per 1,000 live births",2003-01,38.5877144198931,,,,,,,,,A,Normal value,,,,,,,,1,,,,,2003,32.3993569292407,47.1158934644794,
NGA-17_1,Imo,MRM0,Neonatal mortality rate,_T,Total,_T,Total,UN_IGME,UN IGME estimate,2021,2021,NGA,Nigeria,1,Administrative level 1,,,D_PER_1000_B,"Deaths per 1,000 live births",2004-01,37.631415894813,,,,,,,,,A,Normal value,,,,,,,,1,,,,,2004,31.6484217132488,45.6207928906933,
NGA-17_1,Imo,MRM0,Neonatal mortality rate,_T,Total,_T,Total,UN_IGME,UN IGME estimate,2021,2021,NGA,Nigeria,1,Administrative level 1,,,D_PER_1000_B,"Deaths per 1,000 live births",2005-01,36.9947740633109,,,,,,,,,A,Normal value,,,,,,,,1,,,,,2005,31.1873213293083,44.1678771331252,
NGA-17_1,Imo,MRM0,Neonatal mortality rate,_T,Total,_T,Total,UN_IGME,UN IGME estimate,2021,2021,NGA,Nigeria,1,Administrative level 1,,,D_PER_1000_B,"Deaths per 1,000 live births",2006-01,35.9205904502403,,,,,,,,,A,Normal value,,,,,,,,1,,,,,2006,30.2942909381583,42.5410295175529,
NGA-17_1,Imo,MRM0,Neonatal mortality rate,_T,Total,_T,Total,UN_IGME,UN IGME estimate,2021,2021,NGA,Nigeria,1,Administrative level 1,,,D_PER_1000_B,"Deaths per 1,000 live births",2007-01,35.7302421899466,,,,,,,,,A,Normal value,,,,,,,,1,,,,,2007,30.120808211876,42.6981262219111,
NGA-17_1,Imo,MRM0,Neonatal mortality rate,_T,Total,_T,Total,UN_IGME,UN IGME estimate,2021,2021,NGA,Nigeria,1,Administrative level 1,,,D_PER_1000_B,"Deaths per 1,000 live births",2008-01,34.316803144537,,,,,,,,,A,Normal value,,,,,,,,1,,,,,2008,28.8005299217153,40.4985064655337,
NGA-17_1,Imo,MRM0,Neonatal mortality rate,_T,Total,_T,Total,UN_IGME,UN IGME estimate,2021,2021,NGA,Nigeria,1,Administrative level 1,,,D_PER_1000_B,"Deaths per 1,000 live births",2009-01,33.7755419717931,,,,,,,,,A,Normal value,,,,,,,,1,,,,,2009,28.0441678379706,40.3475864121019,
NGA-17_1,Imo,MRM0,Neonatal mortality rate,_T,Total,_T,Total,UN_IGME,UN IGME estimate,2021,2021,NGA,Nigeria,1,Administrative level 1,,,D_PER_1000_B,"Deaths per 1,000 live births",2010-01,33.4042577093835,,,,,,,,,A,Normal value,,,,,,,,1,,,,,2010,28.0557712558112,39.9201683632593,
NGA-17_1,Imo,MRM0,Neonatal mortality rate,_T,Total,_T,Total,UN_IGME,UN IGME estimate,2021,2021,NGA,Nigeria,1,Administrative level 1,,,D_PER_1000_B,"Deaths per 1,000 live births",2011-01,33.3267302001284,,,,,,,,,A,Normal value,,,,,,,,1,,,,,2011,27.8021136619987,39.8848632697189,
NGA-17_1,Imo,MRM0,Neonatal mortality rate,_T,Total,_T,Total,UN_IGME,UN IGME estimate,2021,2021,NGA,Nigeria,1,Administrative level 1,,,D_PER_1000_B,"Deaths per 1,000 live births",2012-01,33.8134068120399,,,,,,,,,A,Normal value,,,,,,,,1,,,,,2012,28.4303595049029,40.7047427601078,
NGA-17_1,Imo,MRM0,Neonatal mortality rate,_T,Total,_T,Total,UN_IGME,UN IGME estimate,2021,2021,NGA,Nigeria,1,Administrative level 1,,,D_PER_1000_B,"Deaths per 1,000 live births",2013-01,33.7352601550472,,,,,,,,,A,Normal value,,,,,,,,1,,,,,2013,28.0759339328938,40.8596524124468,
NGA-17_1,Imo,MRM0,Neonatal mortality rate,_T,Total,_T,Total,UN_IGME,UN IGME estimate,2021,2021,NGA,Nigeria,1,Administrative level 1,,,D_PER_1000_B,"Deaths per 1,000 live births",2014-01,34.0671066423993,,,,,,,,,A,Normal value,,,,,,,,1,,,,,2014,28.2188892864795,41.3755060702695,
NGA-17_1,Imo,MRM0,Neonatal mortality rate,_T,Total,_T,Total,UN_IGME,UN IGME estimate,2021,2021,NGA,Nigeria,1,Administrative level 1,,,D_PER_1000_B,"Deaths per 1,000 live births",2015-01,33.6740510222445,,,,,,,,,A,Normal value,,,,,,,,1,,,,,2015,27.6983909772742,41.3713210751718,
NGA-17_1,Imo,MRM0,Neonatal mortality rate,_T,Total,_T,Total,UN_IGME,UN IGME estimate,2021,2021,NGA,Nigeria,1,Administrative level 1,,,D_PER_1000_B,"Deaths per 1,000 live births",2016-01,33.4392614555918,,,,,,,,,A,Normal value,,,,,,,,1,,,,,2016,27.381154012295,40.9276905885491,
NGA-17_1,Imo,MRM0,Neonatal mortality rate,_T,Total,_T,Total,UN_IGME,UN IGME estimate,2021,2021,NGA,Nigeria,1,Administrative level 1,,,D_PER_1000_B,"Deaths per 1,000 live births",2017-01,33.200360300312,,,,,,,,,A,Normal value,,,,,,,,1,,,,,2017,26.8410603276741,41.4475005203866,
NGA-17_1,Imo,MRM0,Neonatal mortality rate,_T,Total,_T,Total,UN_IGME,UN IGME estimate,2021,2021,NGA,Nigeria,1,Administrative level 1,,,D_PER_1000_B,"Deaths per 1,000 live births",2018-01,32.8417295550432,,,,,,,,,A,Normal value,,,,,,,,1,,,,,2018,26.29320415359,41.6043822847777,
NGA-17_1,Imo,MRM0,Neonatal mortality rate,_T,Total,_T,Total,UN_IGME,UN IGME estimate,2021,2021,NGA,Nigeria,1,Administrative level 1,,,D_PER_1000_B,"Deaths per 1,000 live births",2019-01,32.3138997416467,,,,,,,,,A,Normal value,,,,,,,,1,,,,,2019,25.6680661907557,41.4361251842772,
NGA-17_1,Imo,MRM0,Neonatal mortality rate,_T,Total,_T,Total,UN_IGME,UN IGME estimate,2021,2021,NGA,Nigeria,1,Administrative level 1,,,D_PER_1000_B,"Deaths per 1,000 live births",2020-01,31.8242762817802,,,,,,,,,A,Normal value,,,,,,,,1,,,,,2020,24.9533858857527,41.9882416821414,
NGA-17_1,Imo,MRM0,Neonatal mortality rate,_T,Total,_T,Total,UN_IGME,UN IGME estimate,2021,2021,NGA,Nigeria,1,Administrative level 1,,,D_PER_1000_B,"Deaths per 1,000 live births",2021-01,31.3525296202813,,,,,,,,,A,Normal value,,,,,,,,1,,,,,2021,24.0739113930302,41.746234186935,
NGA-36_1,Yobe,MRY0T4,Under-five mortality rate,_T,Total,_T,Total,UN_IGME,UN IGME estimate,2021,2021,NGA,Nigeria,1,Administrative level 1,,,D_PER_1000_B,"Deaths per 1,000 live births",2000-01,238.046872833527,,,,,,,,,A,Normal value,,,,,,,,1,,,,,2000,209.488369538418,271.051394126821,
NGA-36_1,Yobe,MRY0T4,Under-five mortality rate,_T,Total,_T,Total,UN_IGME,UN IGME estimate,2021,2021,NGA,Nigeria,1,Administrative level 1,,,D_PER_1000_B,"Deaths per 1,000 live births",2001-01,228.815834822022,,,,,,,,,A,Normal value,,,,,,,,1,,,,,2001,204.287335513285,255.412528771758,
NGA-36_1,Yobe,MRY0T4,Under-five mortality rate,_T,Total,_T,Total,UN_IGME,UN IGME estimate,2021,2021,NGA,Nigeria,1,Administrative level 1,,,D_PER_1000_B,"Deaths per 1,000 live births",2002-01,228.320287794138,,,,,,,,,A,Normal value,,,,,,,,1,,,,,2002,205.910939818294,252.123787292513,
NGA-36_1,Yobe,MRY0T4,Under-five mortality rate,_T,Total,_T,Total,UN_IGME,UN IGME estimate,2021,2021,NGA,Nigeria,1,Administrative level 1,,,D_PER_1000_B,"Deaths per 1,000 live births",2003-01,219.336870721058,,,,,,,,,A,Normal value,,,,,,,,1,,,,,2003,198.802239806189,243.117739947598,
NGA-36_1,Yobe,MRY0T4,Under-five mortality rate,_T,Total,_T,Total,UN_IGME,UN IGME estimate,2021,2021,NGA,Nigeria,1,Administrative level 1,,,D_PER_1000_B,"Deaths per 1,000 live births",2004-01,210.506044818439,,,,,,,,,A,Normal value,,,,,,,,1,,,,,2004,191.715164807085,230.298765583559,
NGA-36_1,Yobe,MRY0T4,Under-five mortality rate,_T,Total,_T,Total,UN_IGME,UN IGME estimate,2021,2021,NGA,Nigeria,1,Administrative level 1,,,D_PER_1000_B,"Deaths per 1,000 live births",2005-01,201.58845173723,,,,,,,,,A,Normal value,,,,,,,,1,,,,,2005,185.557805586561,220.978760207558,
NGA-36_1,Yobe,MRY0T4,Under-five mortality rate,_T,Total,_T,Total,UN_IGME,UN IGME estimate,2021,2021,NGA,Nigeria,1,Administrative level 1,,,D_PER_1000_B,"Deaths per 1,000 live births",2006-01,194.90884872866,,,,,,,,,A,Normal value,,,,,,,,1,,,,,2006,178.370936589512,213.925613546099,
NGA-36_1,Yobe,MRY0T4,Under-five mortality rate,_T,Total,_T,Total,UN_IGME,UN IGME estimate,2021,2021,NGA,Nigeria,1,Administrative level 1,,,D_PER_1000_B,"Deaths per 1,000 live births",2007-01,192.036180026363,,,,,,,,,A,Normal value,,,,,,,,1,,,,,2007,175.372744861359,210.517371565381,
NGA-36_1,Yobe,MRY0T4,Under-five mortality rate,_T,Total,_T,Total,UN_IGME,UN IGME estimate,2021,2021,NGA,Nigeria,1,Administrative level 1,,,D_PER_1000_B,"Deaths per 1,000 live births",2008-01,192.207512864223,,,,,,,,,A,Normal value,,,,,,,,1,,,,,2008,174.32863500539,209.564163126404,
NGA-36_1,Yobe,MRY0T4,Under-five mortality rate,_T,Total,_T,Total,UN_IGME,UN IGME estimate,2021,2021,NGA,Nigeria,1,Administrative level 1,,,D_PER_1000_B,"Deaths per 1,000 live births",2009-01,188.644632034574,,,,,,,,,A,Normal value,,,,,,,,1,,,,,2009,171.353195383314,206.310222112971,
NGA-36_1,Yobe,MRY0T4,Under-five mortality rate,_T,Total,_T,Total,UN_IGME,UN IGME estimate,2021,2021,NGA,Nigeria,1,Administrative level 1,,,D_PER_1000_B,"Deaths per 1,000 live births",2010-01,181.604722620718,,,,,,,,,A,Normal value,,,,,,,,1,,,,,2010,164.676403730426,197.530621367694,
NGA-36_1,Yobe,MRY0T4,Under-five mortality rate,_T,Total,_T,Total,UN_IGME,UN IGME estimate,2021,2021,NGA,Nigeria,1,Administrative level 1,,,D_PER_1000_B,"Deaths per 1,000 live births",2011-01,175.574606589215,,,,,,,,,A,Normal value,,,,,,,,1,,,,,2011,159.303757029287,192.785195829958,
NGA-36_1,Yobe,MRY0T4,Under-five mortality rate,_T,Total,_T,Total,UN_IGME,UN IGME estimate,2021,2021,NGA,Nigeria,1,Administrative level 1,,,D_PER_1000_B,"Deaths per 1,000 live births",2012-01,170.401560798645,,,,,,,,,A,Normal value,,,,,,,,1,,,,,2012,156.008095069734,186.120072237347,
NGA-36_1,Yobe,MRY0T4,Under-five mortality rate,_T,Total,_T,Total,UN_IGME,UN IGME estimate,2021,2021,NGA,Nigeria,1,Administrative level 1,,,D_PER_1000_B,"Deaths per 1,000 live births",2013-01,169.201941671985,,,,,,,,,A,Normal value,,,,,,,,1,,,,,2013,153.373269432963,186.073275013978,
NGA-36_1,Yobe,MRY0T4,Under-five mortality rate,_T,Total,_T,Total,UN_IGME,UN IGME estimate,2021,2021,NGA,Nigeria,1,Administrative level 1,,,D_PER_1000_B,"Deaths per 1,000 live births",2014-01,167.639343303916,,,,,,,,,A,Normal value,,,,,,,,1,,,,,2014,151.155139402671,185.181417282224,
NGA-36_1,Yobe,MRY0T4,Under-five mortality rate,_T,Total,_T,Total,UN_IGME,UN IGME estimate,2021,2021,NGA,Nigeria,1,Administrative level 1,,,D_PER_1000_B,"Deaths per 1,000 live births",2015-01,162.718557890343,,,,,,,,,A,Normal value,,,,,,,,1,,,,,2015,144.605578200964,180.81167977865,
NGA-36_1,Yobe,MRY0T4,Under-five mortality rate,_T,Total,_T,Total,UN_IGME,UN IGME estimate,2021,2021,NGA,Nigeria,1,Administrative level 1,,,D_PER_1000_B,"Deaths per 1,000 live births",2016-01,155.11434871458,,,,,,,,,A,Normal value,,,,,,,,1,,,,,2016,136.197228682674,173.638318286962,
NGA-36_1,Yobe,MRY0T4,Under-five mortality rate,_T,Total,_T,Total,UN_IGME,UN IGME estimate,2021,2021,NGA,Nigeria,1,Administrative level 1,,,D_PER_1000_B,"Deaths per 1,000 live births",2017-01,149.742013742965,,,,,,,,,A,Normal value,,,,,,,,1,,,,,2017,131.09146402789,170.687062344762,
NGA-36_1,Yobe,MRY0T4,Under-five mortality rate,_T,Total,_T,Total,UN_IGME,UN IGME estimate,2021,2021,NGA,Nigeria,1,Administrative level 1,,,D_PER_1000_B,"Deaths per 1,000 live births",2018-01,144.097758253412,,,,,,,,,A,Normal value,,,,,,,,1,,,,,2018,123.087555233016,165.07182672493,
NGA-36_1,Yobe,MRY0T4,Under-five mortality rate,_T,Total,_T,Total,UN_IGME,UN IGME estimate,2021,2021,NGA,Nigeria,1,Administrative level 1,,,D_PER_1000_B,"Deaths per 1,000 live births",2019-01,140.968341898043,,,,,,,,,A,Normal value,,,,,,,,1,,,,,2019,116.776783641066,167.127268742335,
NGA-36_1,Yobe,MRY0T4,Under-five mortality rate,_T,Total,_T,Total,UN_IGME,UN IGME estimate,2021,2021,NGA,Nigeria,1,Administrative level 1,,,D_PER_1000_B,"Deaths per 1,000 live births",2020-01,136.92460200901,,,,,,,,,A,Normal value,,,,,,,,1,,,,,2020,110.774477546097,164.225239215076,
NGA-36_1,Yobe,MRY0T4,Under-five mortality rate,_T,Total,_T,Total,UN_IGME,UN IGME estimate,2021,2021,NGA,Nigeria,1,Administrative level 1,,,D_PER_1000_B,"Deaths per 1,000 live births",2021-01,132.915121272128,,,,,,,,,A,Normal value,,,,,,,,1,,,,,2021,106.324236429687,161.143613081715,
NGA-14_1,Enugu,MRY0T4,Under-five mortality rate,_T,Total,_T,Total,UN_IGME,UN IGME estimate,2021,2021,NGA,Nigeria,1,Administrative level 1,,,D_PER_1000_B,"Deaths per 1,000 live births",2000-01,114.818317447246,,,,,,,,,A,Normal value,,,,,,,,1,,,,,2000,97.2201001908288,137.044857103824,
NGA-14_1,Enugu,MRY0T4,Under-five mortality rate,_T,Total,_T,Total,UN_IGME,UN IGME estimate,2021,2021,NGA,Nigeria,1,Administrative level 1,,,D_PER_1000_B,"Deaths per 1,000 live births",2001-01,112.371022288347,,,,,,,,,A,Normal value,,,,,,,,1,,,,,2001,96.1253539844628,131.464253060182,
NGA-14_1,Enugu,MRY0T4,Under-five mortality rate,_T,Total,_T,Total,UN_IGME,UN IGME estimate,2021,2021,NGA,Nigeria,1,Administrative level 1,,,D_PER_1000_B,"Deaths per 1,000 live births",2002-01,111.105456717054,,,,,,,,,A,Normal value,,,,,,,,1,,,,,2002,95.4590435058266,128.280928379706,
NGA-14_1,Enugu,MRY0T4,Under-five mortality rate,_T,Total,_T,Total,UN_IGME,UN IGME estimate,2021,2021,NGA,Nigeria,1,Administrative level 1,,,D_PER_1000_B,"Deaths per 1,000 live births",2003-01,109.706067233838,,,,,,,,,A,Normal value,,,,,,,,1,,,,,2003,95.7196075757255,125.498238567531,
NGA-14_1,Enugu,MRY0T4,Under-five mortality rate,_T,Total,_T,Total,UN_IGME,UN IGME estimate,2021,2021,NGA,Nigeria,1,Administrative level 1,,,D_PER_1000_B,"Deaths per 1,000 live births",2004-01,108.379613546321,,,,,,,,,A,Normal value,,,,,,,,1,,,,,2004,94.7492587801209,123.24013621839,
NGA-14_1,Enugu,MRY0T4,Under-five mortality rate,_T,Total,_T,Total,UN_IGME,UN IGME estimate,2021,2021,NGA,Nigeria,1,Administrative level 1,,,D_PER_1000_B,"Deaths per 1,000 live births",2005-01,107.601995685001,,,,,,,,,A,Normal value,,,,,,,,1,,,,,2005,94.1941485842162,121.064073731979,
NGA-14_1,Enugu,MRY0T4,Under-five mortality rate,_T,Total,_T,Total,UN_IGME,UN IGME estimate,2021,2021,NGA,Nigeria,1,Administrative level 1,,,D_PER_1000_B,"Deaths per 1,000 live births",2006-01,105.401121894393,,,,,,,,,A,Normal value,,,,,,,,1,,,,,2006,92.5371770062914,117.895230884564,
NGA-14_1,Enugu,MRY0T4,Under-five mortality rate,_T,Total,_T,Total,UN_IGME,UN IGME estimate,2021,2021,NGA,Nigeria,1,Administrative level 1,,,D_PER_1000_B,"Deaths per 1,000 live births",2007-01,103.132323176572,,,,,,,,,A,Normal value,,,,,,,,1,,,,,2007,90.8253973240922,115.565012874655,
NGA-14_1,Enugu,MRY0T4,Under-five mortality rate,_T,Total,_T,Total,UN_IGME,UN IGME estimate,2021,2021,NGA,Nigeria,1,Administrative level 1,,,D_PER_1000_B,"Deaths per 1,000 live births",2008-01,103.96061959864,,,,,,,,,A,Normal value,,,,,,,,1,,,,,2008,91.803657167007,116.815245122082,
NGA-14_1,Enugu,MRY0T4,Under-five mortality rate,_T,Total,_T,Total,UN_IGME,UN IGME estimate,2021,2021,NGA,Nigeria,1,Administrative level 1,,,D_PER_1000_B,"Deaths per 1,000 live births",2009-01,102.127376822671,,,,,,,,,A,Normal value,,,,,,,,1,,,,,2009,90.7273993769937,115.345221569337,
NGA-14_1,Enugu,MRY0T4,Under-five mortality rate,_T,Total,_T,Total,UN_IGME,UN IGME estimate,2021,2021,NGA,Nigeria,1,Administrative level 1,,,D_PER_1000_B,"Deaths per 1,000 live births",2010-01,101.318620675052,,,,,,,,,A,Normal value,,,,,,,,1,,,,,2010,90.0561808780905,115.265118730187,
NGA-14_1,Enugu,MRY0T4,Under-five mortality rate,_T,Total,_T,Total,UN_IGME,UN IGME estimate,2021,2021,NGA,Nigeria,1,Administrative level 1,,,D_PER_1000_B,"Deaths per 1,000 live births",2011-01,99.9218450731269,,,,,,,,,A,Normal value,,,,,,,,1,,,,,2011,87.790512693474,113.314645248615,
NGA-14_1,Enugu,MRY0T4,Under-five mortality rate,_T,Total,_T,Total,UN_IGME,UN IGME estimate,2021,2021,NGA,Nigeria,1,Administrative level 1,,,D_PER_1000_B,"Deaths per 1,000 live births",2012-01,97.7161242811564,,,,,,,,,A,Normal value,,,,,,,,1,,,,,2012,84.7771629521691,111.488092827111,
NGA-14_1,Enugu,MRY0T4,Under-five mortality rate,_T,Total,_T,Total,UN_IGME,UN IGME estimate,2021,2021,NGA,Nigeria,1,Administrative level 1,,,D_PER_1000_B,"Deaths per 1,000 live births",2013-01,93.1597608883617,,,,,,,,,A,Normal value,,,,,,,,1,,,,,2013,80.0297281557789,107.415147303917,
NGA-14_1,Enugu,MRY0T4,Under-five mortality rate,_T,Total,_T,Total,UN_IGME,UN IGME estimate,2021,2021,NGA,Nigeria,1,Administrative level 1,,,D_PER_1000_B,"Deaths per 1,000 live births",2014-01,89.7097835343313,,,,,,,,,A,Normal value,,,,,,,,1,,,,,2014,76.9579503983101,104.253129494935,
NGA-14_1,Enugu,MRY0T4,Under-five mortality rate,_T,Total,_T,Total,UN_IGME,UN IGME estimate,2021,2021,NGA,Nigeria,1,Administrative level 1,,,D_PER_1000_B,"Deaths per 1,000 live births",2015-01,86.7464748496793,,,,,,,,,A,Normal value,,,,,,,,1,,,,,2015,73.2381484667411,101.672849878843,
NGA-14_1,Enugu,MRY0T4,Under-five mortality rate,_T,Total,_T,Total,UN_IGME,UN IGME estimate,2021,2021,NGA,Nigeria,1,Administrative level 1,,,D_PER_1000_B,"Deaths per 1,000 live births",2016-01,84.4123859983782,,,,,,,,,A,Normal value,,,,,,,,1,,,,,2016,70.5444964966234,99.9217567283982,
NGA-14_1,Enugu,MRY0T4,Under-five mortality rate,_T,Total,_T,Total,UN_IGME,UN IGME estimate,2021,2021,NGA,Nigeria,1,Administrative level 1,,,D_PER_1000_B,"Deaths per 1,000 live births",2017-01,82.6738517252184,,,,,,,,,A,Normal value,,,,,,,,1,,,,,2017,68.6224786129776,99.4777199490674,
NGA-14_1,Enugu,MRY0T4,Under-five mortality rate,_T,Total,_T,Total,UN_IGME,UN IGME estimate,2021,2021,NGA,Nigeria,1,Administrative level 1,,,D_PER_1000_B,"Deaths per 1,000 live births",2018-01,81.6891598373364,,,,,,,,,A,Normal value,,,,,,,,1,,,,,2018,66.2398009831983,99.5938138210643,
NGA-14_1,Enugu,MRY0T4,Under-five mortality rate,_T,Total,_T,Total,UN_IGME,UN IGME estimate,2021,2021,NGA,Nigeria,1,Administrative level 1,,,D_PER_1000_B,"Deaths per 1,000 live births",2019-01,80.6525396495107,,,,,,,,,A,Normal value,,,,,,,,1,,,,,2019,64.6927448871336,100.418890310754,
NGA-14_1,Enugu,MRY0T4,Under-five mortality rate,_T,Total,_T,Total,UN_IGME,UN IGME estimate,2021,2021,NGA,Nigeria,1,Administrative level 1,,,D_PER_1000_B,"Deaths per 1,000 live births",2020-01,79.2491404371016,,,,,,,,,A,Normal value,,,,,,,,1,,,,,2020,62.5616720648025,101.606562694219,
NGA-14_1,Enugu,MRY0T4,Under-five mortality rate,_T,Total,_T,Total,UN_IGME,UN IGME estimate,2021,2021,NGA,Nigeria,1,Administrative level 1,,,D_PER_1000_B,"Deaths per 1,000 live births",2021-01,77.89202408948,,,,,,,,,A,Normal value,,,,,,,,1,,,,,2021,60.8203407861257,100.845876768035,
NGA-22_1,Kebbi,MRY0T4,Under-five mortality rate,_T,Total,_T,Total,UN_IGME,UN IGME estimate,2021,2021,NGA,Nigeria,1,Administrative level 1,,,D_PER_1000_B,"Deaths per 1,000 live births",2000-01,282.697177953959,,,,,,,,,A,Normal value,,,,,,,,1,,,,,2000,253.10907806,314.083358418743,
NGA-22_1,Kebbi,MRY0T4,Under-five mortality rate,_T,Total,_T,Total,UN_IGME,UN IGME estimate,2021,2021,NGA,Nigeria,1,Administrative level 1,,,D_PER_1000_B,"Deaths per 1,000 live births",2001-01,278.088013786855,,,,,,,,,A,Normal value,,,,,,,,1,,,,,2001,252.001932441025,307.409978014317,
NGA-22_1,Kebbi,MRY0T4,Under-five mortality rate,_T,Total,_T,Total,UN_IGME,UN IGME estimate,2021,2021,NGA,Nigeria,1,Administrative level 1,,,D_PER_1000_B,"Deaths per 1,000 live births",2002-01,270.510374286694,,,,,,,,,A,Normal value,,,,,,,,1,,,,,2002,246.703772076553,296.114766834455,
NGA-22_1,Kebbi,MRY0T4,Under-five mortality rate,_T,Total,_T,Total,UN_IGME,UN IGME estimate,2021,2021,NGA,Nigeria,1,Administrative level 1,,,D_PER_1000_B,"Deaths per 1,000 live births",2003-01,271.075374122282,,,,,,,,,A,Normal value,,,,,,,,1,,,,,2003,246.10980234351,294.369611980265,
NGA-22_1,Kebbi,MRY0T4,Under-five mortality rate,_T,Total,_T,Total,UN_IGME,UN IGME estimate,2021,2021,NGA,Nigeria,1,Administrative level 1,,,D_PER_1000_B,"Deaths per 1,000 live births",2004-01,271.085858328811,,,,,,,,,A,Normal value,,,,,,,,1,,,,,2004,248.276702480986,293.570633972281,
NGA-22_1,Kebbi,MRY0T4,Under-five mortality rate,_T,Total,_T,Total,UN_IGME,UN IGME estimate,2021,2021,NGA,Nigeria,1,Administrative level 1,,,D_PER_1000_B,"Deaths per 1,000 live births",2005-01,270.308510730345,,,,,,,,,A,Normal value,,,,,,,,1,,,,,2005,247.583816716753,292.014404462567,
NGA-22_1,Kebbi,MRY0T4,Under-five mortality rate,_T,Total,_T,Total,UN_IGME,UN IGME estimate,2021,2021,NGA,Nigeria,1,Administrative level 1,,,D_PER_1000_B,"Deaths per 1,000 live births",2006-01,271.621261560436,,,,,,,,,A,Normal value,,,,,,,,1,,,,,2006,248.824821472224,291.888544764339,
NGA-22_1,Kebbi,MRY0T4,Under-five mortality rate,_T,Total,_T,Total,UN_IGME,UN IGME estimate,2021,2021,NGA,Nigeria,1,Administrative level 1,,,D_PER_1000_B,"Deaths per 1,000 live births",2007-01,279.802634313383,,,,,,,,,A,Normal value,,,,,,,,1,,,,,2007,259.145110107517,303.980550695736,
NGA-22_1,Kebbi,MRY0T4,Under-five mortality rate,_T,Total,_T,Total,UN_IGME,UN IGME estimate,2021,2021,NGA,Nigeria,1,Administrative level 1,,,D_PER_1000_B,"Deaths per 1,000 live births",2008-01,273.92001212831,,,,,,,,,A,Normal value,,,,,,,,1,,,,,2008,251.811786973573,296.370315677537,
NGA-22_1,Kebbi,MRY0T4,Under-five mortality rate,_T,Total,_T,Total,UN_IGME,UN IGME estimate,2021,2021,NGA,Nigeria,1,Administrative level 1,,,D_PER_1000_B,"Deaths per 1,000 live births",2009-01,273.086043610527,,,,,,,,,A,Normal value,,,,,,,,1,,,,,2009,253.319659280794,295.806265580129,
NGA-22_1,Kebbi,MRY0T4,Under-five mortality rate,_T,Total,_T,Total,UN_IGME,UN IGME estimate,2021,2021,NGA,Nigeria,1,Administrative level 1,,,D_PER_1000_B,"Deaths per 1,000 live births",2010-01,271.911155240958,,,,,,,,,A,Normal value,,,,,,,,1,,,,,2010,251.061823777475,294.073108665343,
NGA-22_1,Kebbi,MRY0T4,Under-five mortality rate,_T,Total,_T,Total,UN_IGME,UN IGME estimate,2021,2021,NGA,Nigeria,1,Administrative level 1,,,D_PER_1000_B,"Deaths per 1,000 live births",2011-01,265.851560109281,,,,,,,,,A,Normal value,,,,,,,,1,,,,,2011,244.782492620837,290.077892060775,
NGA-22_1,Kebbi,MRY0T4,Under-five mortality rate,_T,Total,_T,Total,UN_IGME,UN IGME estimate,2021,2021,NGA,Nigeria,1,Administrative level 1,,,D_PER_1000_B,"Deaths per 1,000 live births",2012-01,264.170400697432,,,,,,,,,A,Normal value,,,,,,,,1,,,,,2012,243.525488687937,285.550615066073,
NGA-22_1,Kebbi,MRY0T4,Under-five mortality rate,_T,Total,_T,Total,UN_IGME,UN IGME estimate,2021,2021,NGA,Nigeria,1,Administrative level 1,,,D_PER_1000_B,"Deaths per 1,000 live births",2013-01,271.628516953102,,,,,,,,,A,Normal value,,,,,,,,1,,,,,2013,248.895469684768,296.500073958322,
NGA-22_1,Kebbi,MRY0T4,Under-five mortality rate,_T,Total,_T,Total,UN_IGME,UN IGME estimate,2021,2021,NGA,Nigeria,1,Administrative level 1,,,D_PER_1000_B,"Deaths per 1,000 live births",2014-01,278.496792966151,,,,,,,,,A,Normal value,,,,,,,,1,,,,,2014,255.035196294204,304.423113610579,
NGA-22_1,Kebbi,MRY0T4,Under-five mortality rate,_T,Total,_T,Total,UN_IGME,UN IGME estimate,2021,2021,NGA,Nigeria,1,Administrative level 1,,,D_PER_1000_B,"Deaths per 1,000 live births",2015-01,283.043025253343,,,,,,,,,A,Normal value,,,,,,,,1,,,,,2015,257.876909121382,310.438205113717,
NGA-22_1,Kebbi,MRY0T4,Under-five mortality rate,_T,Total,_T,Total,UN_IGME,UN IGME estimate,2021,2021,NGA,Nigeria,1,Administrative level 1,,,D_PER_1000_B,"Deaths per 1,000 live births",2016-01,280.548294465865,,,,,,,,,A,Normal value,,,,,,,,1,,,,,2016,253.41873060835,307.718779514519,
NGA-22_1,Kebbi,MRY0T4,Under-five mortality rate,_T,Total,_T,Total,UN_IGME,UN IGME estimate,2021,2021,NGA,Nigeria,1,Administrative level 1,,,D_PER_1000_B,"Deaths per 1,000 live births",2017-01,277.482393364312,,,,,,,,,A,Normal value,,,,,,,,1,,,,,2017,248.386617192969,306.375519121198,
NGA-22_1,Kebbi,MRY0T4,Under-five mortality rate,_T,Total,_T,Total,UN_IGME,UN IGME estimate,2021,2021,NGA,Nigeria,1,Administrative level 1,,,D_PER_1000_B,"Deaths per 1,000 live births",2018-01,265.304037378523,,,,,,,,,A,Normal value,,,,,,,,1,,,,,2018,233.720303244129,298.872733634511,
NGA-22_1,Kebbi,MRY0T4,Under-five mortality rate,_T,Total,_T,Total,UN_IGME,UN IGME estimate,2021,2021,NGA,Nigeria,1,Administrative level 1,,,D_PER_1000_B,"Deaths per 1,000 live births",2019-01,262.858964410198,,,,,,,,,A,Normal value,,,,,,,,1,,,,,2019,222.567257351311,302.02197306989,
NGA-22_1,Kebbi,MRY0T4,Under-five mortality rate,_T,Total,_T,Total,UN_IGME,UN IGME estimate,2021,2021,NGA,Nigeria,1,Administrative level 1,,,D_PER_1000_B,"Deaths per 1,000 live births",2020-01,257.13864614008,,,,,,,,,A,Normal value,,,,,,,,1,,,,,2020,216.270735428019,301.712097992392,
NGA-22_1,Kebbi,MRY0T4,Under-five mortality rate,_T,Total,_T,Total,UN_IGME,UN IGME estimate,2021,2021,NGA,Nigeria,1,Administrative level 1,,,D_PER_1000_B,"Deaths per 1,000 live births",2021-01,252.536956850126,,,,,,,,,A,Normal value,,,,,,,,1,,,,,2021,206.009501545809,300.605845011582,
NGA-19_1,Kaduna,MRM0,Neonatal mortality rate,_T,Total,_T,Total,UN_IGME,UN IGME estimate,2021,2021,NGA,Nigeria,1,Administrative level 1,,,D_PER_1000_B,"Deaths per 1,000 live births",2000-01,43.65139173235,,,,,,,,,A,Normal value,,,,,,,,1,,,,,2000,36.429155471556,51.7443342195919,
NGA-19_1,Kaduna,MRM0,Neonatal mortality rate,_T,Total,_T,Total,UN_IGME,UN IGME estimate,2021,2021,NGA,Nigeria,1,Administrative level 1,,,D_PER_1000_B,"Deaths per 1,000 live births",2001-01,43.8421769294241,,,,,,,,,A,Normal value,,,,,,,,1,,,,,2001,36.8362807900375,51.7043755250963,
NGA-19_1,Kaduna,MRM0,Neonatal mortality rate,_T,Total,_T,Total,UN_IGME,UN IGME estimate,2021,2021,NGA,Nigeria,1,Administrative level 1,,,D_PER_1000_B,"Deaths per 1,000 live births",2002-01,43.539161047299,,,,,,,,,A,Normal value,,,,,,,,1,,,,,2002,37.4200461967211,50.7412945993229,
NGA-19_1,Kaduna,MRM0,Neonatal mortality rate,_T,Total,_T,Total,UN_IGME,UN IGME estimate,2021,2021,NGA,Nigeria,1,Administrative level 1,,,D_PER_1000_B,"Deaths per 1,000 live births",2003-01,42.990674145726,,,,,,,,,A,Normal value,,,,,,,,1,,,,,2003,37.5710458747806,49.3533832953067,
NGA-19_1,Kaduna,MRM0,Neonatal mortality rate,_T,Total,_T,Total,UN_IGME,UN IGME estimate,2021,2021,NGA,Nigeria,1,Administrative level 1,,,D_PER_1000_B,"Deaths per 1,000 live births",2004-01,42.7069336607562,,,,,,,,,A,Normal value,,,,,,,,1,,,,,2004,37.4983031586156,48.6142158661069,
NGA-19_1,Kaduna,MRM0,Neonatal mortality rate,_T,Total,_T,Total,UN_IGME,UN IGME estimate,2021,2021,NGA,Nigeria,1,Administrative level 1,,,D_PER_1000_B,"Deaths per 1,000 live births",2005-01,42.9603915735607,,,,,,,,,A,Normal value,,,,,,,,1,,,,,2005,38.1127504910112,48.5487286823204,
NGA-19_1,Kaduna,MRM0,Neonatal mortality rate,_T,Total,_T,Total,UN_IGME,UN IGME estimate,2021,2021,NGA,Nigeria,1,Administrative level 1,,,D_PER_1000_B,"Deaths per 1,000 live births",2006-01,42.8573937679535,,,,,,,,,A,Normal value,,,,,,,,1,,,,,2006,37.993306324913,47.5566618687444,
NGA-19_1,Kaduna,MRM0,Neonatal mortality rate,_T,Total,_T,Total,UN_IGME,UN IGME estimate,2021,2021,NGA,Nigeria,1,Administrative level 1,,,D_PER_1000_B,"Deaths per 1,000 live births",2007-01,43.9017060005848,,,,,,,,,A,Normal value,,,,,,,,1,,,,,2007,39.3152625481894,48.8129133036687,
NGA-19_1,Kaduna,MRM0,Neonatal mortality rate,_T,Total,_T,Total,UN_IGME,UN IGME estimate,2021,2021,NGA,Nigeria,1,Administrative level 1,,,D_PER_1000_B,"Deaths per 1,000 live births",2008-01,42.5934405001296,,,,,,,,,A,Normal value,,,,,,,,1,,,,,2008,37.9157406450748,47.5144032992964,
NGA-19_1,Kaduna,MRM0,Neonatal mortality rate,_T,Total,_T,Total,UN_IGME,UN IGME estimate,2021,2021,NGA,Nigeria,1,Administrative level 1,,,D_PER_1000_B,"Deaths per 1,000 live births",2009-01,42.8461045647709,,,,,,,,,A,Normal value,,,,,,,,1,,,,,2009,37.9961693524667,47.6935555901601,
NGA-19_1,Kaduna,MRM0,Neonatal mortality rate,_T,Total,_T,Total,UN_IGME,UN IGME estimate,2021,2021,NGA,Nigeria,1,Administrative level 1,,,D_PER_1000_B,"Deaths per 1,000 live births",2010-01,42.7347223784825,,,,,,,,,A,Normal value,,,,,,,,1,,,,,2010,38.0620037697164,47.7467421995571,
NGA-19_1,Kaduna,MRM0,Neonatal mortality rate,_T,Total,_T,Total,UN_IGME,UN IGME estimate,2021,2021,NGA,Nigeria,1,Administrative level 1,,,D_PER_1000_B,"Deaths per 1,000 live births",2011-01,42.920803927076,,,,,,,,,A,Normal value,,,,,,,,1,,,,,2011,37.8441035453468,48.3528137432249,
NGA-19_1,Kaduna,MRM0,Neonatal mortality rate,_T,Total,_T,Total,UN_IGME,UN IGME estimate,2021,2021,NGA,Nigeria,1,Administrative level 1,,,D_PER_1000_B,"Deaths per 1,000 live births",2012-01,43.8902723196751,,,,,,,,,A,Normal value,,,,,,,,1,,,,,2012,38.9102662449689,49.3701215536169,
NGA-19_1,Kaduna,MRM0,Neonatal mortality rate,_T,Total,_T,Total,UN_IGME,UN IGME estimate,2021,2021,NGA,Nigeria,1,Administrative level 1,,,D_PER_1000_B,"Deaths per 1,000 live births",2013-01,44.9373115719308,,,,,,,,,A,Normal value,,,,,,,,1,,,,,2013,39.7011265777274,51.2704006932779,
NGA-19_1,Kaduna,MRM0,Neonatal mortality rate,_T,Total,_T,Total,UN_IGME,UN IGME estimate,2021,2021,NGA,Nigeria,1,Administrative level 1,,,D_PER_1000_B,"Deaths per 1,000 live births",2014-01,46.5100926711998,,,,,,,,,A,Normal value,,,,,,,,1,,,,,2014,40.5923145174338,53.5119132325029,
NGA-19_1,Kaduna,MRM0,Neonatal mortality rate,_T,Total,_T,Total,UN_IGME,UN IGME estimate,2021,2021,NGA,Nigeria,1,Administrative level 1,,,D_PER_1000_B,"Deaths per 1,000 live births",2015-01,47.1902216854615,,,,,,,,,A,Normal value,,,,,,,,1,,,,,2015,40.8991208324877,54.7426844325642,
NGA-19_1,Kaduna,MRM0,Neonatal mortality rate,_T,Total,_T,Total,UN_IGME,UN IGME estimate,2021,2021,NGA,Nigeria,1,Administrative level 1,,,D_PER_1000_B,"Deaths per 1,000 live births",2016-01,47.4544178701502,,,,,,,,,A,Normal value,,,,,,,,1,,,,,2016,40.6047767039257,56.37005595861,
NGA-19_1,Kaduna,MRM0,Neonatal mortality rate,_T,Total,_T,Total,UN_IGME,UN IGME estimate,2021,2021,NGA,Nigeria,1,Administrative level 1,,,D_PER_1000_B,"Deaths per 1,000 live births",2017-01,47.7386357560414,,,,,,,,,A,Normal value,,,,,,,,1,,,,,2017,40.3383350330113,57.064954988639,
NGA-19_1,Kaduna,MRM0,Neonatal mortality rate,_T,Total,_T,Total,UN_IGME,UN IGME estimate,2021,2021,NGA,Nigeria,1,Administrative level 1,,,D_PER_1000_B,"Deaths per 1,000 live births",2018-01,47.6181407276287,,,,,,,,,A,Normal value,,,,,,,,1,,,,,2018,39.7645836180232,58.0964658286472,
NGA-19_1,Kaduna,MRM0,Neonatal mortality rate,_T,Total,_T,Total,UN_IGME,UN IGME estimate,2021,2021,NGA,Nigeria,1,Administrative level 1,,,D_PER_1000_B,"Deaths per 1,000 live births",2019-01,47.6771125374438,,,,,,,,,A,Normal value,,,,,,,,1,,,,,2019,39.0102273353455,58.4324955355661,
NGA-19_1,Kaduna,MRM0,Neonatal mortality rate,_T,Total,_T,Total,UN_IGME,UN IGME estimate,2021,2021,NGA,Nigeria,1,Administrative level 1,,,D_PER_1000_B,"Deaths per 1,000 live births",2020-01,47.4430529445785,,,,,,,,,A,Normal value,,,,,,,,1,,,,,2020,38.4057111306387,59.0498093394506,
NGA-19_1,Kaduna,MRM0,Neonatal mortality rate,_T,Total,_T,Total,UN_IGME,UN IGME estimate,2021,2021,NGA,Nigeria,1,Administrative level 1,,,D_PER_1000_B,"Deaths per 1,000 live births",2021-01,47.245480991398,,,,,,,,,A,Normal value,,,,,,,,1,,,,,2021,37.9198281227304,60.3135378712487,
NGA-5_1,Bauchi,MRY0T4,Under-five mortality rate,_T,Total,_T,Total,UN_IGME,UN IGME estimate,2021,2021,NGA,Nigeria,1,Administrative level 1,,,D_PER_1000_B,"Deaths per 1,000 live births",2000-01,310.858874083986,,,,,,,,,A,Normal value,,,,,,,,1,,,,,2000,281.247816893465,339.337779372361,
NGA-5_1,Bauchi,MRY0T4,Under-five mortality rate,_T,Total,_T,Total,UN_IGME,UN IGME estimate,2021,2021,NGA,Nigeria,1,Administrative level 1,,,D_PER_1000_B,"Deaths per 1,000 live births",2001-01,297.264034882197,,,,,,,,,A,Normal value,,,,,,,,1,,,,,2001,272.417306663939,324.693714013654,
NGA-5_1,Bauchi,MRY0T4,Under-five mortality rate,_T,Total,_T,Total,UN_IGME,UN IGME estimate,2021,2021,NGA,Nigeria,1,Administrative level 1,,,D_PER_1000_B,"Deaths per 1,000 live births",2002-01,295.388603030048,,,,,,,,,A,Normal value,,,,,,,,1,,,,,2002,271.89740886134,318.912612945605,
NGA-5_1,Bauchi,MRY0T4,Under-five mortality rate,_T,Total,_T,Total,UN_IGME,UN IGME estimate,2021,2021,NGA,Nigeria,1,Administrative level 1,,,D_PER_1000_B,"Deaths per 1,000 live births",2003-01,283.23666147958,,,,,,,,,A,Normal value,,,,,,,,1,,,,,2003,262.81445243068,305.81497245614,
NGA-5_1,Bauchi,MRY0T4,Under-five mortality rate,_T,Total,_T,Total,UN_IGME,UN IGME estimate,2021,2021,NGA,Nigeria,1,Administrative level 1,,,D_PER_1000_B,"Deaths per 1,000 live births",2004-01,271.739123146315,,,,,,,,,A,Normal value,,,,,,,,1,,,,,2004,252.330597468409,292.90884839625,
NGA-5_1,Bauchi,MRY0T4,Under-five mortality rate,_T,Total,_T,Total,UN_IGME,UN IGME estimate,2021,2021,NGA,Nigeria,1,Administrative level 1,,,D_PER_1000_B,"Deaths per 1,000 live births",2005-01,260.892392113757,,,,,,,,,A,Normal value,,,,,,,,1,,,,,2005,243.496990642946,279.939744196884,
NGA-5_1,Bauchi,MRY0T4,Under-five mortality rate,_T,Total,_T,Total,UN_IGME,UN IGME estimate,2021,2021,NGA,Nigeria,1,Administrative level 1,,,D_PER_1000_B,"Deaths per 1,000 live births",2006-01,250.054418031792,,,,,,,,,A,Normal value,,,,,,,,1,,,,,2006,232.74215142352,267.527865062341,
NGA-5_1,Bauchi,MRY0T4,Under-five mortality rate,_T,Total,_T,Total,UN_IGME,UN IGME estimate,2021,2021,NGA,Nigeria,1,Administrative level 1,,,D_PER_1000_B,"Deaths per 1,000 live births",2007-01,239.7304987625,,,,,,,,,A,Normal value,,,,,,,,1,,,,,2007,222.786934367986,256.897910030785,
NGA-5_1,Bauchi,MRY0T4,Under-five mortality rate,_T,Total,_T,Total,UN_IGME,UN IGME estimate,2021,2021,NGA,Nigeria,1,Administrative level 1,,,D_PER_1000_B,"Deaths per 1,000 live births",2008-01,233.771308554453,,,,,,,,,A,Normal value,,,,,,,,1,,,,,2008,217.901914549145,249.922870623822,
NGA-5_1,Bauchi,MRY0T4,Under-five mortality rate,_T,Total,_T,Total,UN_IGME,UN IGME estimate,2021,2021,NGA,Nigeria,1,Administrative level 1,,,D_PER_1000_B,"Deaths per 1,000 live births",2009-01,229.059634914636,,,,,,,,,A,Normal value,,,,,,,,1,,,,,2009,213.285539331433,245.365087162479,
NGA-5_1,Bauchi,MRY0T4,Under-five mortality rate,_T,Total,_T,Total,UN_IGME,UN IGME estimate,2021,2021,NGA,Nigeria,1,Administrative level 1,,,D_PER_1000_B,"Deaths per 1,000 live births",2010-01,217.423846094919,,,,,,,,,A,Normal value,,,,,,,,1,,,,,2010,203.038028948046,232.696754098442,
NGA-5_1,Bauchi,MRY0T4,Under-five mortality rate,_T,Total,_T,Total,UN_IGME,UN IGME estimate,2021,2021,NGA,Nigeria,1,Administrative level 1,,,D_PER_1000_B,"Deaths per 1,000 live births",2011-01,209.116585489178,,,,,,,,,A,Normal value,,,,,,,,1,,,,,2011,193.353679241874,225.584497229596,
NGA-5_1,Bauchi,MRY0T4,Under-five mortality rate,_T,Total,_T,Total,UN_IGME,UN IGME estimate,2021,2021,NGA,Nigeria,1,Administrative level 1,,,D_PER_1000_B,"Deaths per 1,000 live births",2012-01,202.406432170619,,,,,,,,,A,Normal value,,,,,,,,1,,,,,2012,186.447353628707,217.127150342687,
NGA-5_1,Bauchi,MRY0T4,Under-five mortality rate,_T,Total,_T,Total,UN_IGME,UN IGME estimate,2021,2021,NGA,Nigeria,1,Administrative level 1,,,D_PER_1000_B,"Deaths per 1,000 live births",2013-01,200.26674386781,,,,,,,,,A,Normal value,,,,,,,,1,,,,,2013,184.079736102508,217.840722463651,
NGA-5_1,Bauchi,MRY0T4,Under-five mortality rate,_T,Total,_T,Total,UN_IGME,UN IGME estimate,2021,2021,NGA,Nigeria,1,Administrative level 1,,,D_PER_1000_B,"Deaths per 1,000 live births",2014-01,197.176089206492,,,,,,,,,A,Normal value,,,,,,,,1,,,,,2014,180.513057070523,215.751799793946,
NGA-5_1,Bauchi,MRY0T4,Under-five mortality rate,_T,Total,_T,Total,UN_IGME,UN IGME estimate,2021,2021,NGA,Nigeria,1,Administrative level 1,,,D_PER_1000_B,"Deaths per 1,000 live births",2015-01,192.423388297049,,,,,,,,,A,Normal value,,,,,,,,1,,,,,2015,174.780345662568,212.579843340829,
NGA-5_1,Bauchi,MRY0T4,Under-five mortality rate,_T,Total,_T,Total,UN_IGME,UN IGME estimate,2021,2021,NGA,Nigeria,1,Administrative level 1,,,D_PER_1000_B,"Deaths per 1,000 live births",2016-01,183.52501800403,,,,,,,,,A,Normal value,,,,,,,,1,,,,,2016,165.746660313353,203.181229829115,
NGA-5_1,Bauchi,MRY0T4,Under-five mortality rate,_T,Total,_T,Total,UN_IGME,UN IGME estimate,2021,2021,NGA,Nigeria,1,Administrative level 1,,,D_PER_1000_B,"Deaths per 1,000 live births",2017-01,178.645772918647,,,,,,,,,A,Normal value,,,,,,,,1,,,,,2017,159.516538179359,198.925332980386,
NGA-5_1,Bauchi,MRY0T4,Under-five mortality rate,_T,Total,_T,Total,UN_IGME,UN IGME estimate,2021,2021,NGA,Nigeria,1,Administrative level 1,,,D_PER_1000_B,"Deaths per 1,000 live births",2018-01,171.572496166067,,,,,,,,,A,Normal value,,,,,,,,1,,,,,2018,151.11222437966,191.709426927617,
NGA-5_1,Bauchi,MRY0T4,Under-five mortality rate,_T,Total,_T,Total,UN_IGME,UN IGME estimate,2021,2021,NGA,Nigeria,1,Administrative level 1,,,D_PER_1000_B,"Deaths per 1,000 live births",2019-01,166.129507945072,,,,,,,,,A,Normal value,,,,,,,,1,,,,,2019,142.494038937335,189.314912457355,
NGA-5_1,Bauchi,MRY0T4,Under-five mortality rate,_T,Total,_T,Total,UN_IGME,UN IGME estimate,2021,2021,NGA,Nigeria,1,Administrative level 1,,,D_PER_1000_B,"Deaths per 1,000 live births",2020-01,159.273781054782,,,,,,,,,A,Normal value,,,,,,,,1,,,,,2020,134.107472238369,185.464664613654,
NGA-5_1,Bauchi,MRY0T4,Under-five mortality rate,_T,Total,_T,Total,UN_IGME,UN IGME estimate,2021,2021,NGA,Nigeria,1,Administrative level 1,,,D_PER_1000_B,"Deaths per 1,000 live births",2021-01,153.684860557309,,,,,,,,,A,Normal value,,,,,,,,1,,,,,2021,127.314815254472,181.219812993238,
NGA-30_1,Osun,MRY0T4,Under-five mortality rate,_T,Total,_T,Total,UN_IGME,UN IGME estimate,2021,2021,NGA,Nigeria,1,Administrative level 1,,,D_PER_1000_B,"Deaths per 1,000 live births",2000-01,95.3163985132396,,,,,,,,,A,Normal value,,,,,,,,1,,,,,2000,79.92152202157,114.288533162572,
NGA-30_1,Osun,MRY0T4,Under-five mortality rate,_T,Total,_T,Total,UN_IGME,UN IGME estimate,2021,2021,NGA,Nigeria,1,Administrative level 1,,,D_PER_1000_B,"Deaths per 1,000 live births",2001-01,92.3743667124231,,,,,,,,,A,Normal value,,,,,,,,1,,,,,2001,78.4401446671544,109.498782971544,
NGA-30_1,Osun,MRY0T4,Under-five mortality rate,_T,Total,_T,Total,UN_IGME,UN IGME estimate,2021,2021,NGA,Nigeria,1,Administrative level 1,,,D_PER_1000_B,"Deaths per 1,000 live births",2002-01,90.9236243301141,,,,,,,,,A,Normal value,,,,,,,,1,,,,,2002,77.1034652788463,105.603458103337,
NGA-30_1,Osun,MRY0T4,Under-five mortality rate,_T,Total,_T,Total,UN_IGME,UN IGME estimate,2021,2021,NGA,Nigeria,1,Administrative level 1,,,D_PER_1000_B,"Deaths per 1,000 live births",2003-01,91.1109373680409,,,,,,,,,A,Normal value,,,,,,,,1,,,,,2003,77.8047074002633,104.542026086114,
NGA-30_1,Osun,MRY0T4,Under-five mortality rate,_T,Total,_T,Total,UN_IGME,UN IGME estimate,2021,2021,NGA,Nigeria,1,Administrative level 1,,,D_PER_1000_B,"Deaths per 1,000 live births",2004-01,90.5249203162878,,,,,,,,,A,Normal value,,,,,,,,1,,,,,2004,78.0804864058128,103.258581349841,
NGA-30_1,Osun,MRY0T4,Under-five mortality rate,_T,Total,_T,Total,UN_IGME,UN IGME estimate,2021,2021,NGA,Nigeria,1,Administrative level 1,,,D_PER_1000_B,"Deaths per 1,000 live births",2005-01,88.1378975977585,,,,,,,,,A,Normal value,,,,,,,,1,,,,,2005,76.8569682266867,100.592098374117,
NGA-30_1,Osun,MRY0T4,Under-five mortality rate,_T,Total,_T,Total,UN_IGME,UN IGME estimate,2021,2021,NGA,Nigeria,1,Administrative level 1,,,D_PER_1000_B,"Deaths per 1,000 live births",2006-01,86.5003316599386,,,,,,,,,A,Normal value,,,,,,,,1,,,,,2006,76.1209096771166,98.3173614700894,
NGA-30_1,Osun,MRY0T4,Under-five mortality rate,_T,Total,_T,Total,UN_IGME,UN IGME estimate,2021,2021,NGA,Nigeria,1,Administrative level 1,,,D_PER_1000_B,"Deaths per 1,000 live births",2007-01,84.0359553028729,,,,,,,,,A,Normal value,,,,,,,,1,,,,,2007,73.8415106810605,96.0084148154296,
NGA-30_1,Osun,MRY0T4,Under-five mortality rate,_T,Total,_T,Total,UN_IGME,UN IGME estimate,2021,2021,NGA,Nigeria,1,Administrative level 1,,,D_PER_1000_B,"Deaths per 1,000 live births",2008-01,82.977444606622,,,,,,,,,A,Normal value,,,,,,,,1,,,,,2008,72.9013972618013,94.2105242128565,
NGA-30_1,Osun,MRY0T4,Under-five mortality rate,_T,Total,_T,Total,UN_IGME,UN IGME estimate,2021,2021,NGA,Nigeria,1,Administrative level 1,,,D_PER_1000_B,"Deaths per 1,000 live births",2009-01,82.0285535622592,,,,,,,,,A,Normal value,,,,,,,,1,,,,,2009,72.2088151840412,92.9430529170622,
NGA-30_1,Osun,MRY0T4,Under-five mortality rate,_T,Total,_T,Total,UN_IGME,UN IGME estimate,2021,2021,NGA,Nigeria,1,Administrative level 1,,,D_PER_1000_B,"Deaths per 1,000 live births",2010-01,80.6467652148614,,,,,,,,,A,Normal value,,,,,,,,1,,,,,2010,70.872572701285,91.461408295261,
NGA-30_1,Osun,MRY0T4,Under-five mortality rate,_T,Total,_T,Total,UN_IGME,UN IGME estimate,2021,2021,NGA,Nigeria,1,Administrative level 1,,,D_PER_1000_B,"Deaths per 1,000 live births",2011-01,80.6684507713439,,,,,,,,,A,Normal value,,,,,,,,1,,,,,2011,70.8080141187507,92.8138372443543,
NGA-30_1,Osun,MRY0T4,Under-five mortality rate,_T,Total,_T,Total,UN_IGME,UN IGME estimate,2021,2021,NGA,Nigeria,1,Administrative level 1,,,D_PER_1000_B,"Deaths per 1,000 live births",2012-01,81.3524156289275,,,,,,,,,A,Normal value,,,,,,,,1,,,,,2012,70.8110427018616,94.2082213771285,
NGA-30_1,Osun,MRY0T4,Under-five mortality rate,_T,Total,_T,Total,UN_IGME,UN IGME estimate,2021,2021,NGA,Nigeria,1,Administrative level 1,,,D_PER_1000_B,"Deaths per 1,000 live births",2013-01,78.3877557074277,,,,,,,,,A,Normal value,,,,,,,,1,,,,,2013,67.5016535147489,91.4347087434932,
NGA-30_1,Osun,MRY0T4,Under-five mortality rate,_T,Total,_T,Total,UN_IGME,UN IGME estimate,2021,2021,NGA,Nigeria,1,Administrative level 1,,,D_PER_1000_B,"Deaths per 1,000 live births",2014-01,76.6245984157107,,,,,,,,,A,Normal value,,,,,,,,1,,,,,2014,64.9969318383783,91.5296202806102,
NGA-30_1,Osun,MRY0T4,Under-five mortality rate,_T,Total,_T,Total,UN_IGME,UN IGME estimate,2021,2021,NGA,Nigeria,1,Administrative level 1,,,D_PER_1000_B,"Deaths per 1,000 live births",2015-01,75.9328060582254,,,,,,,,,A,Normal value,,,,,,,,1,,,,,2015,64.3569442281994,91.2956991247034,
NGA-30_1,Osun,MRY0T4,Under-five mortality rate,_T,Total,_T,Total,UN_IGME,UN IGME estimate,2021,2021,NGA,Nigeria,1,Administrative level 1,,,D_PER_1000_B,"Deaths per 1,000 live births",2016-01,76.5707138570676,,,,,,,,,A,Normal value,,,,,,,,1,,,,,2016,63.9974167133876,93.1558071659451,
NGA-30_1,Osun,MRY0T4,Under-five mortality rate,_T,Total,_T,Total,UN_IGME,UN IGME estimate,2021,2021,NGA,Nigeria,1,Administrative level 1,,,D_PER_1000_B,"Deaths per 1,000 live births",2017-01,75.1243726833709,,,,,,,,,A,Normal value,,,,,,,,1,,,,,2017,61.0794040128816,93.8817857795221,
NGA-30_1,Osun,MRY0T4,Under-five mortality rate,_T,Total,_T,Total,UN_IGME,UN IGME estimate,2021,2021,NGA,Nigeria,1,Administrative level 1,,,D_PER_1000_B,"Deaths per 1,000 live births",2018-01,74.3571886298071,,,,,,,,,A,Normal value,,,,,,,,1,,,,,2018,59.2320317225996,93.4436420625275,
NGA-30_1,Osun,MRY0T4,Under-five mortality rate,_T,Total,_T,Total,UN_IGME,UN IGME estimate,2021,2021,NGA,Nigeria,1,Administrative level 1,,,D_PER_1000_B,"Deaths per 1,000 live births",2019-01,73.5080266688237,,,,,,,,,A,Normal value,,,,,,,,1,,,,,2019,56.9761890474668,94.6162340720783,
NGA-30_1,Osun,MRY0T4,Under-five mortality rate,_T,Total,_T,Total,UN_IGME,UN IGME estimate,2021,2021,NGA,Nigeria,1,Administrative level 1,,,D_PER_1000_B,"Deaths per 1,000 live births",2020-01,73.183211983878,,,,,,,,,A,Normal value,,,,,,,,1,,,,,2020,55.9302882892015,95.3840190561504,
NGA-30_1,Osun,MRY0T4,Under-five mortality rate,_T,Total,_T,Total,UN_IGME,UN IGME estimate,2021,2021,NGA,Nigeria,1,Administrative level 1,,,D_PER_1000_B,"Deaths per 1,000 live births",2021-01,72.7847625018426,,,,,,,,,A,Normal value,,,,,,,,1,,,,,2021,54.2784579348413,96.7593496696707,
NGA-23_1,Kogi,MRY0T4,Under-five mortality rate,_T,Total,_T,Total,UN_IGME,UN IGME estimate,2021,2021,NGA,Nigeria,1,Administrative level 1,,,D_PER_1000_B,"Deaths per 1,000 live births",2000-01,128.627391328464,,,,,,,,,A,Normal value,,,,,,,,1,,,,,2000,110.321704867185,150.467983414857,
NGA-23_1,Kogi,MRY0T4,Under-five mortality rate,_T,Total,_T,Total,UN_IGME,UN IGME estimate,2021,2021,NGA,Nigeria,1,Administrative level 1,,,D_PER_1000_B,"Deaths per 1,000 live births",2001-01,128.652831002014,,,,,,,,,A,Normal value,,,,,,,,1,,,,,2001,111.39906086424,146.923302822902,
NGA-23_1,Kogi,MRY0T4,Under-five mortality rate,_T,Total,_T,Total,UN_IGME,UN IGME estimate,2021,2021,NGA,Nigeria,1,Administrative level 1,,,D_PER_1000_B,"Deaths per 1,000 live births",2002-01,128.689052432925,,,,,,,,,A,Normal value,,,,,,,,1,,,,,2002,113.074684823996,145.390645891828,
NGA-23_1,Kogi,MRY0T4,Under-five mortality rate,_T,Total,_T,Total,UN_IGME,UN IGME estimate,2021,2021,NGA,Nigeria,1,Administrative level 1,,,D_PER_1000_B,"Deaths per 1,000 live births",2003-01,129.852089730857,,,,,,,,,A,Normal value,,,,,,,,1,,,,,2003,115.642441670255,145.035240175903,
NGA-23_1,Kogi,MRY0T4,Under-five mortality rate,_T,Total,_T,Total,UN_IGME,UN IGME estimate,2021,2021,NGA,Nigeria,1,Administrative level 1,,,D_PER_1000_B,"Deaths per 1,000 live births",2004-01,131.805806578089,,,,,,,,,A,Normal value,,,,,,,,1,,,,,2004,118.014473473657,145.217996911304,
NGA-23_1,Kogi,MRY0T4,Under-five mortality rate,_T,Total,_T,Total,UN_IGME,UN IGME estimate,2021,2021,NGA,Nigeria,1,Administrative level 1,,,D_PER_1000_B,"Deaths per 1,000 live births",2005-01,132.200694511445,,,,,,,,,A,Normal value,,,,,,,,1,,,,,2005,118.399904683021,145.918007933158,
NGA-23_1,Kogi,MRY0T4,Under-five mortality rate,_T,Total,_T,Total,UN_IGME,UN IGME estimate,2021,2021,NGA,Nigeria,1,Administrative level 1,,,D_PER_1000_B,"Deaths per 1,000 live births",2006-01,132.68652432164,,,,,,,,,A,Normal value,,,,,,,,1,,,,,2006,119.930817843217,146.285492527089,
NGA-23_1,Kogi,MRY0T4,Under-five mortality rate,_T,Total,_T,Total,UN_IGME,UN IGME estimate,2021,2021,NGA,Nigeria,1,Administrative level 1,,,D_PER_1000_B,"Deaths per 1,000 live births",2007-01,134.457221203249,,,,,,,,,A,Normal value,,,,,,,,1,,,,,2007,122.657027878883,147.736164296625,
NGA-23_1,Kogi,MRY0T4,Under-five mortality rate,_T,Total,_T,Total,UN_IGME,UN IGME estimate,2021,2021,NGA,Nigeria,1,Administrative level 1,,,D_PER_1000_B,"Deaths per 1,000 live births",2008-01,136.432768299287,,,,,,,,,A,Normal value,,,,,,,,1,,,,,2008,124.505125263583,150.055529843826,
NGA-23_1,Kogi,MRY0T4,Under-five mortality rate,_T,Total,_T,Total,UN_IGME,UN IGME estimate,2021,2021,NGA,Nigeria,1,Administrative level 1,,,D_PER_1000_B,"Deaths per 1,000 live births",2009-01,137.464081790702,,,,,,,,,A,Normal value,,,,,,,,1,,,,,2009,125.438413047603,151.890462135735,
NGA-23_1,Kogi,MRY0T4,Under-five mortality rate,_T,Total,_T,Total,UN_IGME,UN IGME estimate,2021,2021,NGA,Nigeria,1,Administrative level 1,,,D_PER_1000_B,"Deaths per 1,000 live births",2010-01,138.535052096498,,,,,,,,,A,Normal value,,,,,,,,1,,,,,2010,126.260870326403,152.478234164007,
NGA-23_1,Kogi,MRY0T4,Under-five mortality rate,_T,Total,_T,Total,UN_IGME,UN IGME estimate,2021,2021,NGA,Nigeria,1,Administrative level 1,,,D_PER_1000_B,"Deaths per 1,000 live births",2011-01,139.790694320522,,,,,,,,,A,Normal value,,,,,,,,1,,,,,2011,127.618751683403,153.681755187775,
NGA-23_1,Kogi,MRY0T4,Under-five mortality rate,_T,Total,_T,Total,UN_IGME,UN IGME estimate,2021,2021,NGA,Nigeria,1,Administrative level 1,,,D_PER_1000_B,"Deaths per 1,000 live births",2012-01,142.150177184482,,,,,,,,,A,Normal value,,,,,,,,1,,,,,2012,129.204091092274,157.848819180467,
NGA-23_1,Kogi,MRY0T4,Under-five mortality rate,_T,Total,_T,Total,UN_IGME,UN IGME estimate,2021,2021,NGA,Nigeria,1,Administrative level 1,,,D_PER_1000_B,"Deaths per 1,000 live births",2013-01,142.484578496757,,,,,,,,,A,Normal value,,,,,,,,1,,,,,2013,128.390307100454,159.025157343974,
NGA-23_1,Kogi,MRY0T4,Under-five mortality rate,_T,Total,_T,Total,UN_IGME,UN IGME estimate,2021,2021,NGA,Nigeria,1,Administrative level 1,,,D_PER_1000_B,"Deaths per 1,000 live births",2014-01,143.514244490537,,,,,,,,,A,Normal value,,,,,,,,1,,,,,2014,128.058884032279,159.535629012111,
NGA-23_1,Kogi,MRY0T4,Under-five mortality rate,_T,Total,_T,Total,UN_IGME,UN IGME estimate,2021,2021,NGA,Nigeria,1,Administrative level 1,,,D_PER_1000_B,"Deaths per 1,000 live births",2015-01,146.137805557121,,,,,,,,,A,Normal value,,,,,,,,1,,,,,2015,128.207049031166,164.469635191937,
NGA-23_1,Kogi,MRY0T4,Under-five mortality rate,_T,Total,_T,Total,UN_IGME,UN IGME estimate,2021,2021,NGA,Nigeria,1,Administrative level 1,,,D_PER_1000_B,"Deaths per 1,000 live births",2016-01,147.513079440837,,,,,,,,,A,Normal value,,,,,,,,1,,,,,2016,129.522018156397,167.725754769134,
NGA-23_1,Kogi,MRY0T4,Under-five mortality rate,_T,Total,_T,Total,UN_IGME,UN IGME estimate,2021,2021,NGA,Nigeria,1,Administrative level 1,,,D_PER_1000_B,"Deaths per 1,000 live births",2017-01,148.923372742074,,,,,,,,,A,Normal value,,,,,,,,1,,,,,2017,128.813614000246,171.708026611928,
NGA-23_1,Kogi,MRY0T4,Under-five mortality rate,_T,Total,_T,Total,UN_IGME,UN IGME estimate,2021,2021,NGA,Nigeria,1,Administrative level 1,,,D_PER_1000_B,"Deaths per 1,000 live births",2018-01,149.263063195367,,,,,,,,,A,Normal value,,,,,,,,1,,,,,2018,127.275710150727,174.233669340517,
NGA-23_1,Kogi,MRY0T4,Under-five mortality rate,_T,Total,_T,Total,UN_IGME,UN IGME estimate,2021,2021,NGA,Nigeria,1,Administrative level 1,,,D_PER_1000_B,"Deaths per 1,000 live births",2019-01,149.694495368438,,,,,,,,,A,Normal value,,,,,,,,1,,,,,2019,126.902590563867,177.739388667918,
NGA-23_1,Kogi,MRY0T4,Under-five mortality rate,_T,Total,_T,Total,UN_IGME,UN IGME estimate,2021,2021,NGA,Nigeria,1,Administrative level 1,,,D_PER_1000_B,"Deaths per 1,000 live births",2020-01,150.545520850294,,,,,,,,,A,Normal value,,,,,,,,1,,,,,2020,125.286271479646,181.747995534323,
NGA-23_1,Kogi,MRY0T4,Under-five mortality rate,_T,Total,_T,Total,UN_IGME,UN IGME estimate,2021,2021,NGA,Nigeria,1,Administrative level 1,,,D_PER_1000_B,"Deaths per 1,000 live births",2021-01,150.18794476932,,,,,,,,,A,Normal value,,,,,,,,1,,,,,2021,124.227119941041,184.407211369688,
NGA-6_1,Bayelsa,MRY0T4,Under-five mortality rate,_T,Total,_T,Total,UN_IGME,UN IGME estimate,2021,2021,NGA,Nigeria,1,Administrative level 1,,,D_PER_1000_B,"Deaths per 1,000 live births",2000-01,142.357771561532,,,,,,,,,A,Normal value,,,,,,,,1,,,,,2000,119.018659546908,172.356887596284,
NGA-6_1,Bayelsa,MRY0T4,Under-five mortality rate,_T,Total,_T,Total,UN_IGME,UN IGME estimate,2021,2021,NGA,Nigeria,1,Administrative level 1,,,D_PER_1000_B,"Deaths per 1,000 live births",2001-01,138.283935699751,,,,,,,,,A,Normal value,,,,,,,,1,,,,,2001,117.173130131911,163.159988200271,
NGA-6_1,Bayelsa,MRY0T4,Under-five mortality rate,_T,Total,_T,Total,UN_IGME,UN IGME estimate,2021,2021,NGA,Nigeria,1,Administrative level 1,,,D_PER_1000_B,"Deaths per 1,000 live births",2002-01,128.781141400474,,,,,,,,,A,Normal value,,,,,,,,1,,,,,2002,110.272676623347,150.186497019855,
NGA-6_1,Bayelsa,MRY0T4,Under-five mortality rate,_T,Total,_T,Total,UN_IGME,UN IGME estimate,2021,2021,NGA,Nigeria,1,Administrative level 1,,,D_PER_1000_B,"Deaths per 1,000 live births",2003-01,123.870692481054,,,,,,,,,A,Normal value,,,,,,,,1,,,,,2003,106.236779671254,143.110957827983,
NGA-6_1,Bayelsa,MRY0T4,Under-five mortality rate,_T,Total,_T,Total,UN_IGME,UN IGME estimate,2021,2021,NGA,Nigeria,1,Administrative level 1,,,D_PER_1000_B,"Deaths per 1,000 live births",2004-01,120.714456285198,,,,,,,,,A,Normal value,,,,,,,,1,,,,,2004,103.883901831603,139.540464147405,
NGA-6_1,Bayelsa,MRY0T4,Under-five mortality rate,_T,Total,_T,Total,UN_IGME,UN IGME estimate,2021,2021,NGA,Nigeria,1,Administrative level 1,,,D_PER_1000_B,"Deaths per 1,000 live births",2005-01,117.383112655007,,,,,,,,,A,Normal value,,,,,,,,1,,,,,2005,101.516474025723,133.687377907851,
NGA-6_1,Bayelsa,MRY0T4,Under-five mortality rate,_T,Total,_T,Total,UN_IGME,UN IGME estimate,2021,2021,NGA,Nigeria,1,Administrative level 1,,,D_PER_1000_B,"Deaths per 1,000 live births",2006-01,112.12499497936,,,,,,,,,A,Normal value,,,,,,,,1,,,,,2006,97.6122092690862,128.716056302378,
NGA-6_1,Bayelsa,MRY0T4,Under-five mortality rate,_T,Total,_T,Total,UN_IGME,UN IGME estimate,2021,2021,NGA,Nigeria,1,Administrative level 1,,,D_PER_1000_B,"Deaths per 1,000 live births",2007-01,106.375034548373,,,,,,,,,A,Normal value,,,,,,,,1,,,,,2007,92.5139552335517,121.947232829771,
NGA-6_1,Bayelsa,MRY0T4,Under-five mortality rate,_T,Total,_T,Total,UN_IGME,UN IGME estimate,2021,2021,NGA,Nigeria,1,Administrative level 1,,,D_PER_1000_B,"Deaths per 1,000 live births",2008-01,101.267071292576,,,,,,,,,A,Normal value,,,,,,,,1,,,,,2008,87.3515815845139,115.757877354901,
NGA-6_1,Bayelsa,MRY0T4,Under-five mortality rate,_T,Total,_T,Total,UN_IGME,UN IGME estimate,2021,2021,NGA,Nigeria,1,Administrative level 1,,,D_PER_1000_B,"Deaths per 1,000 live births",2009-01,94.473481534049,,,,,,,,,A,Normal value,,,,,,,,1,,,,,2009,81.7236288480376,108.132805190642,
NGA-6_1,Bayelsa,MRY0T4,Under-five mortality rate,_T,Total,_T,Total,UN_IGME,UN IGME estimate,2021,2021,NGA,Nigeria,1,Administrative level 1,,,D_PER_1000_B,"Deaths per 1,000 live births",2010-01,90.2440074978371,,,,,,,,,A,Normal value,,,,,,,,1,,,,,2010,77.4575201069956,104.539505825371,
NGA-6_1,Bayelsa,MRY0T4,Under-five mortality rate,_T,Total,_T,Total,UN_IGME,UN IGME estimate,2021,2021,NGA,Nigeria,1,Administrative level 1,,,D_PER_1000_B,"Deaths per 1,000 live births",2011-01,87.1129586718997,,,,,,,,,A,Normal value,,,,,,,,1,,,,,2011,73.4771307629408,101.677753049673,
NGA-6_1,Bayelsa,MRY0T4,Under-five mortality rate,_T,Total,_T,Total,UN_IGME,UN IGME estimate,2021,2021,NGA,Nigeria,1,Administrative level 1,,,D_PER_1000_B,"Deaths per 1,000 live births",2012-01,83.1177387518627,,,,,,,,,A,Normal value,,,,,,,,1,,,,,2012,69.6116530052028,97.1182706215792,
NGA-6_1,Bayelsa,MRY0T4,Under-five mortality rate,_T,Total,_T,Total,UN_IGME,UN IGME estimate,2021,2021,NGA,Nigeria,1,Administrative level 1,,,D_PER_1000_B,"Deaths per 1,000 live births",2013-01,74.7998942319494,,,,,,,,,A,Normal value,,,,,,,,1,,,,,2013,61.7390294168311,89.5284026921349,
NGA-6_1,Bayelsa,MRY0T4,Under-five mortality rate,_T,Total,_T,Total,UN_IGME,UN IGME estimate,2021,2021,NGA,Nigeria,1,Administrative level 1,,,D_PER_1000_B,"Deaths per 1,000 live births",2014-01,68.3119249698163,,,,,,,,,A,Normal value,,,,,,,,1,,,,,2014,55.4868790098607,81.9532798658262,
NGA-6_1,Bayelsa,MRY0T4,Under-five mortality rate,_T,Total,_T,Total,UN_IGME,UN IGME estimate,2021,2021,NGA,Nigeria,1,Administrative level 1,,,D_PER_1000_B,"Deaths per 1,000 live births",2015-01,64.1986453224671,,,,,,,,,A,Normal value,,,,,,,,1,,,,,2015,51.4120620080332,78.9695338838842,
NGA-6_1,Bayelsa,MRY0T4,Under-five mortality rate,_T,Total,_T,Total,UN_IGME,UN IGME estimate,2021,2021,NGA,Nigeria,1,Administrative level 1,,,D_PER_1000_B,"Deaths per 1,000 live births",2016-01,62.3517595754904,,,,,,,,,A,Normal value,,,,,,,,1,,,,,2016,49.1723566105416,77.800132054352,
NGA-6_1,Bayelsa,MRY0T4,Under-five mortality rate,_T,Total,_T,Total,UN_IGME,UN IGME estimate,2021,2021,NGA,Nigeria,1,Administrative level 1,,,D_PER_1000_B,"Deaths per 1,000 live births",2017-01,58.8048025697753,,,,,,,,,A,Normal value,,,,,,,,1,,,,,2017,45.584887431035,74.6322890614421,
NGA-6_1,Bayelsa,MRY0T4,Under-five mortality rate,_T,Total,_T,Total,UN_IGME,UN IGME estimate,2021,2021,NGA,Nigeria,1,Administrative level 1,,,D_PER_1000_B,"Deaths per 1,000 live births",2018-01,56.843289202132,,,,,,,,,A,Normal value,,,,,,,,1,,,,,2018,42.8741923004996,72.8192883784372,
NGA-6_1,Bayelsa,MRY0T4,Under-five mortality rate,_T,Total,_T,Total,UN_IGME,UN IGME estimate,2021,2021,NGA,Nigeria,1,Administrative level 1,,,D_PER_1000_B,"Deaths per 1,000 live births",2019-01,55.5528432065949,,,,,,,,,A,Normal value,,,,,,,,1,,,,,2019,40.6958527253388,73.9302652600016,
NGA-6_1,Bayelsa,MRY0T4,Under-five mortality rate,_T,Total,_T,Total,UN_IGME,UN IGME estimate,2021,2021,NGA,Nigeria,1,Administrative level 1,,,D_PER_1000_B,"Deaths per 1,000 live births",2020-01,53.7514459985086,,,,,,,,,A,Normal value,,,,,,,,1,,,,,2020,38.2716777288287,73.0254675656243,
NGA-6_1,Bayelsa,MRY0T4,Under-five mortality rate,_T,Total,_T,Total,UN_IGME,UN IGME estimate,2021,2021,NGA,Nigeria,1,Administrative level 1,,,D_PER_1000_B,"Deaths per 1,000 live births",2021-01,52.2459961453884,,,,,,,,,A,Normal value,,,,,,,,1,,,,,2021,36.7624125772315,72.9768020917482,
NGA-35_1,Taraba,MRM0,Neonatal mortality rate,_T,Total,_T,Total,UN_IGME,UN IGME estimate,2021,2021,NGA,Nigeria,1,Administrative level 1,,,D_PER_1000_B,"Deaths per 1,000 live births",2000-01,52.4769153612181,,,,,,,,,A,Normal value,,,,,,,,1,,,,,2000,43.8978053431457,61.8829779400156,
NGA-35_1,Taraba,MRM0,Neonatal mortality rate,_T,Total,_T,Total,UN_IGME,UN IGME estimate,2021,2021,NGA,Nigeria,1,Administrative level 1,,,D_PER_1000_B,"Deaths per 1,000 live births",2001-01,52.6017793439379,,,,,,,,,A,Normal value,,,,,,,,1,,,,,2001,45.1951818828612,61.8049043213947,
NGA-35_1,Taraba,MRM0,Neonatal mortality rate,_T,Total,_T,Total,UN_IGME,UN IGME estimate,2021,2021,NGA,Nigeria,1,Administrative level 1,,,D_PER_1000_B,"Deaths per 1,000 live births",2002-01,51.2883593656863,,,,,,,,,A,Normal value,,,,,,,,1,,,,,2002,44.5419829797714,59.4984783858368,
NGA-35_1,Taraba,MRM0,Neonatal mortality rate,_T,Total,_T,Total,UN_IGME,UN IGME estimate,2021,2021,NGA,Nigeria,1,Administrative level 1,,,D_PER_1000_B,"Deaths per 1,000 live births",2003-01,50.6386696199531,,,,,,,,,A,Normal value,,,,,,,,1,,,,,2003,44.2105334596084,58.0539918732648,
NGA-35_1,Taraba,MRM0,Neonatal mortality rate,_T,Total,_T,Total,UN_IGME,UN IGME estimate,2021,2021,NGA,Nigeria,1,Administrative level 1,,,D_PER_1000_B,"Deaths per 1,000 live births",2004-01,49.5243049120242,,,,,,,,,A,Normal value,,,,,,,,1,,,,,2004,43.8869328413122,56.5635546437166,
NGA-35_1,Taraba,MRM0,Neonatal mortality rate,_T,Total,_T,Total,UN_IGME,UN IGME estimate,2021,2021,NGA,Nigeria,1,Administrative level 1,,,D_PER_1000_B,"Deaths per 1,000 live births",2005-01,49.3582733194686,,,,,,,,,A,Normal value,,,,,,,,1,,,,,2005,43.8260675560888,56.4713560492799,
NGA-35_1,Taraba,MRM0,Neonatal mortality rate,_T,Total,_T,Total,UN_IGME,UN IGME estimate,2021,2021,NGA,Nigeria,1,Administrative level 1,,,D_PER_1000_B,"Deaths per 1,000 live births",2006-01,48.3315955196383,,,,,,,,,A,Normal value,,,,,,,,1,,,,,2006,42.856426081739,54.6797268186109,
NGA-35_1,Taraba,MRM0,Neonatal mortality rate,_T,Total,_T,Total,UN_IGME,UN IGME estimate,2021,2021,NGA,Nigeria,1,Administrative level 1,,,D_PER_1000_B,"Deaths per 1,000 live births",2007-01,48.7326851081037,,,,,,,,,A,Normal value,,,,,,,,1,,,,,2007,43.3286207460085,55.311970605252,
NGA-35_1,Taraba,MRM0,Neonatal mortality rate,_T,Total,_T,Total,UN_IGME,UN IGME estimate,2021,2021,NGA,Nigeria,1,Administrative level 1,,,D_PER_1000_B,"Deaths per 1,000 live births",2008-01,46.4122163037992,,,,,,,,,A,Normal value,,,,,,,,1,,,,,2008,41.2396822937582,52.2711042001663,
NGA-35_1,Taraba,MRM0,Neonatal mortality rate,_T,Total,_T,Total,UN_IGME,UN IGME estimate,2021,2021,NGA,Nigeria,1,Administrative level 1,,,D_PER_1000_B,"Deaths per 1,000 live births",2009-01,46.3904074730296,,,,,,,,,A,Normal value,,,,,,,,1,,,,,2009,40.7838719183398,52.2665794896385,
NGA-35_1,Taraba,MRM0,Neonatal mortality rate,_T,Total,_T,Total,UN_IGME,UN IGME estimate,2021,2021,NGA,Nigeria,1,Administrative level 1,,,D_PER_1000_B,"Deaths per 1,000 live births",2010-01,45.2660504260402,,,,,,,,,A,Normal value,,,,,,,,1,,,,,2010,39.7325943824849,51.2418576133814,
NGA-35_1,Taraba,MRM0,Neonatal mortality rate,_T,Total,_T,Total,UN_IGME,UN IGME estimate,2021,2021,NGA,Nigeria,1,Administrative level 1,,,D_PER_1000_B,"Deaths per 1,000 live births",2011-01,44.7417422646168,,,,,,,,,A,Normal value,,,,,,,,1,,,,,2011,38.8268991455552,50.8470774081195,
NGA-35_1,Taraba,MRM0,Neonatal mortality rate,_T,Total,_T,Total,UN_IGME,UN IGME estimate,2021,2021,NGA,Nigeria,1,Administrative level 1,,,D_PER_1000_B,"Deaths per 1,000 live births",2012-01,45.5837831670321,,,,,,,,,A,Normal value,,,,,,,,1,,,,,2012,39.9143675218068,51.6927113444492,
NGA-35_1,Taraba,MRM0,Neonatal mortality rate,_T,Total,_T,Total,UN_IGME,UN IGME estimate,2021,2021,NGA,Nigeria,1,Administrative level 1,,,D_PER_1000_B,"Deaths per 1,000 live births",2013-01,46.288612644487,,,,,,,,,A,Normal value,,,,,,,,1,,,,,2013,40.1693569977365,52.7517021215598,
NGA-35_1,Taraba,MRM0,Neonatal mortality rate,_T,Total,_T,Total,UN_IGME,UN IGME estimate,2021,2021,NGA,Nigeria,1,Administrative level 1,,,D_PER_1000_B,"Deaths per 1,000 live births",2014-01,46.1506478370752,,,,,,,,,A,Normal value,,,,,,,,1,,,,,2014,39.9998658319444,53.5208471211079,
NGA-35_1,Taraba,MRM0,Neonatal mortality rate,_T,Total,_T,Total,UN_IGME,UN IGME estimate,2021,2021,NGA,Nigeria,1,Administrative level 1,,,D_PER_1000_B,"Deaths per 1,000 live births",2015-01,46.6135531682686,,,,,,,,,A,Normal value,,,,,,,,1,,,,,2015,40.190482037276,54.3681899411534,
NGA-35_1,Taraba,MRM0,Neonatal mortality rate,_T,Total,_T,Total,UN_IGME,UN IGME estimate,2021,2021,NGA,Nigeria,1,Administrative level 1,,,D_PER_1000_B,"Deaths per 1,000 live births",2016-01,45.8170141002418,,,,,,,,,A,Normal value,,,,,,,,1,,,,,2016,39.0347787367992,54.1338588250859,
NGA-35_1,Taraba,MRM0,Neonatal mortality rate,_T,Total,_T,Total,UN_IGME,UN IGME estimate,2021,2021,NGA,Nigeria,1,Administrative level 1,,,D_PER_1000_B,"Deaths per 1,000 live births",2017-01,45.2711317787839,,,,,,,,,A,Normal value,,,,,,,,1,,,,,2017,38.1749598505899,53.8199795540717,
NGA-35_1,Taraba,MRM0,Neonatal mortality rate,_T,Total,_T,Total,UN_IGME,UN IGME estimate,2021,2021,NGA,Nigeria,1,Administrative level 1,,,D_PER_1000_B,"Deaths per 1,000 live births",2018-01,44.7377049806317,,,,,,,,,A,Normal value,,,,,,,,1,,,,,2018,36.9038688074967,53.6124253080738,
NGA-35_1,Taraba,MRM0,Neonatal mortality rate,_T,Total,_T,Total,UN_IGME,UN IGME estimate,2021,2021,NGA,Nigeria,1,Administrative level 1,,,D_PER_1000_B,"Deaths per 1,000 live births",2019-01,43.9957997932012,,,,,,,,,A,Normal value,,,,,,,,1,,,,,2019,35.8941196000044,54.1199108516853,
NGA-35_1,Taraba,MRM0,Neonatal mortality rate,_T,Total,_T,Total,UN_IGME,UN IGME estimate,2021,2021,NGA,Nigeria,1,Administrative level 1,,,D_PER_1000_B,"Deaths per 1,000 live births",2020-01,43.5643346753252,,,,,,,,,A,Normal value,,,,,,,,1,,,,,2020,34.6952740661824,53.9935275969815,
NGA-35_1,Taraba,MRM0,Neonatal mortality rate,_T,Total,_T,Total,UN_IGME,UN IGME estimate,2021,2021,NGA,Nigeria,1,Administrative level 1,,,D_PER_1000_B,"Deaths per 1,000 live births",2021-01,42.8667304950715,,,,,,,,,A,Normal value,,,,,,,,1,,,,,2021,33.59597236596,54.3382502254143,
NGA-28_1,Ogun,MRM0,Neonatal mortality rate,_T,Total,_T,Total,UN_IGME,UN IGME estimate,2021,2021,NGA,Nigeria,1,Administrative level 1,,,D_PER_1000_B,"Deaths per 1,000 live births",2000-01,39.3350608395147,,,,,,,,,A,Normal value,,,,,,,,1,,,,,2000,31.283464277685,50.1795171643943,
NGA-28_1,Ogun,MRM0,Neonatal mortality rate,_T,Total,_T,Total,UN_IGME,UN IGME estimate,2021,2021,NGA,Nigeria,1,Administrative level 1,,,D_PER_1000_B,"Deaths per 1,000 live births",2001-01,38.7913509329243,,,,,,,,,A,Normal value,,,,,,,,1,,,,,2001,31.2019562530457,48.5971214519079,
NGA-28_1,Ogun,MRM0,Neonatal mortality rate,_T,Total,_T,Total,UN_IGME,UN IGME estimate,2021,2021,NGA,Nigeria,1,Administrative level 1,,,D_PER_1000_B,"Deaths per 1,000 live births",2002-01,37.6492536552269,,,,,,,,,A,Normal value,,,,,,,,1,,,,,2002,30.7665930976765,46.7708351312908,
NGA-28_1,Ogun,MRM0,Neonatal mortality rate,_T,Total,_T,Total,UN_IGME,UN IGME estimate,2021,2021,NGA,Nigeria,1,Administrative level 1,,,D_PER_1000_B,"Deaths per 1,000 live births",2003-01,36.2156320722396,,,,,,,,,A,Normal value,,,,,,,,1,,,,,2003,30.0152035179255,44.3012517520755,
NGA-28_1,Ogun,MRM0,Neonatal mortality rate,_T,Total,_T,Total,UN_IGME,UN IGME estimate,2021,2021,NGA,Nigeria,1,Administrative level 1,,,D_PER_1000_B,"Deaths per 1,000 live births",2004-01,35.2640202102425,,,,,,,,,A,Normal value,,,,,,,,1,,,,,2004,28.9762819159244,42.1928830702315,
NGA-28_1,Ogun,MRM0,Neonatal mortality rate,_T,Total,_T,Total,UN_IGME,UN IGME estimate,2021,2021,NGA,Nigeria,1,Administrative level 1,,,D_PER_1000_B,"Deaths per 1,000 live births",2005-01,34.2901709036022,,,,,,,,,A,Normal value,,,,,,,,1,,,,,2005,28.4568688129126,41.5636106434758,
NGA-28_1,Ogun,MRM0,Neonatal mortality rate,_T,Total,_T,Total,UN_IGME,UN IGME estimate,2021,2021,NGA,Nigeria,1,Administrative level 1,,,D_PER_1000_B,"Deaths per 1,000 live births",2006-01,32.9809993086543,,,,,,,,,A,Normal value,,,,,,,,1,,,,,2006,27.5634643997796,39.30978868556,
NGA-28_1,Ogun,MRM0,Neonatal mortality rate,_T,Total,_T,Total,UN_IGME,UN IGME estimate,2021,2021,NGA,Nigeria,1,Administrative level 1,,,D_PER_1000_B,"Deaths per 1,000 live births",2007-01,32.7041832707754,,,,,,,,,A,Normal value,,,,,,,,1,,,,,2007,26.8672407379399,38.8379018824708,
NGA-28_1,Ogun,MRM0,Neonatal mortality rate,_T,Total,_T,Total,UN_IGME,UN IGME estimate,2021,2021,NGA,Nigeria,1,Administrative level 1,,,D_PER_1000_B,"Deaths per 1,000 live births",2008-01,30.8575501349377,,,,,,,,,A,Normal value,,,,,,,,1,,,,,2008,25.5327021498454,37.2769954710403,
NGA-28_1,Ogun,MRM0,Neonatal mortality rate,_T,Total,_T,Total,UN_IGME,UN IGME estimate,2021,2021,NGA,Nigeria,1,Administrative level 1,,,D_PER_1000_B,"Deaths per 1,000 live births",2009-01,30.1460101732966,,,,,,,,,A,Normal value,,,,,,,,1,,,,,2009,24.6831193478711,36.1407463469237,
NGA-28_1,Ogun,MRM0,Neonatal mortality rate,_T,Total,_T,Total,UN_IGME,UN IGME estimate,2021,2021,NGA,Nigeria,1,Administrative level 1,,,D_PER_1000_B,"Deaths per 1,000 live births",2010-01,29.5931921993809,,,,,,,,,A,Normal value,,,,,,,,1,,,,,2010,24.2510728717071,35.5527033989657,
NGA-28_1,Ogun,MRM0,Neonatal mortality rate,_T,Total,_T,Total,UN_IGME,UN IGME estimate,2021,2021,NGA,Nigeria,1,Administrative level 1,,,D_PER_1000_B,"Deaths per 1,000 live births",2011-01,29.2873400646276,,,,,,,,,A,Normal value,,,,,,,,1,,,,,2011,23.8891227286829,35.0338548407386,
NGA-28_1,Ogun,MRM0,Neonatal mortality rate,_T,Total,_T,Total,UN_IGME,UN IGME estimate,2021,2021,NGA,Nigeria,1,Administrative level 1,,,D_PER_1000_B,"Deaths per 1,000 live births",2012-01,29.5036013084217,,,,,,,,,A,Normal value,,,,,,,,1,,,,,2012,24.0981868280756,35.3471480251324,
NGA-28_1,Ogun,MRM0,Neonatal mortality rate,_T,Total,_T,Total,UN_IGME,UN IGME estimate,2021,2021,NGA,Nigeria,1,Administrative level 1,,,D_PER_1000_B,"Deaths per 1,000 live births",2013-01,29.2172514163447,,,,,,,,,A,Normal value,,,,,,,,1,,,,,2013,23.6701177858125,35.348029418407,
NGA-28_1,Ogun,MRM0,Neonatal mortality rate,_T,Total,_T,Total,UN_IGME,UN IGME estimate,2021,2021,NGA,Nigeria,1,Administrative level 1,,,D_PER_1000_B,"Deaths per 1,000 live births",2014-01,29.4689594625369,,,,,,,,,A,Normal value,,,,,,,,1,,,,,2014,23.7326609097547,36.0533434161353,
NGA-28_1,Ogun,MRM0,Neonatal mortality rate,_T,Total,_T,Total,UN_IGME,UN IGME estimate,2021,2021,NGA,Nigeria,1,Administrative level 1,,,D_PER_1000_B,"Deaths per 1,000 live births",2015-01,29.4242345790576,,,,,,,,,A,Normal value,,,,,,,,1,,,,,2015,23.5087928041357,36.0042653736175,
NGA-28_1,Ogun,MRM0,Neonatal mortality rate,_T,Total,_T,Total,UN_IGME,UN IGME estimate,2021,2021,NGA,Nigeria,1,Administrative level 1,,,D_PER_1000_B,"Deaths per 1,000 live births",2016-01,29.2262890183453,,,,,,,,,A,Normal value,,,,,,,,1,,,,,2016,22.9552538702101,36.5013017288362,
NGA-28_1,Ogun,MRM0,Neonatal mortality rate,_T,Total,_T,Total,UN_IGME,UN IGME estimate,2021,2021,NGA,Nigeria,1,Administrative level 1,,,D_PER_1000_B,"Deaths per 1,000 live births",2017-01,28.7648875243671,,,,,,,,,A,Normal value,,,,,,,,1,,,,,2017,22.4708495957313,36.6809612097999,
NGA-28_1,Ogun,MRM0,Neonatal mortality rate,_T,Total,_T,Total,UN_IGME,UN IGME estimate,2021,2021,NGA,Nigeria,1,Administrative level 1,,,D_PER_1000_B,"Deaths per 1,000 live births",2018-01,28.4889613931664,,,,,,,,,A,Normal value,,,,,,,,1,,,,,2018,22.2044682921491,36.5241047140867,
NGA-28_1,Ogun,MRM0,Neonatal mortality rate,_T,Total,_T,Total,UN_IGME,UN IGME estimate,2021,2021,NGA,Nigeria,1,Administrative level 1,,,D_PER_1000_B,"Deaths per 1,000 live births",2019-01,27.8324521109548,,,,,,,,,A,Normal value,,,,,,,,1,,,,,2019,21.0217524025322,36.7878737045968,
NGA-28_1,Ogun,MRM0,Neonatal mortality rate,_T,Total,_T,Total,UN_IGME,UN IGME estimate,2021,2021,NGA,Nigeria,1,Administrative level 1,,,D_PER_1000_B,"Deaths per 1,000 live births",2020-01,27.3829483497666,,,,,,,,,A,Normal value,,,,,,,,1,,,,,2020,20.1762664704058,36.4011422542153,
NGA-28_1,Ogun,MRM0,Neonatal mortality rate,_T,Total,_T,Total,UN_IGME,UN IGME estimate,2021,2021,NGA,Nigeria,1,Administrative level 1,,,D_PER_1000_B,"Deaths per 1,000 live births",2021-01,26.9177546716002,,,,,,,,,A,Normal value,,,,,,,,1,,,,,2021,19.3483216083205,36.769550291207,
NGA-10_1,Delta,MRY0T4,Under-five mortality rate,_T,Total,_T,Total,UN_IGME,UN IGME estimate,2021,2021,NGA,Nigeria,1,Administrative level 1,,,D_PER_1000_B,"Deaths per 1,000 live births",2000-01,111.715938640883,,,,,,,,,A,Normal value,,,,,,,,1,,,,,2000,95.508131616347,131.480337752154,
NGA-10_1,Delta,MRY0T4,Under-five mortality rate,_T,Total,_T,Total,UN_IGME,UN IGME estimate,2021,2021,NGA,Nigeria,1,Administrative level 1,,,D_PER_1000_B,"Deaths per 1,000 live births",2001-01,109.14230608001,,,,,,,,,A,Normal value,,,,,,,,1,,,,,2001,94.3519518935858,127.329518532338,
NGA-10_1,Delta,MRY0T4,Under-five mortality rate,_T,Total,_T,Total,UN_IGME,UN IGME estimate,2021,2021,NGA,Nigeria,1,Administrative level 1,,,D_PER_1000_B,"Deaths per 1,000 live births",2002-01,104.234130049458,,,,,,,,,A,Normal value,,,,,,,,1,,,,,2002,91.7123729684743,119.947370119621,
NGA-10_1,Delta,MRY0T4,Under-five mortality rate,_T,Total,_T,Total,UN_IGME,UN IGME estimate,2021,2021,NGA,Nigeria,1,Administrative level 1,,,D_PER_1000_B,"Deaths per 1,000 live births",2003-01,102.75928769843,,,,,,,,,A,Normal value,,,,,,,,1,,,,,2003,89.2843507816509,116.118169635691,
NGA-10_1,Delta,MRY0T4,Under-five mortality rate,_T,Total,_T,Total,UN_IGME,UN IGME estimate,2021,2021,NGA,Nigeria,1,Administrative level 1,,,D_PER_1000_B,"Deaths per 1,000 live births",2004-01,101.129333712319,,,,,,,,,A,Normal value,,,,,,,,1,,,,,2004,89.0650372443434,114.202943017362,
NGA-10_1,Delta,MRY0T4,Under-five mortality rate,_T,Total,_T,Total,UN_IGME,UN IGME estimate,2021,2021,NGA,Nigeria,1,Administrative level 1,,,D_PER_1000_B,"Deaths per 1,000 live births",2005-01,99.2930534917227,,,,,,,,,A,Normal value,,,,,,,,1,,,,,2005,88.2626343343765,112.129694126036,
NGA-10_1,Delta,MRY0T4,Under-five mortality rate,_T,Total,_T,Total,UN_IGME,UN IGME estimate,2021,2021,NGA,Nigeria,1,Administrative level 1,,,D_PER_1000_B,"Deaths per 1,000 live births",2006-01,97.5692954429547,,,,,,,,,A,Normal value,,,,,,,,1,,,,,2006,86.3000424307735,108.660748785582,
NGA-10_1,Delta,MRY0T4,Under-five mortality rate,_T,Total,_T,Total,UN_IGME,UN IGME estimate,2021,2021,NGA,Nigeria,1,Administrative level 1,,,D_PER_1000_B,"Deaths per 1,000 live births",2007-01,93.9134934649104,,,,,,,,,A,Normal value,,,,,,,,1,,,,,2007,82.8251238550629,105.300587046682,
NGA-10_1,Delta,MRY0T4,Under-five mortality rate,_T,Total,_T,Total,UN_IGME,UN IGME estimate,2021,2021,NGA,Nigeria,1,Administrative level 1,,,D_PER_1000_B,"Deaths per 1,000 live births",2008-01,91.2953985522462,,,,,,,,,A,Normal value,,,,,,,,1,,,,,2008,81.5274679570312,102.655649327795,
NGA-10_1,Delta,MRY0T4,Under-five mortality rate,_T,Total,_T,Total,UN_IGME,UN IGME estimate,2021,2021,NGA,Nigeria,1,Administrative level 1,,,D_PER_1000_B,"Deaths per 1,000 live births",2009-01,88.2460548160687,,,,,,,,,A,Normal value,,,,,,,,1,,,,,2009,78.5438614022024,98.6662056787071,
NGA-10_1,Delta,MRY0T4,Under-five mortality rate,_T,Total,_T,Total,UN_IGME,UN IGME estimate,2021,2021,NGA,Nigeria,1,Administrative level 1,,,D_PER_1000_B,"Deaths per 1,000 live births",2010-01,86.8720252372607,,,,,,,,,A,Normal value,,,,,,,,1,,,,,2010,76.586764573035,98.3786301937229,
NGA-10_1,Delta,MRY0T4,Under-five mortality rate,_T,Total,_T,Total,UN_IGME,UN IGME estimate,2021,2021,NGA,Nigeria,1,Administrative level 1,,,D_PER_1000_B,"Deaths per 1,000 live births",2011-01,85.7568274551644,,,,,,,,,A,Normal value,,,,,,,,1,,,,,2011,75.4745236772116,97.9559469136424,
NGA-10_1,Delta,MRY0T4,Under-five mortality rate,_T,Total,_T,Total,UN_IGME,UN IGME estimate,2021,2021,NGA,Nigeria,1,Administrative level 1,,,D_PER_1000_B,"Deaths per 1,000 live births",2012-01,85.0658925411871,,,,,,,,,A,Normal value,,,,,,,,1,,,,,2012,74.2964583518059,98.1863188663525,
NGA-10_1,Delta,MRY0T4,Under-five mortality rate,_T,Total,_T,Total,UN_IGME,UN IGME estimate,2021,2021,NGA,Nigeria,1,Administrative level 1,,,D_PER_1000_B,"Deaths per 1,000 live births",2013-01,79.6595027939538,,,,,,,,,A,Normal value,,,,,,,,1,,,,,2013,68.6570869779564,92.2044412790793,
NGA-10_1,Delta,MRY0T4,Under-five mortality rate,_T,Total,_T,Total,UN_IGME,UN IGME estimate,2021,2021,NGA,Nigeria,1,Administrative level 1,,,D_PER_1000_B,"Deaths per 1,000 live births",2014-01,75.2680891572194,,,,,,,,,A,Normal value,,,,,,,,1,,,,,2014,64.2474862495145,88.6846291487595,
NGA-10_1,Delta,MRY0T4,Under-five mortality rate,_T,Total,_T,Total,UN_IGME,UN IGME estimate,2021,2021,NGA,Nigeria,1,Administrative level 1,,,D_PER_1000_B,"Deaths per 1,000 live births",2015-01,72.8443842089099,,,,,,,,,A,Normal value,,,,,,,,1,,,,,2015,61.9144340525284,86.7547184470031,
NGA-10_1,Delta,MRY0T4,Under-five mortality rate,_T,Total,_T,Total,UN_IGME,UN IGME estimate,2021,2021,NGA,Nigeria,1,Administrative level 1,,,D_PER_1000_B,"Deaths per 1,000 live births",2016-01,70.8161630006494,,,,,,,,,A,Normal value,,,,,,,,1,,,,,2016,59.662304229397,85.1770209383566,
NGA-10_1,Delta,MRY0T4,Under-five mortality rate,_T,Total,_T,Total,UN_IGME,UN IGME estimate,2021,2021,NGA,Nigeria,1,Administrative level 1,,,D_PER_1000_B,"Deaths per 1,000 live births",2017-01,69.0528360623063,,,,,,,,,A,Normal value,,,,,,,,1,,,,,2017,57.5793878467181,84.7012186334552,
NGA-10_1,Delta,MRY0T4,Under-five mortality rate,_T,Total,_T,Total,UN_IGME,UN IGME estimate,2021,2021,NGA,Nigeria,1,Administrative level 1,,,D_PER_1000_B,"Deaths per 1,000 live births",2018-01,68.1054346730158,,,,,,,,,A,Normal value,,,,,,,,1,,,,,2018,55.7307632910313,84.6005994572667,
NGA-10_1,Delta,MRY0T4,Under-five mortality rate,_T,Total,_T,Total,UN_IGME,UN IGME estimate,2021,2021,NGA,Nigeria,1,Administrative level 1,,,D_PER_1000_B,"Deaths per 1,000 live births",2019-01,67.6779007792338,,,,,,,,,A,Normal value,,,,,,,,1,,,,,2019,54.5734914252948,85.1001473682682,
NGA-10_1,Delta,MRY0T4,Under-five mortality rate,_T,Total,_T,Total,UN_IGME,UN IGME estimate,2021,2021,NGA,Nigeria,1,Administrative level 1,,,D_PER_1000_B,"Deaths per 1,000 live births",2020-01,66.5532344459566,,,,,,,,,A,Normal value,,,,,,,,1,,,,,2020,51.3828333828421,85.6337501978863,
NGA-10_1,Delta,MRY0T4,Under-five mortality rate,_T,Total,_T,Total,UN_IGME,UN IGME estimate,2021,2021,NGA,Nigeria,1,Administrative level 1,,,D_PER_1000_B,"Deaths per 1,000 live births",2021-01,64.8828202810714,,,,,,,,,A,Normal value,,,,,,,,1,,,,,2021,50.0294153807079,86.3723601170727,
NGA-25_1,Lagos,MRM0,Neonatal mortality rate,_T,Total,_T,Total,UN_IGME,UN IGME estimate,2021,2021,NGA,Nigeria,1,Administrative level 1,,,D_PER_1000_B,"Deaths per 1,000 live births",2000-01,56.0313842279499,,,,,,,,,A,Normal value,,,,,,,,1,,,,,2000,45.8290218285374,71.5818312466341,
NGA-25_1,Lagos,MRM0,Neonatal mortality rate,_T,Total,_T,Total,UN_IGME,UN IGME estimate,2021,2021,NGA,Nigeria,1,Administrative level 1,,,D_PER_1000_B,"Deaths per 1,000 live births",2001-01,54.2983119432749,,,,,,,,,A,Normal value,,,,,,,,1,,,,,2001,44.7622640373896,68.3073343906597,
NGA-25_1,Lagos,MRM0,Neonatal mortality rate,_T,Total,_T,Total,UN_IGME,UN IGME estimate,2021,2021,NGA,Nigeria,1,Administrative level 1,,,D_PER_1000_B,"Deaths per 1,000 live births",2002-01,53.7289347113424,,,,,,,,,A,Normal value,,,,,,,,1,,,,,2002,44.9583845652036,66.6713465795855,
NGA-25_1,Lagos,MRM0,Neonatal mortality rate,_T,Total,_T,Total,UN_IGME,UN IGME estimate,2021,2021,NGA,Nigeria,1,Administrative level 1,,,D_PER_1000_B,"Deaths per 1,000 live births",2003-01,50.4518234274526,,,,,,,,,A,Normal value,,,,,,,,1,,,,,2003,42.35658483414,60.5112343892333,
NGA-25_1,Lagos,MRM0,Neonatal mortality rate,_T,Total,_T,Total,UN_IGME,UN IGME estimate,2021,2021,NGA,Nigeria,1,Administrative level 1,,,D_PER_1000_B,"Deaths per 1,000 live births",2004-01,48.9268506137419,,,,,,,,,A,Normal value,,,,,,,,1,,,,,2004,41.2494991982038,58.0132291104649,
NGA-25_1,Lagos,MRM0,Neonatal mortality rate,_T,Total,_T,Total,UN_IGME,UN IGME estimate,2021,2021,NGA,Nigeria,1,Administrative level 1,,,D_PER_1000_B,"Deaths per 1,000 live births",2005-01,47.6611511847872,,,,,,,,,A,Normal value,,,,,,,,1,,,,,2005,40.1342795120589,55.7313244253814,
NGA-25_1,Lagos,MRM0,Neonatal mortality rate,_T,Total,_T,Total,UN_IGME,UN IGME estimate,2021,2021,NGA,Nigeria,1,Administrative level 1,,,D_PER_1000_B,"Deaths per 1,000 live births",2006-01,45.7909205893986,,,,,,,,,A,Normal value,,,,,,,,1,,,,,2006,38.7338467161031,53.5145123369154,
NGA-25_1,Lagos,MRM0,Neonatal mortality rate,_T,Total,_T,Total,UN_IGME,UN IGME estimate,2021,2021,NGA,Nigeria,1,Administrative level 1,,,D_PER_1000_B,"Deaths per 1,000 live births",2007-01,45.0117258031292,,,,,,,,,A,Normal value,,,,,,,,1,,,,,2007,37.6569944954887,52.6088275813599,
NGA-25_1,Lagos,MRM0,Neonatal mortality rate,_T,Total,_T,Total,UN_IGME,UN IGME estimate,2021,2021,NGA,Nigeria,1,Administrative level 1,,,D_PER_1000_B,"Deaths per 1,000 live births",2008-01,42.7659458119974,,,,,,,,,A,Normal value,,,,,,,,1,,,,,2008,35.8242892555034,49.7451399535194,
NGA-25_1,Lagos,MRM0,Neonatal mortality rate,_T,Total,_T,Total,UN_IGME,UN IGME estimate,2021,2021,NGA,Nigeria,1,Administrative level 1,,,D_PER_1000_B,"Deaths per 1,000 live births",2009-01,40.580200412111,,,,,,,,,A,Normal value,,,,,,,,1,,,,,2009,33.7791523850056,47.5240688037253,
NGA-25_1,Lagos,MRM0,Neonatal mortality rate,_T,Total,_T,Total,UN_IGME,UN IGME estimate,2021,2021,NGA,Nigeria,1,Administrative level 1,,,D_PER_1000_B,"Deaths per 1,000 live births",2010-01,39.7333331924511,,,,,,,,,A,Normal value,,,,,,,,1,,,,,2010,32.7685668211916,46.7224342828138,
NGA-25_1,Lagos,MRM0,Neonatal mortality rate,_T,Total,_T,Total,UN_IGME,UN IGME estimate,2021,2021,NGA,Nigeria,1,Administrative level 1,,,D_PER_1000_B,"Deaths per 1,000 live births",2011-01,39.9086174137315,,,,,,,,,A,Normal value,,,,,,,,1,,,,,2011,32.8532034916178,47.0945515372282,
NGA-25_1,Lagos,MRM0,Neonatal mortality rate,_T,Total,_T,Total,UN_IGME,UN IGME estimate,2021,2021,NGA,Nigeria,1,Administrative level 1,,,D_PER_1000_B,"Deaths per 1,000 live births",2012-01,39.2859471294271,,,,,,,,,A,Normal value,,,,,,,,1,,,,,2012,32.5236536944804,46.4864218946624,
NGA-25_1,Lagos,MRM0,Neonatal mortality rate,_T,Total,_T,Total,UN_IGME,UN IGME estimate,2021,2021,NGA,Nigeria,1,Administrative level 1,,,D_PER_1000_B,"Deaths per 1,000 live births",2013-01,39.0491195271005,,,,,,,,,A,Normal value,,,,,,,,1,,,,,2013,31.7801370084532,46.3031939029819,
NGA-25_1,Lagos,MRM0,Neonatal mortality rate,_T,Total,_T,Total,UN_IGME,UN IGME estimate,2021,2021,NGA,Nigeria,1,Administrative level 1,,,D_PER_1000_B,"Deaths per 1,000 live births",2014-01,40.725626867983,,,,,,,,,A,Normal value,,,,,,,,1,,,,,2014,33.3458416403786,49.5297159089475,
NGA-25_1,Lagos,MRM0,Neonatal mortality rate,_T,Total,_T,Total,UN_IGME,UN IGME estimate,2021,2021,NGA,Nigeria,1,Administrative level 1,,,D_PER_1000_B,"Deaths per 1,000 live births",2015-01,40.1392725517546,,,,,,,,,A,Normal value,,,,,,,,1,,,,,2015,32.5650730508348,49.0561063563004,
NGA-25_1,Lagos,MRM0,Neonatal mortality rate,_T,Total,_T,Total,UN_IGME,UN IGME estimate,2021,2021,NGA,Nigeria,1,Administrative level 1,,,D_PER_1000_B,"Deaths per 1,000 live births",2016-01,40.9749396879807,,,,,,,,,A,Normal value,,,,,,,,1,,,,,2016,32.4880426635543,51.1050565901381,
NGA-25_1,Lagos,MRM0,Neonatal mortality rate,_T,Total,_T,Total,UN_IGME,UN IGME estimate,2021,2021,NGA,Nigeria,1,Administrative level 1,,,D_PER_1000_B,"Deaths per 1,000 live births",2017-01,40.7274349015671,,,,,,,,,A,Normal value,,,,,,,,1,,,,,2017,31.7620696656893,52.9436111721662,
NGA-25_1,Lagos,MRM0,Neonatal mortality rate,_T,Total,_T,Total,UN_IGME,UN IGME estimate,2021,2021,NGA,Nigeria,1,Administrative level 1,,,D_PER_1000_B,"Deaths per 1,000 live births",2018-01,40.1060902743555,,,,,,,,,A,Normal value,,,,,,,,1,,,,,2018,31.1787991187318,52.7228335225728,
NGA-25_1,Lagos,MRM0,Neonatal mortality rate,_T,Total,_T,Total,UN_IGME,UN IGME estimate,2021,2021,NGA,Nigeria,1,Administrative level 1,,,D_PER_1000_B,"Deaths per 1,000 live births",2019-01,39.681703165408,,,,,,,,,A,Normal value,,,,,,,,1,,,,,2019,29.4393631668872,52.7970689366215,
NGA-25_1,Lagos,MRM0,Neonatal mortality rate,_T,Total,_T,Total,UN_IGME,UN IGME estimate,2021,2021,NGA,Nigeria,1,Administrative level 1,,,D_PER_1000_B,"Deaths per 1,000 live births",2020-01,38.5951556484956,,,,,,,,,A,Normal value,,,,,,,,1,,,,,2020,28.3162961159773,53.1787465525176,
NGA-25_1,Lagos,MRM0,Neonatal mortality rate,_T,Total,_T,Total,UN_IGME,UN IGME estimate,2021,2021,NGA,Nigeria,1,Administrative level 1,,,D_PER_1000_B,"Deaths per 1,000 live births",2021-01,37.917079829888,,,,,,,,,A,Normal value,,,,,,,,1,,,,,2021,27.1257232485153,53.7744376033009,
NGA-12_1,Edo,MRM0,Neonatal mortality rate,_T,Total,_T,Total,UN_IGME,UN IGME estimate,2021,2021,NGA,Nigeria,1,Administrative level 1,,,D_PER_1000_B,"Deaths per 1,000 live births",2000-01,36.9010503203949,,,,,,,,,A,Normal value,,,,,,,,1,,,,,2000,29.8957486956274,45.4737979462683,
NGA-12_1,Edo,MRM0,Neonatal mortality rate,_T,Total,_T,Total,UN_IGME,UN IGME estimate,2021,2021,NGA,Nigeria,1,Administrative level 1,,,D_PER_1000_B,"Deaths per 1,000 live births",2001-01,36.5258439014949,,,,,,,,,A,Normal value,,,,,,,,1,,,,,2001,29.6936470647004,44.5237942639495,
NGA-12_1,Edo,MRM0,Neonatal mortality rate,_T,Total,_T,Total,UN_IGME,UN IGME estimate,2021,2021,NGA,Nigeria,1,Administrative level 1,,,D_PER_1000_B,"Deaths per 1,000 live births",2002-01,35.778072098077,,,,,,,,,A,Normal value,,,,,,,,1,,,,,2002,29.8107682953927,42.9467806274202,
NGA-12_1,Edo,MRM0,Neonatal mortality rate,_T,Total,_T,Total,UN_IGME,UN IGME estimate,2021,2021,NGA,Nigeria,1,Administrative level 1,,,D_PER_1000_B,"Deaths per 1,000 live births",2003-01,34.6063696544022,,,,,,,,,A,Normal value,,,,,,,,1,,,,,2003,28.8716409413786,41.0217499078663,
NGA-12_1,Edo,MRM0,Neonatal mortality rate,_T,Total,_T,Total,UN_IGME,UN IGME estimate,2021,2021,NGA,Nigeria,1,Administrative level 1,,,D_PER_1000_B,"Deaths per 1,000 live births",2004-01,33.8164833061973,,,,,,,,,A,Normal value,,,,,,,,1,,,,,2004,28.6214791269973,40.1536853309726,
NGA-12_1,Edo,MRM0,Neonatal mortality rate,_T,Total,_T,Total,UN_IGME,UN IGME estimate,2021,2021,NGA,Nigeria,1,Administrative level 1,,,D_PER_1000_B,"Deaths per 1,000 live births",2005-01,33.2254268126713,,,,,,,,,A,Normal value,,,,,,,,1,,,,,2005,28.1868275390192,39.2998714659554,
NGA-12_1,Edo,MRM0,Neonatal mortality rate,_T,Total,_T,Total,UN_IGME,UN IGME estimate,2021,2021,NGA,Nigeria,1,Administrative level 1,,,D_PER_1000_B,"Deaths per 1,000 live births",2006-01,32.3180054588327,,,,,,,,,A,Normal value,,,,,,,,1,,,,,2006,27.3766320863275,38.0016830315668,
NGA-12_1,Edo,MRM0,Neonatal mortality rate,_T,Total,_T,Total,UN_IGME,UN IGME estimate,2021,2021,NGA,Nigeria,1,Administrative level 1,,,D_PER_1000_B,"Deaths per 1,000 live births",2007-01,32.4277351432026,,,,,,,,,A,Normal value,,,,,,,,1,,,,,2007,27.4909720743152,37.7978061706871,
NGA-12_1,Edo,MRM0,Neonatal mortality rate,_T,Total,_T,Total,UN_IGME,UN IGME estimate,2021,2021,NGA,Nigeria,1,Administrative level 1,,,D_PER_1000_B,"Deaths per 1,000 live births",2008-01,31.0639578813086,,,,,,,,,A,Normal value,,,,,,,,1,,,,,2008,26.4776463226115,36.6381440350521,
NGA-12_1,Edo,MRM0,Neonatal mortality rate,_T,Total,_T,Total,UN_IGME,UN IGME estimate,2021,2021,NGA,Nigeria,1,Administrative level 1,,,D_PER_1000_B,"Deaths per 1,000 live births",2009-01,30.5332517993403,,,,,,,,,A,Normal value,,,,,,,,1,,,,,2009,25.6881704199434,35.8059965292247,
NGA-12_1,Edo,MRM0,Neonatal mortality rate,_T,Total,_T,Total,UN_IGME,UN IGME estimate,2021,2021,NGA,Nigeria,1,Administrative level 1,,,D_PER_1000_B,"Deaths per 1,000 live births",2010-01,30.3525260616837,,,,,,,,,A,Normal value,,,,,,,,1,,,,,2010,25.5221227861502,35.7257370946731,
NGA-12_1,Edo,MRM0,Neonatal mortality rate,_T,Total,_T,Total,UN_IGME,UN IGME estimate,2021,2021,NGA,Nigeria,1,Administrative level 1,,,D_PER_1000_B,"Deaths per 1,000 live births",2011-01,30.4432482515923,,,,,,,,,A,Normal value,,,,,,,,1,,,,,2011,25.497763551644,35.6402746528475,
NGA-12_1,Edo,MRM0,Neonatal mortality rate,_T,Total,_T,Total,UN_IGME,UN IGME estimate,2021,2021,NGA,Nigeria,1,Administrative level 1,,,D_PER_1000_B,"Deaths per 1,000 live births",2012-01,30.9280852612823,,,,,,,,,A,Normal value,,,,,,,,1,,,,,2012,25.9091698123089,36.6634904900108,
NGA-12_1,Edo,MRM0,Neonatal mortality rate,_T,Total,_T,Total,UN_IGME,UN IGME estimate,2021,2021,NGA,Nigeria,1,Administrative level 1,,,D_PER_1000_B,"Deaths per 1,000 live births",2013-01,30.7359291872337,,,,,,,,,A,Normal value,,,,,,,,1,,,,,2013,25.7160173817466,36.9907804522549,
NGA-12_1,Edo,MRM0,Neonatal mortality rate,_T,Total,_T,Total,UN_IGME,UN IGME estimate,2021,2021,NGA,Nigeria,1,Administrative level 1,,,D_PER_1000_B,"Deaths per 1,000 live births",2014-01,31.1350910701037,,,,,,,,,A,Normal value,,,,,,,,1,,,,,2014,25.9113544440811,38.4581575960796,
NGA-12_1,Edo,MRM0,Neonatal mortality rate,_T,Total,_T,Total,UN_IGME,UN IGME estimate,2021,2021,NGA,Nigeria,1,Administrative level 1,,,D_PER_1000_B,"Deaths per 1,000 live births",2015-01,30.9548907179863,,,,,,,,,A,Normal value,,,,,,,,1,,,,,2015,25.2835248499514,37.776324957958,
NGA-12_1,Edo,MRM0,Neonatal mortality rate,_T,Total,_T,Total,UN_IGME,UN IGME estimate,2021,2021,NGA,Nigeria,1,Administrative level 1,,,D_PER_1000_B,"Deaths per 1,000 live births",2016-01,30.860865892449,,,,,,,,,A,Normal value,,,,,,,,1,,,,,2016,24.9532776443662,38.0922129183577,
NGA-12_1,Edo,MRM0,Neonatal mortality rate,_T,Total,_T,Total,UN_IGME,UN IGME estimate,2021,2021,NGA,Nigeria,1,Administrative level 1,,,D_PER_1000_B,"Deaths per 1,000 live births",2017-01,30.6406161040879,,,,,,,,,A,Normal value,,,,,,,,1,,,,,2017,24.514219517543,38.5138595144098,
NGA-12_1,Edo,MRM0,Neonatal mortality rate,_T,Total,_T,Total,UN_IGME,UN IGME estimate,2021,2021,NGA,Nigeria,1,Administrative level 1,,,D_PER_1000_B,"Deaths per 1,000 live births",2018-01,30.4638697754739,,,,,,,,,A,Normal value,,,,,,,,1,,,,,2018,24.1977134410132,38.6504953539224,
NGA-12_1,Edo,MRM0,Neonatal mortality rate,_T,Total,_T,Total,UN_IGME,UN IGME estimate,2021,2021,NGA,Nigeria,1,Administrative level 1,,,D_PER_1000_B,"Deaths per 1,000 live births",2019-01,29.9788006013679,,,,,,,,,A,Normal value,,,,,,,,1,,,,,2019,23.5080298708763,38.4032956840929,
NGA-12_1,Edo,MRM0,Neonatal mortality rate,_T,Total,_T,Total,UN_IGME,UN IGME estimate,2021,2021,NGA,Nigeria,1,Administrative level 1,,,D_PER_1000_B,"Deaths per 1,000 live births",2020-01,29.5798253733621,,,,,,,,,A,Normal value,,,,,,,,1,,,,,2020,22.6679070084469,38.7129840993667,
NGA-12_1,Edo,MRM0,Neonatal mortality rate,_T,Total,_T,Total,UN_IGME,UN IGME estimate,2021,2021,NGA,Nigeria,1,Administrative level 1,,,D_PER_1000_B,"Deaths per 1,000 live births",2021-01,29.1852228845285,,,,,,,,,A,Normal value,,,,,,,,1,,,,,2021,21.7813577889941,38.7345962866114,
NGA-3_1,Akwa Ibom,MRY0T4,Under-five mortality rate,_T,Total,_T,Total,UN_IGME,UN IGME estimate,2021,2021,NGA,Nigeria,1,Administrative level 1,,,D_PER_1000_B,"Deaths per 1,000 live births",2000-01,117.837050419812,,,,,,,,,A,Normal value,,,,,,,,1,,,,,2000,97.6542278958283,139.226893704746,
NGA-3_1,Akwa Ibom,MRY0T4,Under-five mortality rate,_T,Total,_T,Total,UN_IGME,UN IGME estimate,2021,2021,NGA,Nigeria,1,Administrative level 1,,,D_PER_1000_B,"Deaths per 1,000 live births",2001-01,118.562498968443,,,,,,,,,A,Normal value,,,,,,,,1,,,,,2001,100.56134607202,139.777537030201,
NGA-3_1,Akwa Ibom,MRY0T4,Under-five mortality rate,_T,Total,_T,Total,UN_IGME,UN IGME estimate,2021,2021,NGA,Nigeria,1,Administrative level 1,,,D_PER_1000_B,"Deaths per 1,000 live births",2002-01,119.246114370394,,,,,,,,,A,Normal value,,,,,,,,1,,,,,2002,102.1798965895,138.7474897618,
NGA-3_1,Akwa Ibom,MRY0T4,Under-five mortality rate,_T,Total,_T,Total,UN_IGME,UN IGME estimate,2021,2021,NGA,Nigeria,1,Administrative level 1,,,D_PER_1000_B,"Deaths per 1,000 live births",2003-01,122.869812102182,,,,,,,,,A,Normal value,,,,,,,,1,,,,,2003,106.79717023125,141.668767608751,
NGA-3_1,Akwa Ibom,MRY0T4,Under-five mortality rate,_T,Total,_T,Total,UN_IGME,UN IGME estimate,2021,2021,NGA,Nigeria,1,Administrative level 1,,,D_PER_1000_B,"Deaths per 1,000 live births",2004-01,124.575089183703,,,,,,,,,A,Normal value,,,,,,,,1,,,,,2004,108.543719006843,141.433372964453,
NGA-3_1,Akwa Ibom,MRY0T4,Under-five mortality rate,_T,Total,_T,Total,UN_IGME,UN IGME estimate,2021,2021,NGA,Nigeria,1,Administrative level 1,,,D_PER_1000_B,"Deaths per 1,000 live births",2005-01,127.297892889192,,,,,,,,,A,Normal value,,,,,,,,1,,,,,2005,112.191086805142,145.446567374911,
NGA-3_1,Akwa Ibom,MRY0T4,Under-five mortality rate,_T,Total,_T,Total,UN_IGME,UN IGME estimate,2021,2021,NGA,Nigeria,1,Administrative level 1,,,D_PER_1000_B,"Deaths per 1,000 live births",2006-01,125.946800200632,,,,,,,,,A,Normal value,,,,,,,,1,,,,,2006,110.989003467828,143.080989863144,
NGA-3_1,Akwa Ibom,MRY0T4,Under-five mortality rate,_T,Total,_T,Total,UN_IGME,UN IGME estimate,2021,2021,NGA,Nigeria,1,Administrative level 1,,,D_PER_1000_B,"Deaths per 1,000 live births",2007-01,124.796205518276,,,,,,,,,A,Normal value,,,,,,,,1,,,,,2007,110.18447981927,141.929158613528,
NGA-3_1,Akwa Ibom,MRY0T4,Under-five mortality rate,_T,Total,_T,Total,UN_IGME,UN IGME estimate,2021,2021,NGA,Nigeria,1,Administrative level 1,,,D_PER_1000_B,"Deaths per 1,000 live births",2008-01,126.436012073914,,,,,,,,,A,Normal value,,,,,,,,1,,,,,2008,111.45559759556,143.387520516604,
NGA-3_1,Akwa Ibom,MRY0T4,Under-five mortality rate,_T,Total,_T,Total,UN_IGME,UN IGME estimate,2021,2021,NGA,Nigeria,1,Administrative level 1,,,D_PER_1000_B,"Deaths per 1,000 live births",2009-01,128.034788265736,,,,,,,,,A,Normal value,,,,,,,,1,,,,,2009,112.77160972812,145.38356764127,
NGA-3_1,Akwa Ibom,MRY0T4,Under-five mortality rate,_T,Total,_T,Total,UN_IGME,UN IGME estimate,2021,2021,NGA,Nigeria,1,Administrative level 1,,,D_PER_1000_B,"Deaths per 1,000 live births",2010-01,132.579636152608,,,,,,,,,A,Normal value,,,,,,,,1,,,,,2010,117.44256289713,150.157922944111,
NGA-3_1,Akwa Ibom,MRY0T4,Under-five mortality rate,_T,Total,_T,Total,UN_IGME,UN IGME estimate,2021,2021,NGA,Nigeria,1,Administrative level 1,,,D_PER_1000_B,"Deaths per 1,000 live births",2011-01,134.343210138633,,,,,,,,,A,Normal value,,,,,,,,1,,,,,2011,117.894333415927,151.974946804284,
NGA-3_1,Akwa Ibom,MRY0T4,Under-five mortality rate,_T,Total,_T,Total,UN_IGME,UN IGME estimate,2021,2021,NGA,Nigeria,1,Administrative level 1,,,D_PER_1000_B,"Deaths per 1,000 live births",2012-01,134.455548864517,,,,,,,,,A,Normal value,,,,,,,,1,,,,,2012,117.813686894861,155.152533173257,
NGA-3_1,Akwa Ibom,MRY0T4,Under-five mortality rate,_T,Total,_T,Total,UN_IGME,UN IGME estimate,2021,2021,NGA,Nigeria,1,Administrative level 1,,,D_PER_1000_B,"Deaths per 1,000 live births",2013-01,128.958368954362,,,,,,,,,A,Normal value,,,,,,,,1,,,,,2013,111.793996199627,148.332656809044,
NGA-3_1,Akwa Ibom,MRY0T4,Under-five mortality rate,_T,Total,_T,Total,UN_IGME,UN IGME estimate,2021,2021,NGA,Nigeria,1,Administrative level 1,,,D_PER_1000_B,"Deaths per 1,000 live births",2014-01,123.514775138977,,,,,,,,,A,Normal value,,,,,,,,1,,,,,2014,107.181290954335,144.927706669755,
NGA-3_1,Akwa Ibom,MRY0T4,Under-five mortality rate,_T,Total,_T,Total,UN_IGME,UN IGME estimate,2021,2021,NGA,Nigeria,1,Administrative level 1,,,D_PER_1000_B,"Deaths per 1,000 live births",2015-01,121.033602466313,,,,,,,,,A,Normal value,,,,,,,,1,,,,,2015,103.427320622397,143.027081759801,
NGA-3_1,Akwa Ibom,MRY0T4,Under-five mortality rate,_T,Total,_T,Total,UN_IGME,UN IGME estimate,2021,2021,NGA,Nigeria,1,Administrative level 1,,,D_PER_1000_B,"Deaths per 1,000 live births",2016-01,117.624344560918,,,,,,,,,A,Normal value,,,,,,,,1,,,,,2016,100.350261582348,139.404931998189,
NGA-3_1,Akwa Ibom,MRY0T4,Under-five mortality rate,_T,Total,_T,Total,UN_IGME,UN IGME estimate,2021,2021,NGA,Nigeria,1,Administrative level 1,,,D_PER_1000_B,"Deaths per 1,000 live births",2017-01,116.596943688208,,,,,,,,,A,Normal value,,,,,,,,1,,,,,2017,97.7102502569332,140.397060172485,
NGA-3_1,Akwa Ibom,MRY0T4,Under-five mortality rate,_T,Total,_T,Total,UN_IGME,UN IGME estimate,2021,2021,NGA,Nigeria,1,Administrative level 1,,,D_PER_1000_B,"Deaths per 1,000 live births",2018-01,117.997034681536,,,,,,,,,A,Normal value,,,,,,,,1,,,,,2018,96.5714227587826,143.579507982078,
NGA-3_1,Akwa Ibom,MRY0T4,Under-five mortality rate,_T,Total,_T,Total,UN_IGME,UN IGME estimate,2021,2021,NGA,Nigeria,1,Administrative level 1,,,D_PER_1000_B,"Deaths per 1,000 live births",2019-01,117.396558764646,,,,,,,,,A,Normal value,,,,,,,,1,,,,,2019,94.5387362278458,146.023644477634,
NGA-3_1,Akwa Ibom,MRY0T4,Under-five mortality rate,_T,Total,_T,Total,UN_IGME,UN IGME estimate,2021,2021,NGA,Nigeria,1,Administrative level 1,,,D_PER_1000_B,"Deaths per 1,000 live births",2020-01,117.374675016237,,,,,,,,,A,Normal value,,,,,,,,1,,,,,2020,91.5688690037909,146.985887610023,
NGA-3_1,Akwa Ibom,MRY0T4,Under-five mortality rate,_T,Total,_T,Total,UN_IGME,UN IGME estimate,2021,2021,NGA,Nigeria,1,Administrative level 1,,,D_PER_1000_B,"Deaths per 1,000 live births",2021-01,116.96188407149,,,,,,,,,A,Normal value,,,,,,,,1,,,,,2021,89.529209990941,149.643524899375,
NGA-33_1,Rivers,MRM0,Neonatal mortality rate,_T,Total,_T,Total,UN_IGME,UN IGME estimate,2021,2021,NGA,Nigeria,1,Administrative level 1,,,D_PER_1000_B,"Deaths per 1,000 live births",2000-01,37.6759528940222,,,,,,,,,A,Normal value,,,,,,,,1,,,,,2000,30.4970638093414,46.680560888442,
NGA-33_1,Rivers,MRM0,Neonatal mortality rate,_T,Total,_T,Total,UN_IGME,UN IGME estimate,2021,2021,NGA,Nigeria,1,Administrative level 1,,,D_PER_1000_B,"Deaths per 1,000 live births",2001-01,37.2674773171812,,,,,,,,,A,Normal value,,,,,,,,1,,,,,2001,30.3463051533236,45.7713638070422,
NGA-33_1,Rivers,MRM0,Neonatal mortality rate,_T,Total,_T,Total,UN_IGME,UN IGME estimate,2021,2021,NGA,Nigeria,1,Administrative level 1,,,D_PER_1000_B,"Deaths per 1,000 live births",2002-01,36.6081589998613,,,,,,,,,A,Normal value,,,,,,,,1,,,,,2002,30.3495043157051,44.5054700491882,
NGA-33_1,Rivers,MRM0,Neonatal mortality rate,_T,Total,_T,Total,UN_IGME,UN IGME estimate,2021,2021,NGA,Nigeria,1,Administrative level 1,,,D_PER_1000_B,"Deaths per 1,000 live births",2003-01,35.5313648786111,,,,,,,,,A,Normal value,,,,,,,,1,,,,,2003,29.9137688628245,42.9630997818514,
NGA-33_1,Rivers,MRM0,Neonatal mortality rate,_T,Total,_T,Total,UN_IGME,UN IGME estimate,2021,2021,NGA,Nigeria,1,Administrative level 1,,,D_PER_1000_B,"Deaths per 1,000 live births",2004-01,34.7590012625862,,,,,,,,,A,Normal value,,,,,,,,1,,,,,2004,29.2069426288698,41.4805570753465,
NGA-33_1,Rivers,MRM0,Neonatal mortality rate,_T,Total,_T,Total,UN_IGME,UN IGME estimate,2021,2021,NGA,Nigeria,1,Administrative level 1,,,D_PER_1000_B,"Deaths per 1,000 live births",2005-01,34.1361900188073,,,,,,,,,A,Normal value,,,,,,,,1,,,,,2005,28.8970449643604,40.0222126355995,
NGA-33_1,Rivers,MRM0,Neonatal mortality rate,_T,Total,_T,Total,UN_IGME,UN IGME estimate,2021,2021,NGA,Nigeria,1,Administrative level 1,,,D_PER_1000_B,"Deaths per 1,000 live births",2006-01,33.1512685776672,,,,,,,,,A,Normal value,,,,,,,,1,,,,,2006,28.0689142370372,38.69336440627,
NGA-33_1,Rivers,MRM0,Neonatal mortality rate,_T,Total,_T,Total,UN_IGME,UN IGME estimate,2021,2021,NGA,Nigeria,1,Administrative level 1,,,D_PER_1000_B,"Deaths per 1,000 live births",2007-01,33.0304247520442,,,,,,,,,A,Normal value,,,,,,,,1,,,,,2007,28.2354306377266,38.6145372735178,
NGA-33_1,Rivers,MRM0,Neonatal mortality rate,_T,Total,_T,Total,UN_IGME,UN IGME estimate,2021,2021,NGA,Nigeria,1,Administrative level 1,,,D_PER_1000_B,"Deaths per 1,000 live births",2008-01,31.906627692201,,,,,,,,,A,Normal value,,,,,,,,1,,,,,2008,27.1600141923712,37.0715219222944,
NGA-33_1,Rivers,MRM0,Neonatal mortality rate,_T,Total,_T,Total,UN_IGME,UN IGME estimate,2021,2021,NGA,Nigeria,1,Administrative level 1,,,D_PER_1000_B,"Deaths per 1,000 live births",2009-01,31.5179449496439,,,,,,,,,A,Normal value,,,,,,,,1,,,,,2009,26.6976643802641,36.7152583050506,
NGA-33_1,Rivers,MRM0,Neonatal mortality rate,_T,Total,_T,Total,UN_IGME,UN IGME estimate,2021,2021,NGA,Nigeria,1,Administrative level 1,,,D_PER_1000_B,"Deaths per 1,000 live births",2010-01,31.140883181839,,,,,,,,,A,Normal value,,,,,,,,1,,,,,2010,26.327208544614,36.5873385231052,
NGA-33_1,Rivers,MRM0,Neonatal mortality rate,_T,Total,_T,Total,UN_IGME,UN IGME estimate,2021,2021,NGA,Nigeria,1,Administrative level 1,,,D_PER_1000_B,"Deaths per 1,000 live births",2011-01,31.0587681123649,,,,,,,,,A,Normal value,,,,,,,,1,,,,,2011,26.6407399497105,37.1777705118865,
NGA-33_1,Rivers,MRM0,Neonatal mortality rate,_T,Total,_T,Total,UN_IGME,UN IGME estimate,2021,2021,NGA,Nigeria,1,Administrative level 1,,,D_PER_1000_B,"Deaths per 1,000 live births",2012-01,31.6043170157409,,,,,,,,,A,Normal value,,,,,,,,1,,,,,2012,26.8627135726141,37.6422432373864,
NGA-33_1,Rivers,MRM0,Neonatal mortality rate,_T,Total,_T,Total,UN_IGME,UN IGME estimate,2021,2021,NGA,Nigeria,1,Administrative level 1,,,D_PER_1000_B,"Deaths per 1,000 live births",2013-01,31.5663786370974,,,,,,,,,A,Normal value,,,,,,,,1,,,,,2013,26.6481445562175,37.9439997191997,
NGA-33_1,Rivers,MRM0,Neonatal mortality rate,_T,Total,_T,Total,UN_IGME,UN IGME estimate,2021,2021,NGA,Nigeria,1,Administrative level 1,,,D_PER_1000_B,"Deaths per 1,000 live births",2014-01,31.7636307603984,,,,,,,,,A,Normal value,,,,,,,,1,,,,,2014,26.5466059804727,38.282496978722,
NGA-33_1,Rivers,MRM0,Neonatal mortality rate,_T,Total,_T,Total,UN_IGME,UN IGME estimate,2021,2021,NGA,Nigeria,1,Administrative level 1,,,D_PER_1000_B,"Deaths per 1,000 live births",2015-01,31.3637878995157,,,,,,,,,A,Normal value,,,,,,,,1,,,,,2015,25.7994461738635,38.2619828115006,
NGA-33_1,Rivers,MRM0,Neonatal mortality rate,_T,Total,_T,Total,UN_IGME,UN IGME estimate,2021,2021,NGA,Nigeria,1,Administrative level 1,,,D_PER_1000_B,"Deaths per 1,000 live births",2016-01,30.9696549903288,,,,,,,,,A,Normal value,,,,,,,,1,,,,,2016,25.0856260623928,38.1894533736067,
NGA-33_1,Rivers,MRM0,Neonatal mortality rate,_T,Total,_T,Total,UN_IGME,UN IGME estimate,2021,2021,NGA,Nigeria,1,Administrative level 1,,,D_PER_1000_B,"Deaths per 1,000 live births",2017-01,30.6836940414666,,,,,,,,,A,Normal value,,,,,,,,1,,,,,2017,24.5669122340062,37.9885378939774,
NGA-33_1,Rivers,MRM0,Neonatal mortality rate,_T,Total,_T,Total,UN_IGME,UN IGME estimate,2021,2021,NGA,Nigeria,1,Administrative level 1,,,D_PER_1000_B,"Deaths per 1,000 live births",2018-01,30.5602814054429,,,,,,,,,A,Normal value,,,,,,,,1,,,,,2018,24.2873623071965,38.5994106364305,
NGA-33_1,Rivers,MRM0,Neonatal mortality rate,_T,Total,_T,Total,UN_IGME,UN IGME estimate,2021,2021,NGA,Nigeria,1,Administrative level 1,,,D_PER_1000_B,"Deaths per 1,000 live births",2019-01,30.1026390494505,,,,,,,,,A,Normal value,,,,,,,,1,,,,,2019,23.3707655060242,38.767104597565,
NGA-33_1,Rivers,MRM0,Neonatal mortality rate,_T,Total,_T,Total,UN_IGME,UN IGME estimate,2021,2021,NGA,Nigeria,1,Administrative level 1,,,D_PER_1000_B,"Deaths per 1,000 live births",2020-01,29.729544314377,,,,,,,,,A,Normal value,,,,,,,,1,,,,,2020,22.6315990144162,38.5815294264587,
NGA-33_1,Rivers,MRM0,Neonatal mortality rate,_T,Total,_T,Total,UN_IGME,UN IGME estimate,2021,2021,NGA,Nigeria,1,Administrative level 1,,,D_PER_1000_B,"Deaths per 1,000 live births",2021-01,29.1576520367059,,,,,,,,,A,Normal value,,,,,,,,1,,,,,2021,21.89332971485,39.0600600704375,
NGA-34_1,Sokoto,MRM0,Neonatal mortality rate,_T,Total,_T,Total,UN_IGME,UN IGME estimate,2021,2021,NGA,Nigeria,1,Administrative level 1,,,D_PER_1000_B,"Deaths per 1,000 live births",2000-01,59.9141228141428,,,,,,,,,A,Normal value,,,,,,,,1,,,,,2000,50.7127226118662,71.6608164939769,
NGA-34_1,Sokoto,MRM0,Neonatal mortality rate,_T,Total,_T,Total,UN_IGME,UN IGME estimate,2021,2021,NGA,Nigeria,1,Administrative level 1,,,D_PER_1000_B,"Deaths per 1,000 live births",2001-01,60.0756775194047,,,,,,,,,A,Normal value,,,,,,,,1,,,,,2001,51.4033386929909,71.7517182377751,
NGA-34_1,Sokoto,MRM0,Neonatal mortality rate,_T,Total,_T,Total,UN_IGME,UN IGME estimate,2021,2021,NGA,Nigeria,1,Administrative level 1,,,D_PER_1000_B,"Deaths per 1,000 live births",2002-01,58.1535396304629,,,,,,,,,A,Normal value,,,,,,,,1,,,,,2002,49.8685576159548,67.5451880913464,
NGA-34_1,Sokoto,MRM0,Neonatal mortality rate,_T,Total,_T,Total,UN_IGME,UN IGME estimate,2021,2021,NGA,Nigeria,1,Administrative level 1,,,D_PER_1000_B,"Deaths per 1,000 live births",2003-01,57.4021241912701,,,,,,,,,A,Normal value,,,,,,,,1,,,,,2003,49.3806861290365,65.4392724208147,
NGA-34_1,Sokoto,MRM0,Neonatal mortality rate,_T,Total,_T,Total,UN_IGME,UN IGME estimate,2021,2021,NGA,Nigeria,1,Administrative level 1,,,D_PER_1000_B,"Deaths per 1,000 live births",2004-01,55.8298801245157,,,,,,,,,A,Normal value,,,,,,,,1,,,,,2004,48.7262200161247,63.7256850068775,
NGA-34_1,Sokoto,MRM0,Neonatal mortality rate,_T,Total,_T,Total,UN_IGME,UN IGME estimate,2021,2021,NGA,Nigeria,1,Administrative level 1,,,D_PER_1000_B,"Deaths per 1,000 live births",2005-01,54.9791558260325,,,,,,,,,A,Normal value,,,,,,,,1,,,,,2005,48.3622497828076,62.6505296214198,
NGA-34_1,Sokoto,MRM0,Neonatal mortality rate,_T,Total,_T,Total,UN_IGME,UN IGME estimate,2021,2021,NGA,Nigeria,1,Administrative level 1,,,D_PER_1000_B,"Deaths per 1,000 live births",2006-01,53.8515818167951,,,,,,,,,A,Normal value,,,,,,,,1,,,,,2006,48.1676110547857,61.5079451514784,
NGA-34_1,Sokoto,MRM0,Neonatal mortality rate,_T,Total,_T,Total,UN_IGME,UN IGME estimate,2021,2021,NGA,Nigeria,1,Administrative level 1,,,D_PER_1000_B,"Deaths per 1,000 live births",2007-01,54.9363804796398,,,,,,,,,A,Normal value,,,,,,,,1,,,,,2007,49.1319205876619,63.1621205355268,
NGA-34_1,Sokoto,MRM0,Neonatal mortality rate,_T,Total,_T,Total,UN_IGME,UN IGME estimate,2021,2021,NGA,Nigeria,1,Administrative level 1,,,D_PER_1000_B,"Deaths per 1,000 live births",2008-01,51.6689540279418,,,,,,,,,A,Normal value,,,,,,,,1,,,,,2008,45.4570798618115,58.3830458962963,
NGA-34_1,Sokoto,MRM0,Neonatal mortality rate,_T,Total,_T,Total,UN_IGME,UN IGME estimate,2021,2021,NGA,Nigeria,1,Administrative level 1,,,D_PER_1000_B,"Deaths per 1,000 live births",2009-01,51.5052755534626,,,,,,,,,A,Normal value,,,,,,,,1,,,,,2009,45.6873195213661,59.4835340159561,
NGA-34_1,Sokoto,MRM0,Neonatal mortality rate,_T,Total,_T,Total,UN_IGME,UN IGME estimate,2021,2021,NGA,Nigeria,1,Administrative level 1,,,D_PER_1000_B,"Deaths per 1,000 live births",2010-01,50.5723468811903,,,,,,,,,A,Normal value,,,,,,,,1,,,,,2010,44.2873622447915,58.4737487214522,
NGA-34_1,Sokoto,MRM0,Neonatal mortality rate,_T,Total,_T,Total,UN_IGME,UN IGME estimate,2021,2021,NGA,Nigeria,1,Administrative level 1,,,D_PER_1000_B,"Deaths per 1,000 live births",2011-01,48.7412256108782,,,,,,,,,A,Normal value,,,,,,,,1,,,,,2011,42.5104837052414,55.5863731247706,
NGA-34_1,Sokoto,MRM0,Neonatal mortality rate,_T,Total,_T,Total,UN_IGME,UN IGME estimate,2021,2021,NGA,Nigeria,1,Administrative level 1,,,D_PER_1000_B,"Deaths per 1,000 live births",2012-01,48.5579440367942,,,,,,,,,A,Normal value,,,,,,,,1,,,,,2012,42.2526883479295,55.4813588661861,
NGA-34_1,Sokoto,MRM0,Neonatal mortality rate,_T,Total,_T,Total,UN_IGME,UN IGME estimate,2021,2021,NGA,Nigeria,1,Administrative level 1,,,D_PER_1000_B,"Deaths per 1,000 live births",2013-01,49.0956650162468,,,,,,,,,A,Normal value,,,,,,,,1,,,,,2013,42.6587060506506,56.1074086002457,
NGA-34_1,Sokoto,MRM0,Neonatal mortality rate,_T,Total,_T,Total,UN_IGME,UN IGME estimate,2021,2021,NGA,Nigeria,1,Administrative level 1,,,D_PER_1000_B,"Deaths per 1,000 live births",2014-01,48.97522880618,,,,,,,,,A,Normal value,,,,,,,,1,,,,,2014,42.1387953116317,56.3542598158662,
NGA-34_1,Sokoto,MRM0,Neonatal mortality rate,_T,Total,_T,Total,UN_IGME,UN IGME estimate,2021,2021,NGA,Nigeria,1,Administrative level 1,,,D_PER_1000_B,"Deaths per 1,000 live births",2015-01,48.6763063389244,,,,,,,,,A,Normal value,,,,,,,,1,,,,,2015,41.4867269169199,57.1360964503112,
NGA-34_1,Sokoto,MRM0,Neonatal mortality rate,_T,Total,_T,Total,UN_IGME,UN IGME estimate,2021,2021,NGA,Nigeria,1,Administrative level 1,,,D_PER_1000_B,"Deaths per 1,000 live births",2016-01,47.4201408388634,,,,,,,,,A,Normal value,,,,,,,,1,,,,,2016,40.3262966947102,56.4614424267617,
NGA-34_1,Sokoto,MRM0,Neonatal mortality rate,_T,Total,_T,Total,UN_IGME,UN IGME estimate,2021,2021,NGA,Nigeria,1,Administrative level 1,,,D_PER_1000_B,"Deaths per 1,000 live births",2017-01,46.283491891455,,,,,,,,,A,Normal value,,,,,,,,1,,,,,2017,38.9198536369469,55.4787636822238,
NGA-34_1,Sokoto,MRM0,Neonatal mortality rate,_T,Total,_T,Total,UN_IGME,UN IGME estimate,2021,2021,NGA,Nigeria,1,Administrative level 1,,,D_PER_1000_B,"Deaths per 1,000 live births",2018-01,45.2623761152299,,,,,,,,,A,Normal value,,,,,,,,1,,,,,2018,36.8671143470147,54.8351309087326,
NGA-34_1,Sokoto,MRM0,Neonatal mortality rate,_T,Total,_T,Total,UN_IGME,UN IGME estimate,2021,2021,NGA,Nigeria,1,Administrative level 1,,,D_PER_1000_B,"Deaths per 1,000 live births",2019-01,44.2101056015065,,,,,,,,,A,Normal value,,,,,,,,1,,,,,2019,35.1827883232679,53.9181346781961,
NGA-34_1,Sokoto,MRM0,Neonatal mortality rate,_T,Total,_T,Total,UN_IGME,UN IGME estimate,2021,2021,NGA,Nigeria,1,Administrative level 1,,,D_PER_1000_B,"Deaths per 1,000 live births",2020-01,43.5585732652547,,,,,,,,,A,Normal value,,,,,,,,1,,,,,2020,33.9411363965937,54.2976525204477,
NGA-34_1,Sokoto,MRM0,Neonatal mortality rate,_T,Total,_T,Total,UN_IGME,UN IGME estimate,2021,2021,NGA,Nigeria,1,Administrative level 1,,,D_PER_1000_B,"Deaths per 1,000 live births",2021-01,42.6629708904913,,,,,,,,,A,Normal value,,,,,,,,1,,,,,2021,32.0218229476439,54.713573071779,
NGA-17_1,Imo,MRY0T4,Under-five mortality rate,_T,Total,_T,Total,UN_IGME,UN IGME estimate,2021,2021,NGA,Nigeria,1,Administrative level 1,,,D_PER_1000_B,"Deaths per 1,000 live births",2000-01,179.122817350566,,,,,,,,,A,Normal value,,,,,,,,1,,,,,2000,152.139083784337,210.42573302759,
NGA-17_1,Imo,MRY0T4,Under-five mortality rate,_T,Total,_T,Total,UN_IGME,UN IGME estimate,2021,2021,NGA,Nigeria,1,Administrative level 1,,,D_PER_1000_B,"Deaths per 1,000 live births",2001-01,177.427336436019,,,,,,,,,A,Normal value,,,,,,,,1,,,,,2001,152.836932860322,204.749224650286,
NGA-17_1,Imo,MRY0T4,Under-five mortality rate,_T,Total,_T,Total,UN_IGME,UN IGME estimate,2021,2021,NGA,Nigeria,1,Administrative level 1,,,D_PER_1000_B,"Deaths per 1,000 live births",2002-01,170.861695507468,,,,,,,,,A,Normal value,,,,,,,,1,,,,,2002,149.4809440791,196.017235486123,
NGA-17_1,Imo,MRY0T4,Under-five mortality rate,_T,Total,_T,Total,UN_IGME,UN IGME estimate,2021,2021,NGA,Nigeria,1,Administrative level 1,,,D_PER_1000_B,"Deaths per 1,000 live births",2003-01,167.310039659908,,,,,,,,,A,Normal value,,,,,,,,1,,,,,2003,148.265242171168,190.679325170611,
NGA-17_1,Imo,MRY0T4,Under-five mortality rate,_T,Total,_T,Total,UN_IGME,UN IGME estimate,2021,2021,NGA,Nigeria,1,Administrative level 1,,,D_PER_1000_B,"Deaths per 1,000 live births",2004-01,164.912606308827,,,,,,,,,A,Normal value,,,,,,,,1,,,,,2004,147.141403424158,186.413422886968,
NGA-17_1,Imo,MRY0T4,Under-five mortality rate,_T,Total,_T,Total,UN_IGME,UN IGME estimate,2021,2021,NGA,Nigeria,1,Administrative level 1,,,D_PER_1000_B,"Deaths per 1,000 live births",2005-01,163.246210422958,,,,,,,,,A,Normal value,,,,,,,,1,,,,,2005,145.877547678933,183.119739136938,
NGA-17_1,Imo,MRY0T4,Under-five mortality rate,_T,Total,_T,Total,UN_IGME,UN IGME estimate,2021,2021,NGA,Nigeria,1,Administrative level 1,,,D_PER_1000_B,"Deaths per 1,000 live births",2006-01,157.005157010218,,,,,,,,,A,Normal value,,,,,,,,1,,,,,2006,139.300203818971,175.902313611711,
NGA-17_1,Imo,MRY0T4,Under-five mortality rate,_T,Total,_T,Total,UN_IGME,UN IGME estimate,2021,2021,NGA,Nigeria,1,Administrative level 1,,,D_PER_1000_B,"Deaths per 1,000 live births",2007-01,150.630498976885,,,,,,,,,A,Normal value,,,,,,,,1,,,,,2007,134.201697364815,169.227150803178,
NGA-17_1,Imo,MRY0T4,Under-five mortality rate,_T,Total,_T,Total,UN_IGME,UN IGME estimate,2021,2021,NGA,Nigeria,1,Administrative level 1,,,D_PER_1000_B,"Deaths per 1,000 live births",2008-01,147.901670850843,,,,,,,,,A,Normal value,,,,,,,,1,,,,,2008,132.787987544309,166.153156071073,
NGA-17_1,Imo,MRY0T4,Under-five mortality rate,_T,Total,_T,Total,UN_IGME,UN IGME estimate,2021,2021,NGA,Nigeria,1,Administrative level 1,,,D_PER_1000_B,"Deaths per 1,000 live births",2009-01,144.447507362863,,,,,,,,,A,Normal value,,,,,,,,1,,,,,2009,128.108234090734,160.941339318962,
NGA-17_1,Imo,MRY0T4,Under-five mortality rate,_T,Total,_T,Total,UN_IGME,UN IGME estimate,2021,2021,NGA,Nigeria,1,Administrative level 1,,,D_PER_1000_B,"Deaths per 1,000 live births",2010-01,142.993243863648,,,,,,,,,A,Normal value,,,,,,,,1,,,,,2010,127.57976897912,160.790305899386,
NGA-17_1,Imo,MRY0T4,Under-five mortality rate,_T,Total,_T,Total,UN_IGME,UN IGME estimate,2021,2021,NGA,Nigeria,1,Administrative level 1,,,D_PER_1000_B,"Deaths per 1,000 live births",2011-01,138.770116145927,,,,,,,,,A,Normal value,,,,,,,,1,,,,,2011,123.256569028641,156.392175149631,
NGA-17_1,Imo,MRY0T4,Under-five mortality rate,_T,Total,_T,Total,UN_IGME,UN IGME estimate,2021,2021,NGA,Nigeria,1,Administrative level 1,,,D_PER_1000_B,"Deaths per 1,000 live births",2012-01,136.151681600592,,,,,,,,,A,Normal value,,,,,,,,1,,,,,2012,119.327740336501,154.112725781707,
NGA-17_1,Imo,MRY0T4,Under-five mortality rate,_T,Total,_T,Total,UN_IGME,UN IGME estimate,2021,2021,NGA,Nigeria,1,Administrative level 1,,,D_PER_1000_B,"Deaths per 1,000 live births",2013-01,128.473211002992,,,,,,,,,A,Normal value,,,,,,,,1,,,,,2013,111.13389906755,147.46180297939,
NGA-17_1,Imo,MRY0T4,Under-five mortality rate,_T,Total,_T,Total,UN_IGME,UN IGME estimate,2021,2021,NGA,Nigeria,1,Administrative level 1,,,D_PER_1000_B,"Deaths per 1,000 live births",2014-01,122.918786787228,,,,,,,,,A,Normal value,,,,,,,,1,,,,,2014,105.830815448386,141.728596760967,
NGA-17_1,Imo,MRY0T4,Under-five mortality rate,_T,Total,_T,Total,UN_IGME,UN IGME estimate,2021,2021,NGA,Nigeria,1,Administrative level 1,,,D_PER_1000_B,"Deaths per 1,000 live births",2015-01,118.86194618909,,,,,,,,,A,Normal value,,,,,,,,1,,,,,2015,102.396792485409,139.660957371858,
NGA-17_1,Imo,MRY0T4,Under-five mortality rate,_T,Total,_T,Total,UN_IGME,UN IGME estimate,2021,2021,NGA,Nigeria,1,Administrative level 1,,,D_PER_1000_B,"Deaths per 1,000 live births",2016-01,115.831883007525,,,,,,,,,A,Normal value,,,,,,,,1,,,,,2016,98.6719818653245,137.399244358028,
NGA-17_1,Imo,MRY0T4,Under-five mortality rate,_T,Total,_T,Total,UN_IGME,UN IGME estimate,2021,2021,NGA,Nigeria,1,Administrative level 1,,,D_PER_1000_B,"Deaths per 1,000 live births",2017-01,112.704295655091,,,,,,,,,A,Normal value,,,,,,,,1,,,,,2017,94.567946665859,136.207547965945,
NGA-17_1,Imo,MRY0T4,Under-five mortality rate,_T,Total,_T,Total,UN_IGME,UN IGME estimate,2021,2021,NGA,Nigeria,1,Administrative level 1,,,D_PER_1000_B,"Deaths per 1,000 live births",2018-01,111.454497004707,,,,,,,,,A,Normal value,,,,,,,,1,,,,,2018,92.2100882543395,137.390123525708,
NGA-17_1,Imo,MRY0T4,Under-five mortality rate,_T,Total,_T,Total,UN_IGME,UN IGME estimate,2021,2021,NGA,Nigeria,1,Administrative level 1,,,D_PER_1000_B,"Deaths per 1,000 live births",2019-01,108.82931088703,,,,,,,,,A,Normal value,,,,,,,,1,,,,,2019,88.1281172646404,135.924355261825,
NGA-17_1,Imo,MRY0T4,Under-five mortality rate,_T,Total,_T,Total,UN_IGME,UN IGME estimate,2021,2021,NGA,Nigeria,1,Administrative level 1,,,D_PER_1000_B,"Deaths per 1,000 live births",2020-01,106.932049514734,,,,,,,,,A,Normal value,,,,,,,,1,,,,,2020,83.9246135379586,134.205421422057,
NGA-17_1,Imo,MRY0T4,Under-five mortality rate,_T,Total,_T,Total,UN_IGME,UN IGME estimate,2021,2021,NGA,Nigeria,1,Administrative level 1,,,D_PER_1000_B,"Deaths per 1,000 live births",2021-01,103.842771132396,,,,,,,,,A,Normal value,,,,,,,,1,,,,,2021,79.6920540538669,134.113862486389,
NGA-8_1,Borno,MRY0T4,Under-five mortality rate,_T,Total,_T,Total,UN_IGME,UN IGME estimate,2021,2021,NGA,Nigeria,1,Administrative level 1,,,D_PER_1000_B,"Deaths per 1,000 live births",2000-01,146.75234350293,,,,,,,,,A,Normal value,,,,,,,,1,,,,,2000,124.421585919418,171.79558198802,
NGA-8_1,Borno,MRY0T4,Under-five mortality rate,_T,Total,_T,Total,UN_IGME,UN IGME estimate,2021,2021,NGA,Nigeria,1,Administrative level 1,,,D_PER_1000_B,"Deaths per 1,000 live births",2001-01,142.241502299912,,,,,,,,,A,Normal value,,,,,,,,1,,,,,2001,123.087669463629,166.071947619898,
NGA-8_1,Borno,MRY0T4,Under-five mortality rate,_T,Total,_T,Total,UN_IGME,UN IGME estimate,2021,2021,NGA,Nigeria,1,Administrative level 1,,,D_PER_1000_B,"Deaths per 1,000 live births",2002-01,142.670725450658,,,,,,,,,A,Normal value,,,,,,,,1,,,,,2002,124.31811102617,163.978358640297,
NGA-8_1,Borno,MRY0T4,Under-five mortality rate,_T,Total,_T,Total,UN_IGME,UN IGME estimate,2021,2021,NGA,Nigeria,1,Administrative level 1,,,D_PER_1000_B,"Deaths per 1,000 live births",2003-01,135.100163153291,,,,,,,,,A,Normal value,,,,,,,,1,,,,,2003,119.084245271242,154.264053498829,
NGA-8_1,Borno,MRY0T4,Under-five mortality rate,_T,Total,_T,Total,UN_IGME,UN IGME estimate,2021,2021,NGA,Nigeria,1,Administrative level 1,,,D_PER_1000_B,"Deaths per 1,000 live births",2004-01,127.657863150344,,,,,,,,,A,Normal value,,,,,,,,1,,,,,2004,113.471006140769,145.24685725558,
NGA-8_1,Borno,MRY0T4,Under-five mortality rate,_T,Total,_T,Total,UN_IGME,UN IGME estimate,2021,2021,NGA,Nigeria,1,Administrative level 1,,,D_PER_1000_B,"Deaths per 1,000 live births",2005-01,122.325763123715,,,,,,,,,A,Normal value,,,,,,,,1,,,,,2005,108.142260967398,137.372605185712,
NGA-8_1,Borno,MRY0T4,Under-five mortality rate,_T,Total,_T,Total,UN_IGME,UN IGME estimate,2021,2021,NGA,Nigeria,1,Administrative level 1,,,D_PER_1000_B,"Deaths per 1,000 live births",2006-01,117.49574444618,,,,,,,,,A,Normal value,,,,,,,,1,,,,,2006,104.214997966057,131.943855143265,
NGA-8_1,Borno,MRY0T4,Under-five mortality rate,_T,Total,_T,Total,UN_IGME,UN IGME estimate,2021,2021,NGA,Nigeria,1,Administrative level 1,,,D_PER_1000_B,"Deaths per 1,000 live births",2007-01,114.218010245092,,,,,,,,,A,Normal value,,,,,,,,1,,,,,2007,101.888512780155,128.020595098879,
NGA-8_1,Borno,MRY0T4,Under-five mortality rate,_T,Total,_T,Total,UN_IGME,UN IGME estimate,2021,2021,NGA,Nigeria,1,Administrative level 1,,,D_PER_1000_B,"Deaths per 1,000 live births",2008-01,113.288687971905,,,,,,,,,A,Normal value,,,,,,,,1,,,,,2008,100.780068561653,126.582631432764,
NGA-8_1,Borno,MRY0T4,Under-five mortality rate,_T,Total,_T,Total,UN_IGME,UN IGME estimate,2021,2021,NGA,Nigeria,1,Administrative level 1,,,D_PER_1000_B,"Deaths per 1,000 live births",2009-01,111.480902571712,,,,,,,,,A,Normal value,,,,,,,,1,,,,,2009,99.1552135999856,124.482651721954,
NGA-8_1,Borno,MRY0T4,Under-five mortality rate,_T,Total,_T,Total,UN_IGME,UN IGME estimate,2021,2021,NGA,Nigeria,1,Administrative level 1,,,D_PER_1000_B,"Deaths per 1,000 live births",2010-01,107.998280715346,,,,,,,,,A,Normal value,,,,,,,,1,,,,,2010,96.0088529389706,121.125279537384,
NGA-8_1,Borno,MRY0T4,Under-five mortality rate,_T,Total,_T,Total,UN_IGME,UN IGME estimate,2021,2021,NGA,Nigeria,1,Administrative level 1,,,D_PER_1000_B,"Deaths per 1,000 live births",2011-01,106.580761686813,,,,,,,,,A,Normal value,,,,,,,,1,,,,,2011,94.6726262975944,120.291818349228,
NGA-8_1,Borno,MRY0T4,Under-five mortality rate,_T,Total,_T,Total,UN_IGME,UN IGME estimate,2021,2021,NGA,Nigeria,1,Administrative level 1,,,D_PER_1000_B,"Deaths per 1,000 live births",2012-01,103.372874157502,,,,,,,,,A,Normal value,,,,,,,,1,,,,,2012,91.5688663255711,117.264314733691,
NGA-8_1,Borno,MRY0T4,Under-five mortality rate,_T,Total,_T,Total,UN_IGME,UN IGME estimate,2021,2021,NGA,Nigeria,1,Administrative level 1,,,D_PER_1000_B,"Deaths per 1,000 live births",2013-01,103.797508078232,,,,,,,,,A,Normal value,,,,,,,,1,,,,,2013,90.9078221877438,118.743661723527,
NGA-8_1,Borno,MRY0T4,Under-five mortality rate,_T,Total,_T,Total,UN_IGME,UN IGME estimate,2021,2021,NGA,Nigeria,1,Administrative level 1,,,D_PER_1000_B,"Deaths per 1,000 live births",2014-01,103.765971726281,,,,,,,,,A,Normal value,,,,,,,,1,,,,,2014,90.7089691465398,119.319260567476,
NGA-8_1,Borno,MRY0T4,Under-five mortality rate,_T,Total,_T,Total,UN_IGME,UN IGME estimate,2021,2021,NGA,Nigeria,1,Administrative level 1,,,D_PER_1000_B,"Deaths per 1,000 live births",2015-01,104.112448693021,,,,,,,,,A,Normal value,,,,,,,,1,,,,,2015,89.2711028597691,120.305187349101,
NGA-8_1,Borno,MRY0T4,Under-five mortality rate,_T,Total,_T,Total,UN_IGME,UN IGME estimate,2021,2021,NGA,Nigeria,1,Administrative level 1,,,D_PER_1000_B,"Deaths per 1,000 live births",2016-01,101.16118859485,,,,,,,,,A,Normal value,,,,,,,,1,,,,,2016,86.6893304281621,118.01208082115,
NGA-8_1,Borno,MRY0T4,Under-five mortality rate,_T,Total,_T,Total,UN_IGME,UN IGME estimate,2021,2021,NGA,Nigeria,1,Administrative level 1,,,D_PER_1000_B,"Deaths per 1,000 live births",2017-01,100.579753336475,,,,,,,,,A,Normal value,,,,,,,,1,,,,,2017,84.0957092069649,118.559831024652,
NGA-8_1,Borno,MRY0T4,Under-five mortality rate,_T,Total,_T,Total,UN_IGME,UN IGME estimate,2021,2021,NGA,Nigeria,1,Administrative level 1,,,D_PER_1000_B,"Deaths per 1,000 live births",2018-01,97.1237059198945,,,,,,,,,A,Normal value,,,,,,,,1,,,,,2018,79.1949278352496,116.664993557881,
NGA-8_1,Borno,MRY0T4,Under-five mortality rate,_T,Total,_T,Total,UN_IGME,UN IGME estimate,2021,2021,NGA,Nigeria,1,Administrative level 1,,,D_PER_1000_B,"Deaths per 1,000 live births",2019-01,95.9783897242645,,,,,,,,,A,Normal value,,,,,,,,1,,,,,2019,75.9218693576405,120.788227394789,
NGA-8_1,Borno,MRY0T4,Under-five mortality rate,_T,Total,_T,Total,UN_IGME,UN IGME estimate,2021,2021,NGA,Nigeria,1,Administrative level 1,,,D_PER_1000_B,"Deaths per 1,000 live births",2020-01,93.7326266385657,,,,,,,,,A,Normal value,,,,,,,,1,,,,,2020,72.8991414208623,120.262900203282,
NGA-8_1,Borno,MRY0T4,Under-five mortality rate,_T,Total,_T,Total,UN_IGME,UN IGME estimate,2021,2021,NGA,Nigeria,1,Administrative level 1,,,D_PER_1000_B,"Deaths per 1,000 live births",2021-01,92.3131843808782,,,,,,,,,A,Normal value,,,,,,,,1,,,,,2021,70.0992883838753,121.876653435296,
NGA-19_1,Kaduna,MRY0T4,Under-five mortality rate,_T,Total,_T,Total,UN_IGME,UN IGME estimate,2021,2021,NGA,Nigeria,1,Administrative level 1,,,D_PER_1000_B,"Deaths per 1,000 live births",2000-01,180.084992501036,,,,,,,,,A,Normal value,,,,,,,,1,,,,,2000,160.485112210519,202.526337071665,
NGA-19_1,Kaduna,MRY0T4,Under-five mortality rate,_T,Total,_T,Total,UN_IGME,UN IGME estimate,2021,2021,NGA,Nigeria,1,Administrative level 1,,,D_PER_1000_B,"Deaths per 1,000 live births",2001-01,177.134491310571,,,,,,,,,A,Normal value,,,,,,,,1,,,,,2001,159.375545622057,198.0888959361,
NGA-19_1,Kaduna,MRY0T4,Under-five mortality rate,_T,Total,_T,Total,UN_IGME,UN IGME estimate,2021,2021,NGA,Nigeria,1,Administrative level 1,,,D_PER_1000_B,"Deaths per 1,000 live births",2002-01,177.576703656184,,,,,,,,,A,Normal value,,,,,,,,1,,,,,2002,160.869009397574,196.165245298638,
NGA-19_1,Kaduna,MRY0T4,Under-five mortality rate,_T,Total,_T,Total,UN_IGME,UN IGME estimate,2021,2021,NGA,Nigeria,1,Administrative level 1,,,D_PER_1000_B,"Deaths per 1,000 live births",2003-01,173.758775808224,,,,,,,,,A,Normal value,,,,,,,,1,,,,,2003,158.161188603366,190.7012123652,
NGA-19_1,Kaduna,MRY0T4,Under-five mortality rate,_T,Total,_T,Total,UN_IGME,UN IGME estimate,2021,2021,NGA,Nigeria,1,Administrative level 1,,,D_PER_1000_B,"Deaths per 1,000 live births",2004-01,170.2180440155,,,,,,,,,A,Normal value,,,,,,,,1,,,,,2004,156.323955029857,185.474138794251,
NGA-19_1,Kaduna,MRY0T4,Under-five mortality rate,_T,Total,_T,Total,UN_IGME,UN IGME estimate,2021,2021,NGA,Nigeria,1,Administrative level 1,,,D_PER_1000_B,"Deaths per 1,000 live births",2005-01,168.604270914275,,,,,,,,,A,Normal value,,,,,,,,1,,,,,2005,155.766330818433,183.965775991821,
NGA-19_1,Kaduna,MRY0T4,Under-five mortality rate,_T,Total,_T,Total,UN_IGME,UN IGME estimate,2021,2021,NGA,Nigeria,1,Administrative level 1,,,D_PER_1000_B,"Deaths per 1,000 live births",2006-01,170.732127466253,,,,,,,,,A,Normal value,,,,,,,,1,,,,,2006,157.670853852615,184.533738860903,
NGA-19_1,Kaduna,MRY0T4,Under-five mortality rate,_T,Total,_T,Total,UN_IGME,UN IGME estimate,2021,2021,NGA,Nigeria,1,Administrative level 1,,,D_PER_1000_B,"Deaths per 1,000 live births",2007-01,172.71064446007,,,,,,,,,A,Normal value,,,,,,,,1,,,,,2007,160.99310649296,185.695624346096,
NGA-19_1,Kaduna,MRY0T4,Under-five mortality rate,_T,Total,_T,Total,UN_IGME,UN IGME estimate,2021,2021,NGA,Nigeria,1,Administrative level 1,,,D_PER_1000_B,"Deaths per 1,000 live births",2008-01,174.944078647849,,,,,,,,,A,Normal value,,,,,,,,1,,,,,2008,162.458740037758,187.667789654742,
NGA-19_1,Kaduna,MRY0T4,Under-five mortality rate,_T,Total,_T,Total,UN_IGME,UN IGME estimate,2021,2021,NGA,Nigeria,1,Administrative level 1,,,D_PER_1000_B,"Deaths per 1,000 live births",2009-01,176.317651857565,,,,,,,,,A,Normal value,,,,,,,,1,,,,,2009,163.272080632703,190.465276395043,
NGA-19_1,Kaduna,MRY0T4,Under-five mortality rate,_T,Total,_T,Total,UN_IGME,UN IGME estimate,2021,2021,NGA,Nigeria,1,Administrative level 1,,,D_PER_1000_B,"Deaths per 1,000 live births",2010-01,174.525085760013,,,,,,,,,A,Normal value,,,,,,,,1,,,,,2010,161.446035063278,188.283984902164,
NGA-19_1,Kaduna,MRY0T4,Under-five mortality rate,_T,Total,_T,Total,UN_IGME,UN IGME estimate,2021,2021,NGA,Nigeria,1,Administrative level 1,,,D_PER_1000_B,"Deaths per 1,000 live births",2011-01,173.923581136732,,,,,,,,,A,Normal value,,,,,,,,1,,,,,2011,161.553011767886,186.845936662998,
NGA-19_1,Kaduna,MRY0T4,Under-five mortality rate,_T,Total,_T,Total,UN_IGME,UN IGME estimate,2021,2021,NGA,Nigeria,1,Administrative level 1,,,D_PER_1000_B,"Deaths per 1,000 live births",2012-01,174.323352291326,,,,,,,,,A,Normal value,,,,,,,,1,,,,,2012,161.005450013398,187.594953544889,
NGA-19_1,Kaduna,MRY0T4,Under-five mortality rate,_T,Total,_T,Total,UN_IGME,UN IGME estimate,2021,2021,NGA,Nigeria,1,Administrative level 1,,,D_PER_1000_B,"Deaths per 1,000 live births",2013-01,183.054454097138,,,,,,,,,A,Normal value,,,,,,,,1,,,,,2013,169.181260699764,199.140089094541,
NGA-19_1,Kaduna,MRY0T4,Under-five mortality rate,_T,Total,_T,Total,UN_IGME,UN IGME estimate,2021,2021,NGA,Nigeria,1,Administrative level 1,,,D_PER_1000_B,"Deaths per 1,000 live births",2014-01,191.82364291421,,,,,,,,,A,Normal value,,,,,,,,1,,,,,2014,176.119548818824,208.832529426464,
NGA-19_1,Kaduna,MRY0T4,Under-five mortality rate,_T,Total,_T,Total,UN_IGME,UN IGME estimate,2021,2021,NGA,Nigeria,1,Administrative level 1,,,D_PER_1000_B,"Deaths per 1,000 live births",2015-01,196.242419972868,,,,,,,,,A,Normal value,,,,,,,,1,,,,,2015,180.343376825865,216.355290335231,
NGA-19_1,Kaduna,MRY0T4,Under-five mortality rate,_T,Total,_T,Total,UN_IGME,UN IGME estimate,2021,2021,NGA,Nigeria,1,Administrative level 1,,,D_PER_1000_B,"Deaths per 1,000 live births",2016-01,197.18317922551,,,,,,,,,A,Normal value,,,,,,,,1,,,,,2016,180.096331992077,219.462859073447,
NGA-19_1,Kaduna,MRY0T4,Under-five mortality rate,_T,Total,_T,Total,UN_IGME,UN IGME estimate,2021,2021,NGA,Nigeria,1,Administrative level 1,,,D_PER_1000_B,"Deaths per 1,000 live births",2017-01,198.922994569492,,,,,,,,,A,Normal value,,,,,,,,1,,,,,2017,179.152331821069,223.75916093138,
NGA-19_1,Kaduna,MRY0T4,Under-five mortality rate,_T,Total,_T,Total,UN_IGME,UN IGME estimate,2021,2021,NGA,Nigeria,1,Administrative level 1,,,D_PER_1000_B,"Deaths per 1,000 live births",2018-01,196.43363827537,,,,,,,,,A,Normal value,,,,,,,,1,,,,,2018,176.450262245937,221.595318460561,
NGA-19_1,Kaduna,MRY0T4,Under-five mortality rate,_T,Total,_T,Total,UN_IGME,UN IGME estimate,2021,2021,NGA,Nigeria,1,Administrative level 1,,,D_PER_1000_B,"Deaths per 1,000 live births",2019-01,196.564577312864,,,,,,,,,A,Normal value,,,,,,,,1,,,,,2019,173.345946052868,224.43084822279,
NGA-19_1,Kaduna,MRY0T4,Under-five mortality rate,_T,Total,_T,Total,UN_IGME,UN IGME estimate,2021,2021,NGA,Nigeria,1,Administrative level 1,,,D_PER_1000_B,"Deaths per 1,000 live births",2020-01,194.816934920968,,,,,,,,,A,Normal value,,,,,,,,1,,,,,2020,169.046465892884,226.151601142575,
NGA-19_1,Kaduna,MRY0T4,Under-five mortality rate,_T,Total,_T,Total,UN_IGME,UN IGME estimate,2021,2021,NGA,Nigeria,1,Administrative level 1,,,D_PER_1000_B,"Deaths per 1,000 live births",2021-01,193.949907546248,,,,,,,,,A,Normal value,,,,,,,,1,,,,,2021,166.166325142566,230.233400902341,
NGA-32_1,Plateau,MRY0T4,Under-five mortality rate,_T,Total,_T,Total,UN_IGME,UN IGME estimate,2021,2021,NGA,Nigeria,1,Administrative level 1,,,D_PER_1000_B,"Deaths per 1,000 live births",2000-01,191.811521384991,,,,,,,,,A,Normal value,,,,,,,,1,,,,,2000,169.392176181688,220.150281232975,
NGA-32_1,Plateau,MRY0T4,Under-five mortality rate,_T,Total,_T,Total,UN_IGME,UN IGME estimate,2021,2021,NGA,Nigeria,1,Administrative level 1,,,D_PER_1000_B,"Deaths per 1,000 live births",2001-01,186.568406869731,,,,,,,,,A,Normal value,,,,,,,,1,,,,,2001,164.77347667351,210.479337804472,
NGA-32_1,Plateau,MRY0T4,Under-five mortality rate,_T,Total,_T,Total,UN_IGME,UN IGME estimate,2021,2021,NGA,Nigeria,1,Administrative level 1,,,D_PER_1000_B,"Deaths per 1,000 live births",2002-01,182.843176421941,,,,,,,,,A,Normal value,,,,,,,,1,,,,,2002,162.857893242772,205.81751313411,
NGA-32_1,Plateau,MRY0T4,Under-five mortality rate,_T,Total,_T,Total,UN_IGME,UN IGME estimate,2021,2021,NGA,Nigeria,1,Administrative level 1,,,D_PER_1000_B,"Deaths per 1,000 live births",2003-01,178.049798669576,,,,,,,,,A,Normal value,,,,,,,,1,,,,,2003,159.230890550504,197.819773237204,
NGA-32_1,Plateau,MRY0T4,Under-five mortality rate,_T,Total,_T,Total,UN_IGME,UN IGME estimate,2021,2021,NGA,Nigeria,1,Administrative level 1,,,D_PER_1000_B,"Deaths per 1,000 live births",2004-01,171.928031798066,,,,,,,,,A,Normal value,,,,,,,,1,,,,,2004,153.779847734134,190.12797304071,
NGA-32_1,Plateau,MRY0T4,Under-five mortality rate,_T,Total,_T,Total,UN_IGME,UN IGME estimate,2021,2021,NGA,Nigeria,1,Administrative level 1,,,D_PER_1000_B,"Deaths per 1,000 live births",2005-01,167.199603816358,,,,,,,,,A,Normal value,,,,,,,,1,,,,,2005,149.955353138905,183.991405767228,
NGA-32_1,Plateau,MRY0T4,Under-five mortality rate,_T,Total,_T,Total,UN_IGME,UN IGME estimate,2021,2021,NGA,Nigeria,1,Administrative level 1,,,D_PER_1000_B,"Deaths per 1,000 live births",2006-01,160.653633047195,,,,,,,,,A,Normal value,,,,,,,,1,,,,,2006,145.130766494715,177.583829641974,
NGA-32_1,Plateau,MRY0T4,Under-five mortality rate,_T,Total,_T,Total,UN_IGME,UN IGME estimate,2021,2021,NGA,Nigeria,1,Administrative level 1,,,D_PER_1000_B,"Deaths per 1,000 live births",2007-01,154.994779579138,,,,,,,,,A,Normal value,,,,,,,,1,,,,,2007,139.887517794611,171.141992878147,
NGA-32_1,Plateau,MRY0T4,Under-five mortality rate,_T,Total,_T,Total,UN_IGME,UN IGME estimate,2021,2021,NGA,Nigeria,1,Administrative level 1,,,D_PER_1000_B,"Deaths per 1,000 live births",2008-01,149.831649399911,,,,,,,,,A,Normal value,,,,,,,,1,,,,,2008,136.752289872069,166.231860025569,
NGA-32_1,Plateau,MRY0T4,Under-five mortality rate,_T,Total,_T,Total,UN_IGME,UN IGME estimate,2021,2021,NGA,Nigeria,1,Administrative level 1,,,D_PER_1000_B,"Deaths per 1,000 live births",2009-01,145.37306515668,,,,,,,,,A,Normal value,,,,,,,,1,,,,,2009,130.933433627231,161.386486614168,
NGA-32_1,Plateau,MRY0T4,Under-five mortality rate,_T,Total,_T,Total,UN_IGME,UN IGME estimate,2021,2021,NGA,Nigeria,1,Administrative level 1,,,D_PER_1000_B,"Deaths per 1,000 live births",2010-01,138.36271578169,,,,,,,,,A,Normal value,,,,,,,,1,,,,,2010,124.660826167331,154.258944084616,
NGA-32_1,Plateau,MRY0T4,Under-five mortality rate,_T,Total,_T,Total,UN_IGME,UN IGME estimate,2021,2021,NGA,Nigeria,1,Administrative level 1,,,D_PER_1000_B,"Deaths per 1,000 live births",2011-01,135.296148319456,,,,,,,,,A,Normal value,,,,,,,,1,,,,,2011,120.983640490788,149.785183290774,
NGA-32_1,Plateau,MRY0T4,Under-five mortality rate,_T,Total,_T,Total,UN_IGME,UN IGME estimate,2021,2021,NGA,Nigeria,1,Administrative level 1,,,D_PER_1000_B,"Deaths per 1,000 live births",2012-01,132.084776375679,,,,,,,,,A,Normal value,,,,,,,,1,,,,,2012,118.195812713032,148.297914958187,
NGA-32_1,Plateau,MRY0T4,Under-five mortality rate,_T,Total,_T,Total,UN_IGME,UN IGME estimate,2021,2021,NGA,Nigeria,1,Administrative level 1,,,D_PER_1000_B,"Deaths per 1,000 live births",2013-01,135.872989431398,,,,,,,,,A,Normal value,,,,,,,,1,,,,,2013,119.890290513854,151.777114205414,
NGA-32_1,Plateau,MRY0T4,Under-five mortality rate,_T,Total,_T,Total,UN_IGME,UN IGME estimate,2021,2021,NGA,Nigeria,1,Administrative level 1,,,D_PER_1000_B,"Deaths per 1,000 live births",2014-01,137.090684262291,,,,,,,,,A,Normal value,,,,,,,,1,,,,,2014,120.69911763551,155.728068454316,
NGA-32_1,Plateau,MRY0T4,Under-five mortality rate,_T,Total,_T,Total,UN_IGME,UN IGME estimate,2021,2021,NGA,Nigeria,1,Administrative level 1,,,D_PER_1000_B,"Deaths per 1,000 live births",2015-01,137.127458701172,,,,,,,,,A,Normal value,,,,,,,,1,,,,,2015,119.550024747534,157.03362712421,
NGA-32_1,Plateau,MRY0T4,Under-five mortality rate,_T,Total,_T,Total,UN_IGME,UN IGME estimate,2021,2021,NGA,Nigeria,1,Administrative level 1,,,D_PER_1000_B,"Deaths per 1,000 live births",2016-01,133.01524124327,,,,,,,,,A,Normal value,,,,,,,,1,,,,,2016,115.706622623911,153.991040727939,
NGA-32_1,Plateau,MRY0T4,Under-five mortality rate,_T,Total,_T,Total,UN_IGME,UN IGME estimate,2021,2021,NGA,Nigeria,1,Administrative level 1,,,D_PER_1000_B,"Deaths per 1,000 live births",2017-01,131.40498453946,,,,,,,,,A,Normal value,,,,,,,,1,,,,,2017,111.009308476341,153.590005955318,
NGA-32_1,Plateau,MRY0T4,Under-five mortality rate,_T,Total,_T,Total,UN_IGME,UN IGME estimate,2021,2021,NGA,Nigeria,1,Administrative level 1,,,D_PER_1000_B,"Deaths per 1,000 live births",2018-01,127.954800192293,,,,,,,,,A,Normal value,,,,,,,,1,,,,,2018,107.583229584508,151.086456554493,
NGA-32_1,Plateau,MRY0T4,Under-five mortality rate,_T,Total,_T,Total,UN_IGME,UN IGME estimate,2021,2021,NGA,Nigeria,1,Administrative level 1,,,D_PER_1000_B,"Deaths per 1,000 live births",2019-01,125.213728422062,,,,,,,,,A,Normal value,,,,,,,,1,,,,,2019,103.559129183044,151.764340353836,
NGA-32_1,Plateau,MRY0T4,Under-five mortality rate,_T,Total,_T,Total,UN_IGME,UN IGME estimate,2021,2021,NGA,Nigeria,1,Administrative level 1,,,D_PER_1000_B,"Deaths per 1,000 live births",2020-01,121.72953571959,,,,,,,,,A,Normal value,,,,,,,,1,,,,,2020,98.355408295704,151.613118902303,
NGA-32_1,Plateau,MRY0T4,Under-five mortality rate,_T,Total,_T,Total,UN_IGME,UN IGME estimate,2021,2021,NGA,Nigeria,1,Administrative level 1,,,D_PER_1000_B,"Deaths per 1,000 live births",2021-01,119.590601493578,,,,,,,,,A,Normal value,,,,,,,,1,,,,,2021,94.5024265413622,150.528047343853,
NGA-23_1,Kogi,MRM0,Neonatal mortality rate,_T,Total,_T,Total,UN_IGME,UN IGME estimate,2021,2021,NGA,Nigeria,1,Administrative level 1,,,D_PER_1000_B,"Deaths per 1,000 live births",2000-01,42.6994661058242,,,,,,,,,A,Normal value,,,,,,,,1,,,,,2000,34.5163283850029,52.2698192194107,
NGA-23_1,Kogi,MRM0,Neonatal mortality rate,_T,Total,_T,Total,UN_IGME,UN IGME estimate,2021,2021,NGA,Nigeria,1,Administrative level 1,,,D_PER_1000_B,"Deaths per 1,000 live births",2001-01,42.9528055364042,,,,,,,,,A,Normal value,,,,,,,,1,,,,,2001,35.0327627617961,52.4749544711412,
NGA-23_1,Kogi,MRM0,Neonatal mortality rate,_T,Total,_T,Total,UN_IGME,UN IGME estimate,2021,2021,NGA,Nigeria,1,Administrative level 1,,,D_PER_1000_B,"Deaths per 1,000 live births",2002-01,42.1996757408169,,,,,,,,,A,Normal value,,,,,,,,1,,,,,2002,34.8838030378746,50.6627995311712,
NGA-23_1,Kogi,MRM0,Neonatal mortality rate,_T,Total,_T,Total,UN_IGME,UN IGME estimate,2021,2021,NGA,Nigeria,1,Administrative level 1,,,D_PER_1000_B,"Deaths per 1,000 live births",2003-01,41.7200978602094,,,,,,,,,A,Normal value,,,,,,,,1,,,,,2003,34.9022273140468,49.2886607670872,
NGA-23_1,Kogi,MRM0,Neonatal mortality rate,_T,Total,_T,Total,UN_IGME,UN IGME estimate,2021,2021,NGA,Nigeria,1,Administrative level 1,,,D_PER_1000_B,"Deaths per 1,000 live births",2004-01,41.0868340173184,,,,,,,,,A,Normal value,,,,,,,,1,,,,,2004,35.0044257744986,47.9041133457741,
NGA-23_1,Kogi,MRM0,Neonatal mortality rate,_T,Total,_T,Total,UN_IGME,UN IGME estimate,2021,2021,NGA,Nigeria,1,Administrative level 1,,,D_PER_1000_B,"Deaths per 1,000 live births",2005-01,40.953727501263,,,,,,,,,A,Normal value,,,,,,,,1,,,,,2005,35.1969872966226,47.2571132754768,
NGA-23_1,Kogi,MRM0,Neonatal mortality rate,_T,Total,_T,Total,UN_IGME,UN IGME estimate,2021,2021,NGA,Nigeria,1,Administrative level 1,,,D_PER_1000_B,"Deaths per 1,000 live births",2006-01,40.0568342969353,,,,,,,,,A,Normal value,,,,,,,,1,,,,,2006,34.642784596262,45.9444163014177,
NGA-23_1,Kogi,MRM0,Neonatal mortality rate,_T,Total,_T,Total,UN_IGME,UN IGME estimate,2021,2021,NGA,Nigeria,1,Administrative level 1,,,D_PER_1000_B,"Deaths per 1,000 live births",2007-01,40.755345854715,,,,,,,,,A,Normal value,,,,,,,,1,,,,,2007,35.4101603954807,46.9010792780499,
NGA-23_1,Kogi,MRM0,Neonatal mortality rate,_T,Total,_T,Total,UN_IGME,UN IGME estimate,2021,2021,NGA,Nigeria,1,Administrative level 1,,,D_PER_1000_B,"Deaths per 1,000 live births",2008-01,39.4509653962698,,,,,,,,,A,Normal value,,,,,,,,1,,,,,2008,34.267593203224,45.0670119912264,
NGA-23_1,Kogi,MRM0,Neonatal mortality rate,_T,Total,_T,Total,UN_IGME,UN IGME estimate,2021,2021,NGA,Nigeria,1,Administrative level 1,,,D_PER_1000_B,"Deaths per 1,000 live births",2009-01,39.4453175305798,,,,,,,,,A,Normal value,,,,,,,,1,,,,,2009,33.914910086047,45.7264982900778,
NGA-23_1,Kogi,MRM0,Neonatal mortality rate,_T,Total,_T,Total,UN_IGME,UN IGME estimate,2021,2021,NGA,Nigeria,1,Administrative level 1,,,D_PER_1000_B,"Deaths per 1,000 live births",2010-01,39.3458754759272,,,,,,,,,A,Normal value,,,,,,,,1,,,,,2010,34.247637371486,45.1095145163765,
NGA-23_1,Kogi,MRM0,Neonatal mortality rate,_T,Total,_T,Total,UN_IGME,UN IGME estimate,2021,2021,NGA,Nigeria,1,Administrative level 1,,,D_PER_1000_B,"Deaths per 1,000 live births",2011-01,39.3176111656795,,,,,,,,,A,Normal value,,,,,,,,1,,,,,2011,33.9723564067288,45.2764111571952,
NGA-23_1,Kogi,MRM0,Neonatal mortality rate,_T,Total,_T,Total,UN_IGME,UN IGME estimate,2021,2021,NGA,Nigeria,1,Administrative level 1,,,D_PER_1000_B,"Deaths per 1,000 live births",2012-01,40.2805551465356,,,,,,,,,A,Normal value,,,,,,,,1,,,,,2012,34.8502282893634,46.8406878897386,
NGA-23_1,Kogi,MRM0,Neonatal mortality rate,_T,Total,_T,Total,UN_IGME,UN IGME estimate,2021,2021,NGA,Nigeria,1,Administrative level 1,,,D_PER_1000_B,"Deaths per 1,000 live births",2013-01,40.8860981558235,,,,,,,,,A,Normal value,,,,,,,,1,,,,,2013,34.9782176518365,47.4505815873077,
NGA-23_1,Kogi,MRM0,Neonatal mortality rate,_T,Total,_T,Total,UN_IGME,UN IGME estimate,2021,2021,NGA,Nigeria,1,Administrative level 1,,,D_PER_1000_B,"Deaths per 1,000 live births",2014-01,41.4427314341454,,,,,,,,,A,Normal value,,,,,,,,1,,,,,2014,35.2411618303319,48.9259559593477,
NGA-23_1,Kogi,MRM0,Neonatal mortality rate,_T,Total,_T,Total,UN_IGME,UN IGME estimate,2021,2021,NGA,Nigeria,1,Administrative level 1,,,D_PER_1000_B,"Deaths per 1,000 live births",2015-01,41.7604953640847,,,,,,,,,A,Normal value,,,,,,,,1,,,,,2015,34.9358993694641,49.7624092671679,
NGA-23_1,Kogi,MRM0,Neonatal mortality rate,_T,Total,_T,Total,UN_IGME,UN IGME estimate,2021,2021,NGA,Nigeria,1,Administrative level 1,,,D_PER_1000_B,"Deaths per 1,000 live births",2016-01,41.9314238769501,,,,,,,,,A,Normal value,,,,,,,,1,,,,,2016,34.5886323553972,49.9454710816039,
NGA-23_1,Kogi,MRM0,Neonatal mortality rate,_T,Total,_T,Total,UN_IGME,UN IGME estimate,2021,2021,NGA,Nigeria,1,Administrative level 1,,,D_PER_1000_B,"Deaths per 1,000 live births",2017-01,41.6554824993885,,,,,,,,,A,Normal value,,,,,,,,1,,,,,2017,34.1202015597149,50.5258418869906,
NGA-23_1,Kogi,MRM0,Neonatal mortality rate,_T,Total,_T,Total,UN_IGME,UN IGME estimate,2021,2021,NGA,Nigeria,1,Administrative level 1,,,D_PER_1000_B,"Deaths per 1,000 live births",2018-01,41.5616976795189,,,,,,,,,A,Normal value,,,,,,,,1,,,,,2018,33.7846031434896,51.0800837940107,
NGA-23_1,Kogi,MRM0,Neonatal mortality rate,_T,Total,_T,Total,UN_IGME,UN IGME estimate,2021,2021,NGA,Nigeria,1,Administrative level 1,,,D_PER_1000_B,"Deaths per 1,000 live births",2019-01,41.1328977293494,,,,,,,,,A,Normal value,,,,,,,,1,,,,,2019,32.9025224265322,51.8813230440799,
NGA-23_1,Kogi,MRM0,Neonatal mortality rate,_T,Total,_T,Total,UN_IGME,UN IGME estimate,2021,2021,NGA,Nigeria,1,Administrative level 1,,,D_PER_1000_B,"Deaths per 1,000 live births",2020-01,40.6201911211078,,,,,,,,,A,Normal value,,,,,,,,1,,,,,2020,32.0142328877796,52.2951685355734,
NGA-23_1,Kogi,MRM0,Neonatal mortality rate,_T,Total,_T,Total,UN_IGME,UN IGME estimate,2021,2021,NGA,Nigeria,1,Administrative level 1,,,D_PER_1000_B,"Deaths per 1,000 live births",2021-01,40.4673336778767,,,,,,,,,A,Normal value,,,,,,,,1,,,,,2021,31.4037700788681,53.6215340416043,
NGA-13_1,Ekiti,MRM0,Neonatal mortality rate,_T,Total,_T,Total,UN_IGME,UN IGME estimate,2021,2021,NGA,Nigeria,1,Administrative level 1,,,D_PER_1000_B,"Deaths per 1,000 live births",2000-01,52.4525901789609,,,,,,,,,A,Normal value,,,,,,,,1,,,,,2000,42.5758656279056,64.83513208731,
NGA-13_1,Ekiti,MRM0,Neonatal mortality rate,_T,Total,_T,Total,UN_IGME,UN IGME estimate,2021,2021,NGA,Nigeria,1,Administrative level 1,,,D_PER_1000_B,"Deaths per 1,000 live births",2001-01,51.3979011528216,,,,,,,,,A,Normal value,,,,,,,,1,,,,,2001,41.7833593731498,63.3551197146577,
NGA-13_1,Ekiti,MRM0,Neonatal mortality rate,_T,Total,_T,Total,UN_IGME,UN IGME estimate,2021,2021,NGA,Nigeria,1,Administrative level 1,,,D_PER_1000_B,"Deaths per 1,000 live births",2002-01,51.1838213477162,,,,,,,,,A,Normal value,,,,,,,,1,,,,,2002,42.3150397931197,62.9079943964175,
NGA-13_1,Ekiti,MRM0,Neonatal mortality rate,_T,Total,_T,Total,UN_IGME,UN IGME estimate,2021,2021,NGA,Nigeria,1,Administrative level 1,,,D_PER_1000_B,"Deaths per 1,000 live births",2003-01,49.8483406564734,,,,,,,,,A,Normal value,,,,,,,,1,,,,,2003,41.128908989873,59.4771841932603,
NGA-13_1,Ekiti,MRM0,Neonatal mortality rate,_T,Total,_T,Total,UN_IGME,UN IGME estimate,2021,2021,NGA,Nigeria,1,Administrative level 1,,,D_PER_1000_B,"Deaths per 1,000 live births",2004-01,49.2554337403925,,,,,,,,,A,Normal value,,,,,,,,1,,,,,2004,41.4736075094794,58.7183701814865,
NGA-13_1,Ekiti,MRM0,Neonatal mortality rate,_T,Total,_T,Total,UN_IGME,UN IGME estimate,2021,2021,NGA,Nigeria,1,Administrative level 1,,,D_PER_1000_B,"Deaths per 1,000 live births",2005-01,48.8464393193598,,,,,,,,,A,Normal value,,,,,,,,1,,,,,2005,41.1473030931208,58.2926638286301,
NGA-13_1,Ekiti,MRM0,Neonatal mortality rate,_T,Total,_T,Total,UN_IGME,UN IGME estimate,2021,2021,NGA,Nigeria,1,Administrative level 1,,,D_PER_1000_B,"Deaths per 1,000 live births",2006-01,47.5451514978539,,,,,,,,,A,Normal value,,,,,,,,1,,,,,2006,39.8352531953006,56.1665315633117,
NGA-13_1,Ekiti,MRM0,Neonatal mortality rate,_T,Total,_T,Total,UN_IGME,UN IGME estimate,2021,2021,NGA,Nigeria,1,Administrative level 1,,,D_PER_1000_B,"Deaths per 1,000 live births",2007-01,47.6881983685365,,,,,,,,,A,Normal value,,,,,,,,1,,,,,2007,40.626584075292,56.1342347186216,
NGA-13_1,Ekiti,MRM0,Neonatal mortality rate,_T,Total,_T,Total,UN_IGME,UN IGME estimate,2021,2021,NGA,Nigeria,1,Administrative level 1,,,D_PER_1000_B,"Deaths per 1,000 live births",2008-01,45.976906340739,,,,,,,,,A,Normal value,,,,,,,,1,,,,,2008,39.1992519639651,54.1525348487164,
NGA-13_1,Ekiti,MRM0,Neonatal mortality rate,_T,Total,_T,Total,UN_IGME,UN IGME estimate,2021,2021,NGA,Nigeria,1,Administrative level 1,,,D_PER_1000_B,"Deaths per 1,000 live births",2009-01,45.0157104032397,,,,,,,,,A,Normal value,,,,,,,,1,,,,,2009,37.8389478124608,52.7652046305257,
NGA-13_1,Ekiti,MRM0,Neonatal mortality rate,_T,Total,_T,Total,UN_IGME,UN IGME estimate,2021,2021,NGA,Nigeria,1,Administrative level 1,,,D_PER_1000_B,"Deaths per 1,000 live births",2010-01,44.7295747475211,,,,,,,,,A,Normal value,,,,,,,,1,,,,,2010,37.6785966355484,52.8758612441377,
NGA-13_1,Ekiti,MRM0,Neonatal mortality rate,_T,Total,_T,Total,UN_IGME,UN IGME estimate,2021,2021,NGA,Nigeria,1,Administrative level 1,,,D_PER_1000_B,"Deaths per 1,000 live births",2011-01,45.3194955025402,,,,,,,,,A,Normal value,,,,,,,,1,,,,,2011,37.4514930737326,53.1260948674013,
NGA-13_1,Ekiti,MRM0,Neonatal mortality rate,_T,Total,_T,Total,UN_IGME,UN IGME estimate,2021,2021,NGA,Nigeria,1,Administrative level 1,,,D_PER_1000_B,"Deaths per 1,000 live births",2012-01,45.6540555564536,,,,,,,,,A,Normal value,,,,,,,,1,,,,,2012,38.0772461472773,54.05978536811,
NGA-13_1,Ekiti,MRM0,Neonatal mortality rate,_T,Total,_T,Total,UN_IGME,UN IGME estimate,2021,2021,NGA,Nigeria,1,Administrative level 1,,,D_PER_1000_B,"Deaths per 1,000 live births",2013-01,45.5912807417407,,,,,,,,,A,Normal value,,,,,,,,1,,,,,2013,37.7760860497316,54.0081023688207,
NGA-13_1,Ekiti,MRM0,Neonatal mortality rate,_T,Total,_T,Total,UN_IGME,UN IGME estimate,2021,2021,NGA,Nigeria,1,Administrative level 1,,,D_PER_1000_B,"Deaths per 1,000 live births",2014-01,47.5410913538422,,,,,,,,,A,Normal value,,,,,,,,1,,,,,2014,38.8787648296175,57.4033482024338,
NGA-13_1,Ekiti,MRM0,Neonatal mortality rate,_T,Total,_T,Total,UN_IGME,UN IGME estimate,2021,2021,NGA,Nigeria,1,Administrative level 1,,,D_PER_1000_B,"Deaths per 1,000 live births",2015-01,47.4618238392916,,,,,,,,,A,Normal value,,,,,,,,1,,,,,2015,38.5242327650845,58.4648406742268,
NGA-13_1,Ekiti,MRM0,Neonatal mortality rate,_T,Total,_T,Total,UN_IGME,UN IGME estimate,2021,2021,NGA,Nigeria,1,Administrative level 1,,,D_PER_1000_B,"Deaths per 1,000 live births",2016-01,47.3610383695446,,,,,,,,,A,Normal value,,,,,,,,1,,,,,2016,37.7366767412392,59.0411346456367,
NGA-13_1,Ekiti,MRM0,Neonatal mortality rate,_T,Total,_T,Total,UN_IGME,UN IGME estimate,2021,2021,NGA,Nigeria,1,Administrative level 1,,,D_PER_1000_B,"Deaths per 1,000 live births",2017-01,47.0729592244274,,,,,,,,,A,Normal value,,,,,,,,1,,,,,2017,37.1283595747975,59.4023695602986,
NGA-13_1,Ekiti,MRM0,Neonatal mortality rate,_T,Total,_T,Total,UN_IGME,UN IGME estimate,2021,2021,NGA,Nigeria,1,Administrative level 1,,,D_PER_1000_B,"Deaths per 1,000 live births",2018-01,46.631011452755,,,,,,,,,A,Normal value,,,,,,,,1,,,,,2018,36.7973258654247,59.5489435426818,
NGA-13_1,Ekiti,MRM0,Neonatal mortality rate,_T,Total,_T,Total,UN_IGME,UN IGME estimate,2021,2021,NGA,Nigeria,1,Administrative level 1,,,D_PER_1000_B,"Deaths per 1,000 live births",2019-01,45.9294643332982,,,,,,,,,A,Normal value,,,,,,,,1,,,,,2019,35.7512173035495,59.4844157005597,
NGA-13_1,Ekiti,MRM0,Neonatal mortality rate,_T,Total,_T,Total,UN_IGME,UN IGME estimate,2021,2021,NGA,Nigeria,1,Administrative level 1,,,D_PER_1000_B,"Deaths per 1,000 live births",2020-01,45.5382472091706,,,,,,,,,A,Normal value,,,,,,,,1,,,,,2020,34.7787286221508,59.9663973881631,
NGA-13_1,Ekiti,MRM0,Neonatal mortality rate,_T,Total,_T,Total,UN_IGME,UN IGME estimate,2021,2021,NGA,Nigeria,1,Administrative level 1,,,D_PER_1000_B,"Deaths per 1,000 live births",2021-01,44.9176792751526,,,,,,,,,A,Normal value,,,,,,,,1,,,,,2021,33.9403180648407,59.2925792599506,
NGA-18_1,Jigawa,MRY0T4,Under-five mortality rate,_T,Total,_T,Total,UN_IGME,UN IGME estimate,2021,2021,NGA,Nigeria,1,Administrative level 1,,,D_PER_1000_B,"Deaths per 1,000 live births",2000-01,327.176861294802,,,,,,,,,A,Normal value,,,,,,,,1,,,,,2000,297.547368003756,359.196970661923,
NGA-18_1,Jigawa,MRY0T4,Under-five mortality rate,_T,Total,_T,Total,UN_IGME,UN IGME estimate,2021,2021,NGA,Nigeria,1,Administrative level 1,,,D_PER_1000_B,"Deaths per 1,000 live births",2001-01,314.489471811304,,,,,,,,,A,Normal value,,,,,,,,1,,,,,2001,287.248777059199,341.709816974773,
NGA-18_1,Jigawa,MRY0T4,Under-five mortality rate,_T,Total,_T,Total,UN_IGME,UN IGME estimate,2021,2021,NGA,Nigeria,1,Administrative level 1,,,D_PER_1000_B,"Deaths per 1,000 live births",2002-01,310.072215318537,,,,,,,,,A,Normal value,,,,,,,,1,,,,,2002,285.915490482963,336.261033563719,
NGA-18_1,Jigawa,MRY0T4,Under-five mortality rate,_T,Total,_T,Total,UN_IGME,UN IGME estimate,2021,2021,NGA,Nigeria,1,Administrative level 1,,,D_PER_1000_B,"Deaths per 1,000 live births",2003-01,295.547342349525,,,,,,,,,A,Normal value,,,,,,,,1,,,,,2003,273.105537880633,320.007759400455,
NGA-18_1,Jigawa,MRY0T4,Under-five mortality rate,_T,Total,_T,Total,UN_IGME,UN IGME estimate,2021,2021,NGA,Nigeria,1,Administrative level 1,,,D_PER_1000_B,"Deaths per 1,000 live births",2004-01,279.825734964724,,,,,,,,,A,Normal value,,,,,,,,1,,,,,2004,260.286960217007,302.768675571947,
NGA-18_1,Jigawa,MRY0T4,Under-five mortality rate,_T,Total,_T,Total,UN_IGME,UN IGME estimate,2021,2021,NGA,Nigeria,1,Administrative level 1,,,D_PER_1000_B,"Deaths per 1,000 live births",2005-01,271.403916366919,,,,,,,,,A,Normal value,,,,,,,,1,,,,,2005,251.60302609893,293.563194341795,
NGA-18_1,Jigawa,MRY0T4,Under-five mortality rate,_T,Total,_T,Total,UN_IGME,UN IGME estimate,2021,2021,NGA,Nigeria,1,Administrative level 1,,,D_PER_1000_B,"Deaths per 1,000 live births",2006-01,268.865698930941,,,,,,,,,A,Normal value,,,,,,,,1,,,,,2006,248.250722876773,288.599834353196,
NGA-18_1,Jigawa,MRY0T4,Under-five mortality rate,_T,Total,_T,Total,UN_IGME,UN IGME estimate,2021,2021,NGA,Nigeria,1,Administrative level 1,,,D_PER_1000_B,"Deaths per 1,000 live births",2007-01,267.283553296604,,,,,,,,,A,Normal value,,,,,,,,1,,,,,2007,247.935244114554,286.847069208747,
NGA-18_1,Jigawa,MRY0T4,Under-five mortality rate,_T,Total,_T,Total,UN_IGME,UN IGME estimate,2021,2021,NGA,Nigeria,1,Administrative level 1,,,D_PER_1000_B,"Deaths per 1,000 live births",2008-01,267.786155330868,,,,,,,,,A,Normal value,,,,,,,,1,,,,,2008,247.215853830084,289.055140894566,
NGA-18_1,Jigawa,MRY0T4,Under-five mortality rate,_T,Total,_T,Total,UN_IGME,UN IGME estimate,2021,2021,NGA,Nigeria,1,Administrative level 1,,,D_PER_1000_B,"Deaths per 1,000 live births",2009-01,265.779399667696,,,,,,,,,A,Normal value,,,,,,,,1,,,,,2009,247.194830417311,286.981497977368,
NGA-18_1,Jigawa,MRY0T4,Under-five mortality rate,_T,Total,_T,Total,UN_IGME,UN IGME estimate,2021,2021,NGA,Nigeria,1,Administrative level 1,,,D_PER_1000_B,"Deaths per 1,000 live births",2010-01,258.320864864792,,,,,,,,,A,Normal value,,,,,,,,1,,,,,2010,239.559267966927,279.170818009007,
NGA-18_1,Jigawa,MRY0T4,Under-five mortality rate,_T,Total,_T,Total,UN_IGME,UN IGME estimate,2021,2021,NGA,Nigeria,1,Administrative level 1,,,D_PER_1000_B,"Deaths per 1,000 live births",2011-01,249.869514854499,,,,,,,,,A,Normal value,,,,,,,,1,,,,,2011,230.521140580355,268.442276984899,
NGA-18_1,Jigawa,MRY0T4,Under-five mortality rate,_T,Total,_T,Total,UN_IGME,UN IGME estimate,2021,2021,NGA,Nigeria,1,Administrative level 1,,,D_PER_1000_B,"Deaths per 1,000 live births",2012-01,242.80379005532,,,,,,,,,A,Normal value,,,,,,,,1,,,,,2012,223.908321018022,261.48232975279,
NGA-18_1,Jigawa,MRY0T4,Under-five mortality rate,_T,Total,_T,Total,UN_IGME,UN IGME estimate,2021,2021,NGA,Nigeria,1,Administrative level 1,,,D_PER_1000_B,"Deaths per 1,000 live births",2013-01,246.450458152738,,,,,,,,,A,Normal value,,,,,,,,1,,,,,2013,225.599415329299,267.611038989208,
NGA-18_1,Jigawa,MRY0T4,Under-five mortality rate,_T,Total,_T,Total,UN_IGME,UN IGME estimate,2021,2021,NGA,Nigeria,1,Administrative level 1,,,D_PER_1000_B,"Deaths per 1,000 live births",2014-01,247.66319166028,,,,,,,,,A,Normal value,,,,,,,,1,,,,,2014,226.847279613831,269.835919265227,
NGA-18_1,Jigawa,MRY0T4,Under-five mortality rate,_T,Total,_T,Total,UN_IGME,UN IGME estimate,2021,2021,NGA,Nigeria,1,Administrative level 1,,,D_PER_1000_B,"Deaths per 1,000 live births",2015-01,246.314426098862,,,,,,,,,A,Normal value,,,,,,,,1,,,,,2015,225.523297764507,269.217324082284,
NGA-18_1,Jigawa,MRY0T4,Under-five mortality rate,_T,Total,_T,Total,UN_IGME,UN IGME estimate,2021,2021,NGA,Nigeria,1,Administrative level 1,,,D_PER_1000_B,"Deaths per 1,000 live births",2016-01,239.406373471624,,,,,,,,,A,Normal value,,,,,,,,1,,,,,2016,217.343262107563,262.713247327478,
NGA-18_1,Jigawa,MRY0T4,Under-five mortality rate,_T,Total,_T,Total,UN_IGME,UN IGME estimate,2021,2021,NGA,Nigeria,1,Administrative level 1,,,D_PER_1000_B,"Deaths per 1,000 live births",2017-01,235.163444394879,,,,,,,,,A,Normal value,,,,,,,,1,,,,,2017,211.595580711216,261.172041748561,
NGA-18_1,Jigawa,MRY0T4,Under-five mortality rate,_T,Total,_T,Total,UN_IGME,UN IGME estimate,2021,2021,NGA,Nigeria,1,Administrative level 1,,,D_PER_1000_B,"Deaths per 1,000 live births",2018-01,229.960257899404,,,,,,,,,A,Normal value,,,,,,,,1,,,,,2018,203.465857573096,257.979639653487,
NGA-18_1,Jigawa,MRY0T4,Under-five mortality rate,_T,Total,_T,Total,UN_IGME,UN IGME estimate,2021,2021,NGA,Nigeria,1,Administrative level 1,,,D_PER_1000_B,"Deaths per 1,000 live births",2019-01,225.170556373893,,,,,,,,,A,Normal value,,,,,,,,1,,,,,2019,193.741384749403,259.405429139107,
NGA-18_1,Jigawa,MRY0T4,Under-five mortality rate,_T,Total,_T,Total,UN_IGME,UN IGME estimate,2021,2021,NGA,Nigeria,1,Administrative level 1,,,D_PER_1000_B,"Deaths per 1,000 live births",2020-01,217.877265369723,,,,,,,,,A,Normal value,,,,,,,,1,,,,,2020,182.588382880692,256.101858022077,
NGA-18_1,Jigawa,MRY0T4,Under-five mortality rate,_T,Total,_T,Total,UN_IGME,UN IGME estimate,2021,2021,NGA,Nigeria,1,Administrative level 1,,,D_PER_1000_B,"Deaths per 1,000 live births",2021-01,213.215838905335,,,,,,,,,A,Normal value,,,,,,,,1,,,,,2021,175.366012151022,254.908812182564,
NGA-2_1,Adamawa,MRY0T4,Under-five mortality rate,_T,Total,_T,Total,UN_IGME,UN IGME estimate,2021,2021,NGA,Nigeria,1,Administrative level 1,,,D_PER_1000_B,"Deaths per 1,000 live births",2000-01,230.747968189223,,,,,,,,,A,Normal value,,,,,,,,1,,,,,2000,200.661936360963,262.700186647288,
NGA-2_1,Adamawa,MRY0T4,Under-five mortality rate,_T,Total,_T,Total,UN_IGME,UN IGME estimate,2021,2021,NGA,Nigeria,1,Administrative level 1,,,D_PER_1000_B,"Deaths per 1,000 live births",2001-01,224.199155300419,,,,,,,,,A,Normal value,,,,,,,,1,,,,,2001,200.769460154106,253.314419017784,
NGA-2_1,Adamawa,MRY0T4,Under-five mortality rate,_T,Total,_T,Total,UN_IGME,UN IGME estimate,2021,2021,NGA,Nigeria,1,Administrative level 1,,,D_PER_1000_B,"Deaths per 1,000 live births",2002-01,223.418164783089,,,,,,,,,A,Normal value,,,,,,,,1,,,,,2002,199.775087824927,249.940888769588,
NGA-2_1,Adamawa,MRY0T4,Under-five mortality rate,_T,Total,_T,Total,UN_IGME,UN IGME estimate,2021,2021,NGA,Nigeria,1,Administrative level 1,,,D_PER_1000_B,"Deaths per 1,000 live births",2003-01,213.401659257288,,,,,,,,,A,Normal value,,,,,,,,1,,,,,2003,193.204922901658,238.313617930233,
NGA-2_1,Adamawa,MRY0T4,Under-five mortality rate,_T,Total,_T,Total,UN_IGME,UN IGME estimate,2021,2021,NGA,Nigeria,1,Administrative level 1,,,D_PER_1000_B,"Deaths per 1,000 live births",2004-01,201.504128176176,,,,,,,,,A,Normal value,,,,,,,,1,,,,,2004,183.05629484666,224.712513119735,
NGA-2_1,Adamawa,MRY0T4,Under-five mortality rate,_T,Total,_T,Total,UN_IGME,UN IGME estimate,2021,2021,NGA,Nigeria,1,Administrative level 1,,,D_PER_1000_B,"Deaths per 1,000 live births",2005-01,191.655661391734,,,,,,,,,A,Normal value,,,,,,,,1,,,,,2005,173.748346000932,212.222162551234,
NGA-2_1,Adamawa,MRY0T4,Under-five mortality rate,_T,Total,_T,Total,UN_IGME,UN IGME estimate,2021,2021,NGA,Nigeria,1,Administrative level 1,,,D_PER_1000_B,"Deaths per 1,000 live births",2006-01,180.241922989152,,,,,,,,,A,Normal value,,,,,,,,1,,,,,2006,163.846804317655,200.170015761131,
NGA-2_1,Adamawa,MRY0T4,Under-five mortality rate,_T,Total,_T,Total,UN_IGME,UN IGME estimate,2021,2021,NGA,Nigeria,1,Administrative level 1,,,D_PER_1000_B,"Deaths per 1,000 live births",2007-01,170.434599833097,,,,,,,,,A,Normal value,,,,,,,,1,,,,,2007,153.78808362367,189.625057736111,
NGA-2_1,Adamawa,MRY0T4,Under-five mortality rate,_T,Total,_T,Total,UN_IGME,UN IGME estimate,2021,2021,NGA,Nigeria,1,Administrative level 1,,,D_PER_1000_B,"Deaths per 1,000 live births",2008-01,165.791498881774,,,,,,,,,A,Normal value,,,,,,,,1,,,,,2008,150.048799926635,184.164594470246,
NGA-2_1,Adamawa,MRY0T4,Under-five mortality rate,_T,Total,_T,Total,UN_IGME,UN IGME estimate,2021,2021,NGA,Nigeria,1,Administrative level 1,,,D_PER_1000_B,"Deaths per 1,000 live births",2009-01,161.498248590106,,,,,,,,,A,Normal value,,,,,,,,1,,,,,2009,145.14560664863,178.271348498481,
NGA-2_1,Adamawa,MRY0T4,Under-five mortality rate,_T,Total,_T,Total,UN_IGME,UN IGME estimate,2021,2021,NGA,Nigeria,1,Administrative level 1,,,D_PER_1000_B,"Deaths per 1,000 live births",2010-01,152.603207428897,,,,,,,,,A,Normal value,,,,,,,,1,,,,,2010,136.306282619624,168.475167489031,
NGA-2_1,Adamawa,MRY0T4,Under-five mortality rate,_T,Total,_T,Total,UN_IGME,UN IGME estimate,2021,2021,NGA,Nigeria,1,Administrative level 1,,,D_PER_1000_B,"Deaths per 1,000 live births",2011-01,148.183614751386,,,,,,,,,A,Normal value,,,,,,,,1,,,,,2011,133.645922079819,163.731957699308,
NGA-2_1,Adamawa,MRY0T4,Under-five mortality rate,_T,Total,_T,Total,UN_IGME,UN IGME estimate,2021,2021,NGA,Nigeria,1,Administrative level 1,,,D_PER_1000_B,"Deaths per 1,000 live births",2012-01,144.60109616318,,,,,,,,,A,Normal value,,,,,,,,1,,,,,2012,129.736103845605,161.625813650902,
NGA-2_1,Adamawa,MRY0T4,Under-five mortality rate,_T,Total,_T,Total,UN_IGME,UN IGME estimate,2021,2021,NGA,Nigeria,1,Administrative level 1,,,D_PER_1000_B,"Deaths per 1,000 live births",2013-01,144.370664493338,,,,,,,,,A,Normal value,,,,,,,,1,,,,,2013,128.236023363998,163.136632837905,
NGA-2_1,Adamawa,MRY0T4,Under-five mortality rate,_T,Total,_T,Total,UN_IGME,UN IGME estimate,2021,2021,NGA,Nigeria,1,Administrative level 1,,,D_PER_1000_B,"Deaths per 1,000 live births",2014-01,143.741784599681,,,,,,,,,A,Normal value,,,,,,,,1,,,,,2014,127.307505515098,163.875795392487,
NGA-2_1,Adamawa,MRY0T4,Under-five mortality rate,_T,Total,_T,Total,UN_IGME,UN IGME estimate,2021,2021,NGA,Nigeria,1,Administrative level 1,,,D_PER_1000_B,"Deaths per 1,000 live births",2015-01,141.983938036512,,,,,,,,,A,Normal value,,,,,,,,1,,,,,2015,124.12813613186,162.549941306473,
NGA-2_1,Adamawa,MRY0T4,Under-five mortality rate,_T,Total,_T,Total,UN_IGME,UN IGME estimate,2021,2021,NGA,Nigeria,1,Administrative level 1,,,D_PER_1000_B,"Deaths per 1,000 live births",2016-01,137.97504948438,,,,,,,,,A,Normal value,,,,,,,,1,,,,,2016,118.857590213378,159.140521675772,
NGA-2_1,Adamawa,MRY0T4,Under-five mortality rate,_T,Total,_T,Total,UN_IGME,UN IGME estimate,2021,2021,NGA,Nigeria,1,Administrative level 1,,,D_PER_1000_B,"Deaths per 1,000 live births",2017-01,137.930261208115,,,,,,,,,A,Normal value,,,,,,,,1,,,,,2017,118.019999561256,160.9697293539,
NGA-2_1,Adamawa,MRY0T4,Under-five mortality rate,_T,Total,_T,Total,UN_IGME,UN IGME estimate,2021,2021,NGA,Nigeria,1,Administrative level 1,,,D_PER_1000_B,"Deaths per 1,000 live births",2018-01,133.696865838348,,,,,,,,,A,Normal value,,,,,,,,1,,,,,2018,113.15050463307,158.423965381611,
NGA-2_1,Adamawa,MRY0T4,Under-five mortality rate,_T,Total,_T,Total,UN_IGME,UN IGME estimate,2021,2021,NGA,Nigeria,1,Administrative level 1,,,D_PER_1000_B,"Deaths per 1,000 live births",2019-01,130.474655248877,,,,,,,,,A,Normal value,,,,,,,,1,,,,,2019,107.8028089384,157.771072665449,
NGA-2_1,Adamawa,MRY0T4,Under-five mortality rate,_T,Total,_T,Total,UN_IGME,UN IGME estimate,2021,2021,NGA,Nigeria,1,Administrative level 1,,,D_PER_1000_B,"Deaths per 1,000 live births",2020-01,126.646670216156,,,,,,,,,A,Normal value,,,,,,,,1,,,,,2020,101.859462236888,157.839370467498,
NGA-2_1,Adamawa,MRY0T4,Under-five mortality rate,_T,Total,_T,Total,UN_IGME,UN IGME estimate,2021,2021,NGA,Nigeria,1,Administrative level 1,,,D_PER_1000_B,"Deaths per 1,000 live births",2021-01,122.593097460917,,,,,,,,,A,Normal value,,,,,,,,1,,,,,2021,97.4331219698454,157.935896570239,
NGA-6_1,Bayelsa,MRM0,Neonatal mortality rate,_T,Total,_T,Total,UN_IGME,UN IGME estimate,2021,2021,NGA,Nigeria,1,Administrative level 1,,,D_PER_1000_B,"Deaths per 1,000 live births",2000-01,34.2278710467517,,,,,,,,,A,Normal value,,,,,,,,1,,,,,2000,27.3957943134198,43.7204262092902,
NGA-6_1,Bayelsa,MRM0,Neonatal mortality rate,_T,Total,_T,Total,UN_IGME,UN IGME estimate,2021,2021,NGA,Nigeria,1,Administrative level 1,,,D_PER_1000_B,"Deaths per 1,000 live births",2001-01,33.8637088517983,,,,,,,,,A,Normal value,,,,,,,,1,,,,,2001,27.5424468238081,42.833349964156,
NGA-6_1,Bayelsa,MRM0,Neonatal mortality rate,_T,Total,_T,Total,UN_IGME,UN IGME estimate,2021,2021,NGA,Nigeria,1,Administrative level 1,,,D_PER_1000_B,"Deaths per 1,000 live births",2002-01,32.8142863800684,,,,,,,,,A,Normal value,,,,,,,,1,,,,,2002,26.9957576659075,40.6450816388777,
NGA-6_1,Bayelsa,MRM0,Neonatal mortality rate,_T,Total,_T,Total,UN_IGME,UN IGME estimate,2021,2021,NGA,Nigeria,1,Administrative level 1,,,D_PER_1000_B,"Deaths per 1,000 live births",2003-01,32.0745323080254,,,,,,,,,A,Normal value,,,,,,,,1,,,,,2003,26.5186188322611,39.1474356875702,
NGA-6_1,Bayelsa,MRM0,Neonatal mortality rate,_T,Total,_T,Total,UN_IGME,UN IGME estimate,2021,2021,NGA,Nigeria,1,Administrative level 1,,,D_PER_1000_B,"Deaths per 1,000 live births",2004-01,31.253628225724,,,,,,,,,A,Normal value,,,,,,,,1,,,,,2004,25.7743541331079,38.1367303743095,
NGA-6_1,Bayelsa,MRM0,Neonatal mortality rate,_T,Total,_T,Total,UN_IGME,UN IGME estimate,2021,2021,NGA,Nigeria,1,Administrative level 1,,,D_PER_1000_B,"Deaths per 1,000 live births",2005-01,30.6198730735341,,,,,,,,,A,Normal value,,,,,,,,1,,,,,2005,25.2344522588208,37.0413202897071,
NGA-6_1,Bayelsa,MRM0,Neonatal mortality rate,_T,Total,_T,Total,UN_IGME,UN IGME estimate,2021,2021,NGA,Nigeria,1,Administrative level 1,,,D_PER_1000_B,"Deaths per 1,000 live births",2006-01,29.5220730015877,,,,,,,,,A,Normal value,,,,,,,,1,,,,,2006,24.2585590626403,35.3552251511225,
NGA-6_1,Bayelsa,MRM0,Neonatal mortality rate,_T,Total,_T,Total,UN_IGME,UN IGME estimate,2021,2021,NGA,Nigeria,1,Administrative level 1,,,D_PER_1000_B,"Deaths per 1,000 live births",2007-01,29.4089755280515,,,,,,,,,A,Normal value,,,,,,,,1,,,,,2007,24.3096933648609,35.004800771081,
NGA-6_1,Bayelsa,MRM0,Neonatal mortality rate,_T,Total,_T,Total,UN_IGME,UN IGME estimate,2021,2021,NGA,Nigeria,1,Administrative level 1,,,D_PER_1000_B,"Deaths per 1,000 live births",2008-01,28.1419339826926,,,,,,,,,A,Normal value,,,,,,,,1,,,,,2008,23.1920073840371,33.6751584964786,
NGA-6_1,Bayelsa,MRM0,Neonatal mortality rate,_T,Total,_T,Total,UN_IGME,UN IGME estimate,2021,2021,NGA,Nigeria,1,Administrative level 1,,,D_PER_1000_B,"Deaths per 1,000 live births",2009-01,27.7893401936146,,,,,,,,,A,Normal value,,,,,,,,1,,,,,2009,22.859608510572,33.3642623231715,
NGA-6_1,Bayelsa,MRM0,Neonatal mortality rate,_T,Total,_T,Total,UN_IGME,UN IGME estimate,2021,2021,NGA,Nigeria,1,Administrative level 1,,,D_PER_1000_B,"Deaths per 1,000 live births",2010-01,27.4931304944475,,,,,,,,,A,Normal value,,,,,,,,1,,,,,2010,22.2838006178745,33.0912955872549,
NGA-6_1,Bayelsa,MRM0,Neonatal mortality rate,_T,Total,_T,Total,UN_IGME,UN IGME estimate,2021,2021,NGA,Nigeria,1,Administrative level 1,,,D_PER_1000_B,"Deaths per 1,000 live births",2011-01,27.1901254219526,,,,,,,,,A,Normal value,,,,,,,,1,,,,,2011,22.2834426351023,33.0570683280339,
NGA-6_1,Bayelsa,MRM0,Neonatal mortality rate,_T,Total,_T,Total,UN_IGME,UN IGME estimate,2021,2021,NGA,Nigeria,1,Administrative level 1,,,D_PER_1000_B,"Deaths per 1,000 live births",2012-01,27.5313289054877,,,,,,,,,A,Normal value,,,,,,,,1,,,,,2012,22.2533082155731,33.7582147167108,
NGA-6_1,Bayelsa,MRM0,Neonatal mortality rate,_T,Total,_T,Total,UN_IGME,UN IGME estimate,2021,2021,NGA,Nigeria,1,Administrative level 1,,,D_PER_1000_B,"Deaths per 1,000 live births",2013-01,27.0972875533103,,,,,,,,,A,Normal value,,,,,,,,1,,,,,2013,22.0753260013436,33.7591806343348,
NGA-6_1,Bayelsa,MRM0,Neonatal mortality rate,_T,Total,_T,Total,UN_IGME,UN IGME estimate,2021,2021,NGA,Nigeria,1,Administrative level 1,,,D_PER_1000_B,"Deaths per 1,000 live births",2014-01,26.7029775670935,,,,,,,,,A,Normal value,,,,,,,,1,,,,,2014,21.4155023812949,33.1196563910757,
NGA-6_1,Bayelsa,MRM0,Neonatal mortality rate,_T,Total,_T,Total,UN_IGME,UN IGME estimate,2021,2021,NGA,Nigeria,1,Administrative level 1,,,D_PER_1000_B,"Deaths per 1,000 live births",2015-01,26.3201952979188,,,,,,,,,A,Normal value,,,,,,,,1,,,,,2015,20.5414674291405,32.8970783084158,
NGA-6_1,Bayelsa,MRM0,Neonatal mortality rate,_T,Total,_T,Total,UN_IGME,UN IGME estimate,2021,2021,NGA,Nigeria,1,Administrative level 1,,,D_PER_1000_B,"Deaths per 1,000 live births",2016-01,25.7117041488919,,,,,,,,,A,Normal value,,,,,,,,1,,,,,2016,19.69786782886,32.527084183373,
NGA-6_1,Bayelsa,MRM0,Neonatal mortality rate,_T,Total,_T,Total,UN_IGME,UN IGME estimate,2021,2021,NGA,Nigeria,1,Administrative level 1,,,D_PER_1000_B,"Deaths per 1,000 live births",2017-01,25.5502300764941,,,,,,,,,A,Normal value,,,,,,,,1,,,,,2017,19.2256142592634,32.349227335943,
NGA-6_1,Bayelsa,MRM0,Neonatal mortality rate,_T,Total,_T,Total,UN_IGME,UN IGME estimate,2021,2021,NGA,Nigeria,1,Administrative level 1,,,D_PER_1000_B,"Deaths per 1,000 live births",2018-01,24.9338798546127,,,,,,,,,A,Normal value,,,,,,,,1,,,,,2018,18.8603185707839,32.9917722753839,
NGA-6_1,Bayelsa,MRM0,Neonatal mortality rate,_T,Total,_T,Total,UN_IGME,UN IGME estimate,2021,2021,NGA,Nigeria,1,Administrative level 1,,,D_PER_1000_B,"Deaths per 1,000 live births",2019-01,24.5476464000699,,,,,,,,,A,Normal value,,,,,,,,1,,,,,2019,18.1309337414476,32.7144820010686,
NGA-6_1,Bayelsa,MRM0,Neonatal mortality rate,_T,Total,_T,Total,UN_IGME,UN IGME estimate,2021,2021,NGA,Nigeria,1,Administrative level 1,,,D_PER_1000_B,"Deaths per 1,000 live births",2020-01,24.1334955254129,,,,,,,,,A,Normal value,,,,,,,,1,,,,,2020,17.5823961750268,32.3140549590196,
NGA-6_1,Bayelsa,MRM0,Neonatal mortality rate,_T,Total,_T,Total,UN_IGME,UN IGME estimate,2021,2021,NGA,Nigeria,1,Administrative level 1,,,D_PER_1000_B,"Deaths per 1,000 live births",2021-01,23.820103268649,,,,,,,,,A,Normal value,,,,,,,,1,,,,,2021,16.9986015881022,32.4672809819694,
NGA-5_1,Bauchi,MRM0,Neonatal mortality rate,_T,Total,_T,Total,UN_IGME,UN IGME estimate,2021,2021,NGA,Nigeria,1,Administrative level 1,,,D_PER_1000_B,"Deaths per 1,000 live births",2000-01,65.0916270850472,,,,,,,,,A,Normal value,,,,,,,,1,,,,,2000,55.8008468727166,75.9990741850425,
NGA-5_1,Bauchi,MRM0,Neonatal mortality rate,_T,Total,_T,Total,UN_IGME,UN IGME estimate,2021,2021,NGA,Nigeria,1,Administrative level 1,,,D_PER_1000_B,"Deaths per 1,000 live births",2001-01,64.7383502484198,,,,,,,,,A,Normal value,,,,,,,,1,,,,,2001,56.2266085595861,75.3897134317619,
NGA-5_1,Bauchi,MRM0,Neonatal mortality rate,_T,Total,_T,Total,UN_IGME,UN IGME estimate,2021,2021,NGA,Nigeria,1,Administrative level 1,,,D_PER_1000_B,"Deaths per 1,000 live births",2002-01,62.3085194130725,,,,,,,,,A,Normal value,,,,,,,,1,,,,,2002,54.7875133824227,71.1684541102417,
NGA-5_1,Bauchi,MRM0,Neonatal mortality rate,_T,Total,_T,Total,UN_IGME,UN IGME estimate,2021,2021,NGA,Nigeria,1,Administrative level 1,,,D_PER_1000_B,"Deaths per 1,000 live births",2003-01,61.1811467413479,,,,,,,,,A,Normal value,,,,,,,,1,,,,,2003,53.9021667249611,68.8511131158146,
NGA-5_1,Bauchi,MRM0,Neonatal mortality rate,_T,Total,_T,Total,UN_IGME,UN IGME estimate,2021,2021,NGA,Nigeria,1,Administrative level 1,,,D_PER_1000_B,"Deaths per 1,000 live births",2004-01,58.854687158544,,,,,,,,,A,Normal value,,,,,,,,1,,,,,2004,52.5746348912784,66.4147409681714,
NGA-5_1,Bauchi,MRM0,Neonatal mortality rate,_T,Total,_T,Total,UN_IGME,UN IGME estimate,2021,2021,NGA,Nigeria,1,Administrative level 1,,,D_PER_1000_B,"Deaths per 1,000 live births",2005-01,57.8603045092068,,,,,,,,,A,Normal value,,,,,,,,1,,,,,2005,51.6845823386949,64.6260064517923,
NGA-5_1,Bauchi,MRM0,Neonatal mortality rate,_T,Total,_T,Total,UN_IGME,UN IGME estimate,2021,2021,NGA,Nigeria,1,Administrative level 1,,,D_PER_1000_B,"Deaths per 1,000 live births",2006-01,55.7377581658697,,,,,,,,,A,Normal value,,,,,,,,1,,,,,2006,49.7599893996633,62.6150819704285,
NGA-5_1,Bauchi,MRM0,Neonatal mortality rate,_T,Total,_T,Total,UN_IGME,UN IGME estimate,2021,2021,NGA,Nigeria,1,Administrative level 1,,,D_PER_1000_B,"Deaths per 1,000 live births",2007-01,55.4584679894939,,,,,,,,,A,Normal value,,,,,,,,1,,,,,2007,49.5200749756809,62.0823459936241,
NGA-5_1,Bauchi,MRM0,Neonatal mortality rate,_T,Total,_T,Total,UN_IGME,UN IGME estimate,2021,2021,NGA,Nigeria,1,Administrative level 1,,,D_PER_1000_B,"Deaths per 1,000 live births",2008-01,51.9097219511277,,,,,,,,,A,Normal value,,,,,,,,1,,,,,2008,46.1453857110227,57.6947304021684,
NGA-5_1,Bauchi,MRM0,Neonatal mortality rate,_T,Total,_T,Total,UN_IGME,UN IGME estimate,2021,2021,NGA,Nigeria,1,Administrative level 1,,,D_PER_1000_B,"Deaths per 1,000 live births",2009-01,51.4055140616239,,,,,,,,,A,Normal value,,,,,,,,1,,,,,2009,45.9774089601647,57.2267105005673,
NGA-5_1,Bauchi,MRM0,Neonatal mortality rate,_T,Total,_T,Total,UN_IGME,UN IGME estimate,2021,2021,NGA,Nigeria,1,Administrative level 1,,,D_PER_1000_B,"Deaths per 1,000 live births",2010-01,49.5672233883017,,,,,,,,,A,Normal value,,,,,,,,1,,,,,2010,44.1803510019803,55.4888234676404,
NGA-5_1,Bauchi,MRM0,Neonatal mortality rate,_T,Total,_T,Total,UN_IGME,UN IGME estimate,2021,2021,NGA,Nigeria,1,Administrative level 1,,,D_PER_1000_B,"Deaths per 1,000 live births",2011-01,48.1880756710713,,,,,,,,,A,Normal value,,,,,,,,1,,,,,2011,42.5792250656531,54.2396209514138,
NGA-5_1,Bauchi,MRM0,Neonatal mortality rate,_T,Total,_T,Total,UN_IGME,UN IGME estimate,2021,2021,NGA,Nigeria,1,Administrative level 1,,,D_PER_1000_B,"Deaths per 1,000 live births",2012-01,48.5865080180221,,,,,,,,,A,Normal value,,,,,,,,1,,,,,2012,42.798076736358,54.1409602547156,
NGA-5_1,Bauchi,MRM0,Neonatal mortality rate,_T,Total,_T,Total,UN_IGME,UN IGME estimate,2021,2021,NGA,Nigeria,1,Administrative level 1,,,D_PER_1000_B,"Deaths per 1,000 live births",2013-01,48.6392036558194,,,,,,,,,A,Normal value,,,,,,,,1,,,,,2013,42.8916819564794,55.030537832818,
NGA-5_1,Bauchi,MRM0,Neonatal mortality rate,_T,Total,_T,Total,UN_IGME,UN IGME estimate,2021,2021,NGA,Nigeria,1,Administrative level 1,,,D_PER_1000_B,"Deaths per 1,000 live births",2014-01,47.8951488855202,,,,,,,,,A,Normal value,,,,,,,,1,,,,,2014,41.740580834553,55.0491135346302,
NGA-5_1,Bauchi,MRM0,Neonatal mortality rate,_T,Total,_T,Total,UN_IGME,UN IGME estimate,2021,2021,NGA,Nigeria,1,Administrative level 1,,,D_PER_1000_B,"Deaths per 1,000 live births",2015-01,47.5838140642194,,,,,,,,,A,Normal value,,,,,,,,1,,,,,2015,41.1512654874913,55.6219092800835,
NGA-5_1,Bauchi,MRM0,Neonatal mortality rate,_T,Total,_T,Total,UN_IGME,UN IGME estimate,2021,2021,NGA,Nigeria,1,Administrative level 1,,,D_PER_1000_B,"Deaths per 1,000 live births",2016-01,46.4052966976427,,,,,,,,,A,Normal value,,,,,,,,1,,,,,2016,39.5962853232635,53.9444970103527,
NGA-5_1,Bauchi,MRM0,Neonatal mortality rate,_T,Total,_T,Total,UN_IGME,UN IGME estimate,2021,2021,NGA,Nigeria,1,Administrative level 1,,,D_PER_1000_B,"Deaths per 1,000 live births",2017-01,45.2051373306208,,,,,,,,,A,Normal value,,,,,,,,1,,,,,2017,38.2603446209932,52.8854045691616,
NGA-5_1,Bauchi,MRM0,Neonatal mortality rate,_T,Total,_T,Total,UN_IGME,UN IGME estimate,2021,2021,NGA,Nigeria,1,Administrative level 1,,,D_PER_1000_B,"Deaths per 1,000 live births",2018-01,44.0815924935074,,,,,,,,,A,Normal value,,,,,,,,1,,,,,2018,36.5042702343244,52.4741529597502,
NGA-5_1,Bauchi,MRM0,Neonatal mortality rate,_T,Total,_T,Total,UN_IGME,UN IGME estimate,2021,2021,NGA,Nigeria,1,Administrative level 1,,,D_PER_1000_B,"Deaths per 1,000 live births",2019-01,42.7564556381535,,,,,,,,,A,Normal value,,,,,,,,1,,,,,2019,34.8382927143941,51.8326987780353,
NGA-5_1,Bauchi,MRM0,Neonatal mortality rate,_T,Total,_T,Total,UN_IGME,UN IGME estimate,2021,2021,NGA,Nigeria,1,Administrative level 1,,,D_PER_1000_B,"Deaths per 1,000 live births",2020-01,41.6467455046844,,,,,,,,,A,Normal value,,,,,,,,1,,,,,2020,33.5479690599214,51.8420194268972,
NGA-5_1,Bauchi,MRM0,Neonatal mortality rate,_T,Total,_T,Total,UN_IGME,UN IGME estimate,2021,2021,NGA,Nigeria,1,Administrative level 1,,,D_PER_1000_B,"Deaths per 1,000 live births",2021-01,40.4412902825922,,,,,,,,,A,Normal value,,,,,,,,1,,,,,2021,31.983513194726,50.8696268709473,
NGA-32_1,Plateau,MRM0,Neonatal mortality rate,_T,Total,_T,Total,UN_IGME,UN IGME estimate,2021,2021,NGA,Nigeria,1,Administrative level 1,,,D_PER_1000_B,"Deaths per 1,000 live births",2000-01,47.5981598669052,,,,,,,,,A,Normal value,,,,,,,,1,,,,,2000,39.2865590401256,57.0710735600132,
NGA-32_1,Plateau,MRM0,Neonatal mortality rate,_T,Total,_T,Total,UN_IGME,UN IGME estimate,2021,2021,NGA,Nigeria,1,Administrative level 1,,,D_PER_1000_B,"Deaths per 1,000 live births",2001-01,47.8097008651425,,,,,,,,,A,Normal value,,,,,,,,1,,,,,2001,39.6321851907413,56.5975830372499,
NGA-32_1,Plateau,MRM0,Neonatal mortality rate,_T,Total,_T,Total,UN_IGME,UN IGME estimate,2021,2021,NGA,Nigeria,1,Administrative level 1,,,D_PER_1000_B,"Deaths per 1,000 live births",2002-01,46.4680235084301,,,,,,,,,A,Normal value,,,,,,,,1,,,,,2002,39.2433368998666,54.6658454953217,
NGA-32_1,Plateau,MRM0,Neonatal mortality rate,_T,Total,_T,Total,UN_IGME,UN IGME estimate,2021,2021,NGA,Nigeria,1,Administrative level 1,,,D_PER_1000_B,"Deaths per 1,000 live births",2003-01,45.6716704705372,,,,,,,,,A,Normal value,,,,,,,,1,,,,,2003,38.7641794161451,53.6703514063249,
NGA-32_1,Plateau,MRM0,Neonatal mortality rate,_T,Total,_T,Total,UN_IGME,UN IGME estimate,2021,2021,NGA,Nigeria,1,Administrative level 1,,,D_PER_1000_B,"Deaths per 1,000 live births",2004-01,44.981038300734,,,,,,,,,A,Normal value,,,,,,,,1,,,,,2004,38.5754833712807,52.170695790198,
NGA-32_1,Plateau,MRM0,Neonatal mortality rate,_T,Total,_T,Total,UN_IGME,UN IGME estimate,2021,2021,NGA,Nigeria,1,Administrative level 1,,,D_PER_1000_B,"Deaths per 1,000 live births",2005-01,44.5207896052043,,,,,,,,,A,Normal value,,,,,,,,1,,,,,2005,38.6569825577983,51.5830087525932,
NGA-32_1,Plateau,MRM0,Neonatal mortality rate,_T,Total,_T,Total,UN_IGME,UN IGME estimate,2021,2021,NGA,Nigeria,1,Administrative level 1,,,D_PER_1000_B,"Deaths per 1,000 live births",2006-01,43.7802087702801,,,,,,,,,A,Normal value,,,,,,,,1,,,,,2006,37.9652185484843,50.1179021735567,
NGA-32_1,Plateau,MRM0,Neonatal mortality rate,_T,Total,_T,Total,UN_IGME,UN IGME estimate,2021,2021,NGA,Nigeria,1,Administrative level 1,,,D_PER_1000_B,"Deaths per 1,000 live births",2007-01,44.2462850171395,,,,,,,,,A,Normal value,,,,,,,,1,,,,,2007,38.4367347814087,50.7695466553851,
NGA-32_1,Plateau,MRM0,Neonatal mortality rate,_T,Total,_T,Total,UN_IGME,UN IGME estimate,2021,2021,NGA,Nigeria,1,Administrative level 1,,,D_PER_1000_B,"Deaths per 1,000 live births",2008-01,41.8490993953672,,,,,,,,,A,Normal value,,,,,,,,1,,,,,2008,36.2645758364152,48.0312099685765,
NGA-32_1,Plateau,MRM0,Neonatal mortality rate,_T,Total,_T,Total,UN_IGME,UN IGME estimate,2021,2021,NGA,Nigeria,1,Administrative level 1,,,D_PER_1000_B,"Deaths per 1,000 live births",2009-01,41.4599071451402,,,,,,,,,A,Normal value,,,,,,,,1,,,,,2009,36.1057856792697,48.2070792027824,
NGA-32_1,Plateau,MRM0,Neonatal mortality rate,_T,Total,_T,Total,UN_IGME,UN IGME estimate,2021,2021,NGA,Nigeria,1,Administrative level 1,,,D_PER_1000_B,"Deaths per 1,000 live births",2010-01,40.9995986536197,,,,,,,,,A,Normal value,,,,,,,,1,,,,,2010,35.4007507790588,47.2286191042508,
NGA-32_1,Plateau,MRM0,Neonatal mortality rate,_T,Total,_T,Total,UN_IGME,UN IGME estimate,2021,2021,NGA,Nigeria,1,Administrative level 1,,,D_PER_1000_B,"Deaths per 1,000 live births",2011-01,40.522592026487,,,,,,,,,A,Normal value,,,,,,,,1,,,,,2011,34.9731674896904,47.0438162119526,
NGA-32_1,Plateau,MRM0,Neonatal mortality rate,_T,Total,_T,Total,UN_IGME,UN IGME estimate,2021,2021,NGA,Nigeria,1,Administrative level 1,,,D_PER_1000_B,"Deaths per 1,000 live births",2012-01,41.0831107699841,,,,,,,,,A,Normal value,,,,,,,,1,,,,,2012,35.1912305060023,47.447713540946,
NGA-32_1,Plateau,MRM0,Neonatal mortality rate,_T,Total,_T,Total,UN_IGME,UN IGME estimate,2021,2021,NGA,Nigeria,1,Administrative level 1,,,D_PER_1000_B,"Deaths per 1,000 live births",2013-01,41.6798096493112,,,,,,,,,A,Normal value,,,,,,,,1,,,,,2013,35.4654574380602,48.7395309139904,
NGA-32_1,Plateau,MRM0,Neonatal mortality rate,_T,Total,_T,Total,UN_IGME,UN IGME estimate,2021,2021,NGA,Nigeria,1,Administrative level 1,,,D_PER_1000_B,"Deaths per 1,000 live births",2014-01,41.8131271809779,,,,,,,,,A,Normal value,,,,,,,,1,,,,,2014,35.4379230046573,49.3551812660393,
NGA-32_1,Plateau,MRM0,Neonatal mortality rate,_T,Total,_T,Total,UN_IGME,UN IGME estimate,2021,2021,NGA,Nigeria,1,Administrative level 1,,,D_PER_1000_B,"Deaths per 1,000 live births",2015-01,42.0243722255499,,,,,,,,,A,Normal value,,,,,,,,1,,,,,2015,35.0876769432735,49.6699956752169,
NGA-32_1,Plateau,MRM0,Neonatal mortality rate,_T,Total,_T,Total,UN_IGME,UN IGME estimate,2021,2021,NGA,Nigeria,1,Administrative level 1,,,D_PER_1000_B,"Deaths per 1,000 live births",2016-01,41.5265329303212,,,,,,,,,A,Normal value,,,,,,,,1,,,,,2016,34.1979102020658,48.7509231535182,
NGA-32_1,Plateau,MRM0,Neonatal mortality rate,_T,Total,_T,Total,UN_IGME,UN IGME estimate,2021,2021,NGA,Nigeria,1,Administrative level 1,,,D_PER_1000_B,"Deaths per 1,000 live births",2017-01,40.7725960999906,,,,,,,,,A,Normal value,,,,,,,,1,,,,,2017,33.4233025040667,49.0515627406357,
NGA-32_1,Plateau,MRM0,Neonatal mortality rate,_T,Total,_T,Total,UN_IGME,UN IGME estimate,2021,2021,NGA,Nigeria,1,Administrative level 1,,,D_PER_1000_B,"Deaths per 1,000 live births",2018-01,40.4170894393665,,,,,,,,,A,Normal value,,,,,,,,1,,,,,2018,32.3511405251585,49.4375115978743,
NGA-32_1,Plateau,MRM0,Neonatal mortality rate,_T,Total,_T,Total,UN_IGME,UN IGME estimate,2021,2021,NGA,Nigeria,1,Administrative level 1,,,D_PER_1000_B,"Deaths per 1,000 live births",2019-01,39.4636631079315,,,,,,,,,A,Normal value,,,,,,,,1,,,,,2019,31.4417544549715,48.4166434602826,
NGA-32_1,Plateau,MRM0,Neonatal mortality rate,_T,Total,_T,Total,UN_IGME,UN IGME estimate,2021,2021,NGA,Nigeria,1,Administrative level 1,,,D_PER_1000_B,"Deaths per 1,000 live births",2020-01,39.040632389694,,,,,,,,,A,Normal value,,,,,,,,1,,,,,2020,30.6235687603361,49.0983643740257,
NGA-32_1,Plateau,MRM0,Neonatal mortality rate,_T,Total,_T,Total,UN_IGME,UN IGME estimate,2021,2021,NGA,Nigeria,1,Administrative level 1,,,D_PER_1000_B,"Deaths per 1,000 live births",2021-01,38.5534205608677,,,,,,,,,A,Normal value,,,,,,,,1,,,,,2021,29.6888513563165,49.1028498467614,
NGA-7_1,Benue,MRM0,Neonatal mortality rate,_T,Total,_T,Total,UN_IGME,UN IGME estimate,2021,2021,NGA,Nigeria,1,Administrative level 1,,,D_PER_1000_B,"Deaths per 1,000 live births",2000-01,45.4690103666808,,,,,,,,,A,Normal value,,,,,,,,1,,,,,2000,37.8429336302761,55.6478308765937,
NGA-7_1,Benue,MRM0,Neonatal mortality rate,_T,Total,_T,Total,UN_IGME,UN IGME estimate,2021,2021,NGA,Nigeria,1,Administrative level 1,,,D_PER_1000_B,"Deaths per 1,000 live births",2001-01,45.4574615522554,,,,,,,,,A,Normal value,,,,,,,,1,,,,,2001,38.229357547849,54.6063092359685,
NGA-7_1,Benue,MRM0,Neonatal mortality rate,_T,Total,_T,Total,UN_IGME,UN IGME estimate,2021,2021,NGA,Nigeria,1,Administrative level 1,,,D_PER_1000_B,"Deaths per 1,000 live births",2002-01,43.7548752181459,,,,,,,,,A,Normal value,,,,,,,,1,,,,,2002,37.1550851297603,52.0802155288271,
NGA-7_1,Benue,MRM0,Neonatal mortality rate,_T,Total,_T,Total,UN_IGME,UN IGME estimate,2021,2021,NGA,Nigeria,1,Administrative level 1,,,D_PER_1000_B,"Deaths per 1,000 live births",2003-01,43.0091202765673,,,,,,,,,A,Normal value,,,,,,,,1,,,,,2003,36.9711285082766,50.2942109129521,
NGA-7_1,Benue,MRM0,Neonatal mortality rate,_T,Total,_T,Total,UN_IGME,UN IGME estimate,2021,2021,NGA,Nigeria,1,Administrative level 1,,,D_PER_1000_B,"Deaths per 1,000 live births",2004-01,41.6452465226047,,,,,,,,,A,Normal value,,,,,,,,1,,,,,2004,35.6616941770877,48.5800441405889,
NGA-7_1,Benue,MRM0,Neonatal mortality rate,_T,Total,_T,Total,UN_IGME,UN IGME estimate,2021,2021,NGA,Nigeria,1,Administrative level 1,,,D_PER_1000_B,"Deaths per 1,000 live births",2005-01,40.7731164602187,,,,,,,,,A,Normal value,,,,,,,,1,,,,,2005,35.3589674354238,47.0098876334281,
NGA-7_1,Benue,MRM0,Neonatal mortality rate,_T,Total,_T,Total,UN_IGME,UN IGME estimate,2021,2021,NGA,Nigeria,1,Administrative level 1,,,D_PER_1000_B,"Deaths per 1,000 live births",2006-01,39.5196854718246,,,,,,,,,A,Normal value,,,,,,,,1,,,,,2006,33.8164914707154,45.6822394222875,
NGA-7_1,Benue,MRM0,Neonatal mortality rate,_T,Total,_T,Total,UN_IGME,UN IGME estimate,2021,2021,NGA,Nigeria,1,Administrative level 1,,,D_PER_1000_B,"Deaths per 1,000 live births",2007-01,39.5433962778909,,,,,,,,,A,Normal value,,,,,,,,1,,,,,2007,34.1293094390098,45.4165038697207,
NGA-7_1,Benue,MRM0,Neonatal mortality rate,_T,Total,_T,Total,UN_IGME,UN IGME estimate,2021,2021,NGA,Nigeria,1,Administrative level 1,,,D_PER_1000_B,"Deaths per 1,000 live births",2008-01,37.6486112596605,,,,,,,,,A,Normal value,,,,,,,,1,,,,,2008,32.407099956237,43.1235368907627,
NGA-7_1,Benue,MRM0,Neonatal mortality rate,_T,Total,_T,Total,UN_IGME,UN IGME estimate,2021,2021,NGA,Nigeria,1,Administrative level 1,,,D_PER_1000_B,"Deaths per 1,000 live births",2009-01,37.3773300129947,,,,,,,,,A,Normal value,,,,,,,,1,,,,,2009,32.1300205507275,43.1334455094297,
NGA-7_1,Benue,MRM0,Neonatal mortality rate,_T,Total,_T,Total,UN_IGME,UN IGME estimate,2021,2021,NGA,Nigeria,1,Administrative level 1,,,D_PER_1000_B,"Deaths per 1,000 live births",2010-01,36.8832965368324,,,,,,,,,A,Normal value,,,,,,,,1,,,,,2010,31.5381339488148,42.4615912682307,
NGA-7_1,Benue,MRM0,Neonatal mortality rate,_T,Total,_T,Total,UN_IGME,UN IGME estimate,2021,2021,NGA,Nigeria,1,Administrative level 1,,,D_PER_1000_B,"Deaths per 1,000 live births",2011-01,36.0374282685758,,,,,,,,,A,Normal value,,,,,,,,1,,,,,2011,30.7442440560156,42.0837717864193,
NGA-7_1,Benue,MRM0,Neonatal mortality rate,_T,Total,_T,Total,UN_IGME,UN IGME estimate,2021,2021,NGA,Nigeria,1,Administrative level 1,,,D_PER_1000_B,"Deaths per 1,000 live births",2012-01,36.4792972419359,,,,,,,,,A,Normal value,,,,,,,,1,,,,,2012,31.2391092255984,42.4657408556521,
NGA-7_1,Benue,MRM0,Neonatal mortality rate,_T,Total,_T,Total,UN_IGME,UN IGME estimate,2021,2021,NGA,Nigeria,1,Administrative level 1,,,D_PER_1000_B,"Deaths per 1,000 live births",2013-01,36.5623345759921,,,,,,,,,A,Normal value,,,,,,,,1,,,,,2013,30.7503504683547,42.8229019463812,
NGA-7_1,Benue,MRM0,Neonatal mortality rate,_T,Total,_T,Total,UN_IGME,UN IGME estimate,2021,2021,NGA,Nigeria,1,Administrative level 1,,,D_PER_1000_B,"Deaths per 1,000 live births",2014-01,35.8820176700556,,,,,,,,,A,Normal value,,,,,,,,1,,,,,2014,30.2872719341997,42.3825450084665,
NGA-7_1,Benue,MRM0,Neonatal mortality rate,_T,Total,_T,Total,UN_IGME,UN IGME estimate,2021,2021,NGA,Nigeria,1,Administrative level 1,,,D_PER_1000_B,"Deaths per 1,000 live births",2015-01,35.6296699336493,,,,,,,,,A,Normal value,,,,,,,,1,,,,,2015,29.737151254033,42.6961934505531,
NGA-7_1,Benue,MRM0,Neonatal mortality rate,_T,Total,_T,Total,UN_IGME,UN IGME estimate,2021,2021,NGA,Nigeria,1,Administrative level 1,,,D_PER_1000_B,"Deaths per 1,000 live births",2016-01,34.6703376616551,,,,,,,,,A,Normal value,,,,,,,,1,,,,,2016,28.4536174362399,41.9534370319648,
NGA-7_1,Benue,MRM0,Neonatal mortality rate,_T,Total,_T,Total,UN_IGME,UN IGME estimate,2021,2021,NGA,Nigeria,1,Administrative level 1,,,D_PER_1000_B,"Deaths per 1,000 live births",2017-01,33.8780160313769,,,,,,,,,A,Normal value,,,,,,,,1,,,,,2017,27.336717956469,41.2653388475518,
NGA-7_1,Benue,MRM0,Neonatal mortality rate,_T,Total,_T,Total,UN_IGME,UN IGME estimate,2021,2021,NGA,Nigeria,1,Administrative level 1,,,D_PER_1000_B,"Deaths per 1,000 live births",2018-01,33.3710609578215,,,,,,,,,A,Normal value,,,,,,,,1,,,,,2018,26.6040498351807,40.8674694633571,
NGA-7_1,Benue,MRM0,Neonatal mortality rate,_T,Total,_T,Total,UN_IGME,UN IGME estimate,2021,2021,NGA,Nigeria,1,Administrative level 1,,,D_PER_1000_B,"Deaths per 1,000 live births",2019-01,32.4550396205984,,,,,,,,,A,Normal value,,,,,,,,1,,,,,2019,25.6544355056578,40.8871976720573,
NGA-7_1,Benue,MRM0,Neonatal mortality rate,_T,Total,_T,Total,UN_IGME,UN IGME estimate,2021,2021,NGA,Nigeria,1,Administrative level 1,,,D_PER_1000_B,"Deaths per 1,000 live births",2020-01,31.8811868522164,,,,,,,,,A,Normal value,,,,,,,,1,,,,,2020,24.8271443853054,40.9901055835844,
NGA-7_1,Benue,MRM0,Neonatal mortality rate,_T,Total,_T,Total,UN_IGME,UN IGME estimate,2021,2021,NGA,Nigeria,1,Administrative level 1,,,D_PER_1000_B,"Deaths per 1,000 live births",2021-01,31.2596481738334,,,,,,,,,A,Normal value,,,,,,,,1,,,,,2021,23.8274334876246,41.0339062388127,
NGA-8_1,Borno,MRM0,Neonatal mortality rate,_T,Total,_T,Total,UN_IGME,UN IGME estimate,2021,2021,NGA,Nigeria,1,Administrative level 1,,,D_PER_1000_B,"Deaths per 1,000 live births",2000-01,31.9198622907093,,,,,,,,,A,Normal value,,,,,,,,1,,,,,2000,25.328997100455,40.0511313938361,
NGA-8_1,Borno,MRM0,Neonatal mortality rate,_T,Total,_T,Total,UN_IGME,UN IGME estimate,2021,2021,NGA,Nigeria,1,Administrative level 1,,,D_PER_1000_B,"Deaths per 1,000 live births",2001-01,31.8511985514906,,,,,,,,,A,Normal value,,,,,,,,1,,,,,2001,25.5459790316227,39.5044005567072,
NGA-8_1,Borno,MRM0,Neonatal mortality rate,_T,Total,_T,Total,UN_IGME,UN IGME estimate,2021,2021,NGA,Nigeria,1,Administrative level 1,,,D_PER_1000_B,"Deaths per 1,000 live births",2002-01,31.3561904932473,,,,,,,,,A,Normal value,,,,,,,,1,,,,,2002,25.7792506318034,38.431684306728,
NGA-8_1,Borno,MRM0,Neonatal mortality rate,_T,Total,_T,Total,UN_IGME,UN IGME estimate,2021,2021,NGA,Nigeria,1,Administrative level 1,,,D_PER_1000_B,"Deaths per 1,000 live births",2003-01,30.6645880787602,,,,,,,,,A,Normal value,,,,,,,,1,,,,,2003,25.324437825066,37.211961333639,
NGA-8_1,Borno,MRM0,Neonatal mortality rate,_T,Total,_T,Total,UN_IGME,UN IGME estimate,2021,2021,NGA,Nigeria,1,Administrative level 1,,,D_PER_1000_B,"Deaths per 1,000 live births",2004-01,30.0758995538564,,,,,,,,,A,Normal value,,,,,,,,1,,,,,2004,25.2285807337352,36.1117196815687,
NGA-8_1,Borno,MRM0,Neonatal mortality rate,_T,Total,_T,Total,UN_IGME,UN IGME estimate,2021,2021,NGA,Nigeria,1,Administrative level 1,,,D_PER_1000_B,"Deaths per 1,000 live births",2005-01,29.85127420958,,,,,,,,,A,Normal value,,,,,,,,1,,,,,2005,25.2002808360706,35.4830795491979,
NGA-8_1,Borno,MRM0,Neonatal mortality rate,_T,Total,_T,Total,UN_IGME,UN IGME estimate,2021,2021,NGA,Nigeria,1,Administrative level 1,,,D_PER_1000_B,"Deaths per 1,000 live births",2006-01,29.1354265188824,,,,,,,,,A,Normal value,,,,,,,,1,,,,,2006,24.9570924805381,34.547453396983,
NGA-8_1,Borno,MRM0,Neonatal mortality rate,_T,Total,_T,Total,UN_IGME,UN IGME estimate,2021,2021,NGA,Nigeria,1,Administrative level 1,,,D_PER_1000_B,"Deaths per 1,000 live births",2007-01,29.461041522032,,,,,,,,,A,Normal value,,,,,,,,1,,,,,2007,24.7397977142664,34.8763073362932,
NGA-8_1,Borno,MRM0,Neonatal mortality rate,_T,Total,_T,Total,UN_IGME,UN IGME estimate,2021,2021,NGA,Nigeria,1,Administrative level 1,,,D_PER_1000_B,"Deaths per 1,000 live births",2008-01,28.0371442981918,,,,,,,,,A,Normal value,,,,,,,,1,,,,,2008,23.6641541436401,33.277733256261,
NGA-8_1,Borno,MRM0,Neonatal mortality rate,_T,Total,_T,Total,UN_IGME,UN IGME estimate,2021,2021,NGA,Nigeria,1,Administrative level 1,,,D_PER_1000_B,"Deaths per 1,000 live births",2009-01,27.9512998902278,,,,,,,,,A,Normal value,,,,,,,,1,,,,,2009,23.5486153572865,32.9607839609005,
NGA-8_1,Borno,MRM0,Neonatal mortality rate,_T,Total,_T,Total,UN_IGME,UN IGME estimate,2021,2021,NGA,Nigeria,1,Administrative level 1,,,D_PER_1000_B,"Deaths per 1,000 live births",2010-01,27.2349198569576,,,,,,,,,A,Normal value,,,,,,,,1,,,,,2010,23.0192113283396,31.9313170738676,
NGA-8_1,Borno,MRM0,Neonatal mortality rate,_T,Total,_T,Total,UN_IGME,UN IGME estimate,2021,2021,NGA,Nigeria,1,Administrative level 1,,,D_PER_1000_B,"Deaths per 1,000 live births",2011-01,27.0573870207994,,,,,,,,,A,Normal value,,,,,,,,1,,,,,2011,22.7742687056851,31.9860666616199,
NGA-8_1,Borno,MRM0,Neonatal mortality rate,_T,Total,_T,Total,UN_IGME,UN IGME estimate,2021,2021,NGA,Nigeria,1,Administrative level 1,,,D_PER_1000_B,"Deaths per 1,000 live births",2012-01,27.5346481197911,,,,,,,,,A,Normal value,,,,,,,,1,,,,,2012,23.0942444535398,32.4451376723054,
NGA-8_1,Borno,MRM0,Neonatal mortality rate,_T,Total,_T,Total,UN_IGME,UN IGME estimate,2021,2021,NGA,Nigeria,1,Administrative level 1,,,D_PER_1000_B,"Deaths per 1,000 live births",2013-01,27.9494282384536,,,,,,,,,A,Normal value,,,,,,,,1,,,,,2013,23.3389415201874,33.0365976083575,
NGA-8_1,Borno,MRM0,Neonatal mortality rate,_T,Total,_T,Total,UN_IGME,UN IGME estimate,2021,2021,NGA,Nigeria,1,Administrative level 1,,,D_PER_1000_B,"Deaths per 1,000 live births",2014-01,28.2555595235942,,,,,,,,,A,Normal value,,,,,,,,1,,,,,2014,23.4816668336708,33.8346181218301,
NGA-8_1,Borno,MRM0,Neonatal mortality rate,_T,Total,_T,Total,UN_IGME,UN IGME estimate,2021,2021,NGA,Nigeria,1,Administrative level 1,,,D_PER_1000_B,"Deaths per 1,000 live births",2015-01,28.6237052600128,,,,,,,,,A,Normal value,,,,,,,,1,,,,,2015,23.4808363572325,34.6783692729309,
NGA-8_1,Borno,MRM0,Neonatal mortality rate,_T,Total,_T,Total,UN_IGME,UN IGME estimate,2021,2021,NGA,Nigeria,1,Administrative level 1,,,D_PER_1000_B,"Deaths per 1,000 live births",2016-01,28.2459277310567,,,,,,,,,A,Normal value,,,,,,,,1,,,,,2016,23.2238857240527,34.9354436133154,
NGA-8_1,Borno,MRM0,Neonatal mortality rate,_T,Total,_T,Total,UN_IGME,UN IGME estimate,2021,2021,NGA,Nigeria,1,Administrative level 1,,,D_PER_1000_B,"Deaths per 1,000 live births",2017-01,27.9210849040604,,,,,,,,,A,Normal value,,,,,,,,1,,,,,2017,22.6400149969754,34.8978444931574,
NGA-8_1,Borno,MRM0,Neonatal mortality rate,_T,Total,_T,Total,UN_IGME,UN IGME estimate,2021,2021,NGA,Nigeria,1,Administrative level 1,,,D_PER_1000_B,"Deaths per 1,000 live births",2018-01,27.7048697936927,,,,,,,,,A,Normal value,,,,,,,,1,,,,,2018,21.9069635111487,35.1751241769593,
NGA-8_1,Borno,MRM0,Neonatal mortality rate,_T,Total,_T,Total,UN_IGME,UN IGME estimate,2021,2021,NGA,Nigeria,1,Administrative level 1,,,D_PER_1000_B,"Deaths per 1,000 live births",2019-01,27.3947883771755,,,,,,,,,A,Normal value,,,,,,,,1,,,,,2019,21.3310397077758,35.102703388513,
NGA-8_1,Borno,MRM0,Neonatal mortality rate,_T,Total,_T,Total,UN_IGME,UN IGME estimate,2021,2021,NGA,Nigeria,1,Administrative level 1,,,D_PER_1000_B,"Deaths per 1,000 live births",2020-01,27.0356282416826,,,,,,,,,A,Normal value,,,,,,,,1,,,,,2020,20.5964965905592,35.0370720292525,
NGA-8_1,Borno,MRM0,Neonatal mortality rate,_T,Total,_T,Total,UN_IGME,UN IGME estimate,2021,2021,NGA,Nigeria,1,Administrative level 1,,,D_PER_1000_B,"Deaths per 1,000 live births",2021-01,26.7187054334603,,,,,,,,,A,Normal value,,,,,,,,1,,,,,2021,20.1339912849307,35.0535103882172,
NGA-31_1,Oyo,MRM0,Neonatal mortality rate,_T,Total,_T,Total,UN_IGME,UN IGME estimate,2021,2021,NGA,Nigeria,1,Administrative level 1,,,D_PER_1000_B,"Deaths per 1,000 live births",2000-01,39.0413087552103,,,,,,,,,A,Normal value,,,,,,,,1,,,,,2000,31.4934749176274,49.7129993334034,
NGA-31_1,Oyo,MRM0,Neonatal mortality rate,_T,Total,_T,Total,UN_IGME,UN IGME estimate,2021,2021,NGA,Nigeria,1,Administrative level 1,,,D_PER_1000_B,"Deaths per 1,000 live births",2001-01,38.1420971455974,,,,,,,,,A,Normal value,,,,,,,,1,,,,,2001,30.9354984124383,47.4630009395866,
NGA-31_1,Oyo,MRM0,Neonatal mortality rate,_T,Total,_T,Total,UN_IGME,UN IGME estimate,2021,2021,NGA,Nigeria,1,Administrative level 1,,,D_PER_1000_B,"Deaths per 1,000 live births",2002-01,37.4395842077751,,,,,,,,,A,Normal value,,,,,,,,1,,,,,2002,30.8215365873666,46.4256715582001,
NGA-31_1,Oyo,MRM0,Neonatal mortality rate,_T,Total,_T,Total,UN_IGME,UN IGME estimate,2021,2021,NGA,Nigeria,1,Administrative level 1,,,D_PER_1000_B,"Deaths per 1,000 live births",2003-01,35.9208781243873,,,,,,,,,A,Normal value,,,,,,,,1,,,,,2003,29.8841710105765,44.0271919779012,
NGA-31_1,Oyo,MRM0,Neonatal mortality rate,_T,Total,_T,Total,UN_IGME,UN IGME estimate,2021,2021,NGA,Nigeria,1,Administrative level 1,,,D_PER_1000_B,"Deaths per 1,000 live births",2004-01,35.0751148676744,,,,,,,,,A,Normal value,,,,,,,,1,,,,,2004,29.366488520224,42.0501932463403,
NGA-31_1,Oyo,MRM0,Neonatal mortality rate,_T,Total,_T,Total,UN_IGME,UN IGME estimate,2021,2021,NGA,Nigeria,1,Administrative level 1,,,D_PER_1000_B,"Deaths per 1,000 live births",2005-01,34.591844857903,,,,,,,,,A,Normal value,,,,,,,,1,,,,,2005,29.0547608978914,41.0746349301657,
NGA-31_1,Oyo,MRM0,Neonatal mortality rate,_T,Total,_T,Total,UN_IGME,UN IGME estimate,2021,2021,NGA,Nigeria,1,Administrative level 1,,,D_PER_1000_B,"Deaths per 1,000 live births",2006-01,33.5477100562212,,,,,,,,,A,Normal value,,,,,,,,1,,,,,2006,28.2283851479763,39.7213011351003,
NGA-31_1,Oyo,MRM0,Neonatal mortality rate,_T,Total,_T,Total,UN_IGME,UN IGME estimate,2021,2021,NGA,Nigeria,1,Administrative level 1,,,D_PER_1000_B,"Deaths per 1,000 live births",2007-01,33.5676419716349,,,,,,,,,A,Normal value,,,,,,,,1,,,,,2007,28.120517619569,39.5158588572597,
NGA-31_1,Oyo,MRM0,Neonatal mortality rate,_T,Total,_T,Total,UN_IGME,UN IGME estimate,2021,2021,NGA,Nigeria,1,Administrative level 1,,,D_PER_1000_B,"Deaths per 1,000 live births",2008-01,32.207845571883,,,,,,,,,A,Normal value,,,,,,,,1,,,,,2008,26.9024135442482,37.8273870824517,
NGA-31_1,Oyo,MRM0,Neonatal mortality rate,_T,Total,_T,Total,UN_IGME,UN IGME estimate,2021,2021,NGA,Nigeria,1,Administrative level 1,,,D_PER_1000_B,"Deaths per 1,000 live births",2009-01,31.3788051386718,,,,,,,,,A,Normal value,,,,,,,,1,,,,,2009,26.1147475060633,37.1457887948219,
NGA-31_1,Oyo,MRM0,Neonatal mortality rate,_T,Total,_T,Total,UN_IGME,UN IGME estimate,2021,2021,NGA,Nigeria,1,Administrative level 1,,,D_PER_1000_B,"Deaths per 1,000 live births",2010-01,31.0049469185869,,,,,,,,,A,Normal value,,,,,,,,1,,,,,2010,25.8991482808148,36.6818555022845,
NGA-31_1,Oyo,MRM0,Neonatal mortality rate,_T,Total,_T,Total,UN_IGME,UN IGME estimate,2021,2021,NGA,Nigeria,1,Administrative level 1,,,D_PER_1000_B,"Deaths per 1,000 live births",2011-01,31.0499010819356,,,,,,,,,A,Normal value,,,,,,,,1,,,,,2011,25.687471225864,36.6466509850391,
NGA-31_1,Oyo,MRM0,Neonatal mortality rate,_T,Total,_T,Total,UN_IGME,UN IGME estimate,2021,2021,NGA,Nigeria,1,Administrative level 1,,,D_PER_1000_B,"Deaths per 1,000 live births",2012-01,31.5281287669368,,,,,,,,,A,Normal value,,,,,,,,1,,,,,2012,25.7329193256894,37.1752356514555,
NGA-31_1,Oyo,MRM0,Neonatal mortality rate,_T,Total,_T,Total,UN_IGME,UN IGME estimate,2021,2021,NGA,Nigeria,1,Administrative level 1,,,D_PER_1000_B,"Deaths per 1,000 live births",2013-01,31.3480967725897,,,,,,,,,A,Normal value,,,,,,,,1,,,,,2013,25.5524710914508,37.2877031922679,
NGA-31_1,Oyo,MRM0,Neonatal mortality rate,_T,Total,_T,Total,UN_IGME,UN IGME estimate,2021,2021,NGA,Nigeria,1,Administrative level 1,,,D_PER_1000_B,"Deaths per 1,000 live births",2014-01,32.1501638106301,,,,,,,,,A,Normal value,,,,,,,,1,,,,,2014,26.4587738820848,39.0248735949522,
NGA-31_1,Oyo,MRM0,Neonatal mortality rate,_T,Total,_T,Total,UN_IGME,UN IGME estimate,2021,2021,NGA,Nigeria,1,Administrative level 1,,,D_PER_1000_B,"Deaths per 1,000 live births",2015-01,31.9086532691431,,,,,,,,,A,Normal value,,,,,,,,1,,,,,2015,25.8499645794357,39.3714328378214,
NGA-31_1,Oyo,MRM0,Neonatal mortality rate,_T,Total,_T,Total,UN_IGME,UN IGME estimate,2021,2021,NGA,Nigeria,1,Administrative level 1,,,D_PER_1000_B,"Deaths per 1,000 live births",2016-01,32.0451779334855,,,,,,,,,A,Normal value,,,,,,,,1,,,,,2016,25.8233110071982,40.0546021664166,
NGA-31_1,Oyo,MRM0,Neonatal mortality rate,_T,Total,_T,Total,UN_IGME,UN IGME estimate,2021,2021,NGA,Nigeria,1,Administrative level 1,,,D_PER_1000_B,"Deaths per 1,000 live births",2017-01,31.8779753599608,,,,,,,,,A,Normal value,,,,,,,,1,,,,,2017,25.1702511407111,40.0611298559085,
NGA-31_1,Oyo,MRM0,Neonatal mortality rate,_T,Total,_T,Total,UN_IGME,UN IGME estimate,2021,2021,NGA,Nigeria,1,Administrative level 1,,,D_PER_1000_B,"Deaths per 1,000 live births",2018-01,31.6298740242859,,,,,,,,,A,Normal value,,,,,,,,1,,,,,2018,24.7099890541153,40.2163113547192,
NGA-31_1,Oyo,MRM0,Neonatal mortality rate,_T,Total,_T,Total,UN_IGME,UN IGME estimate,2021,2021,NGA,Nigeria,1,Administrative level 1,,,D_PER_1000_B,"Deaths per 1,000 live births",2019-01,31.1485304238562,,,,,,,,,A,Normal value,,,,,,,,1,,,,,2019,23.4804485881551,40.8156622265312,
NGA-31_1,Oyo,MRM0,Neonatal mortality rate,_T,Total,_T,Total,UN_IGME,UN IGME estimate,2021,2021,NGA,Nigeria,1,Administrative level 1,,,D_PER_1000_B,"Deaths per 1,000 live births",2020-01,30.6355196177135,,,,,,,,,A,Normal value,,,,,,,,1,,,,,2020,23.0027289728286,41.120718042695,
NGA-31_1,Oyo,MRM0,Neonatal mortality rate,_T,Total,_T,Total,UN_IGME,UN IGME estimate,2021,2021,NGA,Nigeria,1,Administrative level 1,,,D_PER_1000_B,"Deaths per 1,000 live births",2021-01,30.2386721049292,,,,,,,,,A,Normal value,,,,,,,,1,,,,,2021,22.6005096196781,41.221437853031,
NGA-34_1,Sokoto,MRY0T4,Under-five mortality rate,_T,Total,_T,Total,UN_IGME,UN IGME estimate,2021,2021,NGA,Nigeria,1,Administrative level 1,,,D_PER_1000_B,"Deaths per 1,000 live births",2000-01,322.103410502567,,,,,,,,,A,Normal value,,,,,,,,1,,,,,2000,285.682652050047,359.578613659118,
NGA-34_1,Sokoto,MRY0T4,Under-five mortality rate,_T,Total,_T,Total,UN_IGME,UN IGME estimate,2021,2021,NGA,Nigeria,1,Administrative level 1,,,D_PER_1000_B,"Deaths per 1,000 live births",2001-01,311.805983144012,,,,,,,,,A,Normal value,,,,,,,,1,,,,,2001,280.446911183898,344.966811362569,
NGA-34_1,Sokoto,MRY0T4,Under-five mortality rate,_T,Total,_T,Total,UN_IGME,UN IGME estimate,2021,2021,NGA,Nigeria,1,Administrative level 1,,,D_PER_1000_B,"Deaths per 1,000 live births",2002-01,301.231387664337,,,,,,,,,A,Normal value,,,,,,,,1,,,,,2002,273.416781019355,330.909677182093,
NGA-34_1,Sokoto,MRY0T4,Under-five mortality rate,_T,Total,_T,Total,UN_IGME,UN IGME estimate,2021,2021,NGA,Nigeria,1,Administrative level 1,,,D_PER_1000_B,"Deaths per 1,000 live births",2003-01,303.147359628236,,,,,,,,,A,Normal value,,,,,,,,1,,,,,2003,276.041321412389,329.472820489642,
NGA-34_1,Sokoto,MRY0T4,Under-five mortality rate,_T,Total,_T,Total,UN_IGME,UN IGME estimate,2021,2021,NGA,Nigeria,1,Administrative level 1,,,D_PER_1000_B,"Deaths per 1,000 live births",2004-01,294.452677114377,,,,,,,,,A,Normal value,,,,,,,,1,,,,,2004,268.258783167884,320.430901143874,
NGA-34_1,Sokoto,MRY0T4,Under-five mortality rate,_T,Total,_T,Total,UN_IGME,UN IGME estimate,2021,2021,NGA,Nigeria,1,Administrative level 1,,,D_PER_1000_B,"Deaths per 1,000 live births",2005-01,281.234498946523,,,,,,,,,A,Normal value,,,,,,,,1,,,,,2005,258.823378833313,307.121631418792,
NGA-34_1,Sokoto,MRY0T4,Under-five mortality rate,_T,Total,_T,Total,UN_IGME,UN IGME estimate,2021,2021,NGA,Nigeria,1,Administrative level 1,,,D_PER_1000_B,"Deaths per 1,000 live births",2006-01,271.699078294023,,,,,,,,,A,Normal value,,,,,,,,1,,,,,2006,249.566616413385,295.0838869571,
NGA-34_1,Sokoto,MRY0T4,Under-five mortality rate,_T,Total,_T,Total,UN_IGME,UN IGME estimate,2021,2021,NGA,Nigeria,1,Administrative level 1,,,D_PER_1000_B,"Deaths per 1,000 live births",2007-01,266.577884002702,,,,,,,,,A,Normal value,,,,,,,,1,,,,,2007,245.602688401686,291.168997487381,
NGA-34_1,Sokoto,MRY0T4,Under-five mortality rate,_T,Total,_T,Total,UN_IGME,UN IGME estimate,2021,2021,NGA,Nigeria,1,Administrative level 1,,,D_PER_1000_B,"Deaths per 1,000 live births",2008-01,248.397392489635,,,,,,,,,A,Normal value,,,,,,,,1,,,,,2008,226.497479091937,269.623957816906,
NGA-34_1,Sokoto,MRY0T4,Under-five mortality rate,_T,Total,_T,Total,UN_IGME,UN IGME estimate,2021,2021,NGA,Nigeria,1,Administrative level 1,,,D_PER_1000_B,"Deaths per 1,000 live births",2009-01,243.309093200797,,,,,,,,,A,Normal value,,,,,,,,1,,,,,2009,223.038712584335,264.743655437046,
NGA-34_1,Sokoto,MRY0T4,Under-five mortality rate,_T,Total,_T,Total,UN_IGME,UN IGME estimate,2021,2021,NGA,Nigeria,1,Administrative level 1,,,D_PER_1000_B,"Deaths per 1,000 live births",2010-01,239.514380036425,,,,,,,,,A,Normal value,,,,,,,,1,,,,,2010,219.844383123996,260.193576473978,
NGA-34_1,Sokoto,MRY0T4,Under-five mortality rate,_T,Total,_T,Total,UN_IGME,UN IGME estimate,2021,2021,NGA,Nigeria,1,Administrative level 1,,,D_PER_1000_B,"Deaths per 1,000 live births",2011-01,234.248797430453,,,,,,,,,A,Normal value,,,,,,,,1,,,,,2011,214.277059504438,256.016375353154,
NGA-34_1,Sokoto,MRY0T4,Under-five mortality rate,_T,Total,_T,Total,UN_IGME,UN IGME estimate,2021,2021,NGA,Nigeria,1,Administrative level 1,,,D_PER_1000_B,"Deaths per 1,000 live births",2012-01,225.362223259765,,,,,,,,,A,Normal value,,,,,,,,1,,,,,2012,205.839046775373,247.428234246927,
NGA-34_1,Sokoto,MRY0T4,Under-five mortality rate,_T,Total,_T,Total,UN_IGME,UN IGME estimate,2021,2021,NGA,Nigeria,1,Administrative level 1,,,D_PER_1000_B,"Deaths per 1,000 live births",2013-01,228.644409671983,,,,,,,,,A,Normal value,,,,,,,,1,,,,,2013,206.385697148063,252.325228047625,
NGA-34_1,Sokoto,MRY0T4,Under-five mortality rate,_T,Total,_T,Total,UN_IGME,UN IGME estimate,2021,2021,NGA,Nigeria,1,Administrative level 1,,,D_PER_1000_B,"Deaths per 1,000 live births",2014-01,223.172458447342,,,,,,,,,A,Normal value,,,,,,,,1,,,,,2014,199.490742249606,246.989674988142,
NGA-34_1,Sokoto,MRY0T4,Under-five mortality rate,_T,Total,_T,Total,UN_IGME,UN IGME estimate,2021,2021,NGA,Nigeria,1,Administrative level 1,,,D_PER_1000_B,"Deaths per 1,000 live births",2015-01,215.876422608009,,,,,,,,,A,Normal value,,,,,,,,1,,,,,2015,193.269880429026,240.859057126622,
NGA-34_1,Sokoto,MRY0T4,Under-five mortality rate,_T,Total,_T,Total,UN_IGME,UN IGME estimate,2021,2021,NGA,Nigeria,1,Administrative level 1,,,D_PER_1000_B,"Deaths per 1,000 live births",2016-01,205.425229792584,,,,,,,,,A,Normal value,,,,,,,,1,,,,,2016,181.929871234824,231.142803114955,
NGA-34_1,Sokoto,MRY0T4,Under-five mortality rate,_T,Total,_T,Total,UN_IGME,UN IGME estimate,2021,2021,NGA,Nigeria,1,Administrative level 1,,,D_PER_1000_B,"Deaths per 1,000 live births",2017-01,199.769921362711,,,,,,,,,A,Normal value,,,,,,,,1,,,,,2017,174.196391027364,229.665858545133,
NGA-34_1,Sokoto,MRY0T4,Under-five mortality rate,_T,Total,_T,Total,UN_IGME,UN IGME estimate,2021,2021,NGA,Nigeria,1,Administrative level 1,,,D_PER_1000_B,"Deaths per 1,000 live births",2018-01,186.814404879057,,,,,,,,,A,Normal value,,,,,,,,1,,,,,2018,158.581692476173,216.230290484376,
NGA-34_1,Sokoto,MRY0T4,Under-five mortality rate,_T,Total,_T,Total,UN_IGME,UN IGME estimate,2021,2021,NGA,Nigeria,1,Administrative level 1,,,D_PER_1000_B,"Deaths per 1,000 live births",2019-01,180.413686197838,,,,,,,,,A,Normal value,,,,,,,,1,,,,,2019,148.695426106996,217.075014633715,
NGA-34_1,Sokoto,MRY0T4,Under-five mortality rate,_T,Total,_T,Total,UN_IGME,UN IGME estimate,2021,2021,NGA,Nigeria,1,Administrative level 1,,,D_PER_1000_B,"Deaths per 1,000 live births",2020-01,173.963535342645,,,,,,,,,A,Normal value,,,,,,,,1,,,,,2020,138.159433158601,214.09262640194,
NGA-34_1,Sokoto,MRY0T4,Under-five mortality rate,_T,Total,_T,Total,UN_IGME,UN IGME estimate,2021,2021,NGA,Nigeria,1,Administrative level 1,,,D_PER_1000_B,"Deaths per 1,000 live births",2021-01,167.257145923825,,,,,,,,,A,Normal value,,,,,,,,1,,,,,2021,132.323624172913,211.053050347696,
NGA-14_1,Enugu,MRM0,Neonatal mortality rate,_T,Total,_T,Total,UN_IGME,UN IGME estimate,2021,2021,NGA,Nigeria,1,Administrative level 1,,,D_PER_1000_B,"Deaths per 1,000 live births",2000-01,25.7764324518087,,,,,,,,,A,Normal value,,,,,,,,1,,,,,2000,19.8005185457965,32.2846088315148,
NGA-14_1,Enugu,MRM0,Neonatal mortality rate,_T,Total,_T,Total,UN_IGME,UN IGME estimate,2021,2021,NGA,Nigeria,1,Administrative level 1,,,D_PER_1000_B,"Deaths per 1,000 live births",2001-01,25.5741546025528,,,,,,,,,A,Normal value,,,,,,,,1,,,,,2001,19.8662596920881,31.5640237082269,
NGA-14_1,Enugu,MRM0,Neonatal mortality rate,_T,Total,_T,Total,UN_IGME,UN IGME estimate,2021,2021,NGA,Nigeria,1,Administrative level 1,,,D_PER_1000_B,"Deaths per 1,000 live births",2002-01,25.6251889643075,,,,,,,,,A,Normal value,,,,,,,,1,,,,,2002,20.3218103594799,31.2042409059629,
NGA-14_1,Enugu,MRM0,Neonatal mortality rate,_T,Total,_T,Total,UN_IGME,UN IGME estimate,2021,2021,NGA,Nigeria,1,Administrative level 1,,,D_PER_1000_B,"Deaths per 1,000 live births",2003-01,24.8325190238431,,,,,,,,,A,Normal value,,,,,,,,1,,,,,2003,20.0575002469979,30.1941779911783,
NGA-14_1,Enugu,MRM0,Neonatal mortality rate,_T,Total,_T,Total,UN_IGME,UN IGME estimate,2021,2021,NGA,Nigeria,1,Administrative level 1,,,D_PER_1000_B,"Deaths per 1,000 live births",2004-01,24.5642822202058,,,,,,,,,A,Normal value,,,,,,,,1,,,,,2004,20.0285346714223,29.956688156192,
NGA-14_1,Enugu,MRM0,Neonatal mortality rate,_T,Total,_T,Total,UN_IGME,UN IGME estimate,2021,2021,NGA,Nigeria,1,Administrative level 1,,,D_PER_1000_B,"Deaths per 1,000 live births",2005-01,24.4499739907889,,,,,,,,,A,Normal value,,,,,,,,1,,,,,2005,20.068593652918,29.6135260775295,
NGA-14_1,Enugu,MRM0,Neonatal mortality rate,_T,Total,_T,Total,UN_IGME,UN IGME estimate,2021,2021,NGA,Nigeria,1,Administrative level 1,,,D_PER_1000_B,"Deaths per 1,000 live births",2006-01,24.1555021026391,,,,,,,,,A,Normal value,,,,,,,,1,,,,,2006,19.8866753152361,29.1003498920385,
NGA-14_1,Enugu,MRM0,Neonatal mortality rate,_T,Total,_T,Total,UN_IGME,UN IGME estimate,2021,2021,NGA,Nigeria,1,Administrative level 1,,,D_PER_1000_B,"Deaths per 1,000 live births",2007-01,24.386057063488,,,,,,,,,A,Normal value,,,,,,,,1,,,,,2007,20.2092521195779,29.2689487739156,
NGA-14_1,Enugu,MRM0,Neonatal mortality rate,_T,Total,_T,Total,UN_IGME,UN IGME estimate,2021,2021,NGA,Nigeria,1,Administrative level 1,,,D_PER_1000_B,"Deaths per 1,000 live births",2008-01,23.8732765513331,,,,,,,,,A,Normal value,,,,,,,,1,,,,,2008,19.7185657769483,28.6527841143745,
NGA-14_1,Enugu,MRM0,Neonatal mortality rate,_T,Total,_T,Total,UN_IGME,UN IGME estimate,2021,2021,NGA,Nigeria,1,Administrative level 1,,,D_PER_1000_B,"Deaths per 1,000 live births",2009-01,23.6463508308698,,,,,,,,,A,Normal value,,,,,,,,1,,,,,2009,19.5216294667723,28.3640963124971,
NGA-14_1,Enugu,MRM0,Neonatal mortality rate,_T,Total,_T,Total,UN_IGME,UN IGME estimate,2021,2021,NGA,Nigeria,1,Administrative level 1,,,D_PER_1000_B,"Deaths per 1,000 live births",2010-01,23.8563980079295,,,,,,,,,A,Normal value,,,,,,,,1,,,,,2010,19.5564992515408,29.0726397484232,
NGA-14_1,Enugu,MRM0,Neonatal mortality rate,_T,Total,_T,Total,UN_IGME,UN IGME estimate,2021,2021,NGA,Nigeria,1,Administrative level 1,,,D_PER_1000_B,"Deaths per 1,000 live births",2011-01,24.3888469140309,,,,,,,,,A,Normal value,,,,,,,,1,,,,,2011,20.0373815246656,29.986356849556,
NGA-14_1,Enugu,MRM0,Neonatal mortality rate,_T,Total,_T,Total,UN_IGME,UN IGME estimate,2021,2021,NGA,Nigeria,1,Administrative level 1,,,D_PER_1000_B,"Deaths per 1,000 live births",2012-01,24.898368694857,,,,,,,,,A,Normal value,,,,,,,,1,,,,,2012,20.5758079112124,30.2697789409484,
NGA-14_1,Enugu,MRM0,Neonatal mortality rate,_T,Total,_T,Total,UN_IGME,UN IGME estimate,2021,2021,NGA,Nigeria,1,Administrative level 1,,,D_PER_1000_B,"Deaths per 1,000 live births",2013-01,25.1585101227093,,,,,,,,,A,Normal value,,,,,,,,1,,,,,2013,20.3594906386314,30.8875045054976,
NGA-14_1,Enugu,MRM0,Neonatal mortality rate,_T,Total,_T,Total,UN_IGME,UN IGME estimate,2021,2021,NGA,Nigeria,1,Administrative level 1,,,D_PER_1000_B,"Deaths per 1,000 live births",2014-01,25.9265031340583,,,,,,,,,A,Normal value,,,,,,,,1,,,,,2014,20.7971079120341,32.4917535555175,
NGA-14_1,Enugu,MRM0,Neonatal mortality rate,_T,Total,_T,Total,UN_IGME,UN IGME estimate,2021,2021,NGA,Nigeria,1,Administrative level 1,,,D_PER_1000_B,"Deaths per 1,000 live births",2015-01,26.0102884015706,,,,,,,,,A,Normal value,,,,,,,,1,,,,,2015,20.5277352848378,32.655355170046,
NGA-14_1,Enugu,MRM0,Neonatal mortality rate,_T,Total,_T,Total,UN_IGME,UN IGME estimate,2021,2021,NGA,Nigeria,1,Administrative level 1,,,D_PER_1000_B,"Deaths per 1,000 live births",2016-01,26.0076113847467,,,,,,,,,A,Normal value,,,,,,,,1,,,,,2016,20.5731318106257,33.091012206174,
NGA-14_1,Enugu,MRM0,Neonatal mortality rate,_T,Total,_T,Total,UN_IGME,UN IGME estimate,2021,2021,NGA,Nigeria,1,Administrative level 1,,,D_PER_1000_B,"Deaths per 1,000 live births",2017-01,26.2049672235489,,,,,,,,,A,Normal value,,,,,,,,1,,,,,2017,20.3476177906276,33.8333653720574,
NGA-14_1,Enugu,MRM0,Neonatal mortality rate,_T,Total,_T,Total,UN_IGME,UN IGME estimate,2021,2021,NGA,Nigeria,1,Administrative level 1,,,D_PER_1000_B,"Deaths per 1,000 live births",2018-01,26.2693090125685,,,,,,,,,A,Normal value,,,,,,,,1,,,,,2018,20.198621620855,34.568297404333,
NGA-14_1,Enugu,MRM0,Neonatal mortality rate,_T,Total,_T,Total,UN_IGME,UN IGME estimate,2021,2021,NGA,Nigeria,1,Administrative level 1,,,D_PER_1000_B,"Deaths per 1,000 live births",2019-01,26.164937634715,,,,,,,,,A,Normal value,,,,,,,,1,,,,,2019,19.8153615260039,35.3409086852492,
NGA-14_1,Enugu,MRM0,Neonatal mortality rate,_T,Total,_T,Total,UN_IGME,UN IGME estimate,2021,2021,NGA,Nigeria,1,Administrative level 1,,,D_PER_1000_B,"Deaths per 1,000 live births",2020-01,26.2756411635254,,,,,,,,,A,Normal value,,,,,,,,1,,,,,2020,19.5433810945983,35.7484233265692,
NGA-14_1,Enugu,MRM0,Neonatal mortality rate,_T,Total,_T,Total,UN_IGME,UN IGME estimate,2021,2021,NGA,Nigeria,1,Administrative level 1,,,D_PER_1000_B,"Deaths per 1,000 live births",2021-01,26.1677640354242,,,,,,,,,A,Normal value,,,,,,,,1,,,,,2021,19.1065934448754,36.7849339068902,
NGA-29_1,Ondo,MRM0,Neonatal mortality rate,_T,Total,_T,Total,UN_IGME,UN IGME estimate,2021,2021,NGA,Nigeria,1,Administrative level 1,,,D_PER_1000_B,"Deaths per 1,000 live births",2000-01,47.2369798064911,,,,,,,,,A,Normal value,,,,,,,,1,,,,,2000,38.6674900575786,57.7771205392027,
NGA-29_1,Ondo,MRM0,Neonatal mortality rate,_T,Total,_T,Total,UN_IGME,UN IGME estimate,2021,2021,NGA,Nigeria,1,Administrative level 1,,,D_PER_1000_B,"Deaths per 1,000 live births",2001-01,46.4962296124358,,,,,,,,,A,Normal value,,,,,,,,1,,,,,2001,38.6929588471567,56.2994417978739,
NGA-29_1,Ondo,MRM0,Neonatal mortality rate,_T,Total,_T,Total,UN_IGME,UN IGME estimate,2021,2021,NGA,Nigeria,1,Administrative level 1,,,D_PER_1000_B,"Deaths per 1,000 live births",2002-01,45.7006860111569,,,,,,,,,A,Normal value,,,,,,,,1,,,,,2002,38.4328470804776,54.3881744376258,
NGA-29_1,Ondo,MRM0,Neonatal mortality rate,_T,Total,_T,Total,UN_IGME,UN IGME estimate,2021,2021,NGA,Nigeria,1,Administrative level 1,,,D_PER_1000_B,"Deaths per 1,000 live births",2003-01,44.4202513618472,,,,,,,,,A,Normal value,,,,,,,,1,,,,,2003,37.8537555406621,52.3495139435183,
NGA-29_1,Ondo,MRM0,Neonatal mortality rate,_T,Total,_T,Total,UN_IGME,UN IGME estimate,2021,2021,NGA,Nigeria,1,Administrative level 1,,,D_PER_1000_B,"Deaths per 1,000 live births",2004-01,43.6161605815816,,,,,,,,,A,Normal value,,,,,,,,1,,,,,2004,37.1508196061781,51.0993504755524,
NGA-29_1,Ondo,MRM0,Neonatal mortality rate,_T,Total,_T,Total,UN_IGME,UN IGME estimate,2021,2021,NGA,Nigeria,1,Administrative level 1,,,D_PER_1000_B,"Deaths per 1,000 live births",2005-01,42.9364592148557,,,,,,,,,A,Normal value,,,,,,,,1,,,,,2005,36.5806066048102,49.913051050467,
NGA-29_1,Ondo,MRM0,Neonatal mortality rate,_T,Total,_T,Total,UN_IGME,UN IGME estimate,2021,2021,NGA,Nigeria,1,Administrative level 1,,,D_PER_1000_B,"Deaths per 1,000 live births",2006-01,41.4833403635343,,,,,,,,,A,Normal value,,,,,,,,1,,,,,2006,35.3227245801706,48.2079556398321,
NGA-29_1,Ondo,MRM0,Neonatal mortality rate,_T,Total,_T,Total,UN_IGME,UN IGME estimate,2021,2021,NGA,Nigeria,1,Administrative level 1,,,D_PER_1000_B,"Deaths per 1,000 live births",2007-01,41.3573109827996,,,,,,,,,A,Normal value,,,,,,,,1,,,,,2007,35.4452149726069,48.0941584370834,
NGA-29_1,Ondo,MRM0,Neonatal mortality rate,_T,Total,_T,Total,UN_IGME,UN IGME estimate,2021,2021,NGA,Nigeria,1,Administrative level 1,,,D_PER_1000_B,"Deaths per 1,000 live births",2008-01,39.7252291259452,,,,,,,,,A,Normal value,,,,,,,,1,,,,,2008,34.2560906210346,46.3106489686694,
NGA-29_1,Ondo,MRM0,Neonatal mortality rate,_T,Total,_T,Total,UN_IGME,UN IGME estimate,2021,2021,NGA,Nigeria,1,Administrative level 1,,,D_PER_1000_B,"Deaths per 1,000 live births",2009-01,39.1915231928602,,,,,,,,,A,Normal value,,,,,,,,1,,,,,2009,33.3987044585482,45.7636276405546,
NGA-29_1,Ondo,MRM0,Neonatal mortality rate,_T,Total,_T,Total,UN_IGME,UN IGME estimate,2021,2021,NGA,Nigeria,1,Administrative level 1,,,D_PER_1000_B,"Deaths per 1,000 live births",2010-01,38.764569859253,,,,,,,,,A,Normal value,,,,,,,,1,,,,,2010,32.9726551787861,45.4013100402245,
NGA-29_1,Ondo,MRM0,Neonatal mortality rate,_T,Total,_T,Total,UN_IGME,UN IGME estimate,2021,2021,NGA,Nigeria,1,Administrative level 1,,,D_PER_1000_B,"Deaths per 1,000 live births",2011-01,38.6907787250578,,,,,,,,,A,Normal value,,,,,,,,1,,,,,2011,33.2198113991646,45.8314660324742,
NGA-29_1,Ondo,MRM0,Neonatal mortality rate,_T,Total,_T,Total,UN_IGME,UN IGME estimate,2021,2021,NGA,Nigeria,1,Administrative level 1,,,D_PER_1000_B,"Deaths per 1,000 live births",2012-01,39.5085460343035,,,,,,,,,A,Normal value,,,,,,,,1,,,,,2012,33.7227520310077,46.8882603913396,
NGA-29_1,Ondo,MRM0,Neonatal mortality rate,_T,Total,_T,Total,UN_IGME,UN IGME estimate,2021,2021,NGA,Nigeria,1,Administrative level 1,,,D_PER_1000_B,"Deaths per 1,000 live births",2013-01,39.5555342549684,,,,,,,,,A,Normal value,,,,,,,,1,,,,,2013,33.3759192076318,46.6588925763079,
NGA-29_1,Ondo,MRM0,Neonatal mortality rate,_T,Total,_T,Total,UN_IGME,UN IGME estimate,2021,2021,NGA,Nigeria,1,Administrative level 1,,,D_PER_1000_B,"Deaths per 1,000 live births",2014-01,39.8494022610739,,,,,,,,,A,Normal value,,,,,,,,1,,,,,2014,33.2163418717857,47.7181474332244,
NGA-29_1,Ondo,MRM0,Neonatal mortality rate,_T,Total,_T,Total,UN_IGME,UN IGME estimate,2021,2021,NGA,Nigeria,1,Administrative level 1,,,D_PER_1000_B,"Deaths per 1,000 live births",2015-01,39.6728089811522,,,,,,,,,A,Normal value,,,,,,,,1,,,,,2015,32.9952742838677,47.762359496975,
NGA-29_1,Ondo,MRM0,Neonatal mortality rate,_T,Total,_T,Total,UN_IGME,UN IGME estimate,2021,2021,NGA,Nigeria,1,Administrative level 1,,,D_PER_1000_B,"Deaths per 1,000 live births",2016-01,39.4600944430925,,,,,,,,,A,Normal value,,,,,,,,1,,,,,2016,32.4500627873624,48.350371567407,
NGA-29_1,Ondo,MRM0,Neonatal mortality rate,_T,Total,_T,Total,UN_IGME,UN IGME estimate,2021,2021,NGA,Nigeria,1,Administrative level 1,,,D_PER_1000_B,"Deaths per 1,000 live births",2017-01,39.08985026828,,,,,,,,,A,Normal value,,,,,,,,1,,,,,2017,31.3808255255908,47.9344372797868,
NGA-29_1,Ondo,MRM0,Neonatal mortality rate,_T,Total,_T,Total,UN_IGME,UN IGME estimate,2021,2021,NGA,Nigeria,1,Administrative level 1,,,D_PER_1000_B,"Deaths per 1,000 live births",2018-01,38.4102195227274,,,,,,,,,A,Normal value,,,,,,,,1,,,,,2018,30.8386108536083,47.9410228175361,
NGA-29_1,Ondo,MRM0,Neonatal mortality rate,_T,Total,_T,Total,UN_IGME,UN IGME estimate,2021,2021,NGA,Nigeria,1,Administrative level 1,,,D_PER_1000_B,"Deaths per 1,000 live births",2019-01,37.91303910944,,,,,,,,,A,Normal value,,,,,,,,1,,,,,2019,29.9421217787703,47.7136820144475,
NGA-29_1,Ondo,MRM0,Neonatal mortality rate,_T,Total,_T,Total,UN_IGME,UN IGME estimate,2021,2021,NGA,Nigeria,1,Administrative level 1,,,D_PER_1000_B,"Deaths per 1,000 live births",2020-01,37.3992034151596,,,,,,,,,A,Normal value,,,,,,,,1,,,,,2020,28.6254956089758,47.7461657601725,
NGA-29_1,Ondo,MRM0,Neonatal mortality rate,_T,Total,_T,Total,UN_IGME,UN IGME estimate,2021,2021,NGA,Nigeria,1,Administrative level 1,,,D_PER_1000_B,"Deaths per 1,000 live births",2021-01,36.8874594221846,,,,,,,,,A,Normal value,,,,,,,,1,,,,,2021,28.2912860498,47.6145034704979,
NGA-24_1,Kwara,MRY0T4,Under-five mortality rate,_T,Total,_T,Total,UN_IGME,UN IGME estimate,2021,2021,NGA,Nigeria,1,Administrative level 1,,,D_PER_1000_B,"Deaths per 1,000 live births",2000-01,114.103826155271,,,,,,,,,A,Normal value,,,,,,,,1,,,,,2000,96.2581826257643,135.222115234487,
NGA-24_1,Kwara,MRY0T4,Under-five mortality rate,_T,Total,_T,Total,UN_IGME,UN IGME estimate,2021,2021,NGA,Nigeria,1,Administrative level 1,,,D_PER_1000_B,"Deaths per 1,000 live births",2001-01,109.747158327424,,,,,,,,,A,Normal value,,,,,,,,1,,,,,2001,94.1333189007606,128.503047943902,
NGA-24_1,Kwara,MRY0T4,Under-five mortality rate,_T,Total,_T,Total,UN_IGME,UN IGME estimate,2021,2021,NGA,Nigeria,1,Administrative level 1,,,D_PER_1000_B,"Deaths per 1,000 live births",2002-01,107.295730834103,,,,,,,,,A,Normal value,,,,,,,,1,,,,,2002,92.9496699481748,124.26265022329,
NGA-24_1,Kwara,MRY0T4,Under-five mortality rate,_T,Total,_T,Total,UN_IGME,UN IGME estimate,2021,2021,NGA,Nigeria,1,Administrative level 1,,,D_PER_1000_B,"Deaths per 1,000 live births",2003-01,106.112277462234,,,,,,,,,A,Normal value,,,,,,,,1,,,,,2003,92.415302205412,121.26425990151,
NGA-24_1,Kwara,MRY0T4,Under-five mortality rate,_T,Total,_T,Total,UN_IGME,UN IGME estimate,2021,2021,NGA,Nigeria,1,Administrative level 1,,,D_PER_1000_B,"Deaths per 1,000 live births",2004-01,106.090277742556,,,,,,,,,A,Normal value,,,,,,,,1,,,,,2004,92.7608934510326,119.772529609744,
NGA-24_1,Kwara,MRY0T4,Under-five mortality rate,_T,Total,_T,Total,UN_IGME,UN IGME estimate,2021,2021,NGA,Nigeria,1,Administrative level 1,,,D_PER_1000_B,"Deaths per 1,000 live births",2005-01,103.880162663802,,,,,,,,,A,Normal value,,,,,,,,1,,,,,2005,91.5865355897634,117.225845995992,
NGA-24_1,Kwara,MRY0T4,Under-five mortality rate,_T,Total,_T,Total,UN_IGME,UN IGME estimate,2021,2021,NGA,Nigeria,1,Administrative level 1,,,D_PER_1000_B,"Deaths per 1,000 live births",2006-01,101.084105960466,,,,,,,,,A,Normal value,,,,,,,,1,,,,,2006,89.6427667237196,114.64891731227,
NGA-24_1,Kwara,MRY0T4,Under-five mortality rate,_T,Total,_T,Total,UN_IGME,UN IGME estimate,2021,2021,NGA,Nigeria,1,Administrative level 1,,,D_PER_1000_B,"Deaths per 1,000 live births",2007-01,99.6052332404708,,,,,,,,,A,Normal value,,,,,,,,1,,,,,2007,88.5335092088127,112.043600468573,
NGA-24_1,Kwara,MRY0T4,Under-five mortality rate,_T,Total,_T,Total,UN_IGME,UN IGME estimate,2021,2021,NGA,Nigeria,1,Administrative level 1,,,D_PER_1000_B,"Deaths per 1,000 live births",2008-01,98.8764532231613,,,,,,,,,A,Normal value,,,,,,,,1,,,,,2008,88.2044662109609,110.887504924564,
NGA-24_1,Kwara,MRY0T4,Under-five mortality rate,_T,Total,_T,Total,UN_IGME,UN IGME estimate,2021,2021,NGA,Nigeria,1,Administrative level 1,,,D_PER_1000_B,"Deaths per 1,000 live births",2009-01,98.5205625122182,,,,,,,,,A,Normal value,,,,,,,,1,,,,,2009,87.5919156486829,110.298532176881,
NGA-24_1,Kwara,MRY0T4,Under-five mortality rate,_T,Total,_T,Total,UN_IGME,UN IGME estimate,2021,2021,NGA,Nigeria,1,Administrative level 1,,,D_PER_1000_B,"Deaths per 1,000 live births",2010-01,98.3488171228669,,,,,,,,,A,Normal value,,,,,,,,1,,,,,2010,87.2946963975786,110.938608190909,
NGA-24_1,Kwara,MRY0T4,Under-five mortality rate,_T,Total,_T,Total,UN_IGME,UN IGME estimate,2021,2021,NGA,Nigeria,1,Administrative level 1,,,D_PER_1000_B,"Deaths per 1,000 live births",2011-01,98.0003913697104,,,,,,,,,A,Normal value,,,,,,,,1,,,,,2011,86.9886419350285,110.767442441828,
NGA-24_1,Kwara,MRY0T4,Under-five mortality rate,_T,Total,_T,Total,UN_IGME,UN IGME estimate,2021,2021,NGA,Nigeria,1,Administrative level 1,,,D_PER_1000_B,"Deaths per 1,000 live births",2012-01,98.5765343423129,,,,,,,,,A,Normal value,,,,,,,,1,,,,,2012,86.3390653931221,111.818671604606,
NGA-24_1,Kwara,MRY0T4,Under-five mortality rate,_T,Total,_T,Total,UN_IGME,UN IGME estimate,2021,2021,NGA,Nigeria,1,Administrative level 1,,,D_PER_1000_B,"Deaths per 1,000 live births",2013-01,96.4682244409435,,,,,,,,,A,Normal value,,,,,,,,1,,,,,2013,83.7815479839778,109.626632666852,
NGA-24_1,Kwara,MRY0T4,Under-five mortality rate,_T,Total,_T,Total,UN_IGME,UN IGME estimate,2021,2021,NGA,Nigeria,1,Administrative level 1,,,D_PER_1000_B,"Deaths per 1,000 live births",2014-01,95.8399052246761,,,,,,,,,A,Normal value,,,,,,,,1,,,,,2014,83.771378017856,110.000311982879,
NGA-24_1,Kwara,MRY0T4,Under-five mortality rate,_T,Total,_T,Total,UN_IGME,UN IGME estimate,2021,2021,NGA,Nigeria,1,Administrative level 1,,,D_PER_1000_B,"Deaths per 1,000 live births",2015-01,95.8059333477595,,,,,,,,,A,Normal value,,,,,,,,1,,,,,2015,82.8743287293299,111.115298886607,
NGA-24_1,Kwara,MRY0T4,Under-five mortality rate,_T,Total,_T,Total,UN_IGME,UN IGME estimate,2021,2021,NGA,Nigeria,1,Administrative level 1,,,D_PER_1000_B,"Deaths per 1,000 live births",2016-01,95.5563300440667,,,,,,,,,A,Normal value,,,,,,,,1,,,,,2016,82.0199902595233,112.268993136897,
NGA-24_1,Kwara,MRY0T4,Under-five mortality rate,_T,Total,_T,Total,UN_IGME,UN IGME estimate,2021,2021,NGA,Nigeria,1,Administrative level 1,,,D_PER_1000_B,"Deaths per 1,000 live births",2017-01,94.1833982360642,,,,,,,,,A,Normal value,,,,,,,,1,,,,,2017,79.5398607297911,112.000281967076,
NGA-24_1,Kwara,MRY0T4,Under-five mortality rate,_T,Total,_T,Total,UN_IGME,UN IGME estimate,2021,2021,NGA,Nigeria,1,Administrative level 1,,,D_PER_1000_B,"Deaths per 1,000 live births",2018-01,92.4780632635162,,,,,,,,,A,Normal value,,,,,,,,1,,,,,2018,75.9340865879815,111.651193270467,
NGA-24_1,Kwara,MRY0T4,Under-five mortality rate,_T,Total,_T,Total,UN_IGME,UN IGME estimate,2021,2021,NGA,Nigeria,1,Administrative level 1,,,D_PER_1000_B,"Deaths per 1,000 live births",2019-01,91.0632146489653,,,,,,,,,A,Normal value,,,,,,,,1,,,,,2019,73.82562030961,111.734006756844,
NGA-24_1,Kwara,MRY0T4,Under-five mortality rate,_T,Total,_T,Total,UN_IGME,UN IGME estimate,2021,2021,NGA,Nigeria,1,Administrative level 1,,,D_PER_1000_B,"Deaths per 1,000 live births",2020-01,90.1085588829725,,,,,,,,,A,Normal value,,,,,,,,1,,,,,2020,71.500182292713,113.318265007832,
NGA-24_1,Kwara,MRY0T4,Under-five mortality rate,_T,Total,_T,Total,UN_IGME,UN IGME estimate,2021,2021,NGA,Nigeria,1,Administrative level 1,,,D_PER_1000_B,"Deaths per 1,000 live births",2021-01,88.8651281585676,,,,,,,,,A,Normal value,,,,,,,,1,,,,,2021,69.8625448924513,112.849469536385,
NGA-25_1,Lagos,MRY0T4,Under-five mortality rate,_T,Total,_T,Total,UN_IGME,UN IGME estimate,2021,2021,NGA,Nigeria,1,Administrative level 1,,,D_PER_1000_B,"Deaths per 1,000 live births",2000-01,137.038104502533,,,,,,,,,A,Normal value,,,,,,,,1,,,,,2000,114.247451341624,166.212346738646,
NGA-25_1,Lagos,MRY0T4,Under-five mortality rate,_T,Total,_T,Total,UN_IGME,UN IGME estimate,2021,2021,NGA,Nigeria,1,Administrative level 1,,,D_PER_1000_B,"Deaths per 1,000 live births",2001-01,130.918910722961,,,,,,,,,A,Normal value,,,,,,,,1,,,,,2001,110.226657167097,157.301611662751,
NGA-25_1,Lagos,MRY0T4,Under-five mortality rate,_T,Total,_T,Total,UN_IGME,UN IGME estimate,2021,2021,NGA,Nigeria,1,Administrative level 1,,,D_PER_1000_B,"Deaths per 1,000 live births",2002-01,126.183366820223,,,,,,,,,A,Normal value,,,,,,,,1,,,,,2002,107.571387753321,146.730184284793,
NGA-25_1,Lagos,MRY0T4,Under-five mortality rate,_T,Total,_T,Total,UN_IGME,UN IGME estimate,2021,2021,NGA,Nigeria,1,Administrative level 1,,,D_PER_1000_B,"Deaths per 1,000 live births",2003-01,123.653123079257,,,,,,,,,A,Normal value,,,,,,,,1,,,,,2003,106.388487058606,144.602367150145,
NGA-25_1,Lagos,MRY0T4,Under-five mortality rate,_T,Total,_T,Total,UN_IGME,UN IGME estimate,2021,2021,NGA,Nigeria,1,Administrative level 1,,,D_PER_1000_B,"Deaths per 1,000 live births",2004-01,119.484788402241,,,,,,,,,A,Normal value,,,,,,,,1,,,,,2004,102.762069086243,138.38103069171,
NGA-25_1,Lagos,MRY0T4,Under-five mortality rate,_T,Total,_T,Total,UN_IGME,UN IGME estimate,2021,2021,NGA,Nigeria,1,Administrative level 1,,,D_PER_1000_B,"Deaths per 1,000 live births",2005-01,115.100653308232,,,,,,,,,A,Normal value,,,,,,,,1,,,,,2005,98.7771189223862,132.633958338177,
NGA-25_1,Lagos,MRY0T4,Under-five mortality rate,_T,Total,_T,Total,UN_IGME,UN IGME estimate,2021,2021,NGA,Nigeria,1,Administrative level 1,,,D_PER_1000_B,"Deaths per 1,000 live births",2006-01,115.561240408667,,,,,,,,,A,Normal value,,,,,,,,1,,,,,2006,99.9118988649114,132.3523000619,
NGA-25_1,Lagos,MRY0T4,Under-five mortality rate,_T,Total,_T,Total,UN_IGME,UN IGME estimate,2021,2021,NGA,Nigeria,1,Administrative level 1,,,D_PER_1000_B,"Deaths per 1,000 live births",2007-01,107.133524860211,,,,,,,,,A,Normal value,,,,,,,,1,,,,,2007,92.7730910554066,124.512647828379,
NGA-25_1,Lagos,MRY0T4,Under-five mortality rate,_T,Total,_T,Total,UN_IGME,UN IGME estimate,2021,2021,NGA,Nigeria,1,Administrative level 1,,,D_PER_1000_B,"Deaths per 1,000 live births",2008-01,98.0697459738316,,,,,,,,,A,Normal value,,,,,,,,1,,,,,2008,85.0664656580404,114.056096367405,
NGA-25_1,Lagos,MRY0T4,Under-five mortality rate,_T,Total,_T,Total,UN_IGME,UN IGME estimate,2021,2021,NGA,Nigeria,1,Administrative level 1,,,D_PER_1000_B,"Deaths per 1,000 live births",2009-01,92.9537763549173,,,,,,,,,A,Normal value,,,,,,,,1,,,,,2009,80.0783550064655,108.325954901523,
NGA-25_1,Lagos,MRY0T4,Under-five mortality rate,_T,Total,_T,Total,UN_IGME,UN IGME estimate,2021,2021,NGA,Nigeria,1,Administrative level 1,,,D_PER_1000_B,"Deaths per 1,000 live births",2010-01,87.8836792170371,,,,,,,,,A,Normal value,,,,,,,,1,,,,,2010,75.7495315434701,101.663150443577,
NGA-25_1,Lagos,MRY0T4,Under-five mortality rate,_T,Total,_T,Total,UN_IGME,UN IGME estimate,2021,2021,NGA,Nigeria,1,Administrative level 1,,,D_PER_1000_B,"Deaths per 1,000 live births",2011-01,84.4929846825274,,,,,,,,,A,Normal value,,,,,,,,1,,,,,2011,72.2870576140696,98.7677387987624,
NGA-25_1,Lagos,MRY0T4,Under-five mortality rate,_T,Total,_T,Total,UN_IGME,UN IGME estimate,2021,2021,NGA,Nigeria,1,Administrative level 1,,,D_PER_1000_B,"Deaths per 1,000 live births",2012-01,85.6976745421221,,,,,,,,,A,Normal value,,,,,,,,1,,,,,2012,72.663307619638,99.6703390289012,
NGA-25_1,Lagos,MRY0T4,Under-five mortality rate,_T,Total,_T,Total,UN_IGME,UN IGME estimate,2021,2021,NGA,Nigeria,1,Administrative level 1,,,D_PER_1000_B,"Deaths per 1,000 live births",2013-01,82.112418704387,,,,,,,,,A,Normal value,,,,,,,,1,,,,,2013,68.3452208352436,97.0174599438829,
NGA-25_1,Lagos,MRY0T4,Under-five mortality rate,_T,Total,_T,Total,UN_IGME,UN IGME estimate,2021,2021,NGA,Nigeria,1,Administrative level 1,,,D_PER_1000_B,"Deaths per 1,000 live births",2014-01,78.7853332197064,,,,,,,,,A,Normal value,,,,,,,,1,,,,,2014,64.3575797528766,94.1808096765856,
NGA-25_1,Lagos,MRY0T4,Under-five mortality rate,_T,Total,_T,Total,UN_IGME,UN IGME estimate,2021,2021,NGA,Nigeria,1,Administrative level 1,,,D_PER_1000_B,"Deaths per 1,000 live births",2015-01,75.7663943769369,,,,,,,,,A,Normal value,,,,,,,,1,,,,,2015,61.34230771655,90.3244746378977,
NGA-25_1,Lagos,MRY0T4,Under-five mortality rate,_T,Total,_T,Total,UN_IGME,UN IGME estimate,2021,2021,NGA,Nigeria,1,Administrative level 1,,,D_PER_1000_B,"Deaths per 1,000 live births",2016-01,75.0280639867193,,,,,,,,,A,Normal value,,,,,,,,1,,,,,2016,60.3359746066357,93.1196902733955,
NGA-25_1,Lagos,MRY0T4,Under-five mortality rate,_T,Total,_T,Total,UN_IGME,UN IGME estimate,2021,2021,NGA,Nigeria,1,Administrative level 1,,,D_PER_1000_B,"Deaths per 1,000 live births",2017-01,72.3090825755149,,,,,,,,,A,Normal value,,,,,,,,1,,,,,2017,57.4130783894274,90.7062339811465,
NGA-25_1,Lagos,MRY0T4,Under-five mortality rate,_T,Total,_T,Total,UN_IGME,UN IGME estimate,2021,2021,NGA,Nigeria,1,Administrative level 1,,,D_PER_1000_B,"Deaths per 1,000 live births",2018-01,72.9150463515939,,,,,,,,,A,Normal value,,,,,,,,1,,,,,2018,55.9432210385099,93.874324095867,
NGA-25_1,Lagos,MRY0T4,Under-five mortality rate,_T,Total,_T,Total,UN_IGME,UN IGME estimate,2021,2021,NGA,Nigeria,1,Administrative level 1,,,D_PER_1000_B,"Deaths per 1,000 live births",2019-01,70.9638671666594,,,,,,,,,A,Normal value,,,,,,,,1,,,,,2019,52.222150622255,96.0642360212122,
NGA-25_1,Lagos,MRY0T4,Under-five mortality rate,_T,Total,_T,Total,UN_IGME,UN IGME estimate,2021,2021,NGA,Nigeria,1,Administrative level 1,,,D_PER_1000_B,"Deaths per 1,000 live births",2020-01,69.3828278338173,,,,,,,,,A,Normal value,,,,,,,,1,,,,,2020,49.4853260261429,95.7916643573017,
NGA-25_1,Lagos,MRY0T4,Under-five mortality rate,_T,Total,_T,Total,UN_IGME,UN IGME estimate,2021,2021,NGA,Nigeria,1,Administrative level 1,,,D_PER_1000_B,"Deaths per 1,000 live births",2021-01,67.9130385157077,,,,,,,,,A,Normal value,,,,,,,,1,,,,,2021,47.1958140783972,97.5290383507437,
NGA-21_1,Katsina,MRM0,Neonatal mortality rate,_T,Total,_T,Total,UN_IGME,UN IGME estimate,2021,2021,NGA,Nigeria,1,Administrative level 1,,,D_PER_1000_B,"Deaths per 1,000 live births",2000-01,53.4046794683318,,,,,,,,,A,Normal value,,,,,,,,1,,,,,2000,45.5110139989363,61.6713906325596,
NGA-21_1,Katsina,MRM0,Neonatal mortality rate,_T,Total,_T,Total,UN_IGME,UN IGME estimate,2021,2021,NGA,Nigeria,1,Administrative level 1,,,D_PER_1000_B,"Deaths per 1,000 live births",2001-01,53.4272382094131,,,,,,,,,A,Normal value,,,,,,,,1,,,,,2001,46.2777562558169,61.4687023802272,
NGA-21_1,Katsina,MRM0,Neonatal mortality rate,_T,Total,_T,Total,UN_IGME,UN IGME estimate,2021,2021,NGA,Nigeria,1,Administrative level 1,,,D_PER_1000_B,"Deaths per 1,000 live births",2002-01,51.2872787391144,,,,,,,,,A,Normal value,,,,,,,,1,,,,,2002,45.3688901551411,58.477324060029,
NGA-21_1,Katsina,MRM0,Neonatal mortality rate,_T,Total,_T,Total,UN_IGME,UN IGME estimate,2021,2021,NGA,Nigeria,1,Administrative level 1,,,D_PER_1000_B,"Deaths per 1,000 live births",2003-01,50.0284528877646,,,,,,,,,A,Normal value,,,,,,,,1,,,,,2003,44.3519295636687,56.6276079568569,
NGA-21_1,Katsina,MRM0,Neonatal mortality rate,_T,Total,_T,Total,UN_IGME,UN IGME estimate,2021,2021,NGA,Nigeria,1,Administrative level 1,,,D_PER_1000_B,"Deaths per 1,000 live births",2004-01,48.3571004180203,,,,,,,,,A,Normal value,,,,,,,,1,,,,,2004,42.7853955545381,54.7691603267187,
NGA-21_1,Katsina,MRM0,Neonatal mortality rate,_T,Total,_T,Total,UN_IGME,UN IGME estimate,2021,2021,NGA,Nigeria,1,Administrative level 1,,,D_PER_1000_B,"Deaths per 1,000 live births",2005-01,47.5153579589396,,,,,,,,,A,Normal value,,,,,,,,1,,,,,2005,42.4211021917632,53.2301228243949,
NGA-21_1,Katsina,MRM0,Neonatal mortality rate,_T,Total,_T,Total,UN_IGME,UN IGME estimate,2021,2021,NGA,Nigeria,1,Administrative level 1,,,D_PER_1000_B,"Deaths per 1,000 live births",2006-01,46.1818969060945,,,,,,,,,A,Normal value,,,,,,,,1,,,,,2006,41.2003468777109,51.7358408484419,
NGA-21_1,Katsina,MRM0,Neonatal mortality rate,_T,Total,_T,Total,UN_IGME,UN IGME estimate,2021,2021,NGA,Nigeria,1,Administrative level 1,,,D_PER_1000_B,"Deaths per 1,000 live births",2007-01,46.4309341657353,,,,,,,,,A,Normal value,,,,,,,,1,,,,,2007,41.265948372282,51.8867755233621,
NGA-21_1,Katsina,MRM0,Neonatal mortality rate,_T,Total,_T,Total,UN_IGME,UN IGME estimate,2021,2021,NGA,Nigeria,1,Administrative level 1,,,D_PER_1000_B,"Deaths per 1,000 live births",2008-01,43.399833296699,,,,,,,,,A,Normal value,,,,,,,,1,,,,,2008,38.5076385512071,48.659409591919,
NGA-21_1,Katsina,MRM0,Neonatal mortality rate,_T,Total,_T,Total,UN_IGME,UN IGME estimate,2021,2021,NGA,Nigeria,1,Administrative level 1,,,D_PER_1000_B,"Deaths per 1,000 live births",2009-01,43.2326702498876,,,,,,,,,A,Normal value,,,,,,,,1,,,,,2009,38.0853326734708,48.3973198489805,
NGA-21_1,Katsina,MRM0,Neonatal mortality rate,_T,Total,_T,Total,UN_IGME,UN IGME estimate,2021,2021,NGA,Nigeria,1,Administrative level 1,,,D_PER_1000_B,"Deaths per 1,000 live births",2010-01,41.8926266336542,,,,,,,,,A,Normal value,,,,,,,,1,,,,,2010,37.0449027197807,47.0404284077829,
NGA-21_1,Katsina,MRM0,Neonatal mortality rate,_T,Total,_T,Total,UN_IGME,UN IGME estimate,2021,2021,NGA,Nigeria,1,Administrative level 1,,,D_PER_1000_B,"Deaths per 1,000 live births",2011-01,40.3752052853273,,,,,,,,,A,Normal value,,,,,,,,1,,,,,2011,35.8409987245966,45.5605122413616,
NGA-21_1,Katsina,MRM0,Neonatal mortality rate,_T,Total,_T,Total,UN_IGME,UN IGME estimate,2021,2021,NGA,Nigeria,1,Administrative level 1,,,D_PER_1000_B,"Deaths per 1,000 live births",2012-01,40.4881895206947,,,,,,,,,A,Normal value,,,,,,,,1,,,,,2012,35.7514912859645,45.711950275371,
NGA-21_1,Katsina,MRM0,Neonatal mortality rate,_T,Total,_T,Total,UN_IGME,UN IGME estimate,2021,2021,NGA,Nigeria,1,Administrative level 1,,,D_PER_1000_B,"Deaths per 1,000 live births",2013-01,41.0619075091133,,,,,,,,,A,Normal value,,,,,,,,1,,,,,2013,35.9954088927686,46.6818146097156,
NGA-21_1,Katsina,MRM0,Neonatal mortality rate,_T,Total,_T,Total,UN_IGME,UN IGME estimate,2021,2021,NGA,Nigeria,1,Administrative level 1,,,D_PER_1000_B,"Deaths per 1,000 live births",2014-01,40.6108841868147,,,,,,,,,A,Normal value,,,,,,,,1,,,,,2014,35.2102874247488,46.812208957508,
NGA-21_1,Katsina,MRM0,Neonatal mortality rate,_T,Total,_T,Total,UN_IGME,UN IGME estimate,2021,2021,NGA,Nigeria,1,Administrative level 1,,,D_PER_1000_B,"Deaths per 1,000 live births",2015-01,40.4632859776219,,,,,,,,,A,Normal value,,,,,,,,1,,,,,2015,35.0255002214999,47.4988693236853,
NGA-21_1,Katsina,MRM0,Neonatal mortality rate,_T,Total,_T,Total,UN_IGME,UN IGME estimate,2021,2021,NGA,Nigeria,1,Administrative level 1,,,D_PER_1000_B,"Deaths per 1,000 live births",2016-01,39.5990924278669,,,,,,,,,A,Normal value,,,,,,,,1,,,,,2016,33.4247323215824,46.6760742077736,
NGA-21_1,Katsina,MRM0,Neonatal mortality rate,_T,Total,_T,Total,UN_IGME,UN IGME estimate,2021,2021,NGA,Nigeria,1,Administrative level 1,,,D_PER_1000_B,"Deaths per 1,000 live births",2017-01,38.7165729192119,,,,,,,,,A,Normal value,,,,,,,,1,,,,,2017,32.2979535367021,46.0408790238039,
NGA-21_1,Katsina,MRM0,Neonatal mortality rate,_T,Total,_T,Total,UN_IGME,UN IGME estimate,2021,2021,NGA,Nigeria,1,Administrative level 1,,,D_PER_1000_B,"Deaths per 1,000 live births",2018-01,37.9982571157411,,,,,,,,,A,Normal value,,,,,,,,1,,,,,2018,31.2433218689182,46.0412145966811,
NGA-21_1,Katsina,MRM0,Neonatal mortality rate,_T,Total,_T,Total,UN_IGME,UN IGME estimate,2021,2021,NGA,Nigeria,1,Administrative level 1,,,D_PER_1000_B,"Deaths per 1,000 live births",2019-01,37.0629067537641,,,,,,,,,A,Normal value,,,,,,,,1,,,,,2019,30.0849671810498,46.2017713385656,
NGA-21_1,Katsina,MRM0,Neonatal mortality rate,_T,Total,_T,Total,UN_IGME,UN IGME estimate,2021,2021,NGA,Nigeria,1,Administrative level 1,,,D_PER_1000_B,"Deaths per 1,000 live births",2020-01,36.2642507105232,,,,,,,,,A,Normal value,,,,,,,,1,,,,,2020,29.090114998578,45.7092414461817,
NGA-21_1,Katsina,MRM0,Neonatal mortality rate,_T,Total,_T,Total,UN_IGME,UN IGME estimate,2021,2021,NGA,Nigeria,1,Administrative level 1,,,D_PER_1000_B,"Deaths per 1,000 live births",2021-01,35.505239471137,,,,,,,,,A,Normal value,,,,,,,,1,,,,,2021,28.0822765941155,45.2279981731698,
NGA-37_1,Zamfara,MRM0,Neonatal mortality rate,_T,Total,_T,Total,UN_IGME,UN IGME estimate,2021,2021,NGA,Nigeria,1,Administrative level 1,,,D_PER_1000_B,"Deaths per 1,000 live births",2000-01,57.3708973840158,,,,,,,,,A,Normal value,,,,,,,,1,,,,,2000,48.0606190823231,66.8912155753888,
NGA-37_1,Zamfara,MRM0,Neonatal mortality rate,_T,Total,_T,Total,UN_IGME,UN IGME estimate,2021,2021,NGA,Nigeria,1,Administrative level 1,,,D_PER_1000_B,"Deaths per 1,000 live births",2001-01,57.3966334384199,,,,,,,,,A,Normal value,,,,,,,,1,,,,,2001,49.0816009412085,66.6106808648717,
NGA-37_1,Zamfara,MRM0,Neonatal mortality rate,_T,Total,_T,Total,UN_IGME,UN IGME estimate,2021,2021,NGA,Nigeria,1,Administrative level 1,,,D_PER_1000_B,"Deaths per 1,000 live births",2002-01,55.0174527644564,,,,,,,,,A,Normal value,,,,,,,,1,,,,,2002,47.3364638098972,62.9963100367252,
NGA-37_1,Zamfara,MRM0,Neonatal mortality rate,_T,Total,_T,Total,UN_IGME,UN IGME estimate,2021,2021,NGA,Nigeria,1,Administrative level 1,,,D_PER_1000_B,"Deaths per 1,000 live births",2003-01,53.6893714123846,,,,,,,,,A,Normal value,,,,,,,,1,,,,,2003,46.9518736009595,61.643456059719,
NGA-37_1,Zamfara,MRM0,Neonatal mortality rate,_T,Total,_T,Total,UN_IGME,UN IGME estimate,2021,2021,NGA,Nigeria,1,Administrative level 1,,,D_PER_1000_B,"Deaths per 1,000 live births",2004-01,52.1893840420813,,,,,,,,,A,Normal value,,,,,,,,1,,,,,2004,45.6781423743206,59.2100327437898,
NGA-37_1,Zamfara,MRM0,Neonatal mortality rate,_T,Total,_T,Total,UN_IGME,UN IGME estimate,2021,2021,NGA,Nigeria,1,Administrative level 1,,,D_PER_1000_B,"Deaths per 1,000 live births",2005-01,51.6059471797838,,,,,,,,,A,Normal value,,,,,,,,1,,,,,2005,45.3180645237094,57.9958853837934,
NGA-37_1,Zamfara,MRM0,Neonatal mortality rate,_T,Total,_T,Total,UN_IGME,UN IGME estimate,2021,2021,NGA,Nigeria,1,Administrative level 1,,,D_PER_1000_B,"Deaths per 1,000 live births",2006-01,50.3976583673774,,,,,,,,,A,Normal value,,,,,,,,1,,,,,2006,44.3320453699513,57.1268263145325,
NGA-37_1,Zamfara,MRM0,Neonatal mortality rate,_T,Total,_T,Total,UN_IGME,UN IGME estimate,2021,2021,NGA,Nigeria,1,Administrative level 1,,,D_PER_1000_B,"Deaths per 1,000 live births",2007-01,50.9610299244254,,,,,,,,,A,Normal value,,,,,,,,1,,,,,2007,44.396191608708,57.9922998313323,
NGA-37_1,Zamfara,MRM0,Neonatal mortality rate,_T,Total,_T,Total,UN_IGME,UN IGME estimate,2021,2021,NGA,Nigeria,1,Administrative level 1,,,D_PER_1000_B,"Deaths per 1,000 live births",2008-01,47.6192741283869,,,,,,,,,A,Normal value,,,,,,,,1,,,,,2008,41.7822759937907,53.4841729516151,
NGA-37_1,Zamfara,MRM0,Neonatal mortality rate,_T,Total,_T,Total,UN_IGME,UN IGME estimate,2021,2021,NGA,Nigeria,1,Administrative level 1,,,D_PER_1000_B,"Deaths per 1,000 live births",2009-01,47.1530687924695,,,,,,,,,A,Normal value,,,,,,,,1,,,,,2009,41.3745922367839,53.5900572481684,
NGA-37_1,Zamfara,MRM0,Neonatal mortality rate,_T,Total,_T,Total,UN_IGME,UN IGME estimate,2021,2021,NGA,Nigeria,1,Administrative level 1,,,D_PER_1000_B,"Deaths per 1,000 live births",2010-01,45.9439822815713,,,,,,,,,A,Normal value,,,,,,,,1,,,,,2010,40.0472492668922,52.1734731800017,
NGA-37_1,Zamfara,MRM0,Neonatal mortality rate,_T,Total,_T,Total,UN_IGME,UN IGME estimate,2021,2021,NGA,Nigeria,1,Administrative level 1,,,D_PER_1000_B,"Deaths per 1,000 live births",2011-01,44.2874481325736,,,,,,,,,A,Normal value,,,,,,,,1,,,,,2011,38.1785676457126,49.9277046124386,
NGA-37_1,Zamfara,MRM0,Neonatal mortality rate,_T,Total,_T,Total,UN_IGME,UN IGME estimate,2021,2021,NGA,Nigeria,1,Administrative level 1,,,D_PER_1000_B,"Deaths per 1,000 live births",2012-01,43.9668364201035,,,,,,,,,A,Normal value,,,,,,,,1,,,,,2012,38.159528138261,49.8651245221168,
NGA-37_1,Zamfara,MRM0,Neonatal mortality rate,_T,Total,_T,Total,UN_IGME,UN IGME estimate,2021,2021,NGA,Nigeria,1,Administrative level 1,,,D_PER_1000_B,"Deaths per 1,000 live births",2013-01,44.4470805855357,,,,,,,,,A,Normal value,,,,,,,,1,,,,,2013,38.0342702739348,50.8106875267785,
NGA-37_1,Zamfara,MRM0,Neonatal mortality rate,_T,Total,_T,Total,UN_IGME,UN IGME estimate,2021,2021,NGA,Nigeria,1,Administrative level 1,,,D_PER_1000_B,"Deaths per 1,000 live births",2014-01,44.0539927013542,,,,,,,,,A,Normal value,,,,,,,,1,,,,,2014,37.5918572377851,50.988041810752,
NGA-37_1,Zamfara,MRM0,Neonatal mortality rate,_T,Total,_T,Total,UN_IGME,UN IGME estimate,2021,2021,NGA,Nigeria,1,Administrative level 1,,,D_PER_1000_B,"Deaths per 1,000 live births",2015-01,43.7571999927056,,,,,,,,,A,Normal value,,,,,,,,1,,,,,2015,37.063416614602,51.3492406688011,
NGA-37_1,Zamfara,MRM0,Neonatal mortality rate,_T,Total,_T,Total,UN_IGME,UN IGME estimate,2021,2021,NGA,Nigeria,1,Administrative level 1,,,D_PER_1000_B,"Deaths per 1,000 live births",2016-01,42.7239846819897,,,,,,,,,A,Normal value,,,,,,,,1,,,,,2016,35.9059183677477,50.7166899227869,
NGA-37_1,Zamfara,MRM0,Neonatal mortality rate,_T,Total,_T,Total,UN_IGME,UN IGME estimate,2021,2021,NGA,Nigeria,1,Administrative level 1,,,D_PER_1000_B,"Deaths per 1,000 live births",2017-01,41.5838885074542,,,,,,,,,A,Normal value,,,,,,,,1,,,,,2017,34.6404756745543,49.4927256207891,
NGA-37_1,Zamfara,MRM0,Neonatal mortality rate,_T,Total,_T,Total,UN_IGME,UN IGME estimate,2021,2021,NGA,Nigeria,1,Administrative level 1,,,D_PER_1000_B,"Deaths per 1,000 live births",2018-01,40.4779660536639,,,,,,,,,A,Normal value,,,,,,,,1,,,,,2018,33.3656930063207,49.0655830239486,
NGA-37_1,Zamfara,MRM0,Neonatal mortality rate,_T,Total,_T,Total,UN_IGME,UN IGME estimate,2021,2021,NGA,Nigeria,1,Administrative level 1,,,D_PER_1000_B,"Deaths per 1,000 live births",2019-01,39.4339616299037,,,,,,,,,A,Normal value,,,,,,,,1,,,,,2019,31.5947103954182,48.9324031853286,
NGA-37_1,Zamfara,MRM0,Neonatal mortality rate,_T,Total,_T,Total,UN_IGME,UN IGME estimate,2021,2021,NGA,Nigeria,1,Administrative level 1,,,D_PER_1000_B,"Deaths per 1,000 live births",2020-01,38.6264968196911,,,,,,,,,A,Normal value,,,,,,,,1,,,,,2020,30.5533298808391,48.617265921751,
NGA-37_1,Zamfara,MRM0,Neonatal mortality rate,_T,Total,_T,Total,UN_IGME,UN IGME estimate,2021,2021,NGA,Nigeria,1,Administrative level 1,,,D_PER_1000_B,"Deaths per 1,000 live births",2021-01,37.8184798739703,,,,,,,,,A,Normal value,,,,,,,,1,,,,,2021,28.9768492639311,48.5658104453623,
NGA-11_1,Ebonyi,MRM0,Neonatal mortality rate,_T,Total,_T,Total,UN_IGME,UN IGME estimate,2021,2021,NGA,Nigeria,1,Administrative level 1,,,D_PER_1000_B,"Deaths per 1,000 live births",2000-01,55.6498442031701,,,,,,,,,A,Normal value,,,,,,,,1,,,,,2000,46.1421928049993,67.2075938600737,
NGA-11_1,Ebonyi,MRM0,Neonatal mortality rate,_T,Total,_T,Total,UN_IGME,UN IGME estimate,2021,2021,NGA,Nigeria,1,Administrative level 1,,,D_PER_1000_B,"Deaths per 1,000 live births",2001-01,54.3860226244625,,,,,,,,,A,Normal value,,,,,,,,1,,,,,2001,45.8424978020291,65.4733560814316,
NGA-11_1,Ebonyi,MRM0,Neonatal mortality rate,_T,Total,_T,Total,UN_IGME,UN IGME estimate,2021,2021,NGA,Nigeria,1,Administrative level 1,,,D_PER_1000_B,"Deaths per 1,000 live births",2002-01,53.7151794896885,,,,,,,,,A,Normal value,,,,,,,,1,,,,,2002,45.7613176741079,63.9644273926187,
NGA-11_1,Ebonyi,MRM0,Neonatal mortality rate,_T,Total,_T,Total,UN_IGME,UN IGME estimate,2021,2021,NGA,Nigeria,1,Administrative level 1,,,D_PER_1000_B,"Deaths per 1,000 live births",2003-01,50.6712120141655,,,,,,,,,A,Normal value,,,,,,,,1,,,,,2003,43.9793425601038,58.8993656068312,
NGA-11_1,Ebonyi,MRM0,Neonatal mortality rate,_T,Total,_T,Total,UN_IGME,UN IGME estimate,2021,2021,NGA,Nigeria,1,Administrative level 1,,,D_PER_1000_B,"Deaths per 1,000 live births",2004-01,49.4082925114788,,,,,,,,,A,Normal value,,,,,,,,1,,,,,2004,42.8538078084544,56.7584742935486,
NGA-11_1,Ebonyi,MRM0,Neonatal mortality rate,_T,Total,_T,Total,UN_IGME,UN IGME estimate,2021,2021,NGA,Nigeria,1,Administrative level 1,,,D_PER_1000_B,"Deaths per 1,000 live births",2005-01,48.3367349277283,,,,,,,,,A,Normal value,,,,,,,,1,,,,,2005,41.809620670072,55.4138969594125,
NGA-11_1,Ebonyi,MRM0,Neonatal mortality rate,_T,Total,_T,Total,UN_IGME,UN IGME estimate,2021,2021,NGA,Nigeria,1,Administrative level 1,,,D_PER_1000_B,"Deaths per 1,000 live births",2006-01,46.4880527240159,,,,,,,,,A,Normal value,,,,,,,,1,,,,,2006,40.2354977150222,53.0259401793238,
NGA-11_1,Ebonyi,MRM0,Neonatal mortality rate,_T,Total,_T,Total,UN_IGME,UN IGME estimate,2021,2021,NGA,Nigeria,1,Administrative level 1,,,D_PER_1000_B,"Deaths per 1,000 live births",2007-01,45.8892535123088,,,,,,,,,A,Normal value,,,,,,,,1,,,,,2007,39.6080054130107,52.6610006377632,
NGA-11_1,Ebonyi,MRM0,Neonatal mortality rate,_T,Total,_T,Total,UN_IGME,UN IGME estimate,2021,2021,NGA,Nigeria,1,Administrative level 1,,,D_PER_1000_B,"Deaths per 1,000 live births",2008-01,44.0755633191983,,,,,,,,,A,Normal value,,,,,,,,1,,,,,2008,38.5055914429163,50.5902643295615,
NGA-11_1,Ebonyi,MRM0,Neonatal mortality rate,_T,Total,_T,Total,UN_IGME,UN IGME estimate,2021,2021,NGA,Nigeria,1,Administrative level 1,,,D_PER_1000_B,"Deaths per 1,000 live births",2009-01,42.7163107481905,,,,,,,,,A,Normal value,,,,,,,,1,,,,,2009,36.6324075440897,48.9200657242615,
NGA-11_1,Ebonyi,MRM0,Neonatal mortality rate,_T,Total,_T,Total,UN_IGME,UN IGME estimate,2021,2021,NGA,Nigeria,1,Administrative level 1,,,D_PER_1000_B,"Deaths per 1,000 live births",2010-01,42.2021018574031,,,,,,,,,A,Normal value,,,,,,,,1,,,,,2010,36.3747050931643,48.9646717923047,
NGA-11_1,Ebonyi,MRM0,Neonatal mortality rate,_T,Total,_T,Total,UN_IGME,UN IGME estimate,2021,2021,NGA,Nigeria,1,Administrative level 1,,,D_PER_1000_B,"Deaths per 1,000 live births",2011-01,42.44389371767,,,,,,,,,A,Normal value,,,,,,,,1,,,,,2011,36.6126683387574,49.1731464224419,
NGA-11_1,Ebonyi,MRM0,Neonatal mortality rate,_T,Total,_T,Total,UN_IGME,UN IGME estimate,2021,2021,NGA,Nigeria,1,Administrative level 1,,,D_PER_1000_B,"Deaths per 1,000 live births",2012-01,42.2572540099799,,,,,,,,,A,Normal value,,,,,,,,1,,,,,2012,36.5507470778358,49.4419436024757,
NGA-11_1,Ebonyi,MRM0,Neonatal mortality rate,_T,Total,_T,Total,UN_IGME,UN IGME estimate,2021,2021,NGA,Nigeria,1,Administrative level 1,,,D_PER_1000_B,"Deaths per 1,000 live births",2013-01,41.4301386282324,,,,,,,,,A,Normal value,,,,,,,,1,,,,,2013,35.6309451014596,48.9429810388597,
NGA-11_1,Ebonyi,MRM0,Neonatal mortality rate,_T,Total,_T,Total,UN_IGME,UN IGME estimate,2021,2021,NGA,Nigeria,1,Administrative level 1,,,D_PER_1000_B,"Deaths per 1,000 live births",2014-01,42.2310745351419,,,,,,,,,A,Normal value,,,,,,,,1,,,,,2014,35.6682901642765,50.1008083694777,
NGA-11_1,Ebonyi,MRM0,Neonatal mortality rate,_T,Total,_T,Total,UN_IGME,UN IGME estimate,2021,2021,NGA,Nigeria,1,Administrative level 1,,,D_PER_1000_B,"Deaths per 1,000 live births",2015-01,40.71955158316,,,,,,,,,A,Normal value,,,,,,,,1,,,,,2015,33.8949241611366,49.1035540582269,
NGA-11_1,Ebonyi,MRM0,Neonatal mortality rate,_T,Total,_T,Total,UN_IGME,UN IGME estimate,2021,2021,NGA,Nigeria,1,Administrative level 1,,,D_PER_1000_B,"Deaths per 1,000 live births",2016-01,40.1045230819409,,,,,,,,,A,Normal value,,,,,,,,1,,,,,2016,32.6347707003593,48.9036353736639,
NGA-11_1,Ebonyi,MRM0,Neonatal mortality rate,_T,Total,_T,Total,UN_IGME,UN IGME estimate,2021,2021,NGA,Nigeria,1,Administrative level 1,,,D_PER_1000_B,"Deaths per 1,000 live births",2017-01,39.2746435238579,,,,,,,,,A,Normal value,,,,,,,,1,,,,,2017,30.8023008996111,48.8441566349117,
NGA-11_1,Ebonyi,MRM0,Neonatal mortality rate,_T,Total,_T,Total,UN_IGME,UN IGME estimate,2021,2021,NGA,Nigeria,1,Administrative level 1,,,D_PER_1000_B,"Deaths per 1,000 live births",2018-01,38.39898151893,,,,,,,,,A,Normal value,,,,,,,,1,,,,,2018,30.0987956261598,48.5081361594988,
NGA-11_1,Ebonyi,MRM0,Neonatal mortality rate,_T,Total,_T,Total,UN_IGME,UN IGME estimate,2021,2021,NGA,Nigeria,1,Administrative level 1,,,D_PER_1000_B,"Deaths per 1,000 live births",2019-01,37.5959286131806,,,,,,,,,A,Normal value,,,,,,,,1,,,,,2019,29.2399850510732,47.9457862546348,
NGA-11_1,Ebonyi,MRM0,Neonatal mortality rate,_T,Total,_T,Total,UN_IGME,UN IGME estimate,2021,2021,NGA,Nigeria,1,Administrative level 1,,,D_PER_1000_B,"Deaths per 1,000 live births",2020-01,36.9168058371941,,,,,,,,,A,Normal value,,,,,,,,1,,,,,2020,27.6848053719767,48.1500075220193,
NGA-11_1,Ebonyi,MRM0,Neonatal mortality rate,_T,Total,_T,Total,UN_IGME,UN IGME estimate,2021,2021,NGA,Nigeria,1,Administrative level 1,,,D_PER_1000_B,"Deaths per 1,000 live births",2021-01,36.1901963198792,,,,,,,,,A,Normal value,,,,,,,,1,,,,,2021,26.6652478364725,48.2065421314913,
NGA-16_1,Gombe,MRY0T4,Under-five mortality rate,_T,Total,_T,Total,UN_IGME,UN IGME estimate,2021,2021,NGA,Nigeria,1,Administrative level 1,,,D_PER_1000_B,"Deaths per 1,000 live births",2000-01,278.979814384008,,,,,,,,,A,Normal value,,,,,,,,1,,,,,2000,250.23690568026,310.39246684034,
NGA-16_1,Gombe,MRY0T4,Under-five mortality rate,_T,Total,_T,Total,UN_IGME,UN IGME estimate,2021,2021,NGA,Nigeria,1,Administrative level 1,,,D_PER_1000_B,"Deaths per 1,000 live births",2001-01,274.101275735052,,,,,,,,,A,Normal value,,,,,,,,1,,,,,2001,248.278956870306,301.44797800948,
NGA-16_1,Gombe,MRY0T4,Under-five mortality rate,_T,Total,_T,Total,UN_IGME,UN IGME estimate,2021,2021,NGA,Nigeria,1,Administrative level 1,,,D_PER_1000_B,"Deaths per 1,000 live births",2002-01,274.204484853028,,,,,,,,,A,Normal value,,,,,,,,1,,,,,2002,251.248007712449,298.509557581905,
NGA-16_1,Gombe,MRY0T4,Under-five mortality rate,_T,Total,_T,Total,UN_IGME,UN IGME estimate,2021,2021,NGA,Nigeria,1,Administrative level 1,,,D_PER_1000_B,"Deaths per 1,000 live births",2003-01,263.796879916866,,,,,,,,,A,Normal value,,,,,,,,1,,,,,2003,242.027713864012,286.619088931136,
NGA-16_1,Gombe,MRY0T4,Under-five mortality rate,_T,Total,_T,Total,UN_IGME,UN IGME estimate,2021,2021,NGA,Nigeria,1,Administrative level 1,,,D_PER_1000_B,"Deaths per 1,000 live births",2004-01,253.046099121132,,,,,,,,,A,Normal value,,,,,,,,1,,,,,2004,232.377399326811,273.731326217414,
NGA-16_1,Gombe,MRY0T4,Under-five mortality rate,_T,Total,_T,Total,UN_IGME,UN IGME estimate,2021,2021,NGA,Nigeria,1,Administrative level 1,,,D_PER_1000_B,"Deaths per 1,000 live births",2005-01,242.080001930441,,,,,,,,,A,Normal value,,,,,,,,1,,,,,2005,223.761377803947,263.803166222709,
NGA-16_1,Gombe,MRY0T4,Under-five mortality rate,_T,Total,_T,Total,UN_IGME,UN IGME estimate,2021,2021,NGA,Nigeria,1,Administrative level 1,,,D_PER_1000_B,"Deaths per 1,000 live births",2006-01,232.794488175048,,,,,,,,,A,Normal value,,,,,,,,1,,,,,2006,215.190032888735,252.001984911661,
NGA-16_1,Gombe,MRY0T4,Under-five mortality rate,_T,Total,_T,Total,UN_IGME,UN IGME estimate,2021,2021,NGA,Nigeria,1,Administrative level 1,,,D_PER_1000_B,"Deaths per 1,000 live births",2007-01,223.203951915722,,,,,,,,,A,Normal value,,,,,,,,1,,,,,2007,205.48075952232,242.057707561356,
NGA-16_1,Gombe,MRY0T4,Under-five mortality rate,_T,Total,_T,Total,UN_IGME,UN IGME estimate,2021,2021,NGA,Nigeria,1,Administrative level 1,,,D_PER_1000_B,"Deaths per 1,000 live births",2008-01,222.143850665861,,,,,,,,,A,Normal value,,,,,,,,1,,,,,2008,204.229422907837,239.428871878912,
NGA-16_1,Gombe,MRY0T4,Under-five mortality rate,_T,Total,_T,Total,UN_IGME,UN IGME estimate,2021,2021,NGA,Nigeria,1,Administrative level 1,,,D_PER_1000_B,"Deaths per 1,000 live births",2009-01,220.09623694617,,,,,,,,,A,Normal value,,,,,,,,1,,,,,2009,202.962138963281,237.537451401528,
NGA-16_1,Gombe,MRY0T4,Under-five mortality rate,_T,Total,_T,Total,UN_IGME,UN IGME estimate,2021,2021,NGA,Nigeria,1,Administrative level 1,,,D_PER_1000_B,"Deaths per 1,000 live births",2010-01,215.382868486651,,,,,,,,,A,Normal value,,,,,,,,1,,,,,2010,199.476688351726,232.560294229622,
NGA-16_1,Gombe,MRY0T4,Under-five mortality rate,_T,Total,_T,Total,UN_IGME,UN IGME estimate,2021,2021,NGA,Nigeria,1,Administrative level 1,,,D_PER_1000_B,"Deaths per 1,000 live births",2011-01,213.130254273854,,,,,,,,,A,Normal value,,,,,,,,1,,,,,2011,195.660904446074,229.529631558433,
NGA-16_1,Gombe,MRY0T4,Under-five mortality rate,_T,Total,_T,Total,UN_IGME,UN IGME estimate,2021,2021,NGA,Nigeria,1,Administrative level 1,,,D_PER_1000_B,"Deaths per 1,000 live births",2012-01,209.573917845419,,,,,,,,,A,Normal value,,,,,,,,1,,,,,2012,193.083616104518,227.0381371536,
NGA-16_1,Gombe,MRY0T4,Under-five mortality rate,_T,Total,_T,Total,UN_IGME,UN IGME estimate,2021,2021,NGA,Nigeria,1,Administrative level 1,,,D_PER_1000_B,"Deaths per 1,000 live births",2013-01,211.431860582985,,,,,,,,,A,Normal value,,,,,,,,1,,,,,2013,193.567233843189,230.480214255237,
NGA-16_1,Gombe,MRY0T4,Under-five mortality rate,_T,Total,_T,Total,UN_IGME,UN IGME estimate,2021,2021,NGA,Nigeria,1,Administrative level 1,,,D_PER_1000_B,"Deaths per 1,000 live births",2014-01,210.735471163071,,,,,,,,,A,Normal value,,,,,,,,1,,,,,2014,192.08917686606,232.4808821569,
NGA-16_1,Gombe,MRY0T4,Under-five mortality rate,_T,Total,_T,Total,UN_IGME,UN IGME estimate,2021,2021,NGA,Nigeria,1,Administrative level 1,,,D_PER_1000_B,"Deaths per 1,000 live births",2015-01,208.670222690317,,,,,,,,,A,Normal value,,,,,,,,1,,,,,2015,189.056364148564,230.370912880899,
NGA-16_1,Gombe,MRY0T4,Under-five mortality rate,_T,Total,_T,Total,UN_IGME,UN IGME estimate,2021,2021,NGA,Nigeria,1,Administrative level 1,,,D_PER_1000_B,"Deaths per 1,000 live births",2016-01,203.247039108676,,,,,,,,,A,Normal value,,,,,,,,1,,,,,2016,183.025191017147,226.658128505384,
NGA-16_1,Gombe,MRY0T4,Under-five mortality rate,_T,Total,_T,Total,UN_IGME,UN IGME estimate,2021,2021,NGA,Nigeria,1,Administrative level 1,,,D_PER_1000_B,"Deaths per 1,000 live births",2017-01,201.189018314977,,,,,,,,,A,Normal value,,,,,,,,1,,,,,2017,179.717843218628,225.119187828952,
NGA-16_1,Gombe,MRY0T4,Under-five mortality rate,_T,Total,_T,Total,UN_IGME,UN IGME estimate,2021,2021,NGA,Nigeria,1,Administrative level 1,,,D_PER_1000_B,"Deaths per 1,000 live births",2018-01,194.55750016566,,,,,,,,,A,Normal value,,,,,,,,1,,,,,2018,169.529638713559,220.454490312066,
NGA-16_1,Gombe,MRY0T4,Under-five mortality rate,_T,Total,_T,Total,UN_IGME,UN IGME estimate,2021,2021,NGA,Nigeria,1,Administrative level 1,,,D_PER_1000_B,"Deaths per 1,000 live births",2019-01,189.932224302106,,,,,,,,,A,Normal value,,,,,,,,1,,,,,2019,161.836664796605,221.837252893995,
NGA-16_1,Gombe,MRY0T4,Under-five mortality rate,_T,Total,_T,Total,UN_IGME,UN IGME estimate,2021,2021,NGA,Nigeria,1,Administrative level 1,,,D_PER_1000_B,"Deaths per 1,000 live births",2020-01,185.341869988884,,,,,,,,,A,Normal value,,,,,,,,1,,,,,2020,151.773638347988,219.383416732609,
NGA-16_1,Gombe,MRY0T4,Under-five mortality rate,_T,Total,_T,Total,UN_IGME,UN IGME estimate,2021,2021,NGA,Nigeria,1,Administrative level 1,,,D_PER_1000_B,"Deaths per 1,000 live births",2021-01,180.339702742926,,,,,,,,,A,Normal value,,,,,,,,1,,,,,2021,145.800725238638,218.56630488769,
NGA-20_1,Kano,MRY0T4,Under-five mortality rate,_T,Total,_T,Total,UN_IGME,UN IGME estimate,2021,2021,NGA,Nigeria,1,Administrative level 1,,,D_PER_1000_B,"Deaths per 1,000 live births",2000-01,278.7785877499,,,,,,,,,A,Normal value,,,,,,,,1,,,,,2000,252.411501947237,304.226199224096,
NGA-20_1,Kano,MRY0T4,Under-five mortality rate,_T,Total,_T,Total,UN_IGME,UN IGME estimate,2021,2021,NGA,Nigeria,1,Administrative level 1,,,D_PER_1000_B,"Deaths per 1,000 live births",2001-01,268.037079382885,,,,,,,,,A,Normal value,,,,,,,,1,,,,,2001,245.108401193027,292.174639760609,
NGA-20_1,Kano,MRY0T4,Under-five mortality rate,_T,Total,_T,Total,UN_IGME,UN IGME estimate,2021,2021,NGA,Nigeria,1,Administrative level 1,,,D_PER_1000_B,"Deaths per 1,000 live births",2002-01,264.624607341879,,,,,,,,,A,Normal value,,,,,,,,1,,,,,2002,241.925810425873,286.283195824233,
NGA-20_1,Kano,MRY0T4,Under-five mortality rate,_T,Total,_T,Total,UN_IGME,UN IGME estimate,2021,2021,NGA,Nigeria,1,Administrative level 1,,,D_PER_1000_B,"Deaths per 1,000 live births",2003-01,249.463341516206,,,,,,,,,A,Normal value,,,,,,,,1,,,,,2003,229.656873092453,269.964710064652,
NGA-20_1,Kano,MRY0T4,Under-five mortality rate,_T,Total,_T,Total,UN_IGME,UN IGME estimate,2021,2021,NGA,Nigeria,1,Administrative level 1,,,D_PER_1000_B,"Deaths per 1,000 live births",2004-01,231.374444855429,,,,,,,,,A,Normal value,,,,,,,,1,,,,,2004,213.084048849896,248.440074170968,
NGA-20_1,Kano,MRY0T4,Under-five mortality rate,_T,Total,_T,Total,UN_IGME,UN IGME estimate,2021,2021,NGA,Nigeria,1,Administrative level 1,,,D_PER_1000_B,"Deaths per 1,000 live births",2005-01,222.497642336162,,,,,,,,,A,Normal value,,,,,,,,1,,,,,2005,204.927089991512,238.389923156242,
NGA-20_1,Kano,MRY0T4,Under-five mortality rate,_T,Total,_T,Total,UN_IGME,UN IGME estimate,2021,2021,NGA,Nigeria,1,Administrative level 1,,,D_PER_1000_B,"Deaths per 1,000 live births",2006-01,217.586201852717,,,,,,,,,A,Normal value,,,,,,,,1,,,,,2006,201.554187710671,233.729511089843,
NGA-20_1,Kano,MRY0T4,Under-five mortality rate,_T,Total,_T,Total,UN_IGME,UN IGME estimate,2021,2021,NGA,Nigeria,1,Administrative level 1,,,D_PER_1000_B,"Deaths per 1,000 live births",2007-01,214.21597575982,,,,,,,,,A,Normal value,,,,,,,,1,,,,,2007,199.102233126539,229.977205335744,
NGA-20_1,Kano,MRY0T4,Under-five mortality rate,_T,Total,_T,Total,UN_IGME,UN IGME estimate,2021,2021,NGA,Nigeria,1,Administrative level 1,,,D_PER_1000_B,"Deaths per 1,000 live births",2008-01,210.052998294262,,,,,,,,,A,Normal value,,,,,,,,1,,,,,2008,194.660491583779,226.432413833248,
NGA-20_1,Kano,MRY0T4,Under-five mortality rate,_T,Total,_T,Total,UN_IGME,UN IGME estimate,2021,2021,NGA,Nigeria,1,Administrative level 1,,,D_PER_1000_B,"Deaths per 1,000 live births",2009-01,209.977132249595,,,,,,,,,A,Normal value,,,,,,,,1,,,,,2009,195.089066375172,226.908482640422,
NGA-20_1,Kano,MRY0T4,Under-five mortality rate,_T,Total,_T,Total,UN_IGME,UN IGME estimate,2021,2021,NGA,Nigeria,1,Administrative level 1,,,D_PER_1000_B,"Deaths per 1,000 live births",2010-01,202.305071967646,,,,,,,,,A,Normal value,,,,,,,,1,,,,,2010,187.817714228491,217.818354268484,
NGA-20_1,Kano,MRY0T4,Under-five mortality rate,_T,Total,_T,Total,UN_IGME,UN IGME estimate,2021,2021,NGA,Nigeria,1,Administrative level 1,,,D_PER_1000_B,"Deaths per 1,000 live births",2011-01,194.86151502129,,,,,,,,,A,Normal value,,,,,,,,1,,,,,2011,181.070894545791,210.446121477422,
NGA-20_1,Kano,MRY0T4,Under-five mortality rate,_T,Total,_T,Total,UN_IGME,UN IGME estimate,2021,2021,NGA,Nigeria,1,Administrative level 1,,,D_PER_1000_B,"Deaths per 1,000 live births",2012-01,189.350245144594,,,,,,,,,A,Normal value,,,,,,,,1,,,,,2012,174.015460931526,203.902045763824,
NGA-20_1,Kano,MRY0T4,Under-five mortality rate,_T,Total,_T,Total,UN_IGME,UN IGME estimate,2021,2021,NGA,Nigeria,1,Administrative level 1,,,D_PER_1000_B,"Deaths per 1,000 live births",2013-01,191.337124625177,,,,,,,,,A,Normal value,,,,,,,,1,,,,,2013,175.365241374638,209.180098129467,
NGA-20_1,Kano,MRY0T4,Under-five mortality rate,_T,Total,_T,Total,UN_IGME,UN IGME estimate,2021,2021,NGA,Nigeria,1,Administrative level 1,,,D_PER_1000_B,"Deaths per 1,000 live births",2014-01,192.43241481288,,,,,,,,,A,Normal value,,,,,,,,1,,,,,2014,176.034567741411,210.765793360578,
NGA-20_1,Kano,MRY0T4,Under-five mortality rate,_T,Total,_T,Total,UN_IGME,UN IGME estimate,2021,2021,NGA,Nigeria,1,Administrative level 1,,,D_PER_1000_B,"Deaths per 1,000 live births",2015-01,192.863963748256,,,,,,,,,A,Normal value,,,,,,,,1,,,,,2015,175.91199132994,212.693543799812,
NGA-20_1,Kano,MRY0T4,Under-five mortality rate,_T,Total,_T,Total,UN_IGME,UN IGME estimate,2021,2021,NGA,Nigeria,1,Administrative level 1,,,D_PER_1000_B,"Deaths per 1,000 live births",2016-01,188.351492710894,,,,,,,,,A,Normal value,,,,,,,,1,,,,,2016,171.543915001429,208.435618206126,
NGA-20_1,Kano,MRY0T4,Under-five mortality rate,_T,Total,_T,Total,UN_IGME,UN IGME estimate,2021,2021,NGA,Nigeria,1,Administrative level 1,,,D_PER_1000_B,"Deaths per 1,000 live births",2017-01,185.074087607281,,,,,,,,,A,Normal value,,,,,,,,1,,,,,2017,167.105326895019,206.347472478917,
NGA-20_1,Kano,MRY0T4,Under-five mortality rate,_T,Total,_T,Total,UN_IGME,UN IGME estimate,2021,2021,NGA,Nigeria,1,Administrative level 1,,,D_PER_1000_B,"Deaths per 1,000 live births",2018-01,180.774895262747,,,,,,,,,A,Normal value,,,,,,,,1,,,,,2018,160.91356810776,203.802725950308,
NGA-20_1,Kano,MRY0T4,Under-five mortality rate,_T,Total,_T,Total,UN_IGME,UN IGME estimate,2021,2021,NGA,Nigeria,1,Administrative level 1,,,D_PER_1000_B,"Deaths per 1,000 live births",2019-01,176.19961855401,,,,,,,,,A,Normal value,,,,,,,,1,,,,,2019,151.930846015502,202.919697324237,
NGA-20_1,Kano,MRY0T4,Under-five mortality rate,_T,Total,_T,Total,UN_IGME,UN IGME estimate,2021,2021,NGA,Nigeria,1,Administrative level 1,,,D_PER_1000_B,"Deaths per 1,000 live births",2020-01,170.580439466804,,,,,,,,,A,Normal value,,,,,,,,1,,,,,2020,144.220173297029,203.135496614417,
NGA-20_1,Kano,MRY0T4,Under-five mortality rate,_T,Total,_T,Total,UN_IGME,UN IGME estimate,2021,2021,NGA,Nigeria,1,Administrative level 1,,,D_PER_1000_B,"Deaths per 1,000 live births",2021-01,165.843540996139,,,,,,,,,A,Normal value,,,,,,,,1,,,,,2021,137.088558879374,199.864167588448,
NGA-35_1,Taraba,MRY0T4,Under-five mortality rate,_T,Total,_T,Total,UN_IGME,UN IGME estimate,2021,2021,NGA,Nigeria,1,Administrative level 1,,,D_PER_1000_B,"Deaths per 1,000 live births",2000-01,222.915762528553,,,,,,,,,A,Normal value,,,,,,,,1,,,,,2000,198.600291525416,249.470958031921,
NGA-35_1,Taraba,MRY0T4,Under-five mortality rate,_T,Total,_T,Total,UN_IGME,UN IGME estimate,2021,2021,NGA,Nigeria,1,Administrative level 1,,,D_PER_1000_B,"Deaths per 1,000 live births",2001-01,217.512415621157,,,,,,,,,A,Normal value,,,,,,,,1,,,,,2001,195.292539289736,241.256845087168,
NGA-35_1,Taraba,MRY0T4,Under-five mortality rate,_T,Total,_T,Total,UN_IGME,UN IGME estimate,2021,2021,NGA,Nigeria,1,Administrative level 1,,,D_PER_1000_B,"Deaths per 1,000 live births",2002-01,217.281377896327,,,,,,,,,A,Normal value,,,,,,,,1,,,,,2002,197.256118522782,240.041589111095,
NGA-35_1,Taraba,MRY0T4,Under-five mortality rate,_T,Total,_T,Total,UN_IGME,UN IGME estimate,2021,2021,NGA,Nigeria,1,Administrative level 1,,,D_PER_1000_B,"Deaths per 1,000 live births",2003-01,211.590822015502,,,,,,,,,A,Normal value,,,,,,,,1,,,,,2003,193.476238294517,230.559482140201,
NGA-35_1,Taraba,MRY0T4,Under-five mortality rate,_T,Total,_T,Total,UN_IGME,UN IGME estimate,2021,2021,NGA,Nigeria,1,Administrative level 1,,,D_PER_1000_B,"Deaths per 1,000 live births",2004-01,204.238962485545,,,,,,,,,A,Normal value,,,,,,,,1,,,,,2004,187.615191729622,222.503943436747,
NGA-35_1,Taraba,MRY0T4,Under-five mortality rate,_T,Total,_T,Total,UN_IGME,UN IGME estimate,2021,2021,NGA,Nigeria,1,Administrative level 1,,,D_PER_1000_B,"Deaths per 1,000 live births",2005-01,199.665132976601,,,,,,,,,A,Normal value,,,,,,,,1,,,,,2005,183.013202510934,216.654317615404,
NGA-35_1,Taraba,MRY0T4,Under-five mortality rate,_T,Total,_T,Total,UN_IGME,UN IGME estimate,2021,2021,NGA,Nigeria,1,Administrative level 1,,,D_PER_1000_B,"Deaths per 1,000 live births",2006-01,192.482258429286,,,,,,,,,A,Normal value,,,,,,,,1,,,,,2006,177.511958751824,208.645453883035,
NGA-35_1,Taraba,MRY0T4,Under-five mortality rate,_T,Total,_T,Total,UN_IGME,UN IGME estimate,2021,2021,NGA,Nigeria,1,Administrative level 1,,,D_PER_1000_B,"Deaths per 1,000 live births",2007-01,185.052107075514,,,,,,,,,A,Normal value,,,,,,,,1,,,,,2007,170.344138589644,200.295714816639,
NGA-35_1,Taraba,MRY0T4,Under-five mortality rate,_T,Total,_T,Total,UN_IGME,UN IGME estimate,2021,2021,NGA,Nigeria,1,Administrative level 1,,,D_PER_1000_B,"Deaths per 1,000 live births",2008-01,181.843619886083,,,,,,,,,A,Normal value,,,,,,,,1,,,,,2008,167.820710929449,197.445257535844,
NGA-35_1,Taraba,MRY0T4,Under-five mortality rate,_T,Total,_T,Total,UN_IGME,UN IGME estimate,2021,2021,NGA,Nigeria,1,Administrative level 1,,,D_PER_1000_B,"Deaths per 1,000 live births",2009-01,178.161319181145,,,,,,,,,A,Normal value,,,,,,,,1,,,,,2009,164.260183915233,192.55251780859,
NGA-35_1,Taraba,MRY0T4,Under-five mortality rate,_T,Total,_T,Total,UN_IGME,UN IGME estimate,2021,2021,NGA,Nigeria,1,Administrative level 1,,,D_PER_1000_B,"Deaths per 1,000 live births",2010-01,171.705484461679,,,,,,,,,A,Normal value,,,,,,,,1,,,,,2010,157.930219107742,185.377452925161,
NGA-35_1,Taraba,MRY0T4,Under-five mortality rate,_T,Total,_T,Total,UN_IGME,UN IGME estimate,2021,2021,NGA,Nigeria,1,Administrative level 1,,,D_PER_1000_B,"Deaths per 1,000 live births",2011-01,168.159587274295,,,,,,,,,A,Normal value,,,,,,,,1,,,,,2011,153.736291944564,181.25236471068,
NGA-35_1,Taraba,MRY0T4,Under-five mortality rate,_T,Total,_T,Total,UN_IGME,UN IGME estimate,2021,2021,NGA,Nigeria,1,Administrative level 1,,,D_PER_1000_B,"Deaths per 1,000 live births",2012-01,165.772548140873,,,,,,,,,A,Normal value,,,,,,,,1,,,,,2012,151.927193403026,180.290130084458,
NGA-35_1,Taraba,MRY0T4,Under-five mortality rate,_T,Total,_T,Total,UN_IGME,UN IGME estimate,2021,2021,NGA,Nigeria,1,Administrative level 1,,,D_PER_1000_B,"Deaths per 1,000 live births",2013-01,167.605485060427,,,,,,,,,A,Normal value,,,,,,,,1,,,,,2013,151.789372133976,183.743516071404,
NGA-35_1,Taraba,MRY0T4,Under-five mortality rate,_T,Total,_T,Total,UN_IGME,UN IGME estimate,2021,2021,NGA,Nigeria,1,Administrative level 1,,,D_PER_1000_B,"Deaths per 1,000 live births",2014-01,167.076301358735,,,,,,,,,A,Normal value,,,,,,,,1,,,,,2014,151.892719118892,184.452797260688,
NGA-35_1,Taraba,MRY0T4,Under-five mortality rate,_T,Total,_T,Total,UN_IGME,UN IGME estimate,2021,2021,NGA,Nigeria,1,Administrative level 1,,,D_PER_1000_B,"Deaths per 1,000 live births",2015-01,167.822115089379,,,,,,,,,A,Normal value,,,,,,,,1,,,,,2015,151.708068435522,186.677468026194,
NGA-35_1,Taraba,MRY0T4,Under-five mortality rate,_T,Total,_T,Total,UN_IGME,UN IGME estimate,2021,2021,NGA,Nigeria,1,Administrative level 1,,,D_PER_1000_B,"Deaths per 1,000 live births",2016-01,164.78850753548,,,,,,,,,A,Normal value,,,,,,,,1,,,,,2016,147.778748129384,184.303134316652,
NGA-35_1,Taraba,MRY0T4,Under-five mortality rate,_T,Total,_T,Total,UN_IGME,UN IGME estimate,2021,2021,NGA,Nigeria,1,Administrative level 1,,,D_PER_1000_B,"Deaths per 1,000 live births",2017-01,164.364401502438,,,,,,,,,A,Normal value,,,,,,,,1,,,,,2017,145.446556835952,184.33780011938,
NGA-35_1,Taraba,MRY0T4,Under-five mortality rate,_T,Total,_T,Total,UN_IGME,UN IGME estimate,2021,2021,NGA,Nigeria,1,Administrative level 1,,,D_PER_1000_B,"Deaths per 1,000 live births",2018-01,160.235625900769,,,,,,,,,A,Normal value,,,,,,,,1,,,,,2018,140.393702693665,182.639137212558,
NGA-35_1,Taraba,MRY0T4,Under-five mortality rate,_T,Total,_T,Total,UN_IGME,UN IGME estimate,2021,2021,NGA,Nigeria,1,Administrative level 1,,,D_PER_1000_B,"Deaths per 1,000 live births",2019-01,157.461218506797,,,,,,,,,A,Normal value,,,,,,,,1,,,,,2019,135.840383802053,183.000710045496,
NGA-35_1,Taraba,MRY0T4,Under-five mortality rate,_T,Total,_T,Total,UN_IGME,UN IGME estimate,2021,2021,NGA,Nigeria,1,Administrative level 1,,,D_PER_1000_B,"Deaths per 1,000 live births",2020-01,153.579083116104,,,,,,,,,A,Normal value,,,,,,,,1,,,,,2020,131.073034827298,182.796215827666,
NGA-35_1,Taraba,MRY0T4,Under-five mortality rate,_T,Total,_T,Total,UN_IGME,UN IGME estimate,2021,2021,NGA,Nigeria,1,Administrative level 1,,,D_PER_1000_B,"Deaths per 1,000 live births",2021-01,150.859782974073,,,,,,,,,A,Normal value,,,,,,,,1,,,,,2021,126.333843282939,181.813412864731,
NGA-2_1,Adamawa,MRM0,Neonatal mortality rate,_T,Total,_T,Total,UN_IGME,UN IGME estimate,2021,2021,NGA,Nigeria,1,Administrative level 1,,,D_PER_1000_B,"Deaths per 1,000 live births",2000-01,55.6715559295296,,,,,,,,,A,Normal value,,,,,,,,1,,,,,2000,46.5899400573247,65.7088671922906,
NGA-2_1,Adamawa,MRM0,Neonatal mortality rate,_T,Total,_T,Total,UN_IGME,UN IGME estimate,2021,2021,NGA,Nigeria,1,Administrative level 1,,,D_PER_1000_B,"Deaths per 1,000 live births",2001-01,55.6378458119854,,,,,,,,,A,Normal value,,,,,,,,1,,,,,2001,47.0402159988929,65.3687430688224,
NGA-2_1,Adamawa,MRM0,Neonatal mortality rate,_T,Total,_T,Total,UN_IGME,UN IGME estimate,2021,2021,NGA,Nigeria,1,Administrative level 1,,,D_PER_1000_B,"Deaths per 1,000 live births",2002-01,54.2121620279954,,,,,,,,,A,Normal value,,,,,,,,1,,,,,2002,46.3328733027104,63.5691977174921,
NGA-2_1,Adamawa,MRM0,Neonatal mortality rate,_T,Total,_T,Total,UN_IGME,UN IGME estimate,2021,2021,NGA,Nigeria,1,Administrative level 1,,,D_PER_1000_B,"Deaths per 1,000 live births",2003-01,53.0534103219232,,,,,,,,,A,Normal value,,,,,,,,1,,,,,2003,46.0092519730561,61.958369790518,
NGA-2_1,Adamawa,MRM0,Neonatal mortality rate,_T,Total,_T,Total,UN_IGME,UN IGME estimate,2021,2021,NGA,Nigeria,1,Administrative level 1,,,D_PER_1000_B,"Deaths per 1,000 live births",2004-01,52.06456335721,,,,,,,,,A,Normal value,,,,,,,,1,,,,,2004,45.4424266221585,60.0490987257172,
NGA-2_1,Adamawa,MRM0,Neonatal mortality rate,_T,Total,_T,Total,UN_IGME,UN IGME estimate,2021,2021,NGA,Nigeria,1,Administrative level 1,,,D_PER_1000_B,"Deaths per 1,000 live births",2005-01,51.578127125596,,,,,,,,,A,Normal value,,,,,,,,1,,,,,2005,45.0503800460608,59.7307189156842,
NGA-2_1,Adamawa,MRM0,Neonatal mortality rate,_T,Total,_T,Total,UN_IGME,UN IGME estimate,2021,2021,NGA,Nigeria,1,Administrative level 1,,,D_PER_1000_B,"Deaths per 1,000 live births",2006-01,50.1873148044953,,,,,,,,,A,Normal value,,,,,,,,1,,,,,2006,43.4917671136931,57.3538040553573,
NGA-2_1,Adamawa,MRM0,Neonatal mortality rate,_T,Total,_T,Total,UN_IGME,UN IGME estimate,2021,2021,NGA,Nigeria,1,Administrative level 1,,,D_PER_1000_B,"Deaths per 1,000 live births",2007-01,50.1704440916964,,,,,,,,,A,Normal value,,,,,,,,1,,,,,2007,43.8722186435158,57.2678798269665,
NGA-2_1,Adamawa,MRM0,Neonatal mortality rate,_T,Total,_T,Total,UN_IGME,UN IGME estimate,2021,2021,NGA,Nigeria,1,Administrative level 1,,,D_PER_1000_B,"Deaths per 1,000 live births",2008-01,47.1041764444107,,,,,,,,,A,Normal value,,,,,,,,1,,,,,2008,41.168175239248,53.7964601180996,
NGA-2_1,Adamawa,MRM0,Neonatal mortality rate,_T,Total,_T,Total,UN_IGME,UN IGME estimate,2021,2021,NGA,Nigeria,1,Administrative level 1,,,D_PER_1000_B,"Deaths per 1,000 live births",2009-01,46.5695966271738,,,,,,,,,A,Normal value,,,,,,,,1,,,,,2009,40.2282245982529,53.1937219028983,
NGA-2_1,Adamawa,MRM0,Neonatal mortality rate,_T,Total,_T,Total,UN_IGME,UN IGME estimate,2021,2021,NGA,Nigeria,1,Administrative level 1,,,D_PER_1000_B,"Deaths per 1,000 live births",2010-01,44.9380623884604,,,,,,,,,A,Normal value,,,,,,,,1,,,,,2010,38.727777515847,51.33448075128,
NGA-2_1,Adamawa,MRM0,Neonatal mortality rate,_T,Total,_T,Total,UN_IGME,UN IGME estimate,2021,2021,NGA,Nigeria,1,Administrative level 1,,,D_PER_1000_B,"Deaths per 1,000 live births",2011-01,44.0259224724182,,,,,,,,,A,Normal value,,,,,,,,1,,,,,2011,37.3065905382873,50.713746566593,
NGA-2_1,Adamawa,MRM0,Neonatal mortality rate,_T,Total,_T,Total,UN_IGME,UN IGME estimate,2021,2021,NGA,Nigeria,1,Administrative level 1,,,D_PER_1000_B,"Deaths per 1,000 live births",2012-01,44.4549290326113,,,,,,,,,A,Normal value,,,,,,,,1,,,,,2012,38.4083519512456,51.4794501777882,
NGA-2_1,Adamawa,MRM0,Neonatal mortality rate,_T,Total,_T,Total,UN_IGME,UN IGME estimate,2021,2021,NGA,Nigeria,1,Administrative level 1,,,D_PER_1000_B,"Deaths per 1,000 live births",2013-01,44.862598386048,,,,,,,,,A,Normal value,,,,,,,,1,,,,,2013,38.4266542388676,52.5956542608073,
NGA-2_1,Adamawa,MRM0,Neonatal mortality rate,_T,Total,_T,Total,UN_IGME,UN IGME estimate,2021,2021,NGA,Nigeria,1,Administrative level 1,,,D_PER_1000_B,"Deaths per 1,000 live births",2014-01,44.708993008773,,,,,,,,,A,Normal value,,,,,,,,1,,,,,2014,37.9006672113637,52.5809256658768,
NGA-2_1,Adamawa,MRM0,Neonatal mortality rate,_T,Total,_T,Total,UN_IGME,UN IGME estimate,2021,2021,NGA,Nigeria,1,Administrative level 1,,,D_PER_1000_B,"Deaths per 1,000 live births",2015-01,44.903550365671,,,,,,,,,A,Normal value,,,,,,,,1,,,,,2015,37.6839231290169,53.6224743431492,
NGA-2_1,Adamawa,MRM0,Neonatal mortality rate,_T,Total,_T,Total,UN_IGME,UN IGME estimate,2021,2021,NGA,Nigeria,1,Administrative level 1,,,D_PER_1000_B,"Deaths per 1,000 live births",2016-01,44.040334230408,,,,,,,,,A,Normal value,,,,,,,,1,,,,,2016,36.5910529814507,53.2156637582444,
NGA-2_1,Adamawa,MRM0,Neonatal mortality rate,_T,Total,_T,Total,UN_IGME,UN IGME estimate,2021,2021,NGA,Nigeria,1,Administrative level 1,,,D_PER_1000_B,"Deaths per 1,000 live births",2017-01,43.642285413087,,,,,,,,,A,Normal value,,,,,,,,1,,,,,2017,36.0810587333452,53.2145034722447,
NGA-2_1,Adamawa,MRM0,Neonatal mortality rate,_T,Total,_T,Total,UN_IGME,UN IGME estimate,2021,2021,NGA,Nigeria,1,Administrative level 1,,,D_PER_1000_B,"Deaths per 1,000 live births",2018-01,42.8921224138082,,,,,,,,,A,Normal value,,,,,,,,1,,,,,2018,35.0846183652166,52.3230314252959,
NGA-2_1,Adamawa,MRM0,Neonatal mortality rate,_T,Total,_T,Total,UN_IGME,UN IGME estimate,2021,2021,NGA,Nigeria,1,Administrative level 1,,,D_PER_1000_B,"Deaths per 1,000 live births",2019-01,42.076651508073,,,,,,,,,A,Normal value,,,,,,,,1,,,,,2019,33.8691465347847,52.250339959967,
NGA-2_1,Adamawa,MRM0,Neonatal mortality rate,_T,Total,_T,Total,UN_IGME,UN IGME estimate,2021,2021,NGA,Nigeria,1,Administrative level 1,,,D_PER_1000_B,"Deaths per 1,000 live births",2020-01,40.9095571053129,,,,,,,,,A,Normal value,,,,,,,,1,,,,,2020,32.6727655414551,52.2365871625761,
NGA-2_1,Adamawa,MRM0,Neonatal mortality rate,_T,Total,_T,Total,UN_IGME,UN IGME estimate,2021,2021,NGA,Nigeria,1,Administrative level 1,,,D_PER_1000_B,"Deaths per 1,000 live births",2021-01,40.2027108615545,,,,,,,,,A,Normal value,,,,,,,,1,,,,,2021,31.380080873576,51.9240989776661,
NGA-18_1,Jigawa,MRM0,Neonatal mortality rate,_T,Total,_T,Total,UN_IGME,UN IGME estimate,2021,2021,NGA,Nigeria,1,Administrative level 1,,,D_PER_1000_B,"Deaths per 1,000 live births",2000-01,60.7195194065184,,,,,,,,,A,Normal value,,,,,,,,1,,,,,2000,51.9017387356933,70.7424965880067,
NGA-18_1,Jigawa,MRM0,Neonatal mortality rate,_T,Total,_T,Total,UN_IGME,UN IGME estimate,2021,2021,NGA,Nigeria,1,Administrative level 1,,,D_PER_1000_B,"Deaths per 1,000 live births",2001-01,60.9121455172962,,,,,,,,,A,Normal value,,,,,,,,1,,,,,2001,52.5962942442816,71.560905116599,
NGA-18_1,Jigawa,MRM0,Neonatal mortality rate,_T,Total,_T,Total,UN_IGME,UN IGME estimate,2021,2021,NGA,Nigeria,1,Administrative level 1,,,D_PER_1000_B,"Deaths per 1,000 live births",2002-01,58.9784245503511,,,,,,,,,A,Normal value,,,,,,,,1,,,,,2002,51.6823265099378,67.7027867358595,
NGA-18_1,Jigawa,MRM0,Neonatal mortality rate,_T,Total,_T,Total,UN_IGME,UN IGME estimate,2021,2021,NGA,Nigeria,1,Administrative level 1,,,D_PER_1000_B,"Deaths per 1,000 live births",2003-01,58.0338275864796,,,,,,,,,A,Normal value,,,,,,,,1,,,,,2003,51.1834056254811,65.4475274716816,
NGA-18_1,Jigawa,MRM0,Neonatal mortality rate,_T,Total,_T,Total,UN_IGME,UN IGME estimate,2021,2021,NGA,Nigeria,1,Administrative level 1,,,D_PER_1000_B,"Deaths per 1,000 live births",2004-01,56.3356403524113,,,,,,,,,A,Normal value,,,,,,,,1,,,,,2004,49.9128866363689,63.0332838513977,
NGA-18_1,Jigawa,MRM0,Neonatal mortality rate,_T,Total,_T,Total,UN_IGME,UN IGME estimate,2021,2021,NGA,Nigeria,1,Administrative level 1,,,D_PER_1000_B,"Deaths per 1,000 live births",2005-01,55.4412307540704,,,,,,,,,A,Normal value,,,,,,,,1,,,,,2005,49.0935726669702,62.044575835814,
NGA-18_1,Jigawa,MRM0,Neonatal mortality rate,_T,Total,_T,Total,UN_IGME,UN IGME estimate,2021,2021,NGA,Nigeria,1,Administrative level 1,,,D_PER_1000_B,"Deaths per 1,000 live births",2006-01,54.292584544207,,,,,,,,,A,Normal value,,,,,,,,1,,,,,2006,48.7341561110931,60.5061947899515,
NGA-18_1,Jigawa,MRM0,Neonatal mortality rate,_T,Total,_T,Total,UN_IGME,UN IGME estimate,2021,2021,NGA,Nigeria,1,Administrative level 1,,,D_PER_1000_B,"Deaths per 1,000 live births",2007-01,55.146583968235,,,,,,,,,A,Normal value,,,,,,,,1,,,,,2007,49.1807544159212,61.7510764184609,
NGA-18_1,Jigawa,MRM0,Neonatal mortality rate,_T,Total,_T,Total,UN_IGME,UN IGME estimate,2021,2021,NGA,Nigeria,1,Administrative level 1,,,D_PER_1000_B,"Deaths per 1,000 live births",2008-01,52.2671207070802,,,,,,,,,A,Normal value,,,,,,,,1,,,,,2008,46.5004583059125,58.1737169696241,
NGA-18_1,Jigawa,MRM0,Neonatal mortality rate,_T,Total,_T,Total,UN_IGME,UN IGME estimate,2021,2021,NGA,Nigeria,1,Administrative level 1,,,D_PER_1000_B,"Deaths per 1,000 live births",2009-01,52.526735111796,,,,,,,,,A,Normal value,,,,,,,,1,,,,,2009,46.9776341202727,59.0026381754191,
NGA-18_1,Jigawa,MRM0,Neonatal mortality rate,_T,Total,_T,Total,UN_IGME,UN IGME estimate,2021,2021,NGA,Nigeria,1,Administrative level 1,,,D_PER_1000_B,"Deaths per 1,000 live births",2010-01,51.6047953115441,,,,,,,,,A,Normal value,,,,,,,,1,,,,,2010,45.7596883777739,57.6608703090263,
NGA-18_1,Jigawa,MRM0,Neonatal mortality rate,_T,Total,_T,Total,UN_IGME,UN IGME estimate,2021,2021,NGA,Nigeria,1,Administrative level 1,,,D_PER_1000_B,"Deaths per 1,000 live births",2011-01,50.1812049807192,,,,,,,,,A,Normal value,,,,,,,,1,,,,,2011,44.3447855235252,56.3893278366081,
NGA-18_1,Jigawa,MRM0,Neonatal mortality rate,_T,Total,_T,Total,UN_IGME,UN IGME estimate,2021,2021,NGA,Nigeria,1,Administrative level 1,,,D_PER_1000_B,"Deaths per 1,000 live births",2012-01,50.9384755148414,,,,,,,,,A,Normal value,,,,,,,,1,,,,,2012,44.9947210921214,57.0951907876939,
NGA-18_1,Jigawa,MRM0,Neonatal mortality rate,_T,Total,_T,Total,UN_IGME,UN IGME estimate,2021,2021,NGA,Nigeria,1,Administrative level 1,,,D_PER_1000_B,"Deaths per 1,000 live births",2013-01,51.3583118779052,,,,,,,,,A,Normal value,,,,,,,,1,,,,,2013,45.5480979984042,58.3221830888003,
NGA-18_1,Jigawa,MRM0,Neonatal mortality rate,_T,Total,_T,Total,UN_IGME,UN IGME estimate,2021,2021,NGA,Nigeria,1,Administrative level 1,,,D_PER_1000_B,"Deaths per 1,000 live births",2014-01,51.2134911983952,,,,,,,,,A,Normal value,,,,,,,,1,,,,,2014,44.5781820901004,58.5625284914938,
NGA-18_1,Jigawa,MRM0,Neonatal mortality rate,_T,Total,_T,Total,UN_IGME,UN IGME estimate,2021,2021,NGA,Nigeria,1,Administrative level 1,,,D_PER_1000_B,"Deaths per 1,000 live births",2015-01,51.4104894344155,,,,,,,,,A,Normal value,,,,,,,,1,,,,,2015,44.384205471154,59.244307179053,
NGA-18_1,Jigawa,MRM0,Neonatal mortality rate,_T,Total,_T,Total,UN_IGME,UN IGME estimate,2021,2021,NGA,Nigeria,1,Administrative level 1,,,D_PER_1000_B,"Deaths per 1,000 live births",2016-01,49.9141555788844,,,,,,,,,A,Normal value,,,,,,,,1,,,,,2016,43.0350498491359,58.9797171943671,
NGA-18_1,Jigawa,MRM0,Neonatal mortality rate,_T,Total,_T,Total,UN_IGME,UN IGME estimate,2021,2021,NGA,Nigeria,1,Administrative level 1,,,D_PER_1000_B,"Deaths per 1,000 live births",2017-01,49.4108066515875,,,,,,,,,A,Normal value,,,,,,,,1,,,,,2017,42.3931215560284,57.9920804531967,
NGA-18_1,Jigawa,MRM0,Neonatal mortality rate,_T,Total,_T,Total,UN_IGME,UN IGME estimate,2021,2021,NGA,Nigeria,1,Administrative level 1,,,D_PER_1000_B,"Deaths per 1,000 live births",2018-01,48.6679258639883,,,,,,,,,A,Normal value,,,,,,,,1,,,,,2018,40.7956624555616,58.097039868513,
NGA-18_1,Jigawa,MRM0,Neonatal mortality rate,_T,Total,_T,Total,UN_IGME,UN IGME estimate,2021,2021,NGA,Nigeria,1,Administrative level 1,,,D_PER_1000_B,"Deaths per 1,000 live births",2019-01,47.5872240445056,,,,,,,,,A,Normal value,,,,,,,,1,,,,,2019,39.2128081953708,57.8862764019236,
NGA-18_1,Jigawa,MRM0,Neonatal mortality rate,_T,Total,_T,Total,UN_IGME,UN IGME estimate,2021,2021,NGA,Nigeria,1,Administrative level 1,,,D_PER_1000_B,"Deaths per 1,000 live births",2020-01,46.9434760363163,,,,,,,,,A,Normal value,,,,,,,,1,,,,,2020,37.8304036191938,58.1280964273528,
NGA-18_1,Jigawa,MRM0,Neonatal mortality rate,_T,Total,_T,Total,UN_IGME,UN IGME estimate,2021,2021,NGA,Nigeria,1,Administrative level 1,,,D_PER_1000_B,"Deaths per 1,000 live births",2021-01,46.3781138831899,,,,,,,,,A,Normal value,,,,,,,,1,,,,,2021,36.9590932004614,58.3117439304989,
NGA-13_1,Ekiti,MRY0T4,Under-five mortality rate,_T,Total,_T,Total,UN_IGME,UN IGME estimate,2021,2021,NGA,Nigeria,1,Administrative level 1,,,D_PER_1000_B,"Deaths per 1,000 live births",2000-01,150.000253955245,,,,,,,,,A,Normal value,,,,,,,,1,,,,,2000,126.085679148175,178.171047151511,
NGA-13_1,Ekiti,MRY0T4,Under-five mortality rate,_T,Total,_T,Total,UN_IGME,UN IGME estimate,2021,2021,NGA,Nigeria,1,Administrative level 1,,,D_PER_1000_B,"Deaths per 1,000 live births",2001-01,143.094728566924,,,,,,,,,A,Normal value,,,,,,,,1,,,,,2001,121.965194520271,166.434002627486,
NGA-13_1,Ekiti,MRY0T4,Under-five mortality rate,_T,Total,_T,Total,UN_IGME,UN IGME estimate,2021,2021,NGA,Nigeria,1,Administrative level 1,,,D_PER_1000_B,"Deaths per 1,000 live births",2002-01,141.389394834752,,,,,,,,,A,Normal value,,,,,,,,1,,,,,2002,121.840341325293,162.998567265862,
NGA-13_1,Ekiti,MRY0T4,Under-five mortality rate,_T,Total,_T,Total,UN_IGME,UN IGME estimate,2021,2021,NGA,Nigeria,1,Administrative level 1,,,D_PER_1000_B,"Deaths per 1,000 live births",2003-01,140.965607774393,,,,,,,,,A,Normal value,,,,,,,,1,,,,,2003,122.271939348522,160.708460894438,
NGA-13_1,Ekiti,MRY0T4,Under-five mortality rate,_T,Total,_T,Total,UN_IGME,UN IGME estimate,2021,2021,NGA,Nigeria,1,Administrative level 1,,,D_PER_1000_B,"Deaths per 1,000 live births",2004-01,140.784517240319,,,,,,,,,A,Normal value,,,,,,,,1,,,,,2004,122.856312524512,159.786127744148,
NGA-13_1,Ekiti,MRY0T4,Under-five mortality rate,_T,Total,_T,Total,UN_IGME,UN IGME estimate,2021,2021,NGA,Nigeria,1,Administrative level 1,,,D_PER_1000_B,"Deaths per 1,000 live births",2005-01,138.505772714395,,,,,,,,,A,Normal value,,,,,,,,1,,,,,2005,120.361028457851,156.608642451858,
NGA-13_1,Ekiti,MRY0T4,Under-five mortality rate,_T,Total,_T,Total,UN_IGME,UN IGME estimate,2021,2021,NGA,Nigeria,1,Administrative level 1,,,D_PER_1000_B,"Deaths per 1,000 live births",2006-01,133.276873307727,,,,,,,,,A,Normal value,,,,,,,,1,,,,,2006,117.273286846255,150.481946855795,
NGA-13_1,Ekiti,MRY0T4,Under-five mortality rate,_T,Total,_T,Total,UN_IGME,UN IGME estimate,2021,2021,NGA,Nigeria,1,Administrative level 1,,,D_PER_1000_B,"Deaths per 1,000 live births",2007-01,129.066911950635,,,,,,,,,A,Normal value,,,,,,,,1,,,,,2007,114.455503267984,146.021407980224,
NGA-13_1,Ekiti,MRY0T4,Under-five mortality rate,_T,Total,_T,Total,UN_IGME,UN IGME estimate,2021,2021,NGA,Nigeria,1,Administrative level 1,,,D_PER_1000_B,"Deaths per 1,000 live births",2008-01,126.021558987887,,,,,,,,,A,Normal value,,,,,,,,1,,,,,2008,110.993713304134,142.372307457643,
NGA-13_1,Ekiti,MRY0T4,Under-five mortality rate,_T,Total,_T,Total,UN_IGME,UN IGME estimate,2021,2021,NGA,Nigeria,1,Administrative level 1,,,D_PER_1000_B,"Deaths per 1,000 live births",2009-01,122.281828343478,,,,,,,,,A,Normal value,,,,,,,,1,,,,,2009,108.162655771949,138.106117728083,
NGA-13_1,Ekiti,MRY0T4,Under-five mortality rate,_T,Total,_T,Total,UN_IGME,UN IGME estimate,2021,2021,NGA,Nigeria,1,Administrative level 1,,,D_PER_1000_B,"Deaths per 1,000 live births",2010-01,119.854077210909,,,,,,,,,A,Normal value,,,,,,,,1,,,,,2010,106.114153677803,136.269149096768,
NGA-13_1,Ekiti,MRY0T4,Under-five mortality rate,_T,Total,_T,Total,UN_IGME,UN IGME estimate,2021,2021,NGA,Nigeria,1,Administrative level 1,,,D_PER_1000_B,"Deaths per 1,000 live births",2011-01,119.044928704305,,,,,,,,,A,Normal value,,,,,,,,1,,,,,2011,104.48534461678,135.153989944746,
NGA-13_1,Ekiti,MRY0T4,Under-five mortality rate,_T,Total,_T,Total,UN_IGME,UN IGME estimate,2021,2021,NGA,Nigeria,1,Administrative level 1,,,D_PER_1000_B,"Deaths per 1,000 live births",2012-01,118.748804968447,,,,,,,,,A,Normal value,,,,,,,,1,,,,,2012,103.775375728052,136.241427579466,
NGA-13_1,Ekiti,MRY0T4,Under-five mortality rate,_T,Total,_T,Total,UN_IGME,UN IGME estimate,2021,2021,NGA,Nigeria,1,Administrative level 1,,,D_PER_1000_B,"Deaths per 1,000 live births",2013-01,116.040628374098,,,,,,,,,A,Normal value,,,,,,,,1,,,,,2013,100.857342127781,133.123010416014,
NGA-13_1,Ekiti,MRY0T4,Under-five mortality rate,_T,Total,_T,Total,UN_IGME,UN IGME estimate,2021,2021,NGA,Nigeria,1,Administrative level 1,,,D_PER_1000_B,"Deaths per 1,000 live births",2014-01,115.5547510926,,,,,,,,,A,Normal value,,,,,,,,1,,,,,2014,99.5321214820164,133.709173722037,
NGA-13_1,Ekiti,MRY0T4,Under-five mortality rate,_T,Total,_T,Total,UN_IGME,UN IGME estimate,2021,2021,NGA,Nigeria,1,Administrative level 1,,,D_PER_1000_B,"Deaths per 1,000 live births",2015-01,115.18914004343,,,,,,,,,A,Normal value,,,,,,,,1,,,,,2015,97.3291158370595,134.719849771743,
NGA-13_1,Ekiti,MRY0T4,Under-five mortality rate,_T,Total,_T,Total,UN_IGME,UN IGME estimate,2021,2021,NGA,Nigeria,1,Administrative level 1,,,D_PER_1000_B,"Deaths per 1,000 live births",2016-01,114.768388090073,,,,,,,,,A,Normal value,,,,,,,,1,,,,,2016,96.7097336059278,135.441235774933,
NGA-13_1,Ekiti,MRY0T4,Under-five mortality rate,_T,Total,_T,Total,UN_IGME,UN IGME estimate,2021,2021,NGA,Nigeria,1,Administrative level 1,,,D_PER_1000_B,"Deaths per 1,000 live births",2017-01,111.703804195054,,,,,,,,,A,Normal value,,,,,,,,1,,,,,2017,93.3044369508973,134.733302511422,
NGA-13_1,Ekiti,MRY0T4,Under-five mortality rate,_T,Total,_T,Total,UN_IGME,UN IGME estimate,2021,2021,NGA,Nigeria,1,Administrative level 1,,,D_PER_1000_B,"Deaths per 1,000 live births",2018-01,108.368852831162,,,,,,,,,A,Normal value,,,,,,,,1,,,,,2018,89.2741196384513,131.651277338766,
NGA-13_1,Ekiti,MRY0T4,Under-five mortality rate,_T,Total,_T,Total,UN_IGME,UN IGME estimate,2021,2021,NGA,Nigeria,1,Administrative level 1,,,D_PER_1000_B,"Deaths per 1,000 live births",2019-01,106.864612468822,,,,,,,,,A,Normal value,,,,,,,,1,,,,,2019,86.484075148104,132.375976946066,
NGA-13_1,Ekiti,MRY0T4,Under-five mortality rate,_T,Total,_T,Total,UN_IGME,UN IGME estimate,2021,2021,NGA,Nigeria,1,Administrative level 1,,,D_PER_1000_B,"Deaths per 1,000 live births",2020-01,104.127118784549,,,,,,,,,A,Normal value,,,,,,,,1,,,,,2020,82.3198767079271,132.170797677908,
NGA-13_1,Ekiti,MRY0T4,Under-five mortality rate,_T,Total,_T,Total,UN_IGME,UN IGME estimate,2021,2021,NGA,Nigeria,1,Administrative level 1,,,D_PER_1000_B,"Deaths per 1,000 live births",2021-01,102.063924525177,,,,,,,,,A,Normal value,,,,,,,,1,,,,,2021,79.5798488746624,131.389814777925,
NGA-24_1,Kwara,MRM0,Neonatal mortality rate,_T,Total,_T,Total,UN_IGME,UN IGME estimate,2021,2021,NGA,Nigeria,1,Administrative level 1,,,D_PER_1000_B,"Deaths per 1,000 live births",2000-01,44.4079469476876,,,,,,,,,A,Normal value,,,,,,,,1,,,,,2000,36.3389951691659,54.1984494163554,
NGA-24_1,Kwara,MRM0,Neonatal mortality rate,_T,Total,_T,Total,UN_IGME,UN IGME estimate,2021,2021,NGA,Nigeria,1,Administrative level 1,,,D_PER_1000_B,"Deaths per 1,000 live births",2001-01,43.5916908199856,,,,,,,,,A,Normal value,,,,,,,,1,,,,,2001,35.9953967801234,53.4328002937451,
NGA-24_1,Kwara,MRM0,Neonatal mortality rate,_T,Total,_T,Total,UN_IGME,UN IGME estimate,2021,2021,NGA,Nigeria,1,Administrative level 1,,,D_PER_1000_B,"Deaths per 1,000 live births",2002-01,42.7702051748608,,,,,,,,,A,Normal value,,,,,,,,1,,,,,2002,36.1024097686937,52.1290330483336,
NGA-24_1,Kwara,MRM0,Neonatal mortality rate,_T,Total,_T,Total,UN_IGME,UN IGME estimate,2021,2021,NGA,Nigeria,1,Administrative level 1,,,D_PER_1000_B,"Deaths per 1,000 live births",2003-01,41.3192125194657,,,,,,,,,A,Normal value,,,,,,,,1,,,,,2003,35.0471491451681,48.8084457168678,
NGA-24_1,Kwara,MRM0,Neonatal mortality rate,_T,Total,_T,Total,UN_IGME,UN IGME estimate,2021,2021,NGA,Nigeria,1,Administrative level 1,,,D_PER_1000_B,"Deaths per 1,000 live births",2004-01,40.7137862177755,,,,,,,,,A,Normal value,,,,,,,,1,,,,,2004,34.5987679018599,47.8227404804585,
NGA-24_1,Kwara,MRM0,Neonatal mortality rate,_T,Total,_T,Total,UN_IGME,UN IGME estimate,2021,2021,NGA,Nigeria,1,Administrative level 1,,,D_PER_1000_B,"Deaths per 1,000 live births",2005-01,40.1907412655503,,,,,,,,,A,Normal value,,,,,,,,1,,,,,2005,34.301590766649,47.2342365639186,
NGA-24_1,Kwara,MRM0,Neonatal mortality rate,_T,Total,_T,Total,UN_IGME,UN IGME estimate,2021,2021,NGA,Nigeria,1,Administrative level 1,,,D_PER_1000_B,"Deaths per 1,000 live births",2006-01,38.9830360180167,,,,,,,,,A,Normal value,,,,,,,,1,,,,,2006,33.4777094382242,45.162404047729,
NGA-24_1,Kwara,MRM0,Neonatal mortality rate,_T,Total,_T,Total,UN_IGME,UN IGME estimate,2021,2021,NGA,Nigeria,1,Administrative level 1,,,D_PER_1000_B,"Deaths per 1,000 live births",2007-01,39.0316800232755,,,,,,,,,A,Normal value,,,,,,,,1,,,,,2007,33.7640905051425,45.5400859375273,
NGA-24_1,Kwara,MRM0,Neonatal mortality rate,_T,Total,_T,Total,UN_IGME,UN IGME estimate,2021,2021,NGA,Nigeria,1,Administrative level 1,,,D_PER_1000_B,"Deaths per 1,000 live births",2008-01,37.3697821969678,,,,,,,,,A,Normal value,,,,,,,,1,,,,,2008,32.3196863733171,43.3015862238983,
NGA-24_1,Kwara,MRM0,Neonatal mortality rate,_T,Total,_T,Total,UN_IGME,UN IGME estimate,2021,2021,NGA,Nigeria,1,Administrative level 1,,,D_PER_1000_B,"Deaths per 1,000 live births",2009-01,36.629539832292,,,,,,,,,A,Normal value,,,,,,,,1,,,,,2009,31.2360391086071,42.69438219051,
NGA-24_1,Kwara,MRM0,Neonatal mortality rate,_T,Total,_T,Total,UN_IGME,UN IGME estimate,2021,2021,NGA,Nigeria,1,Administrative level 1,,,D_PER_1000_B,"Deaths per 1,000 live births",2010-01,36.3420840985722,,,,,,,,,A,Normal value,,,,,,,,1,,,,,2010,30.9167530893416,42.3633663521134,
NGA-24_1,Kwara,MRM0,Neonatal mortality rate,_T,Total,_T,Total,UN_IGME,UN IGME estimate,2021,2021,NGA,Nigeria,1,Administrative level 1,,,D_PER_1000_B,"Deaths per 1,000 live births",2011-01,36.3251625860273,,,,,,,,,A,Normal value,,,,,,,,1,,,,,2011,30.8872339960195,42.4662870075119,
NGA-24_1,Kwara,MRM0,Neonatal mortality rate,_T,Total,_T,Total,UN_IGME,UN IGME estimate,2021,2021,NGA,Nigeria,1,Administrative level 1,,,D_PER_1000_B,"Deaths per 1,000 live births",2012-01,36.5149990116382,,,,,,,,,A,Normal value,,,,,,,,1,,,,,2012,30.9815598179328,42.7963171815535,
NGA-24_1,Kwara,MRM0,Neonatal mortality rate,_T,Total,_T,Total,UN_IGME,UN IGME estimate,2021,2021,NGA,Nigeria,1,Administrative level 1,,,D_PER_1000_B,"Deaths per 1,000 live births",2013-01,36.4255184033817,,,,,,,,,A,Normal value,,,,,,,,1,,,,,2013,30.733098766156,42.6778033263711,
NGA-24_1,Kwara,MRM0,Neonatal mortality rate,_T,Total,_T,Total,UN_IGME,UN IGME estimate,2021,2021,NGA,Nigeria,1,Administrative level 1,,,D_PER_1000_B,"Deaths per 1,000 live births",2014-01,37.4295258959321,,,,,,,,,A,Normal value,,,,,,,,1,,,,,2014,31.6278105433652,44.2759670853053,
NGA-24_1,Kwara,MRM0,Neonatal mortality rate,_T,Total,_T,Total,UN_IGME,UN IGME estimate,2021,2021,NGA,Nigeria,1,Administrative level 1,,,D_PER_1000_B,"Deaths per 1,000 live births",2015-01,37.1652273627139,,,,,,,,,A,Normal value,,,,,,,,1,,,,,2015,30.9587497646969,44.6169188693227,
NGA-24_1,Kwara,MRM0,Neonatal mortality rate,_T,Total,_T,Total,UN_IGME,UN IGME estimate,2021,2021,NGA,Nigeria,1,Administrative level 1,,,D_PER_1000_B,"Deaths per 1,000 live births",2016-01,37.2777162030332,,,,,,,,,A,Normal value,,,,,,,,1,,,,,2016,30.5532246258033,44.9630278274404,
NGA-24_1,Kwara,MRM0,Neonatal mortality rate,_T,Total,_T,Total,UN_IGME,UN IGME estimate,2021,2021,NGA,Nigeria,1,Administrative level 1,,,D_PER_1000_B,"Deaths per 1,000 live births",2017-01,36.791967520036,,,,,,,,,A,Normal value,,,,,,,,1,,,,,2017,29.8609862349982,45.0650763877057,
NGA-24_1,Kwara,MRM0,Neonatal mortality rate,_T,Total,_T,Total,UN_IGME,UN IGME estimate,2021,2021,NGA,Nigeria,1,Administrative level 1,,,D_PER_1000_B,"Deaths per 1,000 live births",2018-01,36.4328020867665,,,,,,,,,A,Normal value,,,,,,,,1,,,,,2018,29.1454865184243,45.0790747921063,
NGA-24_1,Kwara,MRM0,Neonatal mortality rate,_T,Total,_T,Total,UN_IGME,UN IGME estimate,2021,2021,NGA,Nigeria,1,Administrative level 1,,,D_PER_1000_B,"Deaths per 1,000 live births",2019-01,35.6612674206501,,,,,,,,,A,Normal value,,,,,,,,1,,,,,2019,28.0937747786376,44.8459971684622,
NGA-24_1,Kwara,MRM0,Neonatal mortality rate,_T,Total,_T,Total,UN_IGME,UN IGME estimate,2021,2021,NGA,Nigeria,1,Administrative level 1,,,D_PER_1000_B,"Deaths per 1,000 live births",2020-01,35.1580907739262,,,,,,,,,A,Normal value,,,,,,,,1,,,,,2020,27.517670284117,44.8377116384442,
NGA-24_1,Kwara,MRM0,Neonatal mortality rate,_T,Total,_T,Total,UN_IGME,UN IGME estimate,2021,2021,NGA,Nigeria,1,Administrative level 1,,,D_PER_1000_B,"Deaths per 1,000 live births",2021-01,34.4294058016515,,,,,,,,,A,Normal value,,,,,,,,1,,,,,2021,26.7263718673969,45.0972101851009,
NGA-26_1,Nasarawa,MRY0T4,Under-five mortality rate,_T,Total,_T,Total,UN_IGME,UN IGME estimate,2021,2021,NGA,Nigeria,1,Administrative level 1,,,D_PER_1000_B,"Deaths per 1,000 live births",2000-01,168.610595175164,,,,,,,,,A,Normal value,,,,,,,,1,,,,,2000,146.203398551337,194.301582267432,
NGA-26_1,Nasarawa,MRY0T4,Under-five mortality rate,_T,Total,_T,Total,UN_IGME,UN IGME estimate,2021,2021,NGA,Nigeria,1,Administrative level 1,,,D_PER_1000_B,"Deaths per 1,000 live births",2001-01,164.842375318974,,,,,,,,,A,Normal value,,,,,,,,1,,,,,2001,145.457920861778,188.023457873927,
NGA-26_1,Nasarawa,MRY0T4,Under-five mortality rate,_T,Total,_T,Total,UN_IGME,UN IGME estimate,2021,2021,NGA,Nigeria,1,Administrative level 1,,,D_PER_1000_B,"Deaths per 1,000 live births",2002-01,163.11371888728,,,,,,,,,A,Normal value,,,,,,,,1,,,,,2002,145.083703544326,184.485484616621,
NGA-26_1,Nasarawa,MRY0T4,Under-five mortality rate,_T,Total,_T,Total,UN_IGME,UN IGME estimate,2021,2021,NGA,Nigeria,1,Administrative level 1,,,D_PER_1000_B,"Deaths per 1,000 live births",2003-01,160.285114330626,,,,,,,,,A,Normal value,,,,,,,,1,,,,,2003,142.013570997731,180.119192871656,
NGA-26_1,Nasarawa,MRY0T4,Under-five mortality rate,_T,Total,_T,Total,UN_IGME,UN IGME estimate,2021,2021,NGA,Nigeria,1,Administrative level 1,,,D_PER_1000_B,"Deaths per 1,000 live births",2004-01,156.639029666622,,,,,,,,,A,Normal value,,,,,,,,1,,,,,2004,139.559346918245,174.019303442154,
NGA-26_1,Nasarawa,MRY0T4,Under-five mortality rate,_T,Total,_T,Total,UN_IGME,UN IGME estimate,2021,2021,NGA,Nigeria,1,Administrative level 1,,,D_PER_1000_B,"Deaths per 1,000 live births",2005-01,155.350567998822,,,,,,,,,A,Normal value,,,,,,,,1,,,,,2005,139.801569394823,171.734181881416,
NGA-26_1,Nasarawa,MRY0T4,Under-five mortality rate,_T,Total,_T,Total,UN_IGME,UN IGME estimate,2021,2021,NGA,Nigeria,1,Administrative level 1,,,D_PER_1000_B,"Deaths per 1,000 live births",2006-01,154.010130128853,,,,,,,,,A,Normal value,,,,,,,,1,,,,,2006,138.777264115716,169.208047024559,
NGA-26_1,Nasarawa,MRY0T4,Under-five mortality rate,_T,Total,_T,Total,UN_IGME,UN IGME estimate,2021,2021,NGA,Nigeria,1,Administrative level 1,,,D_PER_1000_B,"Deaths per 1,000 live births",2007-01,153.107392121779,,,,,,,,,A,Normal value,,,,,,,,1,,,,,2007,139.433017071854,168.573216194662,
NGA-26_1,Nasarawa,MRY0T4,Under-five mortality rate,_T,Total,_T,Total,UN_IGME,UN IGME estimate,2021,2021,NGA,Nigeria,1,Administrative level 1,,,D_PER_1000_B,"Deaths per 1,000 live births",2008-01,153.864439844593,,,,,,,,,A,Normal value,,,,,,,,1,,,,,2008,139.238760197236,169.343596646348,
NGA-26_1,Nasarawa,MRY0T4,Under-five mortality rate,_T,Total,_T,Total,UN_IGME,UN IGME estimate,2021,2021,NGA,Nigeria,1,Administrative level 1,,,D_PER_1000_B,"Deaths per 1,000 live births",2009-01,152.944906665699,,,,,,,,,A,Normal value,,,,,,,,1,,,,,2009,139.057251439353,168.16914035151,
NGA-26_1,Nasarawa,MRY0T4,Under-five mortality rate,_T,Total,_T,Total,UN_IGME,UN IGME estimate,2021,2021,NGA,Nigeria,1,Administrative level 1,,,D_PER_1000_B,"Deaths per 1,000 live births",2010-01,150.860134564413,,,,,,,,,A,Normal value,,,,,,,,1,,,,,2010,137.240967881661,164.901505526837,
NGA-26_1,Nasarawa,MRY0T4,Under-five mortality rate,_T,Total,_T,Total,UN_IGME,UN IGME estimate,2021,2021,NGA,Nigeria,1,Administrative level 1,,,D_PER_1000_B,"Deaths per 1,000 live births",2011-01,147.421673791698,,,,,,,,,A,Normal value,,,,,,,,1,,,,,2011,134.043486632988,162.595829879501,
NGA-26_1,Nasarawa,MRY0T4,Under-five mortality rate,_T,Total,_T,Total,UN_IGME,UN IGME estimate,2021,2021,NGA,Nigeria,1,Administrative level 1,,,D_PER_1000_B,"Deaths per 1,000 live births",2012-01,145.774729196013,,,,,,,,,A,Normal value,,,,,,,,1,,,,,2012,131.519488997769,161.134865170836,
NGA-26_1,Nasarawa,MRY0T4,Under-five mortality rate,_T,Total,_T,Total,UN_IGME,UN IGME estimate,2021,2021,NGA,Nigeria,1,Administrative level 1,,,D_PER_1000_B,"Deaths per 1,000 live births",2013-01,148.434479637458,,,,,,,,,A,Normal value,,,,,,,,1,,,,,2013,133.702259561387,164.321281135434,
NGA-26_1,Nasarawa,MRY0T4,Under-five mortality rate,_T,Total,_T,Total,UN_IGME,UN IGME estimate,2021,2021,NGA,Nigeria,1,Administrative level 1,,,D_PER_1000_B,"Deaths per 1,000 live births",2014-01,149.260745830581,,,,,,,,,A,Normal value,,,,,,,,1,,,,,2014,133.907426640487,166.42194191945,
NGA-26_1,Nasarawa,MRY0T4,Under-five mortality rate,_T,Total,_T,Total,UN_IGME,UN IGME estimate,2021,2021,NGA,Nigeria,1,Administrative level 1,,,D_PER_1000_B,"Deaths per 1,000 live births",2015-01,150.004496967947,,,,,,,,,A,Normal value,,,,,,,,1,,,,,2015,132.954011916562,169.12993508337,
NGA-26_1,Nasarawa,MRY0T4,Under-five mortality rate,_T,Total,_T,Total,UN_IGME,UN IGME estimate,2021,2021,NGA,Nigeria,1,Administrative level 1,,,D_PER_1000_B,"Deaths per 1,000 live births",2016-01,148.698260577368,,,,,,,,,A,Normal value,,,,,,,,1,,,,,2016,130.954946125258,168.997947745057,
NGA-26_1,Nasarawa,MRY0T4,Under-five mortality rate,_T,Total,_T,Total,UN_IGME,UN IGME estimate,2021,2021,NGA,Nigeria,1,Administrative level 1,,,D_PER_1000_B,"Deaths per 1,000 live births",2017-01,148.637015044724,,,,,,,,,A,Normal value,,,,,,,,1,,,,,2017,130.682704085805,171.313787619996,
NGA-26_1,Nasarawa,MRY0T4,Under-five mortality rate,_T,Total,_T,Total,UN_IGME,UN IGME estimate,2021,2021,NGA,Nigeria,1,Administrative level 1,,,D_PER_1000_B,"Deaths per 1,000 live births",2018-01,146.332768026633,,,,,,,,,A,Normal value,,,,,,,,1,,,,,2018,126.595815083494,170.051912786631,
NGA-26_1,Nasarawa,MRY0T4,Under-five mortality rate,_T,Total,_T,Total,UN_IGME,UN IGME estimate,2021,2021,NGA,Nigeria,1,Administrative level 1,,,D_PER_1000_B,"Deaths per 1,000 live births",2019-01,144.4832870503,,,,,,,,,A,Normal value,,,,,,,,1,,,,,2019,122.835121390265,172.617011888598,
NGA-26_1,Nasarawa,MRY0T4,Under-five mortality rate,_T,Total,_T,Total,UN_IGME,UN IGME estimate,2021,2021,NGA,Nigeria,1,Administrative level 1,,,D_PER_1000_B,"Deaths per 1,000 live births",2020-01,142.00331565795,,,,,,,,,A,Normal value,,,,,,,,1,,,,,2020,118.642607478106,171.871062297307,
NGA-26_1,Nasarawa,MRY0T4,Under-five mortality rate,_T,Total,_T,Total,UN_IGME,UN IGME estimate,2021,2021,NGA,Nigeria,1,Administrative level 1,,,D_PER_1000_B,"Deaths per 1,000 live births",2021-01,140.833369642161,,,,,,,,,A,Normal value,,,,,,,,1,,,,,2021,115.490632469396,171.359839748914,
NGA-31_1,Oyo,MRY0T4,Under-five mortality rate,_T,Total,_T,Total,UN_IGME,UN IGME estimate,2021,2021,NGA,Nigeria,1,Administrative level 1,,,D_PER_1000_B,"Deaths per 1,000 live births",2000-01,119.711171373563,,,,,,,,,A,Normal value,,,,,,,,1,,,,,2000,98.7604287636384,143.529343575364,
NGA-31_1,Oyo,MRY0T4,Under-five mortality rate,_T,Total,_T,Total,UN_IGME,UN IGME estimate,2021,2021,NGA,Nigeria,1,Administrative level 1,,,D_PER_1000_B,"Deaths per 1,000 live births",2001-01,113.941792413653,,,,,,,,,A,Normal value,,,,,,,,1,,,,,2001,95.6091584328501,134.212415588271,
NGA-31_1,Oyo,MRY0T4,Under-five mortality rate,_T,Total,_T,Total,UN_IGME,UN IGME estimate,2021,2021,NGA,Nigeria,1,Administrative level 1,,,D_PER_1000_B,"Deaths per 1,000 live births",2002-01,108.381444088746,,,,,,,,,A,Normal value,,,,,,,,1,,,,,2002,92.5524019563322,125.957904674998,
NGA-31_1,Oyo,MRY0T4,Under-five mortality rate,_T,Total,_T,Total,UN_IGME,UN IGME estimate,2021,2021,NGA,Nigeria,1,Administrative level 1,,,D_PER_1000_B,"Deaths per 1,000 live births",2003-01,104.921448775347,,,,,,,,,A,Normal value,,,,,,,,1,,,,,2003,90.5867081869056,119.766479239442,
NGA-31_1,Oyo,MRY0T4,Under-five mortality rate,_T,Total,_T,Total,UN_IGME,UN IGME estimate,2021,2021,NGA,Nigeria,1,Administrative level 1,,,D_PER_1000_B,"Deaths per 1,000 live births",2004-01,101.979415799009,,,,,,,,,A,Normal value,,,,,,,,1,,,,,2004,88.7998234427718,117.109233395398,
NGA-31_1,Oyo,MRY0T4,Under-five mortality rate,_T,Total,_T,Total,UN_IGME,UN IGME estimate,2021,2021,NGA,Nigeria,1,Administrative level 1,,,D_PER_1000_B,"Deaths per 1,000 live births",2005-01,97.9855776165886,,,,,,,,,A,Normal value,,,,,,,,1,,,,,2005,86.1610766940957,112.679672333761,
NGA-31_1,Oyo,MRY0T4,Under-five mortality rate,_T,Total,_T,Total,UN_IGME,UN IGME estimate,2021,2021,NGA,Nigeria,1,Administrative level 1,,,D_PER_1000_B,"Deaths per 1,000 live births",2006-01,95.0872151971048,,,,,,,,,A,Normal value,,,,,,,,1,,,,,2006,83.4248531920779,108.096898692318,
NGA-31_1,Oyo,MRY0T4,Under-five mortality rate,_T,Total,_T,Total,UN_IGME,UN IGME estimate,2021,2021,NGA,Nigeria,1,Administrative level 1,,,D_PER_1000_B,"Deaths per 1,000 live births",2007-01,90.8458676151255,,,,,,,,,A,Normal value,,,,,,,,1,,,,,2007,80.3839722322442,103.492139175912,
NGA-31_1,Oyo,MRY0T4,Under-five mortality rate,_T,Total,_T,Total,UN_IGME,UN IGME estimate,2021,2021,NGA,Nigeria,1,Administrative level 1,,,D_PER_1000_B,"Deaths per 1,000 live births",2008-01,87.7755336288895,,,,,,,,,A,Normal value,,,,,,,,1,,,,,2008,76.4848041149396,100.514835721909,
NGA-31_1,Oyo,MRY0T4,Under-five mortality rate,_T,Total,_T,Total,UN_IGME,UN IGME estimate,2021,2021,NGA,Nigeria,1,Administrative level 1,,,D_PER_1000_B,"Deaths per 1,000 live births",2009-01,85.7190752635959,,,,,,,,,A,Normal value,,,,,,,,1,,,,,2009,74.7044621215855,98.2269237412597,
NGA-31_1,Oyo,MRY0T4,Under-five mortality rate,_T,Total,_T,Total,UN_IGME,UN IGME estimate,2021,2021,NGA,Nigeria,1,Administrative level 1,,,D_PER_1000_B,"Deaths per 1,000 live births",2010-01,84.5733838587371,,,,,,,,,A,Normal value,,,,,,,,1,,,,,2010,73.4851841358999,96.3769327764204,
NGA-31_1,Oyo,MRY0T4,Under-five mortality rate,_T,Total,_T,Total,UN_IGME,UN IGME estimate,2021,2021,NGA,Nigeria,1,Administrative level 1,,,D_PER_1000_B,"Deaths per 1,000 live births",2011-01,84.3668359747078,,,,,,,,,A,Normal value,,,,,,,,1,,,,,2011,73.2814912287959,96.9225270222651,
NGA-31_1,Oyo,MRY0T4,Under-five mortality rate,_T,Total,_T,Total,UN_IGME,UN IGME estimate,2021,2021,NGA,Nigeria,1,Administrative level 1,,,D_PER_1000_B,"Deaths per 1,000 live births",2012-01,84.2472038162907,,,,,,,,,A,Normal value,,,,,,,,1,,,,,2012,72.4543327911172,98.2909935562854,
NGA-31_1,Oyo,MRY0T4,Under-five mortality rate,_T,Total,_T,Total,UN_IGME,UN IGME estimate,2021,2021,NGA,Nigeria,1,Administrative level 1,,,D_PER_1000_B,"Deaths per 1,000 live births",2013-01,79.8922905503286,,,,,,,,,A,Normal value,,,,,,,,1,,,,,2013,68.7511138969687,93.9821444611311,
NGA-31_1,Oyo,MRY0T4,Under-five mortality rate,_T,Total,_T,Total,UN_IGME,UN IGME estimate,2021,2021,NGA,Nigeria,1,Administrative level 1,,,D_PER_1000_B,"Deaths per 1,000 live births",2014-01,77.4776420198194,,,,,,,,,A,Normal value,,,,,,,,1,,,,,2014,65.4503121332058,91.0326568287947,
NGA-31_1,Oyo,MRY0T4,Under-five mortality rate,_T,Total,_T,Total,UN_IGME,UN IGME estimate,2021,2021,NGA,Nigeria,1,Administrative level 1,,,D_PER_1000_B,"Deaths per 1,000 live births",2015-01,76.1691618945903,,,,,,,,,A,Normal value,,,,,,,,1,,,,,2015,63.7189856560208,90.6622103476079,
NGA-31_1,Oyo,MRY0T4,Under-five mortality rate,_T,Total,_T,Total,UN_IGME,UN IGME estimate,2021,2021,NGA,Nigeria,1,Administrative level 1,,,D_PER_1000_B,"Deaths per 1,000 live births",2016-01,75.5313415000699,,,,,,,,,A,Normal value,,,,,,,,1,,,,,2016,62.6214363962925,91.3323712947228,
NGA-31_1,Oyo,MRY0T4,Under-five mortality rate,_T,Total,_T,Total,UN_IGME,UN IGME estimate,2021,2021,NGA,Nigeria,1,Administrative level 1,,,D_PER_1000_B,"Deaths per 1,000 live births",2017-01,74.3908843000033,,,,,,,,,A,Normal value,,,,,,,,1,,,,,2017,61.0682600164773,91.005564039839,
NGA-31_1,Oyo,MRY0T4,Under-five mortality rate,_T,Total,_T,Total,UN_IGME,UN IGME estimate,2021,2021,NGA,Nigeria,1,Administrative level 1,,,D_PER_1000_B,"Deaths per 1,000 live births",2018-01,73.1444003970298,,,,,,,,,A,Normal value,,,,,,,,1,,,,,2018,58.7426491666675,90.1377549932006,
NGA-31_1,Oyo,MRY0T4,Under-five mortality rate,_T,Total,_T,Total,UN_IGME,UN IGME estimate,2021,2021,NGA,Nigeria,1,Administrative level 1,,,D_PER_1000_B,"Deaths per 1,000 live births",2019-01,72.2513628630541,,,,,,,,,A,Normal value,,,,,,,,1,,,,,2019,56.1546020938833,91.5459139758903,
NGA-31_1,Oyo,MRY0T4,Under-five mortality rate,_T,Total,_T,Total,UN_IGME,UN IGME estimate,2021,2021,NGA,Nigeria,1,Administrative level 1,,,D_PER_1000_B,"Deaths per 1,000 live births",2020-01,69.9047616593473,,,,,,,,,A,Normal value,,,,,,,,1,,,,,2020,54.0756435231336,91.0620836308686,
NGA-31_1,Oyo,MRY0T4,Under-five mortality rate,_T,Total,_T,Total,UN_IGME,UN IGME estimate,2021,2021,NGA,Nigeria,1,Administrative level 1,,,D_PER_1000_B,"Deaths per 1,000 live births",2021-01,68.578450917715,,,,,,,,,A,Normal value,,,,,,,,1,,,,,2021,51.6018704647494,92.4672103278737,
NGA-9_1,Cross River,MRM0,Neonatal mortality rate,_T,Total,_T,Total,UN_IGME,UN IGME estimate,2021,2021,NGA,Nigeria,1,Administrative level 1,,,D_PER_1000_B,"Deaths per 1,000 live births",2000-01,41.4160531682658,,,,,,,,,A,Normal value,,,,,,,,1,,,,,2000,33.1948963162116,50.3406575225304,
NGA-9_1,Cross River,MRM0,Neonatal mortality rate,_T,Total,_T,Total,UN_IGME,UN IGME estimate,2021,2021,NGA,Nigeria,1,Administrative level 1,,,D_PER_1000_B,"Deaths per 1,000 live births",2001-01,41.6642681245959,,,,,,,,,A,Normal value,,,,,,,,1,,,,,2001,33.7278743121872,50.9164634765742,
NGA-9_1,Cross River,MRM0,Neonatal mortality rate,_T,Total,_T,Total,UN_IGME,UN IGME estimate,2021,2021,NGA,Nigeria,1,Administrative level 1,,,D_PER_1000_B,"Deaths per 1,000 live births",2002-01,40.6414103860645,,,,,,,,,A,Normal value,,,,,,,,1,,,,,2002,33.430446519334,49.0634279802451,
NGA-9_1,Cross River,MRM0,Neonatal mortality rate,_T,Total,_T,Total,UN_IGME,UN IGME estimate,2021,2021,NGA,Nigeria,1,Administrative level 1,,,D_PER_1000_B,"Deaths per 1,000 live births",2003-01,40.3644613928008,,,,,,,,,A,Normal value,,,,,,,,1,,,,,2003,33.3110437595999,48.0904523691124,
NGA-9_1,Cross River,MRM0,Neonatal mortality rate,_T,Total,_T,Total,UN_IGME,UN IGME estimate,2021,2021,NGA,Nigeria,1,Administrative level 1,,,D_PER_1000_B,"Deaths per 1,000 live births",2004-01,39.2311692268416,,,,,,,,,A,Normal value,,,,,,,,1,,,,,2004,32.9585466019126,46.4755989506193,
NGA-9_1,Cross River,MRM0,Neonatal mortality rate,_T,Total,_T,Total,UN_IGME,UN IGME estimate,2021,2021,NGA,Nigeria,1,Administrative level 1,,,D_PER_1000_B,"Deaths per 1,000 live births",2005-01,38.8850789989659,,,,,,,,,A,Normal value,,,,,,,,1,,,,,2005,32.366744129569,45.6730421162068,
NGA-9_1,Cross River,MRM0,Neonatal mortality rate,_T,Total,_T,Total,UN_IGME,UN IGME estimate,2021,2021,NGA,Nigeria,1,Administrative level 1,,,D_PER_1000_B,"Deaths per 1,000 live births",2006-01,37.7738272139727,,,,,,,,,A,Normal value,,,,,,,,1,,,,,2006,31.8534981015226,43.9293996434201,
NGA-9_1,Cross River,MRM0,Neonatal mortality rate,_T,Total,_T,Total,UN_IGME,UN IGME estimate,2021,2021,NGA,Nigeria,1,Administrative level 1,,,D_PER_1000_B,"Deaths per 1,000 live births",2007-01,38.0209237822002,,,,,,,,,A,Normal value,,,,,,,,1,,,,,2007,32.1060113545547,44.3311113348452,
NGA-9_1,Cross River,MRM0,Neonatal mortality rate,_T,Total,_T,Total,UN_IGME,UN IGME estimate,2021,2021,NGA,Nigeria,1,Administrative level 1,,,D_PER_1000_B,"Deaths per 1,000 live births",2008-01,36.6124255622605,,,,,,,,,A,Normal value,,,,,,,,1,,,,,2008,30.5585895745163,42.6301114650804,
NGA-9_1,Cross River,MRM0,Neonatal mortality rate,_T,Total,_T,Total,UN_IGME,UN IGME estimate,2021,2021,NGA,Nigeria,1,Administrative level 1,,,D_PER_1000_B,"Deaths per 1,000 live births",2009-01,36.5323439152685,,,,,,,,,A,Normal value,,,,,,,,1,,,,,2009,30.5625479904849,43.1487296977508,
NGA-9_1,Cross River,MRM0,Neonatal mortality rate,_T,Total,_T,Total,UN_IGME,UN IGME estimate,2021,2021,NGA,Nigeria,1,Administrative level 1,,,D_PER_1000_B,"Deaths per 1,000 live births",2010-01,36.7286585337907,,,,,,,,,A,Normal value,,,,,,,,1,,,,,2010,30.5472438543079,43.4608861560374,
NGA-9_1,Cross River,MRM0,Neonatal mortality rate,_T,Total,_T,Total,UN_IGME,UN IGME estimate,2021,2021,NGA,Nigeria,1,Administrative level 1,,,D_PER_1000_B,"Deaths per 1,000 live births",2011-01,36.4033009901407,,,,,,,,,A,Normal value,,,,,,,,1,,,,,2011,30.13218245028,43.2767209735598,
NGA-9_1,Cross River,MRM0,Neonatal mortality rate,_T,Total,_T,Total,UN_IGME,UN IGME estimate,2021,2021,NGA,Nigeria,1,Administrative level 1,,,D_PER_1000_B,"Deaths per 1,000 live births",2012-01,37.4393568812843,,,,,,,,,A,Normal value,,,,,,,,1,,,,,2012,31.0272290334563,45.0407095864496,
NGA-9_1,Cross River,MRM0,Neonatal mortality rate,_T,Total,_T,Total,UN_IGME,UN IGME estimate,2021,2021,NGA,Nigeria,1,Administrative level 1,,,D_PER_1000_B,"Deaths per 1,000 live births",2013-01,37.7530954547324,,,,,,,,,A,Normal value,,,,,,,,1,,,,,2013,30.8470805290337,45.4038218078356,
NGA-9_1,Cross River,MRM0,Neonatal mortality rate,_T,Total,_T,Total,UN_IGME,UN IGME estimate,2021,2021,NGA,Nigeria,1,Administrative level 1,,,D_PER_1000_B,"Deaths per 1,000 live births",2014-01,37.2502555176854,,,,,,,,,A,Normal value,,,,,,,,1,,,,,2014,30.6820373652647,45.5311148501591,
NGA-9_1,Cross River,MRM0,Neonatal mortality rate,_T,Total,_T,Total,UN_IGME,UN IGME estimate,2021,2021,NGA,Nigeria,1,Administrative level 1,,,D_PER_1000_B,"Deaths per 1,000 live births",2015-01,37.1190525952446,,,,,,,,,A,Normal value,,,,,,,,1,,,,,2015,30.2817672577887,45.7158974270844,
NGA-9_1,Cross River,MRM0,Neonatal mortality rate,_T,Total,_T,Total,UN_IGME,UN IGME estimate,2021,2021,NGA,Nigeria,1,Administrative level 1,,,D_PER_1000_B,"Deaths per 1,000 live births",2016-01,36.4501623242888,,,,,,,,,A,Normal value,,,,,,,,1,,,,,2016,29.2999962597997,45.6225010567776,
NGA-9_1,Cross River,MRM0,Neonatal mortality rate,_T,Total,_T,Total,UN_IGME,UN IGME estimate,2021,2021,NGA,Nigeria,1,Administrative level 1,,,D_PER_1000_B,"Deaths per 1,000 live births",2017-01,35.8831080707509,,,,,,,,,A,Normal value,,,,,,,,1,,,,,2017,28.4171667894388,45.0034589012158,
NGA-9_1,Cross River,MRM0,Neonatal mortality rate,_T,Total,_T,Total,UN_IGME,UN IGME estimate,2021,2021,NGA,Nigeria,1,Administrative level 1,,,D_PER_1000_B,"Deaths per 1,000 live births",2018-01,35.3568601204211,,,,,,,,,A,Normal value,,,,,,,,1,,,,,2018,27.5255863878943,45.6372083567013,
NGA-9_1,Cross River,MRM0,Neonatal mortality rate,_T,Total,_T,Total,UN_IGME,UN IGME estimate,2021,2021,NGA,Nigeria,1,Administrative level 1,,,D_PER_1000_B,"Deaths per 1,000 live births",2019-01,34.8282305394111,,,,,,,,,A,Normal value,,,,,,,,1,,,,,2019,26.8498045023221,46.0641454363401,
NGA-9_1,Cross River,MRM0,Neonatal mortality rate,_T,Total,_T,Total,UN_IGME,UN IGME estimate,2021,2021,NGA,Nigeria,1,Administrative level 1,,,D_PER_1000_B,"Deaths per 1,000 live births",2020-01,34.3143349970364,,,,,,,,,A,Normal value,,,,,,,,1,,,,,2020,25.994000044584,46.9922335166008,
NGA-9_1,Cross River,MRM0,Neonatal mortality rate,_T,Total,_T,Total,UN_IGME,UN IGME estimate,2021,2021,NGA,Nigeria,1,Administrative level 1,,,D_PER_1000_B,"Deaths per 1,000 live births",2021-01,34.0260191755298,,,,,,,,,A,Normal value,,,,,,,,1,,,,,2021,25.2140529539158,46.7575591463621,
NGA-15_1,Federal Capital Territory,MRY0T4,Under-five mortality rate,_T,Total,_T,Total,UN_IGME,UN IGME estimate,2021,2021,NGA,Nigeria,1,Administrative level 1,,,D_PER_1000_B,"Deaths per 1,000 live births",2000-01,136.244260132804,,,,,,,,,A,Normal value,,,,,,,,1,,,,,2000,113.25989596661,161.310037911174,
NGA-15_1,Federal Capital Territory,MRY0T4,Under-five mortality rate,_T,Total,_T,Total,UN_IGME,UN IGME estimate,2021,2021,NGA,Nigeria,1,Administrative level 1,,,D_PER_1000_B,"Deaths per 1,000 live births",2001-01,131.970542991689,,,,,,,,,A,Normal value,,,,,,,,1,,,,,2001,112.495290531172,154.413441063047,
NGA-15_1,Federal Capital Territory,MRY0T4,Under-five mortality rate,_T,Total,_T,Total,UN_IGME,UN IGME estimate,2021,2021,NGA,Nigeria,1,Administrative level 1,,,D_PER_1000_B,"Deaths per 1,000 live births",2002-01,128.457123796347,,,,,,,,,A,Normal value,,,,,,,,1,,,,,2002,110.852897812279,149.325551833134,
NGA-15_1,Federal Capital Territory,MRY0T4,Under-five mortality rate,_T,Total,_T,Total,UN_IGME,UN IGME estimate,2021,2021,NGA,Nigeria,1,Administrative level 1,,,D_PER_1000_B,"Deaths per 1,000 live births",2003-01,124.950475999897,,,,,,,,,A,Normal value,,,,,,,,1,,,,,2003,109.163882484839,143.119468450503,
NGA-15_1,Federal Capital Territory,MRY0T4,Under-five mortality rate,_T,Total,_T,Total,UN_IGME,UN IGME estimate,2021,2021,NGA,Nigeria,1,Administrative level 1,,,D_PER_1000_B,"Deaths per 1,000 live births",2004-01,122.135611961918,,,,,,,,,A,Normal value,,,,,,,,1,,,,,2004,107.56105607485,138.157326558726,
NGA-15_1,Federal Capital Territory,MRY0T4,Under-five mortality rate,_T,Total,_T,Total,UN_IGME,UN IGME estimate,2021,2021,NGA,Nigeria,1,Administrative level 1,,,D_PER_1000_B,"Deaths per 1,000 live births",2005-01,119.487550738512,,,,,,,,,A,Normal value,,,,,,,,1,,,,,2005,106.075609878121,135.384906078565,
NGA-15_1,Federal Capital Territory,MRY0T4,Under-five mortality rate,_T,Total,_T,Total,UN_IGME,UN IGME estimate,2021,2021,NGA,Nigeria,1,Administrative level 1,,,D_PER_1000_B,"Deaths per 1,000 live births",2006-01,120.039258276154,,,,,,,,,A,Normal value,,,,,,,,1,,,,,2006,107.015019229908,135.140364512833,
NGA-15_1,Federal Capital Territory,MRY0T4,Under-five mortality rate,_T,Total,_T,Total,UN_IGME,UN IGME estimate,2021,2021,NGA,Nigeria,1,Administrative level 1,,,D_PER_1000_B,"Deaths per 1,000 live births",2007-01,119.628575224565,,,,,,,,,A,Normal value,,,,,,,,1,,,,,2007,106.45557419868,134.332368112307,
NGA-15_1,Federal Capital Territory,MRY0T4,Under-five mortality rate,_T,Total,_T,Total,UN_IGME,UN IGME estimate,2021,2021,NGA,Nigeria,1,Administrative level 1,,,D_PER_1000_B,"Deaths per 1,000 live births",2008-01,118.741565883173,,,,,,,,,A,Normal value,,,,,,,,1,,,,,2008,105.630964279805,132.615369274681,
NGA-15_1,Federal Capital Territory,MRY0T4,Under-five mortality rate,_T,Total,_T,Total,UN_IGME,UN IGME estimate,2021,2021,NGA,Nigeria,1,Administrative level 1,,,D_PER_1000_B,"Deaths per 1,000 live births",2009-01,116.395742583584,,,,,,,,,A,Normal value,,,,,,,,1,,,,,2009,104.066010745978,129.622555928587,
NGA-15_1,Federal Capital Territory,MRY0T4,Under-five mortality rate,_T,Total,_T,Total,UN_IGME,UN IGME estimate,2021,2021,NGA,Nigeria,1,Administrative level 1,,,D_PER_1000_B,"Deaths per 1,000 live births",2010-01,114.248109040113,,,,,,,,,A,Normal value,,,,,,,,1,,,,,2010,100.829147504921,127.016524602303,
NGA-15_1,Federal Capital Territory,MRY0T4,Under-five mortality rate,_T,Total,_T,Total,UN_IGME,UN IGME estimate,2021,2021,NGA,Nigeria,1,Administrative level 1,,,D_PER_1000_B,"Deaths per 1,000 live births",2011-01,112.14118074984,,,,,,,,,A,Normal value,,,,,,,,1,,,,,2011,99.1385385445521,124.792311490912,
NGA-15_1,Federal Capital Territory,MRY0T4,Under-five mortality rate,_T,Total,_T,Total,UN_IGME,UN IGME estimate,2021,2021,NGA,Nigeria,1,Administrative level 1,,,D_PER_1000_B,"Deaths per 1,000 live births",2012-01,108.727538661274,,,,,,,,,A,Normal value,,,,,,,,1,,,,,2012,96.7603718794922,122.587778846359,
NGA-15_1,Federal Capital Territory,MRY0T4,Under-five mortality rate,_T,Total,_T,Total,UN_IGME,UN IGME estimate,2021,2021,NGA,Nigeria,1,Administrative level 1,,,D_PER_1000_B,"Deaths per 1,000 live births",2013-01,109.110961153379,,,,,,,,,A,Normal value,,,,,,,,1,,,,,2013,96.7777476742322,123.752746762996,
NGA-15_1,Federal Capital Territory,MRY0T4,Under-five mortality rate,_T,Total,_T,Total,UN_IGME,UN IGME estimate,2021,2021,NGA,Nigeria,1,Administrative level 1,,,D_PER_1000_B,"Deaths per 1,000 live births",2014-01,109.013862667959,,,,,,,,,A,Normal value,,,,,,,,1,,,,,2014,95.8485467969897,124.763709838167,
NGA-15_1,Federal Capital Territory,MRY0T4,Under-five mortality rate,_T,Total,_T,Total,UN_IGME,UN IGME estimate,2021,2021,NGA,Nigeria,1,Administrative level 1,,,D_PER_1000_B,"Deaths per 1,000 live births",2015-01,108.453385098399,,,,,,,,,A,Normal value,,,,,,,,1,,,,,2015,94.5255516891554,124.823139887278,
NGA-15_1,Federal Capital Territory,MRY0T4,Under-five mortality rate,_T,Total,_T,Total,UN_IGME,UN IGME estimate,2021,2021,NGA,Nigeria,1,Administrative level 1,,,D_PER_1000_B,"Deaths per 1,000 live births",2016-01,107.773620582767,,,,,,,,,A,Normal value,,,,,,,,1,,,,,2016,92.3249636838348,125.286021114068,
NGA-15_1,Federal Capital Territory,MRY0T4,Under-five mortality rate,_T,Total,_T,Total,UN_IGME,UN IGME estimate,2021,2021,NGA,Nigeria,1,Administrative level 1,,,D_PER_1000_B,"Deaths per 1,000 live births",2017-01,107.351067795954,,,,,,,,,A,Normal value,,,,,,,,1,,,,,2017,90.3666903885917,126.527977867991,
NGA-15_1,Federal Capital Territory,MRY0T4,Under-five mortality rate,_T,Total,_T,Total,UN_IGME,UN IGME estimate,2021,2021,NGA,Nigeria,1,Administrative level 1,,,D_PER_1000_B,"Deaths per 1,000 live births",2018-01,105.71986767089,,,,,,,,,A,Normal value,,,,,,,,1,,,,,2018,88.6322447478365,124.870739443826,
NGA-15_1,Federal Capital Territory,MRY0T4,Under-five mortality rate,_T,Total,_T,Total,UN_IGME,UN IGME estimate,2021,2021,NGA,Nigeria,1,Administrative level 1,,,D_PER_1000_B,"Deaths per 1,000 live births",2019-01,103.518885802276,,,,,,,,,A,Normal value,,,,,,,,1,,,,,2019,85.1312731561395,126.261512197047,
NGA-15_1,Federal Capital Territory,MRY0T4,Under-five mortality rate,_T,Total,_T,Total,UN_IGME,UN IGME estimate,2021,2021,NGA,Nigeria,1,Administrative level 1,,,D_PER_1000_B,"Deaths per 1,000 live births",2020-01,101.407757462021,,,,,,,,,A,Normal value,,,,,,,,1,,,,,2020,82.2798644492569,125.834383661831,
NGA-15_1,Federal Capital Territory,MRY0T4,Under-five mortality rate,_T,Total,_T,Total,UN_IGME,UN IGME estimate,2021,2021,NGA,Nigeria,1,Administrative level 1,,,D_PER_1000_B,"Deaths per 1,000 live births",2021-01,99.5707565783077,,,,,,,,,A,Normal value,,,,,,,,1,,,,,2021,79.5936459476682,126.145036467791,
NGA-4_1,Anambra,MRY0T4,Under-five mortality rate,_T,Total,_T,Total,UN_IGME,UN IGME estimate,2021,2021,NGA,Nigeria,1,Administrative level 1,,,D_PER_1000_B,"Deaths per 1,000 live births",2000-01,105.056216246068,,,,,,,,,A,Normal value,,,,,,,,1,,,,,2000,87.848885119419,122.390156083277,
NGA-4_1,Anambra,MRY0T4,Under-five mortality rate,_T,Total,_T,Total,UN_IGME,UN IGME estimate,2021,2021,NGA,Nigeria,1,Administrative level 1,,,D_PER_1000_B,"Deaths per 1,000 live births",2001-01,103.184089274334,,,,,,,,,A,Normal value,,,,,,,,1,,,,,2001,87.630107839014,120.7486186193,
NGA-4_1,Anambra,MRY0T4,Under-five mortality rate,_T,Total,_T,Total,UN_IGME,UN IGME estimate,2021,2021,NGA,Nigeria,1,Administrative level 1,,,D_PER_1000_B,"Deaths per 1,000 live births",2002-01,100.309364511038,,,,,,,,,A,Normal value,,,,,,,,1,,,,,2002,86.2888236533083,115.911739859751,
NGA-4_1,Anambra,MRY0T4,Under-five mortality rate,_T,Total,_T,Total,UN_IGME,UN IGME estimate,2021,2021,NGA,Nigeria,1,Administrative level 1,,,D_PER_1000_B,"Deaths per 1,000 live births",2003-01,99.0645833591136,,,,,,,,,A,Normal value,,,,,,,,1,,,,,2003,86.0749394576964,113.618605615406,
NGA-4_1,Anambra,MRY0T4,Under-five mortality rate,_T,Total,_T,Total,UN_IGME,UN IGME estimate,2021,2021,NGA,Nigeria,1,Administrative level 1,,,D_PER_1000_B,"Deaths per 1,000 live births",2004-01,98.6873856344743,,,,,,,,,A,Normal value,,,,,,,,1,,,,,2004,86.1475493007368,112.063559529828,
NGA-4_1,Anambra,MRY0T4,Under-five mortality rate,_T,Total,_T,Total,UN_IGME,UN IGME estimate,2021,2021,NGA,Nigeria,1,Administrative level 1,,,D_PER_1000_B,"Deaths per 1,000 live births",2005-01,97.4205491831117,,,,,,,,,A,Normal value,,,,,,,,1,,,,,2005,85.7931374499822,110.361104733744,
NGA-4_1,Anambra,MRY0T4,Under-five mortality rate,_T,Total,_T,Total,UN_IGME,UN IGME estimate,2021,2021,NGA,Nigeria,1,Administrative level 1,,,D_PER_1000_B,"Deaths per 1,000 live births",2006-01,95.9758742476841,,,,,,,,,A,Normal value,,,,,,,,1,,,,,2006,84.9552672403538,107.693095702216,
NGA-4_1,Anambra,MRY0T4,Under-five mortality rate,_T,Total,_T,Total,UN_IGME,UN IGME estimate,2021,2021,NGA,Nigeria,1,Administrative level 1,,,D_PER_1000_B,"Deaths per 1,000 live births",2007-01,93.2825603481944,,,,,,,,,A,Normal value,,,,,,,,1,,,,,2007,82.493999828847,103.844620817287,
NGA-4_1,Anambra,MRY0T4,Under-five mortality rate,_T,Total,_T,Total,UN_IGME,UN IGME estimate,2021,2021,NGA,Nigeria,1,Administrative level 1,,,D_PER_1000_B,"Deaths per 1,000 live births",2008-01,92.0105305118332,,,,,,,,,A,Normal value,,,,,,,,1,,,,,2008,81.7580617869158,102.8984849361,
NGA-4_1,Anambra,MRY0T4,Under-five mortality rate,_T,Total,_T,Total,UN_IGME,UN IGME estimate,2021,2021,NGA,Nigeria,1,Administrative level 1,,,D_PER_1000_B,"Deaths per 1,000 live births",2009-01,89.2429076669516,,,,,,,,,A,Normal value,,,,,,,,1,,,,,2009,79.378381108703,100.275936306415,
NGA-4_1,Anambra,MRY0T4,Under-five mortality rate,_T,Total,_T,Total,UN_IGME,UN IGME estimate,2021,2021,NGA,Nigeria,1,Administrative level 1,,,D_PER_1000_B,"Deaths per 1,000 live births",2010-01,88.706358954708,,,,,,,,,A,Normal value,,,,,,,,1,,,,,2010,78.6099615443437,99.8430395128673,
NGA-4_1,Anambra,MRY0T4,Under-five mortality rate,_T,Total,_T,Total,UN_IGME,UN IGME estimate,2021,2021,NGA,Nigeria,1,Administrative level 1,,,D_PER_1000_B,"Deaths per 1,000 live births",2011-01,86.6188387642001,,,,,,,,,A,Normal value,,,,,,,,1,,,,,2011,77.0162960661945,97.8485770026806,
NGA-4_1,Anambra,MRY0T4,Under-five mortality rate,_T,Total,_T,Total,UN_IGME,UN IGME estimate,2021,2021,NGA,Nigeria,1,Administrative level 1,,,D_PER_1000_B,"Deaths per 1,000 live births",2012-01,85.6057891261059,,,,,,,,,A,Normal value,,,,,,,,1,,,,,2012,74.5697827358923,96.8414616390285,
NGA-4_1,Anambra,MRY0T4,Under-five mortality rate,_T,Total,_T,Total,UN_IGME,UN IGME estimate,2021,2021,NGA,Nigeria,1,Administrative level 1,,,D_PER_1000_B,"Deaths per 1,000 live births",2013-01,81.1830936874471,,,,,,,,,A,Normal value,,,,,,,,1,,,,,2013,70.711552150724,92.8155005543026,
NGA-4_1,Anambra,MRY0T4,Under-five mortality rate,_T,Total,_T,Total,UN_IGME,UN IGME estimate,2021,2021,NGA,Nigeria,1,Administrative level 1,,,D_PER_1000_B,"Deaths per 1,000 live births",2014-01,77.7543627152363,,,,,,,,,A,Normal value,,,,,,,,1,,,,,2014,66.8739736918886,88.5443612836999,
NGA-4_1,Anambra,MRY0T4,Under-five mortality rate,_T,Total,_T,Total,UN_IGME,UN IGME estimate,2021,2021,NGA,Nigeria,1,Administrative level 1,,,D_PER_1000_B,"Deaths per 1,000 live births",2015-01,75.0690617636553,,,,,,,,,A,Normal value,,,,,,,,1,,,,,2015,63.6556218481973,86.7535592629215,
NGA-4_1,Anambra,MRY0T4,Under-five mortality rate,_T,Total,_T,Total,UN_IGME,UN IGME estimate,2021,2021,NGA,Nigeria,1,Administrative level 1,,,D_PER_1000_B,"Deaths per 1,000 live births",2016-01,74.0709302526064,,,,,,,,,A,Normal value,,,,,,,,1,,,,,2016,62.3398516761609,86.0017072237867,
NGA-4_1,Anambra,MRY0T4,Under-five mortality rate,_T,Total,_T,Total,UN_IGME,UN IGME estimate,2021,2021,NGA,Nigeria,1,Administrative level 1,,,D_PER_1000_B,"Deaths per 1,000 live births",2017-01,72.0687146669953,,,,,,,,,A,Normal value,,,,,,,,1,,,,,2017,60.4682657628853,85.0239769066267,
NGA-4_1,Anambra,MRY0T4,Under-five mortality rate,_T,Total,_T,Total,UN_IGME,UN IGME estimate,2021,2021,NGA,Nigeria,1,Administrative level 1,,,D_PER_1000_B,"Deaths per 1,000 live births",2018-01,71.6318717907991,,,,,,,,,A,Normal value,,,,,,,,1,,,,,2018,58.8493357377724,86.0840362283053,
NGA-4_1,Anambra,MRY0T4,Under-five mortality rate,_T,Total,_T,Total,UN_IGME,UN IGME estimate,2021,2021,NGA,Nigeria,1,Administrative level 1,,,D_PER_1000_B,"Deaths per 1,000 live births",2019-01,70.3567600036175,,,,,,,,,A,Normal value,,,,,,,,1,,,,,2019,57.017797549231,85.259926051174,
NGA-4_1,Anambra,MRY0T4,Under-five mortality rate,_T,Total,_T,Total,UN_IGME,UN IGME estimate,2021,2021,NGA,Nigeria,1,Administrative level 1,,,D_PER_1000_B,"Deaths per 1,000 live births",2020-01,69.6279933858154,,,,,,,,,A,Normal value,,,,,,,,1,,,,,2020,55.3921187049594,86.7767611364999,
NGA-4_1,Anambra,MRY0T4,Under-five mortality rate,_T,Total,_T,Total,UN_IGME,UN IGME estimate,2021,2021,NGA,Nigeria,1,Administrative level 1,,,D_PER_1000_B,"Deaths per 1,000 live births",2021-01,68.5127676204563,,,,,,,,,A,Normal value,,,,,,,,1,,,,,2021,53.903650335704,86.2865620771747,
NGA-29_1,Ondo,MRY0T4,Under-five mortality rate,_T,Total,_T,Total,UN_IGME,UN IGME estimate,2021,2021,NGA,Nigeria,1,Administrative level 1,,,D_PER_1000_B,"Deaths per 1,000 live births",2000-01,171.539208647648,,,,,,,,,A,Normal value,,,,,,,,1,,,,,2000,149.181694004917,198.336738335957,
NGA-29_1,Ondo,MRY0T4,Under-five mortality rate,_T,Total,_T,Total,UN_IGME,UN IGME estimate,2021,2021,NGA,Nigeria,1,Administrative level 1,,,D_PER_1000_B,"Deaths per 1,000 live births",2001-01,163.43700757297,,,,,,,,,A,Normal value,,,,,,,,1,,,,,2001,143.266315378924,186.466800653722,
NGA-29_1,Ondo,MRY0T4,Under-five mortality rate,_T,Total,_T,Total,UN_IGME,UN IGME estimate,2021,2021,NGA,Nigeria,1,Administrative level 1,,,D_PER_1000_B,"Deaths per 1,000 live births",2002-01,156.875171005994,,,,,,,,,A,Normal value,,,,,,,,1,,,,,2002,138.620770642918,177.496369426943,
NGA-29_1,Ondo,MRY0T4,Under-five mortality rate,_T,Total,_T,Total,UN_IGME,UN IGME estimate,2021,2021,NGA,Nigeria,1,Administrative level 1,,,D_PER_1000_B,"Deaths per 1,000 live births",2003-01,152.413537130787,,,,,,,,,A,Normal value,,,,,,,,1,,,,,2003,135.531439344397,171.4140809058,
NGA-29_1,Ondo,MRY0T4,Under-five mortality rate,_T,Total,_T,Total,UN_IGME,UN IGME estimate,2021,2021,NGA,Nigeria,1,Administrative level 1,,,D_PER_1000_B,"Deaths per 1,000 live births",2004-01,148.118807871237,,,,,,,,,A,Normal value,,,,,,,,1,,,,,2004,132.296667361708,165.132467357955,
NGA-29_1,Ondo,MRY0T4,Under-five mortality rate,_T,Total,_T,Total,UN_IGME,UN IGME estimate,2021,2021,NGA,Nigeria,1,Administrative level 1,,,D_PER_1000_B,"Deaths per 1,000 live births",2005-01,143.376132218822,,,,,,,,,A,Normal value,,,,,,,,1,,,,,2005,129.060341661866,160.243394583565,
NGA-29_1,Ondo,MRY0T4,Under-five mortality rate,_T,Total,_T,Total,UN_IGME,UN IGME estimate,2021,2021,NGA,Nigeria,1,Administrative level 1,,,D_PER_1000_B,"Deaths per 1,000 live births",2006-01,137.754258809087,,,,,,,,,A,Normal value,,,,,,,,1,,,,,2006,123.805420548597,152.732649196013,
NGA-29_1,Ondo,MRY0T4,Under-five mortality rate,_T,Total,_T,Total,UN_IGME,UN IGME estimate,2021,2021,NGA,Nigeria,1,Administrative level 1,,,D_PER_1000_B,"Deaths per 1,000 live births",2007-01,131.400538980346,,,,,,,,,A,Normal value,,,,,,,,1,,,,,2007,118.515581863353,145.486081977755,
NGA-29_1,Ondo,MRY0T4,Under-five mortality rate,_T,Total,_T,Total,UN_IGME,UN IGME estimate,2021,2021,NGA,Nigeria,1,Administrative level 1,,,D_PER_1000_B,"Deaths per 1,000 live births",2008-01,125.941518947887,,,,,,,,,A,Normal value,,,,,,,,1,,,,,2008,113.205553007672,139.667563609131,
NGA-29_1,Ondo,MRY0T4,Under-five mortality rate,_T,Total,_T,Total,UN_IGME,UN IGME estimate,2021,2021,NGA,Nigeria,1,Administrative level 1,,,D_PER_1000_B,"Deaths per 1,000 live births",2009-01,121.649870284499,,,,,,,,,A,Normal value,,,,,,,,1,,,,,2009,109.111219018951,134.879686533123,
NGA-29_1,Ondo,MRY0T4,Under-five mortality rate,_T,Total,_T,Total,UN_IGME,UN IGME estimate,2021,2021,NGA,Nigeria,1,Administrative level 1,,,D_PER_1000_B,"Deaths per 1,000 live births",2010-01,117.372402521411,,,,,,,,,A,Normal value,,,,,,,,1,,,,,2010,104.024982476188,131.154666410923,
NGA-29_1,Ondo,MRY0T4,Under-five mortality rate,_T,Total,_T,Total,UN_IGME,UN IGME estimate,2021,2021,NGA,Nigeria,1,Administrative level 1,,,D_PER_1000_B,"Deaths per 1,000 live births",2011-01,115.530239235647,,,,,,,,,A,Normal value,,,,,,,,1,,,,,2011,102.292156828506,130.497703631068,
NGA-29_1,Ondo,MRY0T4,Under-five mortality rate,_T,Total,_T,Total,UN_IGME,UN IGME estimate,2021,2021,NGA,Nigeria,1,Administrative level 1,,,D_PER_1000_B,"Deaths per 1,000 live births",2012-01,114.667837221666,,,,,,,,,A,Normal value,,,,,,,,1,,,,,2012,101.168221093904,130.574421844403,
NGA-29_1,Ondo,MRY0T4,Under-five mortality rate,_T,Total,_T,Total,UN_IGME,UN IGME estimate,2021,2021,NGA,Nigeria,1,Administrative level 1,,,D_PER_1000_B,"Deaths per 1,000 live births",2013-01,108.360319594514,,,,,,,,,A,Normal value,,,,,,,,1,,,,,2013,94.2069606196317,123.626090525141,
NGA-29_1,Ondo,MRY0T4,Under-five mortality rate,_T,Total,_T,Total,UN_IGME,UN IGME estimate,2021,2021,NGA,Nigeria,1,Administrative level 1,,,D_PER_1000_B,"Deaths per 1,000 live births",2014-01,102.507327652456,,,,,,,,,A,Normal value,,,,,,,,1,,,,,2014,88.0230373627415,118.433664156136,
NGA-29_1,Ondo,MRY0T4,Under-five mortality rate,_T,Total,_T,Total,UN_IGME,UN IGME estimate,2021,2021,NGA,Nigeria,1,Administrative level 1,,,D_PER_1000_B,"Deaths per 1,000 live births",2015-01,99.2360131315385,,,,,,,,,A,Normal value,,,,,,,,1,,,,,2015,85.2460788916581,117.228998006635,
NGA-29_1,Ondo,MRY0T4,Under-five mortality rate,_T,Total,_T,Total,UN_IGME,UN IGME estimate,2021,2021,NGA,Nigeria,1,Administrative level 1,,,D_PER_1000_B,"Deaths per 1,000 live births",2016-01,97.0008299785447,,,,,,,,,A,Normal value,,,,,,,,1,,,,,2016,81.4502885800405,116.800265303169,
NGA-29_1,Ondo,MRY0T4,Under-five mortality rate,_T,Total,_T,Total,UN_IGME,UN IGME estimate,2021,2021,NGA,Nigeria,1,Administrative level 1,,,D_PER_1000_B,"Deaths per 1,000 live births",2017-01,93.7639829879132,,,,,,,,,A,Normal value,,,,,,,,1,,,,,2017,78.1143945857601,114.21079491969,
NGA-29_1,Ondo,MRY0T4,Under-five mortality rate,_T,Total,_T,Total,UN_IGME,UN IGME estimate,2021,2021,NGA,Nigeria,1,Administrative level 1,,,D_PER_1000_B,"Deaths per 1,000 live births",2018-01,90.8233071805907,,,,,,,,,A,Normal value,,,,,,,,1,,,,,2018,74.6395802062728,112.097499347168,
NGA-29_1,Ondo,MRY0T4,Under-five mortality rate,_T,Total,_T,Total,UN_IGME,UN IGME estimate,2021,2021,NGA,Nigeria,1,Administrative level 1,,,D_PER_1000_B,"Deaths per 1,000 live births",2019-01,88.8962514679224,,,,,,,,,A,Normal value,,,,,,,,1,,,,,2019,71.7779788459638,111.100477025269,
NGA-29_1,Ondo,MRY0T4,Under-five mortality rate,_T,Total,_T,Total,UN_IGME,UN IGME estimate,2021,2021,NGA,Nigeria,1,Administrative level 1,,,D_PER_1000_B,"Deaths per 1,000 live births",2020-01,85.4822678099871,,,,,,,,,A,Normal value,,,,,,,,1,,,,,2020,68.0274607517131,109.105988822994,
NGA-29_1,Ondo,MRY0T4,Under-five mortality rate,_T,Total,_T,Total,UN_IGME,UN IGME estimate,2021,2021,NGA,Nigeria,1,Administrative level 1,,,D_PER_1000_B,"Deaths per 1,000 live births",2021-01,83.4406580406095,,,,,,,,,A,Normal value,,,,,,,,1,,,,,2021,65.1923898954666,108.676579059846,
NGA-20_1,Kano,MRM0,Neonatal mortality rate,_T,Total,_T,Total,UN_IGME,UN IGME estimate,2021,2021,NGA,Nigeria,1,Administrative level 1,,,D_PER_1000_B,"Deaths per 1,000 live births",2000-01,63.7770591748201,,,,,,,,,A,Normal value,,,,,,,,1,,,,,2000,55.2615714307962,73.3658501247778,
NGA-20_1,Kano,MRM0,Neonatal mortality rate,_T,Total,_T,Total,UN_IGME,UN IGME estimate,2021,2021,NGA,Nigeria,1,Administrative level 1,,,D_PER_1000_B,"Deaths per 1,000 live births",2001-01,63.0784260521495,,,,,,,,,A,Normal value,,,,,,,,1,,,,,2001,55.1067389676528,71.9061968833685,
NGA-20_1,Kano,MRM0,Neonatal mortality rate,_T,Total,_T,Total,UN_IGME,UN IGME estimate,2021,2021,NGA,Nigeria,1,Administrative level 1,,,D_PER_1000_B,"Deaths per 1,000 live births",2002-01,60.9317861447756,,,,,,,,,A,Normal value,,,,,,,,1,,,,,2002,53.7859147921226,69.7285234460851,
NGA-20_1,Kano,MRM0,Neonatal mortality rate,_T,Total,_T,Total,UN_IGME,UN IGME estimate,2021,2021,NGA,Nigeria,1,Administrative level 1,,,D_PER_1000_B,"Deaths per 1,000 live births",2003-01,58.3850718025103,,,,,,,,,A,Normal value,,,,,,,,1,,,,,2003,52.1265381947852,65.2262149431643,
NGA-20_1,Kano,MRM0,Neonatal mortality rate,_T,Total,_T,Total,UN_IGME,UN IGME estimate,2021,2021,NGA,Nigeria,1,Administrative level 1,,,D_PER_1000_B,"Deaths per 1,000 live births",2004-01,56.0555395873403,,,,,,,,,A,Normal value,,,,,,,,1,,,,,2004,50.2063084726204,62.3380053089266,
NGA-20_1,Kano,MRM0,Neonatal mortality rate,_T,Total,_T,Total,UN_IGME,UN IGME estimate,2021,2021,NGA,Nigeria,1,Administrative level 1,,,D_PER_1000_B,"Deaths per 1,000 live births",2005-01,54.7596744828591,,,,,,,,,A,Normal value,,,,,,,,1,,,,,2005,49.0879775388167,60.6080939688652,
NGA-20_1,Kano,MRM0,Neonatal mortality rate,_T,Total,_T,Total,UN_IGME,UN IGME estimate,2021,2021,NGA,Nigeria,1,Administrative level 1,,,D_PER_1000_B,"Deaths per 1,000 live births",2006-01,53.0591689662181,,,,,,,,,A,Normal value,,,,,,,,1,,,,,2006,47.6246025833918,58.6734801962978,
NGA-20_1,Kano,MRM0,Neonatal mortality rate,_T,Total,_T,Total,UN_IGME,UN IGME estimate,2021,2021,NGA,Nigeria,1,Administrative level 1,,,D_PER_1000_B,"Deaths per 1,000 live births",2007-01,52.8727205178091,,,,,,,,,A,Normal value,,,,,,,,1,,,,,2007,47.8769653398785,58.4041721789582,
NGA-20_1,Kano,MRM0,Neonatal mortality rate,_T,Total,_T,Total,UN_IGME,UN IGME estimate,2021,2021,NGA,Nigeria,1,Administrative level 1,,,D_PER_1000_B,"Deaths per 1,000 live births",2008-01,49.7357286364724,,,,,,,,,A,Normal value,,,,,,,,1,,,,,2008,44.598992635592,54.8006558047831,
NGA-20_1,Kano,MRM0,Neonatal mortality rate,_T,Total,_T,Total,UN_IGME,UN IGME estimate,2021,2021,NGA,Nigeria,1,Administrative level 1,,,D_PER_1000_B,"Deaths per 1,000 live births",2009-01,48.9752644754324,,,,,,,,,A,Normal value,,,,,,,,1,,,,,2009,43.8401163440205,54.2288855544224,
NGA-20_1,Kano,MRM0,Neonatal mortality rate,_T,Total,_T,Total,UN_IGME,UN IGME estimate,2021,2021,NGA,Nigeria,1,Administrative level 1,,,D_PER_1000_B,"Deaths per 1,000 live births",2010-01,47.7600989059065,,,,,,,,,A,Normal value,,,,,,,,1,,,,,2010,42.6464176704869,52.6139252613334,
NGA-20_1,Kano,MRM0,Neonatal mortality rate,_T,Total,_T,Total,UN_IGME,UN IGME estimate,2021,2021,NGA,Nigeria,1,Administrative level 1,,,D_PER_1000_B,"Deaths per 1,000 live births",2011-01,46.42203454571,,,,,,,,,A,Normal value,,,,,,,,1,,,,,2011,41.2079418846464,51.3871729471953,
NGA-20_1,Kano,MRM0,Neonatal mortality rate,_T,Total,_T,Total,UN_IGME,UN IGME estimate,2021,2021,NGA,Nigeria,1,Administrative level 1,,,D_PER_1000_B,"Deaths per 1,000 live births",2012-01,46.2437921711527,,,,,,,,,A,Normal value,,,,,,,,1,,,,,2012,41.4111236596222,51.2769713811577,
NGA-20_1,Kano,MRM0,Neonatal mortality rate,_T,Total,_T,Total,UN_IGME,UN IGME estimate,2021,2021,NGA,Nigeria,1,Administrative level 1,,,D_PER_1000_B,"Deaths per 1,000 live births",2013-01,46.0539508102525,,,,,,,,,A,Normal value,,,,,,,,1,,,,,2013,41.0395450871886,51.4105558215147,
NGA-20_1,Kano,MRM0,Neonatal mortality rate,_T,Total,_T,Total,UN_IGME,UN IGME estimate,2021,2021,NGA,Nigeria,1,Administrative level 1,,,D_PER_1000_B,"Deaths per 1,000 live births",2014-01,46.0326727013816,,,,,,,,,A,Normal value,,,,,,,,1,,,,,2014,40.5809281766902,52.2968529960693,
NGA-20_1,Kano,MRM0,Neonatal mortality rate,_T,Total,_T,Total,UN_IGME,UN IGME estimate,2021,2021,NGA,Nigeria,1,Administrative level 1,,,D_PER_1000_B,"Deaths per 1,000 live births",2015-01,45.5812675021628,,,,,,,,,A,Normal value,,,,,,,,1,,,,,2015,39.8532308226705,52.3347789476505,
NGA-20_1,Kano,MRM0,Neonatal mortality rate,_T,Total,_T,Total,UN_IGME,UN IGME estimate,2021,2021,NGA,Nigeria,1,Administrative level 1,,,D_PER_1000_B,"Deaths per 1,000 live births",2016-01,44.5487052540871,,,,,,,,,A,Normal value,,,,,,,,1,,,,,2016,38.3269438494403,51.5938013341626,
NGA-20_1,Kano,MRM0,Neonatal mortality rate,_T,Total,_T,Total,UN_IGME,UN IGME estimate,2021,2021,NGA,Nigeria,1,Administrative level 1,,,D_PER_1000_B,"Deaths per 1,000 live births",2017-01,43.5768321044991,,,,,,,,,A,Normal value,,,,,,,,1,,,,,2017,37.5497126584986,51.4309295831313,
NGA-20_1,Kano,MRM0,Neonatal mortality rate,_T,Total,_T,Total,UN_IGME,UN IGME estimate,2021,2021,NGA,Nigeria,1,Administrative level 1,,,D_PER_1000_B,"Deaths per 1,000 live births",2018-01,42.6816766149388,,,,,,,,,A,Normal value,,,,,,,,1,,,,,2018,36.3935093425403,50.9638781049703,
NGA-20_1,Kano,MRM0,Neonatal mortality rate,_T,Total,_T,Total,UN_IGME,UN IGME estimate,2021,2021,NGA,Nigeria,1,Administrative level 1,,,D_PER_1000_B,"Deaths per 1,000 live births",2019-01,41.5552496405642,,,,,,,,,A,Normal value,,,,,,,,1,,,,,2019,34.3822857605315,50.2205511508677,
NGA-20_1,Kano,MRM0,Neonatal mortality rate,_T,Total,_T,Total,UN_IGME,UN IGME estimate,2021,2021,NGA,Nigeria,1,Administrative level 1,,,D_PER_1000_B,"Deaths per 1,000 live births",2020-01,40.5034642275456,,,,,,,,,A,Normal value,,,,,,,,1,,,,,2020,32.9925531669269,50.3803953944251,
NGA-20_1,Kano,MRM0,Neonatal mortality rate,_T,Total,_T,Total,UN_IGME,UN IGME estimate,2021,2021,NGA,Nigeria,1,Administrative level 1,,,D_PER_1000_B,"Deaths per 1,000 live births",2021-01,39.3007517810634,,,,,,,,,A,Normal value,,,,,,,,1,,,,,2021,31.4269312047334,49.494011795576,
NGA-16_1,Gombe,MRM0,Neonatal mortality rate,_T,Total,_T,Total,UN_IGME,UN IGME estimate,2021,2021,NGA,Nigeria,1,Administrative level 1,,,D_PER_1000_B,"Deaths per 1,000 live births",2000-01,59.111692759268,,,,,,,,,A,Normal value,,,,,,,,1,,,,,2000,50.616650676502,68.6965480107565,
NGA-16_1,Gombe,MRM0,Neonatal mortality rate,_T,Total,_T,Total,UN_IGME,UN IGME estimate,2021,2021,NGA,Nigeria,1,Administrative level 1,,,D_PER_1000_B,"Deaths per 1,000 live births",2001-01,59.2146876228951,,,,,,,,,A,Normal value,,,,,,,,1,,,,,2001,51.0554859435871,68.3231303619012,
NGA-16_1,Gombe,MRM0,Neonatal mortality rate,_T,Total,_T,Total,UN_IGME,UN IGME estimate,2021,2021,NGA,Nigeria,1,Administrative level 1,,,D_PER_1000_B,"Deaths per 1,000 live births",2002-01,57.7213510565647,,,,,,,,,A,Normal value,,,,,,,,1,,,,,2002,50.6836953730408,65.7468530548036,
NGA-16_1,Gombe,MRM0,Neonatal mortality rate,_T,Total,_T,Total,UN_IGME,UN IGME estimate,2021,2021,NGA,Nigeria,1,Administrative level 1,,,D_PER_1000_B,"Deaths per 1,000 live births",2003-01,56.5675595744605,,,,,,,,,A,Normal value,,,,,,,,1,,,,,2003,49.6713403617128,64.2327655266802,
NGA-16_1,Gombe,MRM0,Neonatal mortality rate,_T,Total,_T,Total,UN_IGME,UN IGME estimate,2021,2021,NGA,Nigeria,1,Administrative level 1,,,D_PER_1000_B,"Deaths per 1,000 live births",2004-01,55.2639758992492,,,,,,,,,A,Normal value,,,,,,,,1,,,,,2004,49.1355326398208,62.8906078531222,
NGA-16_1,Gombe,MRM0,Neonatal mortality rate,_T,Total,_T,Total,UN_IGME,UN IGME estimate,2021,2021,NGA,Nigeria,1,Administrative level 1,,,D_PER_1000_B,"Deaths per 1,000 live births",2005-01,54.5717631024428,,,,,,,,,A,Normal value,,,,,,,,1,,,,,2005,48.4770042717444,61.7344815335911,
NGA-16_1,Gombe,MRM0,Neonatal mortality rate,_T,Total,_T,Total,UN_IGME,UN IGME estimate,2021,2021,NGA,Nigeria,1,Administrative level 1,,,D_PER_1000_B,"Deaths per 1,000 live births",2006-01,53.2592867800582,,,,,,,,,A,Normal value,,,,,,,,1,,,,,2006,47.2795405525079,59.8167120271035,
NGA-16_1,Gombe,MRM0,Neonatal mortality rate,_T,Total,_T,Total,UN_IGME,UN IGME estimate,2021,2021,NGA,Nigeria,1,Administrative level 1,,,D_PER_1000_B,"Deaths per 1,000 live births",2007-01,53.3065781763742,,,,,,,,,A,Normal value,,,,,,,,1,,,,,2007,47.6548812752172,60.0844118590035,
NGA-16_1,Gombe,MRM0,Neonatal mortality rate,_T,Total,_T,Total,UN_IGME,UN IGME estimate,2021,2021,NGA,Nigeria,1,Administrative level 1,,,D_PER_1000_B,"Deaths per 1,000 live births",2008-01,50.4769640740165,,,,,,,,,A,Normal value,,,,,,,,1,,,,,2008,45.1098552485871,56.8557299713623,
NGA-16_1,Gombe,MRM0,Neonatal mortality rate,_T,Total,_T,Total,UN_IGME,UN IGME estimate,2021,2021,NGA,Nigeria,1,Administrative level 1,,,D_PER_1000_B,"Deaths per 1,000 live births",2009-01,50.3227661052081,,,,,,,,,A,Normal value,,,,,,,,1,,,,,2009,44.2978602158108,56.7311161374244,
NGA-16_1,Gombe,MRM0,Neonatal mortality rate,_T,Total,_T,Total,UN_IGME,UN IGME estimate,2021,2021,NGA,Nigeria,1,Administrative level 1,,,D_PER_1000_B,"Deaths per 1,000 live births",2010-01,49.1260874061221,,,,,,,,,A,Normal value,,,,,,,,1,,,,,2010,42.5593358227763,55.1838495388834,
NGA-16_1,Gombe,MRM0,Neonatal mortality rate,_T,Total,_T,Total,UN_IGME,UN IGME estimate,2021,2021,NGA,Nigeria,1,Administrative level 1,,,D_PER_1000_B,"Deaths per 1,000 live births",2011-01,48.4581694721791,,,,,,,,,A,Normal value,,,,,,,,1,,,,,2011,42.2555355681139,55.3112208618336,
NGA-16_1,Gombe,MRM0,Neonatal mortality rate,_T,Total,_T,Total,UN_IGME,UN IGME estimate,2021,2021,NGA,Nigeria,1,Administrative level 1,,,D_PER_1000_B,"Deaths per 1,000 live births",2012-01,49.2969785127715,,,,,,,,,A,Normal value,,,,,,,,1,,,,,2012,43.4197457467299,55.9344962087105,
NGA-16_1,Gombe,MRM0,Neonatal mortality rate,_T,Total,_T,Total,UN_IGME,UN IGME estimate,2021,2021,NGA,Nigeria,1,Administrative level 1,,,D_PER_1000_B,"Deaths per 1,000 live births",2013-01,50.1039059470339,,,,,,,,,A,Normal value,,,,,,,,1,,,,,2013,43.6517443018947,56.6821223462028,
NGA-16_1,Gombe,MRM0,Neonatal mortality rate,_T,Total,_T,Total,UN_IGME,UN IGME estimate,2021,2021,NGA,Nigeria,1,Administrative level 1,,,D_PER_1000_B,"Deaths per 1,000 live births",2014-01,49.9423007897354,,,,,,,,,A,Normal value,,,,,,,,1,,,,,2014,43.6904347929659,58.0667886594635,
NGA-16_1,Gombe,MRM0,Neonatal mortality rate,_T,Total,_T,Total,UN_IGME,UN IGME estimate,2021,2021,NGA,Nigeria,1,Administrative level 1,,,D_PER_1000_B,"Deaths per 1,000 live births",2015-01,50.1195225783558,,,,,,,,,A,Normal value,,,,,,,,1,,,,,2015,43.1068703777582,58.5350751751924,
NGA-16_1,Gombe,MRM0,Neonatal mortality rate,_T,Total,_T,Total,UN_IGME,UN IGME estimate,2021,2021,NGA,Nigeria,1,Administrative level 1,,,D_PER_1000_B,"Deaths per 1,000 live births",2016-01,49.5522603415841,,,,,,,,,A,Normal value,,,,,,,,1,,,,,2016,42.1868649494227,58.0924390868741,
NGA-16_1,Gombe,MRM0,Neonatal mortality rate,_T,Total,_T,Total,UN_IGME,UN IGME estimate,2021,2021,NGA,Nigeria,1,Administrative level 1,,,D_PER_1000_B,"Deaths per 1,000 live births",2017-01,48.6218728788566,,,,,,,,,A,Normal value,,,,,,,,1,,,,,2017,41.2033319565468,57.8143836724553,
NGA-16_1,Gombe,MRM0,Neonatal mortality rate,_T,Total,_T,Total,UN_IGME,UN IGME estimate,2021,2021,NGA,Nigeria,1,Administrative level 1,,,D_PER_1000_B,"Deaths per 1,000 live births",2018-01,48.0582690961776,,,,,,,,,A,Normal value,,,,,,,,1,,,,,2018,39.8969236324136,56.7061390357699,
NGA-16_1,Gombe,MRM0,Neonatal mortality rate,_T,Total,_T,Total,UN_IGME,UN IGME estimate,2021,2021,NGA,Nigeria,1,Administrative level 1,,,D_PER_1000_B,"Deaths per 1,000 live births",2019-01,47.0476605258724,,,,,,,,,A,Normal value,,,,,,,,1,,,,,2019,38.775730136789,57.4046083087378,
NGA-16_1,Gombe,MRM0,Neonatal mortality rate,_T,Total,_T,Total,UN_IGME,UN IGME estimate,2021,2021,NGA,Nigeria,1,Administrative level 1,,,D_PER_1000_B,"Deaths per 1,000 live births",2020-01,46.3925501778371,,,,,,,,,A,Normal value,,,,,,,,1,,,,,2020,37.0425852211107,57.3665377516439,
NGA-16_1,Gombe,MRM0,Neonatal mortality rate,_T,Total,_T,Total,UN_IGME,UN IGME estimate,2021,2021,NGA,Nigeria,1,Administrative level 1,,,D_PER_1000_B,"Deaths per 1,000 live births",2021-01,45.6392882351621,,,,,,,,,A,Normal value,,,,,,,,1,,,,,2021,35.854455339771,57.1983725012014,
NGA-15_1,Federal Capital Territory,MRM0,Neonatal mortality rate,_T,Total,_T,Total,UN_IGME,UN IGME estimate,2021,2021,NGA,Nigeria,1,Administrative level 1,,,D_PER_1000_B,"Deaths per 1,000 live births",2000-01,45.344235187365,,,,,,,,,A,Normal value,,,,,,,,1,,,,,2000,36.6173838655702,55.5157306351852,
NGA-15_1,Federal Capital Territory,MRM0,Neonatal mortality rate,_T,Total,_T,Total,UN_IGME,UN IGME estimate,2021,2021,NGA,Nigeria,1,Administrative level 1,,,D_PER_1000_B,"Deaths per 1,000 live births",2001-01,44.6939895054544,,,,,,,,,A,Normal value,,,,,,,,1,,,,,2001,36.615087369271,54.1334188085701,
NGA-15_1,Federal Capital Territory,MRM0,Neonatal mortality rate,_T,Total,_T,Total,UN_IGME,UN IGME estimate,2021,2021,NGA,Nigeria,1,Administrative level 1,,,D_PER_1000_B,"Deaths per 1,000 live births",2002-01,43.7234905208911,,,,,,,,,A,Normal value,,,,,,,,1,,,,,2002,36.5407114485786,52.3333554732335,
NGA-15_1,Federal Capital Territory,MRM0,Neonatal mortality rate,_T,Total,_T,Total,UN_IGME,UN IGME estimate,2021,2021,NGA,Nigeria,1,Administrative level 1,,,D_PER_1000_B,"Deaths per 1,000 live births",2003-01,41.8073435105627,,,,,,,,,A,Normal value,,,,,,,,1,,,,,2003,35.3438058116911,49.7095832489129,
NGA-15_1,Federal Capital Territory,MRM0,Neonatal mortality rate,_T,Total,_T,Total,UN_IGME,UN IGME estimate,2021,2021,NGA,Nigeria,1,Administrative level 1,,,D_PER_1000_B,"Deaths per 1,000 live births",2004-01,41.136001662809,,,,,,,,,A,Normal value,,,,,,,,1,,,,,2004,35.0048231754572,48.5964102717873,
NGA-15_1,Federal Capital Territory,MRM0,Neonatal mortality rate,_T,Total,_T,Total,UN_IGME,UN IGME estimate,2021,2021,NGA,Nigeria,1,Administrative level 1,,,D_PER_1000_B,"Deaths per 1,000 live births",2005-01,40.5167127841832,,,,,,,,,A,Normal value,,,,,,,,1,,,,,2005,34.5254525670007,47.4597992288547,
NGA-15_1,Federal Capital Territory,MRM0,Neonatal mortality rate,_T,Total,_T,Total,UN_IGME,UN IGME estimate,2021,2021,NGA,Nigeria,1,Administrative level 1,,,D_PER_1000_B,"Deaths per 1,000 live births",2006-01,39.6511584830745,,,,,,,,,A,Normal value,,,,,,,,1,,,,,2006,33.9754010049182,46.6310457762347,
NGA-15_1,Federal Capital Territory,MRM0,Neonatal mortality rate,_T,Total,_T,Total,UN_IGME,UN IGME estimate,2021,2021,NGA,Nigeria,1,Administrative level 1,,,D_PER_1000_B,"Deaths per 1,000 live births",2007-01,39.828584735517,,,,,,,,,A,Normal value,,,,,,,,1,,,,,2007,33.7823565082369,46.5839307629138,
NGA-15_1,Federal Capital Territory,MRM0,Neonatal mortality rate,_T,Total,_T,Total,UN_IGME,UN IGME estimate,2021,2021,NGA,Nigeria,1,Administrative level 1,,,D_PER_1000_B,"Deaths per 1,000 live births",2008-01,37.9382198312527,,,,,,,,,A,Normal value,,,,,,,,1,,,,,2008,32.3417471488836,44.237697388447,
NGA-15_1,Federal Capital Territory,MRM0,Neonatal mortality rate,_T,Total,_T,Total,UN_IGME,UN IGME estimate,2021,2021,NGA,Nigeria,1,Administrative level 1,,,D_PER_1000_B,"Deaths per 1,000 live births",2009-01,37.0307488814329,,,,,,,,,A,Normal value,,,,,,,,1,,,,,2009,31.2853232478417,42.8726892826265,
NGA-15_1,Federal Capital Territory,MRM0,Neonatal mortality rate,_T,Total,_T,Total,UN_IGME,UN IGME estimate,2021,2021,NGA,Nigeria,1,Administrative level 1,,,D_PER_1000_B,"Deaths per 1,000 live births",2010-01,36.465436910816,,,,,,,,,A,Normal value,,,,,,,,1,,,,,2010,30.9983848972424,42.8449246282574,
NGA-15_1,Federal Capital Territory,MRM0,Neonatal mortality rate,_T,Total,_T,Total,UN_IGME,UN IGME estimate,2021,2021,NGA,Nigeria,1,Administrative level 1,,,D_PER_1000_B,"Deaths per 1,000 live births",2011-01,36.144893781622,,,,,,,,,A,Normal value,,,,,,,,1,,,,,2011,30.769806909022,42.4025088550222,
NGA-15_1,Federal Capital Territory,MRM0,Neonatal mortality rate,_T,Total,_T,Total,UN_IGME,UN IGME estimate,2021,2021,NGA,Nigeria,1,Administrative level 1,,,D_PER_1000_B,"Deaths per 1,000 live births",2012-01,36.0984519317651,,,,,,,,,A,Normal value,,,,,,,,1,,,,,2012,30.6168370208311,42.3967293201235,
NGA-15_1,Federal Capital Territory,MRM0,Neonatal mortality rate,_T,Total,_T,Total,UN_IGME,UN IGME estimate,2021,2021,NGA,Nigeria,1,Administrative level 1,,,D_PER_1000_B,"Deaths per 1,000 live births",2013-01,36.0293458578455,,,,,,,,,A,Normal value,,,,,,,,1,,,,,2013,30.2665220870508,42.3199399160563,
NGA-15_1,Federal Capital Territory,MRM0,Neonatal mortality rate,_T,Total,_T,Total,UN_IGME,UN IGME estimate,2021,2021,NGA,Nigeria,1,Administrative level 1,,,D_PER_1000_B,"Deaths per 1,000 live births",2014-01,36.6605680478019,,,,,,,,,A,Normal value,,,,,,,,1,,,,,2014,30.3738864208965,43.4277055427201,
NGA-15_1,Federal Capital Territory,MRM0,Neonatal mortality rate,_T,Total,_T,Total,UN_IGME,UN IGME estimate,2021,2021,NGA,Nigeria,1,Administrative level 1,,,D_PER_1000_B,"Deaths per 1,000 live births",2015-01,36.2578758797391,,,,,,,,,A,Normal value,,,,,,,,1,,,,,2015,29.8764894599162,43.4428228819311,
NGA-15_1,Federal Capital Territory,MRM0,Neonatal mortality rate,_T,Total,_T,Total,UN_IGME,UN IGME estimate,2021,2021,NGA,Nigeria,1,Administrative level 1,,,D_PER_1000_B,"Deaths per 1,000 live births",2016-01,35.9096393251508,,,,,,,,,A,Normal value,,,,,,,,1,,,,,2016,29.3662810192656,43.5916398018514,
NGA-15_1,Federal Capital Territory,MRM0,Neonatal mortality rate,_T,Total,_T,Total,UN_IGME,UN IGME estimate,2021,2021,NGA,Nigeria,1,Administrative level 1,,,D_PER_1000_B,"Deaths per 1,000 live births",2017-01,35.4617311192577,,,,,,,,,A,Normal value,,,,,,,,1,,,,,2017,28.3156598430989,43.0111386443858,
NGA-15_1,Federal Capital Territory,MRM0,Neonatal mortality rate,_T,Total,_T,Total,UN_IGME,UN IGME estimate,2021,2021,NGA,Nigeria,1,Administrative level 1,,,D_PER_1000_B,"Deaths per 1,000 live births",2018-01,34.8141701974525,,,,,,,,,A,Normal value,,,,,,,,1,,,,,2018,27.7296034043867,42.9237596981665,
NGA-15_1,Federal Capital Territory,MRM0,Neonatal mortality rate,_T,Total,_T,Total,UN_IGME,UN IGME estimate,2021,2021,NGA,Nigeria,1,Administrative level 1,,,D_PER_1000_B,"Deaths per 1,000 live births",2019-01,33.9144135640229,,,,,,,,,A,Normal value,,,,,,,,1,,,,,2019,26.5600361486264,42.8401406914268,
NGA-15_1,Federal Capital Territory,MRM0,Neonatal mortality rate,_T,Total,_T,Total,UN_IGME,UN IGME estimate,2021,2021,NGA,Nigeria,1,Administrative level 1,,,D_PER_1000_B,"Deaths per 1,000 live births",2020-01,33.2877993913614,,,,,,,,,A,Normal value,,,,,,,,1,,,,,2020,25.7456167350959,42.6848846365767,
NGA-15_1,Federal Capital Territory,MRM0,Neonatal mortality rate,_T,Total,_T,Total,UN_IGME,UN IGME estimate,2021,2021,NGA,Nigeria,1,Administrative level 1,,,D_PER_1000_B,"Deaths per 1,000 live births",2021-01,32.7196717428486,,,,,,,,,A,Normal value,,,,,,,,1,,,,,2021,24.9301756545559,42.5583013747378,
NGA-22_1,Kebbi,MRM0,Neonatal mortality rate,_T,Total,_T,Total,UN_IGME,UN IGME estimate,2021,2021,NGA,Nigeria,1,Administrative level 1,,,D_PER_1000_B,"Deaths per 1,000 live births",2000-01,63.8263615564243,,,,,,,,,A,Normal value,,,,,,,,1,,,,,2000,54.7413277457608,75.5733483223184,
NGA-22_1,Kebbi,MRM0,Neonatal mortality rate,_T,Total,_T,Total,UN_IGME,UN IGME estimate,2021,2021,NGA,Nigeria,1,Administrative level 1,,,D_PER_1000_B,"Deaths per 1,000 live births",2001-01,64.6194542212888,,,,,,,,,A,Normal value,,,,,,,,1,,,,,2001,55.6458011162628,75.8241622171088,
NGA-22_1,Kebbi,MRM0,Neonatal mortality rate,_T,Total,_T,Total,UN_IGME,UN IGME estimate,2021,2021,NGA,Nigeria,1,Administrative level 1,,,D_PER_1000_B,"Deaths per 1,000 live births",2002-01,62.3472408618041,,,,,,,,,A,Normal value,,,,,,,,1,,,,,2002,53.956733176529,71.6571937333845,
NGA-22_1,Kebbi,MRM0,Neonatal mortality rate,_T,Total,_T,Total,UN_IGME,UN IGME estimate,2021,2021,NGA,Nigeria,1,Administrative level 1,,,D_PER_1000_B,"Deaths per 1,000 live births",2003-01,61.9308104735086,,,,,,,,,A,Normal value,,,,,,,,1,,,,,2003,53.8385209751081,70.0669229020551,
NGA-22_1,Kebbi,MRM0,Neonatal mortality rate,_T,Total,_T,Total,UN_IGME,UN IGME estimate,2021,2021,NGA,Nigeria,1,Administrative level 1,,,D_PER_1000_B,"Deaths per 1,000 live births",2004-01,61.1116779754634,,,,,,,,,A,Normal value,,,,,,,,1,,,,,2004,54.0070302345366,68.6768972884263,
NGA-22_1,Kebbi,MRM0,Neonatal mortality rate,_T,Total,_T,Total,UN_IGME,UN IGME estimate,2021,2021,NGA,Nigeria,1,Administrative level 1,,,D_PER_1000_B,"Deaths per 1,000 live births",2005-01,60.8260453358535,,,,,,,,,A,Normal value,,,,,,,,1,,,,,2005,53.9754970319527,68.6891263349458,
NGA-22_1,Kebbi,MRM0,Neonatal mortality rate,_T,Total,_T,Total,UN_IGME,UN IGME estimate,2021,2021,NGA,Nigeria,1,Administrative level 1,,,D_PER_1000_B,"Deaths per 1,000 live births",2006-01,59.9434641998812,,,,,,,,,A,Normal value,,,,,,,,1,,,,,2006,53.062706324378,67.3163690063781,
NGA-22_1,Kebbi,MRM0,Neonatal mortality rate,_T,Total,_T,Total,UN_IGME,UN IGME estimate,2021,2021,NGA,Nigeria,1,Administrative level 1,,,D_PER_1000_B,"Deaths per 1,000 live births",2007-01,61.2809663213158,,,,,,,,,A,Normal value,,,,,,,,1,,,,,2007,54.0420887187546,69.9326083727791,
NGA-22_1,Kebbi,MRM0,Neonatal mortality rate,_T,Total,_T,Total,UN_IGME,UN IGME estimate,2021,2021,NGA,Nigeria,1,Administrative level 1,,,D_PER_1000_B,"Deaths per 1,000 live births",2008-01,57.4924538871638,,,,,,,,,A,Normal value,,,,,,,,1,,,,,2008,51.1178687886765,65.1651069859139,
NGA-22_1,Kebbi,MRM0,Neonatal mortality rate,_T,Total,_T,Total,UN_IGME,UN IGME estimate,2021,2021,NGA,Nigeria,1,Administrative level 1,,,D_PER_1000_B,"Deaths per 1,000 live births",2009-01,57.7423704386933,,,,,,,,,A,Normal value,,,,,,,,1,,,,,2009,50.9156415235339,65.4602068073351,
NGA-22_1,Kebbi,MRM0,Neonatal mortality rate,_T,Total,_T,Total,UN_IGME,UN IGME estimate,2021,2021,NGA,Nigeria,1,Administrative level 1,,,D_PER_1000_B,"Deaths per 1,000 live births",2010-01,57.0103419838769,,,,,,,,,A,Normal value,,,,,,,,1,,,,,2010,49.8077815260692,64.2934226483516,
NGA-22_1,Kebbi,MRM0,Neonatal mortality rate,_T,Total,_T,Total,UN_IGME,UN IGME estimate,2021,2021,NGA,Nigeria,1,Administrative level 1,,,D_PER_1000_B,"Deaths per 1,000 live births",2011-01,55.4527980646165,,,,,,,,,A,Normal value,,,,,,,,1,,,,,2011,48.2334094991284,62.8602425216678,
NGA-22_1,Kebbi,MRM0,Neonatal mortality rate,_T,Total,_T,Total,UN_IGME,UN IGME estimate,2021,2021,NGA,Nigeria,1,Administrative level 1,,,D_PER_1000_B,"Deaths per 1,000 live births",2012-01,55.9873405740393,,,,,,,,,A,Normal value,,,,,,,,1,,,,,2012,49.2180637502484,64.0280092115662,
NGA-22_1,Kebbi,MRM0,Neonatal mortality rate,_T,Total,_T,Total,UN_IGME,UN IGME estimate,2021,2021,NGA,Nigeria,1,Administrative level 1,,,D_PER_1000_B,"Deaths per 1,000 live births",2013-01,56.9752431052272,,,,,,,,,A,Normal value,,,,,,,,1,,,,,2013,49.6362429261555,65.2019665788155,
NGA-22_1,Kebbi,MRM0,Neonatal mortality rate,_T,Total,_T,Total,UN_IGME,UN IGME estimate,2021,2021,NGA,Nigeria,1,Administrative level 1,,,D_PER_1000_B,"Deaths per 1,000 live births",2014-01,57.2000247427705,,,,,,,,,A,Normal value,,,,,,,,1,,,,,2014,49.2730349811012,65.7145728754919,
NGA-22_1,Kebbi,MRM0,Neonatal mortality rate,_T,Total,_T,Total,UN_IGME,UN IGME estimate,2021,2021,NGA,Nigeria,1,Administrative level 1,,,D_PER_1000_B,"Deaths per 1,000 live births",2015-01,57.4152321089746,,,,,,,,,A,Normal value,,,,,,,,1,,,,,2015,49.3802533460663,67.2814412998205,
NGA-22_1,Kebbi,MRM0,Neonatal mortality rate,_T,Total,_T,Total,UN_IGME,UN IGME estimate,2021,2021,NGA,Nigeria,1,Administrative level 1,,,D_PER_1000_B,"Deaths per 1,000 live births",2016-01,56.2238816836238,,,,,,,,,A,Normal value,,,,,,,,1,,,,,2016,47.42365092942,66.73287868155,
NGA-22_1,Kebbi,MRM0,Neonatal mortality rate,_T,Total,_T,Total,UN_IGME,UN IGME estimate,2021,2021,NGA,Nigeria,1,Administrative level 1,,,D_PER_1000_B,"Deaths per 1,000 live births",2017-01,55.1552672992741,,,,,,,,,A,Normal value,,,,,,,,1,,,,,2017,45.6881883136839,65.3971786380664,
NGA-22_1,Kebbi,MRM0,Neonatal mortality rate,_T,Total,_T,Total,UN_IGME,UN IGME estimate,2021,2021,NGA,Nigeria,1,Administrative level 1,,,D_PER_1000_B,"Deaths per 1,000 live births",2018-01,53.8137873683405,,,,,,,,,A,Normal value,,,,,,,,1,,,,,2018,44.8267266027226,64.5676868958473,
NGA-22_1,Kebbi,MRM0,Neonatal mortality rate,_T,Total,_T,Total,UN_IGME,UN IGME estimate,2021,2021,NGA,Nigeria,1,Administrative level 1,,,D_PER_1000_B,"Deaths per 1,000 live births",2019-01,52.9179329118189,,,,,,,,,A,Normal value,,,,,,,,1,,,,,2019,42.9006209248187,64.7567501814006,
NGA-22_1,Kebbi,MRM0,Neonatal mortality rate,_T,Total,_T,Total,UN_IGME,UN IGME estimate,2021,2021,NGA,Nigeria,1,Administrative level 1,,,D_PER_1000_B,"Deaths per 1,000 live births",2020-01,52.1157481436287,,,,,,,,,A,Normal value,,,,,,,,1,,,,,2020,41.1961187441489,65.0621059985747,
NGA-22_1,Kebbi,MRM0,Neonatal mortality rate,_T,Total,_T,Total,UN_IGME,UN IGME estimate,2021,2021,NGA,Nigeria,1,Administrative level 1,,,D_PER_1000_B,"Deaths per 1,000 live births",2021-01,51.7221169574919,,,,,,,,,A,Normal value,,,,,,,,1,,,,,2021,39.8697942017932,65.6620441777303,
NGA-11_1,Ebonyi,MRY0T4,Under-five mortality rate,_T,Total,_T,Total,UN_IGME,UN IGME estimate,2021,2021,NGA,Nigeria,1,Administrative level 1,,,D_PER_1000_B,"Deaths per 1,000 live births",2000-01,194.5802139779,,,,,,,,,A,Normal value,,,,,,,,1,,,,,2000,169.315827511,220.453094597937,
NGA-11_1,Ebonyi,MRY0T4,Under-five mortality rate,_T,Total,_T,Total,UN_IGME,UN IGME estimate,2021,2021,NGA,Nigeria,1,Administrative level 1,,,D_PER_1000_B,"Deaths per 1,000 live births",2001-01,190.793332832281,,,,,,,,,A,Normal value,,,,,,,,1,,,,,2001,169.072867349248,214.820567131697,
NGA-11_1,Ebonyi,MRY0T4,Under-five mortality rate,_T,Total,_T,Total,UN_IGME,UN IGME estimate,2021,2021,NGA,Nigeria,1,Administrative level 1,,,D_PER_1000_B,"Deaths per 1,000 live births",2002-01,185.885225890503,,,,,,,,,A,Normal value,,,,,,,,1,,,,,2002,167.362201349958,208.064042019847,
NGA-11_1,Ebonyi,MRY0T4,Under-five mortality rate,_T,Total,_T,Total,UN_IGME,UN IGME estimate,2021,2021,NGA,Nigeria,1,Administrative level 1,,,D_PER_1000_B,"Deaths per 1,000 live births",2003-01,181.664733599578,,,,,,,,,A,Normal value,,,,,,,,1,,,,,2003,162.772768750125,202.767716930315,
NGA-11_1,Ebonyi,MRY0T4,Under-five mortality rate,_T,Total,_T,Total,UN_IGME,UN IGME estimate,2021,2021,NGA,Nigeria,1,Administrative level 1,,,D_PER_1000_B,"Deaths per 1,000 live births",2004-01,178.996623919229,,,,,,,,,A,Normal value,,,,,,,,1,,,,,2004,161.228987052895,198.415054731509,
NGA-11_1,Ebonyi,MRY0T4,Under-five mortality rate,_T,Total,_T,Total,UN_IGME,UN IGME estimate,2021,2021,NGA,Nigeria,1,Administrative level 1,,,D_PER_1000_B,"Deaths per 1,000 live births",2005-01,177.2788658293,,,,,,,,,A,Normal value,,,,,,,,1,,,,,2005,160.102280609827,195.466247273107,
NGA-11_1,Ebonyi,MRY0T4,Under-five mortality rate,_T,Total,_T,Total,UN_IGME,UN IGME estimate,2021,2021,NGA,Nigeria,1,Administrative level 1,,,D_PER_1000_B,"Deaths per 1,000 live births",2006-01,170.978467614247,,,,,,,,,A,Normal value,,,,,,,,1,,,,,2006,154.978855464433,188.024235739203,
NGA-11_1,Ebonyi,MRY0T4,Under-five mortality rate,_T,Total,_T,Total,UN_IGME,UN IGME estimate,2021,2021,NGA,Nigeria,1,Administrative level 1,,,D_PER_1000_B,"Deaths per 1,000 live births",2007-01,166.850287353883,,,,,,,,,A,Normal value,,,,,,,,1,,,,,2007,151.351441400742,183.884771743101,
NGA-11_1,Ebonyi,MRY0T4,Under-five mortality rate,_T,Total,_T,Total,UN_IGME,UN IGME estimate,2021,2021,NGA,Nigeria,1,Administrative level 1,,,D_PER_1000_B,"Deaths per 1,000 live births",2008-01,166.657625310776,,,,,,,,,A,Normal value,,,,,,,,1,,,,,2008,150.862289588949,184.150170004439,
NGA-11_1,Ebonyi,MRY0T4,Under-five mortality rate,_T,Total,_T,Total,UN_IGME,UN IGME estimate,2021,2021,NGA,Nigeria,1,Administrative level 1,,,D_PER_1000_B,"Deaths per 1,000 live births",2009-01,163.27418813628,,,,,,,,,A,Normal value,,,,,,,,1,,,,,2009,148.181119417132,180.809049048461,
NGA-11_1,Ebonyi,MRY0T4,Under-five mortality rate,_T,Total,_T,Total,UN_IGME,UN IGME estimate,2021,2021,NGA,Nigeria,1,Administrative level 1,,,D_PER_1000_B,"Deaths per 1,000 live births",2010-01,162.219142591808,,,,,,,,,A,Normal value,,,,,,,,1,,,,,2010,146.284681350716,180.701127114966,
NGA-11_1,Ebonyi,MRY0T4,Under-five mortality rate,_T,Total,_T,Total,UN_IGME,UN IGME estimate,2021,2021,NGA,Nigeria,1,Administrative level 1,,,D_PER_1000_B,"Deaths per 1,000 live births",2011-01,156.146450110137,,,,,,,,,A,Normal value,,,,,,,,1,,,,,2011,140.193612156444,173.361162609427,
NGA-11_1,Ebonyi,MRY0T4,Under-five mortality rate,_T,Total,_T,Total,UN_IGME,UN IGME estimate,2021,2021,NGA,Nigeria,1,Administrative level 1,,,D_PER_1000_B,"Deaths per 1,000 live births",2012-01,149.310769833549,,,,,,,,,A,Normal value,,,,,,,,1,,,,,2012,133.457786681047,166.301010285798,
NGA-11_1,Ebonyi,MRY0T4,Under-five mortality rate,_T,Total,_T,Total,UN_IGME,UN IGME estimate,2021,2021,NGA,Nigeria,1,Administrative level 1,,,D_PER_1000_B,"Deaths per 1,000 live births",2013-01,139.208957685675,,,,,,,,,A,Normal value,,,,,,,,1,,,,,2013,124.445014864512,156.300187945767,
NGA-11_1,Ebonyi,MRY0T4,Under-five mortality rate,_T,Total,_T,Total,UN_IGME,UN IGME estimate,2021,2021,NGA,Nigeria,1,Administrative level 1,,,D_PER_1000_B,"Deaths per 1,000 live births",2014-01,129.242967187835,,,,,,,,,A,Normal value,,,,,,,,1,,,,,2014,113.355116658157,145.489365872233,
NGA-11_1,Ebonyi,MRY0T4,Under-five mortality rate,_T,Total,_T,Total,UN_IGME,UN IGME estimate,2021,2021,NGA,Nigeria,1,Administrative level 1,,,D_PER_1000_B,"Deaths per 1,000 live births",2015-01,119.898428206603,,,,,,,,,A,Normal value,,,,,,,,1,,,,,2015,104.532112219293,136.404740969386,
NGA-11_1,Ebonyi,MRY0T4,Under-five mortality rate,_T,Total,_T,Total,UN_IGME,UN IGME estimate,2021,2021,NGA,Nigeria,1,Administrative level 1,,,D_PER_1000_B,"Deaths per 1,000 live births",2016-01,114.072282714762,,,,,,,,,A,Normal value,,,,,,,,1,,,,,2016,97.5203502732283,130.359973703048,
NGA-11_1,Ebonyi,MRY0T4,Under-five mortality rate,_T,Total,_T,Total,UN_IGME,UN IGME estimate,2021,2021,NGA,Nigeria,1,Administrative level 1,,,D_PER_1000_B,"Deaths per 1,000 live births",2017-01,107.368469468189,,,,,,,,,A,Normal value,,,,,,,,1,,,,,2017,91.64143410839,124.710713982205,
NGA-11_1,Ebonyi,MRY0T4,Under-five mortality rate,_T,Total,_T,Total,UN_IGME,UN IGME estimate,2021,2021,NGA,Nigeria,1,Administrative level 1,,,D_PER_1000_B,"Deaths per 1,000 live births",2018-01,105.015434471593,,,,,,,,,A,Normal value,,,,,,,,1,,,,,2018,87.8871199904103,124.375594412443,
NGA-11_1,Ebonyi,MRY0T4,Under-five mortality rate,_T,Total,_T,Total,UN_IGME,UN IGME estimate,2021,2021,NGA,Nigeria,1,Administrative level 1,,,D_PER_1000_B,"Deaths per 1,000 live births",2019-01,101.659388284035,,,,,,,,,A,Normal value,,,,,,,,1,,,,,2019,82.8836653612376,122.652277055869,
NGA-11_1,Ebonyi,MRY0T4,Under-five mortality rate,_T,Total,_T,Total,UN_IGME,UN IGME estimate,2021,2021,NGA,Nigeria,1,Administrative level 1,,,D_PER_1000_B,"Deaths per 1,000 live births",2020-01,98.8682608074624,,,,,,,,,A,Normal value,,,,,,,,1,,,,,2020,78.5123735585764,121.310359467363,
NGA-11_1,Ebonyi,MRY0T4,Under-five mortality rate,_T,Total,_T,Total,UN_IGME,UN IGME estimate,2021,2021,NGA,Nigeria,1,Administrative level 1,,,D_PER_1000_B,"Deaths per 1,000 live births",2021-01,95.8394521365984,,,,,,,,,A,Normal value,,,,,,,,1,,,,,2021,75.4519205073239,119.115595341457,
NGA-1_1,Abia,MRM0,Neonatal mortality rate,_T,Total,_T,Total,UN_IGME,UN IGME estimate,2021,2021,NGA,Nigeria,1,Administrative level 1,,,D_PER_1000_B,"Deaths per 1,000 live births",2000-01,44.2843730974796,,,,,,,,,A,Normal value,,,,,,,,1,,,,,2000,35.1252462748371,54.1137351136296,
NGA-1_1,Abia,MRM0,Neonatal mortality rate,_T,Total,_T,Total,UN_IGME,UN IGME estimate,2021,2021,NGA,Nigeria,1,Administrative level 1,,,D_PER_1000_B,"Deaths per 1,000 live births",2001-01,44.2424504784104,,,,,,,,,A,Normal value,,,,,,,,1,,,,,2001,35.9464488215146,54.4502427293552,
NGA-1_1,Abia,MRM0,Neonatal mortality rate,_T,Total,_T,Total,UN_IGME,UN IGME estimate,2021,2021,NGA,Nigeria,1,Administrative level 1,,,D_PER_1000_B,"Deaths per 1,000 live births",2002-01,43.2691220736458,,,,,,,,,A,Normal value,,,,,,,,1,,,,,2002,35.4833072869976,52.1591655556848,
NGA-1_1,Abia,MRM0,Neonatal mortality rate,_T,Total,_T,Total,UN_IGME,UN IGME estimate,2021,2021,NGA,Nigeria,1,Administrative level 1,,,D_PER_1000_B,"Deaths per 1,000 live births",2003-01,42.485703205169,,,,,,,,,A,Normal value,,,,,,,,1,,,,,2003,35.4445019962442,51.3006009521965,
NGA-1_1,Abia,MRM0,Neonatal mortality rate,_T,Total,_T,Total,UN_IGME,UN IGME estimate,2021,2021,NGA,Nigeria,1,Administrative level 1,,,D_PER_1000_B,"Deaths per 1,000 live births",2004-01,41.3106489068845,,,,,,,,,A,Normal value,,,,,,,,1,,,,,2004,34.7732961915118,49.5077852317583,
NGA-1_1,Abia,MRM0,Neonatal mortality rate,_T,Total,_T,Total,UN_IGME,UN IGME estimate,2021,2021,NGA,Nigeria,1,Administrative level 1,,,D_PER_1000_B,"Deaths per 1,000 live births",2005-01,40.5278089585812,,,,,,,,,A,Normal value,,,,,,,,1,,,,,2005,34.2839730940007,48.1445405632917,
NGA-1_1,Abia,MRM0,Neonatal mortality rate,_T,Total,_T,Total,UN_IGME,UN IGME estimate,2021,2021,NGA,Nigeria,1,Administrative level 1,,,D_PER_1000_B,"Deaths per 1,000 live births",2006-01,39.3774644350437,,,,,,,,,A,Normal value,,,,,,,,1,,,,,2006,33.3027257256577,46.1991172233342,
NGA-1_1,Abia,MRM0,Neonatal mortality rate,_T,Total,_T,Total,UN_IGME,UN IGME estimate,2021,2021,NGA,Nigeria,1,Administrative level 1,,,D_PER_1000_B,"Deaths per 1,000 live births",2007-01,39.6855760965409,,,,,,,,,A,Normal value,,,,,,,,1,,,,,2007,33.4228536681292,46.5438666979744,
NGA-1_1,Abia,MRM0,Neonatal mortality rate,_T,Total,_T,Total,UN_IGME,UN IGME estimate,2021,2021,NGA,Nigeria,1,Administrative level 1,,,D_PER_1000_B,"Deaths per 1,000 live births",2008-01,37.9131142552086,,,,,,,,,A,Normal value,,,,,,,,1,,,,,2008,32.1404755814148,44.3563519099087,
NGA-1_1,Abia,MRM0,Neonatal mortality rate,_T,Total,_T,Total,UN_IGME,UN IGME estimate,2021,2021,NGA,Nigeria,1,Administrative level 1,,,D_PER_1000_B,"Deaths per 1,000 live births",2009-01,37.8864723070836,,,,,,,,,A,Normal value,,,,,,,,1,,,,,2009,31.966776905126,44.2022722180447,
NGA-1_1,Abia,MRM0,Neonatal mortality rate,_T,Total,_T,Total,UN_IGME,UN IGME estimate,2021,2021,NGA,Nigeria,1,Administrative level 1,,,D_PER_1000_B,"Deaths per 1,000 live births",2010-01,37.8276512444659,,,,,,,,,A,Normal value,,,,,,,,1,,,,,2010,31.7559186375552,44.1197660597044,
NGA-1_1,Abia,MRM0,Neonatal mortality rate,_T,Total,_T,Total,UN_IGME,UN IGME estimate,2021,2021,NGA,Nigeria,1,Administrative level 1,,,D_PER_1000_B,"Deaths per 1,000 live births",2011-01,37.5152861523454,,,,,,,,,A,Normal value,,,,,,,,1,,,,,2011,31.5040495583859,43.9952082874228,
NGA-1_1,Abia,MRM0,Neonatal mortality rate,_T,Total,_T,Total,UN_IGME,UN IGME estimate,2021,2021,NGA,Nigeria,1,Administrative level 1,,,D_PER_1000_B,"Deaths per 1,000 live births",2012-01,38.2965111710846,,,,,,,,,A,Normal value,,,,,,,,1,,,,,2012,32.0348422942379,45.1678153760402,
NGA-1_1,Abia,MRM0,Neonatal mortality rate,_T,Total,_T,Total,UN_IGME,UN IGME estimate,2021,2021,NGA,Nigeria,1,Administrative level 1,,,D_PER_1000_B,"Deaths per 1,000 live births",2013-01,38.6544822556075,,,,,,,,,A,Normal value,,,,,,,,1,,,,,2013,32.1763406053993,45.7472877663829,
NGA-1_1,Abia,MRM0,Neonatal mortality rate,_T,Total,_T,Total,UN_IGME,UN IGME estimate,2021,2021,NGA,Nigeria,1,Administrative level 1,,,D_PER_1000_B,"Deaths per 1,000 live births",2014-01,38.3193387843147,,,,,,,,,A,Normal value,,,,,,,,1,,,,,2014,31.7495787680213,45.9712459788057,
NGA-1_1,Abia,MRM0,Neonatal mortality rate,_T,Total,_T,Total,UN_IGME,UN IGME estimate,2021,2021,NGA,Nigeria,1,Administrative level 1,,,D_PER_1000_B,"Deaths per 1,000 live births",2015-01,38.014687903877,,,,,,,,,A,Normal value,,,,,,,,1,,,,,2015,31.0193061541814,45.9392265556577,
NGA-1_1,Abia,MRM0,Neonatal mortality rate,_T,Total,_T,Total,UN_IGME,UN IGME estimate,2021,2021,NGA,Nigeria,1,Administrative level 1,,,D_PER_1000_B,"Deaths per 1,000 live births",2016-01,37.1988932078374,,,,,,,,,A,Normal value,,,,,,,,1,,,,,2016,30.6610942960822,45.312814662159,
NGA-1_1,Abia,MRM0,Neonatal mortality rate,_T,Total,_T,Total,UN_IGME,UN IGME estimate,2021,2021,NGA,Nigeria,1,Administrative level 1,,,D_PER_1000_B,"Deaths per 1,000 live births",2017-01,36.7679240960226,,,,,,,,,A,Normal value,,,,,,,,1,,,,,2017,30.0617951420362,45.2485217390013,
NGA-1_1,Abia,MRM0,Neonatal mortality rate,_T,Total,_T,Total,UN_IGME,UN IGME estimate,2021,2021,NGA,Nigeria,1,Administrative level 1,,,D_PER_1000_B,"Deaths per 1,000 live births",2018-01,36.5898414721783,,,,,,,,,A,Normal value,,,,,,,,1,,,,,2018,28.8794360878851,45.93311267676,
NGA-1_1,Abia,MRM0,Neonatal mortality rate,_T,Total,_T,Total,UN_IGME,UN IGME estimate,2021,2021,NGA,Nigeria,1,Administrative level 1,,,D_PER_1000_B,"Deaths per 1,000 live births",2019-01,35.9728578988253,,,,,,,,,A,Normal value,,,,,,,,1,,,,,2019,27.9424724669307,45.9452838506613,
NGA-1_1,Abia,MRM0,Neonatal mortality rate,_T,Total,_T,Total,UN_IGME,UN IGME estimate,2021,2021,NGA,Nigeria,1,Administrative level 1,,,D_PER_1000_B,"Deaths per 1,000 live births",2020-01,35.3838726118243,,,,,,,,,A,Normal value,,,,,,,,1,,,,,2020,27.2608003259024,46.5174363524474,
NGA-1_1,Abia,MRM0,Neonatal mortality rate,_T,Total,_T,Total,UN_IGME,UN IGME estimate,2021,2021,NGA,Nigeria,1,Administrative level 1,,,D_PER_1000_B,"Deaths per 1,000 live births",2021-01,35.0757559850958,,,,,,,,,A,Normal value,,,,,,,,1,,,,,2021,26.5275067542506,46.7703047106893,
NGA-37_1,Zamfara,MRY0T4,Under-five mortality rate,_T,Total,_T,Total,UN_IGME,UN IGME estimate,2021,2021,NGA,Nigeria,1,Administrative level 1,,,D_PER_1000_B,"Deaths per 1,000 live births",2000-01,335.202363453033,,,,,,,,,A,Normal value,,,,,,,,1,,,,,2000,301.200137902251,370.301054539931,
NGA-37_1,Zamfara,MRY0T4,Under-five mortality rate,_T,Total,_T,Total,UN_IGME,UN IGME estimate,2021,2021,NGA,Nigeria,1,Administrative level 1,,,D_PER_1000_B,"Deaths per 1,000 live births",2001-01,320.445987055904,,,,,,,,,A,Normal value,,,,,,,,1,,,,,2001,291.508750168586,350.678267245347,
NGA-37_1,Zamfara,MRY0T4,Under-five mortality rate,_T,Total,_T,Total,UN_IGME,UN IGME estimate,2021,2021,NGA,Nigeria,1,Administrative level 1,,,D_PER_1000_B,"Deaths per 1,000 live births",2002-01,307.625412570267,,,,,,,,,A,Normal value,,,,,,,,1,,,,,2002,279.616801082138,333.394009828649,
NGA-37_1,Zamfara,MRY0T4,Under-five mortality rate,_T,Total,_T,Total,UN_IGME,UN IGME estimate,2021,2021,NGA,Nigeria,1,Administrative level 1,,,D_PER_1000_B,"Deaths per 1,000 live births",2003-01,299.991287385145,,,,,,,,,A,Normal value,,,,,,,,1,,,,,2003,275.282434603415,324.095017637121,
NGA-37_1,Zamfara,MRY0T4,Under-five mortality rate,_T,Total,_T,Total,UN_IGME,UN IGME estimate,2021,2021,NGA,Nigeria,1,Administrative level 1,,,D_PER_1000_B,"Deaths per 1,000 live births",2004-01,292.877127898317,,,,,,,,,A,Normal value,,,,,,,,1,,,,,2004,270.687747749332,315.655035990995,
NGA-37_1,Zamfara,MRY0T4,Under-five mortality rate,_T,Total,_T,Total,UN_IGME,UN IGME estimate,2021,2021,NGA,Nigeria,1,Administrative level 1,,,D_PER_1000_B,"Deaths per 1,000 live births",2005-01,285.987492161589,,,,,,,,,A,Normal value,,,,,,,,1,,,,,2005,265.740959941892,308.241092544154,
NGA-37_1,Zamfara,MRY0T4,Under-five mortality rate,_T,Total,_T,Total,UN_IGME,UN IGME estimate,2021,2021,NGA,Nigeria,1,Administrative level 1,,,D_PER_1000_B,"Deaths per 1,000 live births",2006-01,277.535054074532,,,,,,,,,A,Normal value,,,,,,,,1,,,,,2006,258.45107560306,296.730973328559,
NGA-37_1,Zamfara,MRY0T4,Under-five mortality rate,_T,Total,_T,Total,UN_IGME,UN IGME estimate,2021,2021,NGA,Nigeria,1,Administrative level 1,,,D_PER_1000_B,"Deaths per 1,000 live births",2007-01,275.724459071046,,,,,,,,,A,Normal value,,,,,,,,1,,,,,2007,255.882184227577,297.575434286494,
NGA-37_1,Zamfara,MRY0T4,Under-five mortality rate,_T,Total,_T,Total,UN_IGME,UN IGME estimate,2021,2021,NGA,Nigeria,1,Administrative level 1,,,D_PER_1000_B,"Deaths per 1,000 live births",2008-01,259.498393039214,,,,,,,,,A,Normal value,,,,,,,,1,,,,,2008,240.863568214872,279.533733447387,
NGA-37_1,Zamfara,MRY0T4,Under-five mortality rate,_T,Total,_T,Total,UN_IGME,UN IGME estimate,2021,2021,NGA,Nigeria,1,Administrative level 1,,,D_PER_1000_B,"Deaths per 1,000 live births",2009-01,249.273978100192,,,,,,,,,A,Normal value,,,,,,,,1,,,,,2009,231.221985406192,268.998771479363,
NGA-37_1,Zamfara,MRY0T4,Under-five mortality rate,_T,Total,_T,Total,UN_IGME,UN IGME estimate,2021,2021,NGA,Nigeria,1,Administrative level 1,,,D_PER_1000_B,"Deaths per 1,000 live births",2010-01,234.614440980273,,,,,,,,,A,Normal value,,,,,,,,1,,,,,2010,217.693800174481,253.158546046897,
NGA-37_1,Zamfara,MRY0T4,Under-five mortality rate,_T,Total,_T,Total,UN_IGME,UN IGME estimate,2021,2021,NGA,Nigeria,1,Administrative level 1,,,D_PER_1000_B,"Deaths per 1,000 live births",2011-01,218.72102207921,,,,,,,,,A,Normal value,,,,,,,,1,,,,,2011,201.298173052838,235.092188761652,
NGA-37_1,Zamfara,MRY0T4,Under-five mortality rate,_T,Total,_T,Total,UN_IGME,UN IGME estimate,2021,2021,NGA,Nigeria,1,Administrative level 1,,,D_PER_1000_B,"Deaths per 1,000 live births",2012-01,202.036864295029,,,,,,,,,A,Normal value,,,,,,,,1,,,,,2012,184.53585295827,220.283711054162,
NGA-37_1,Zamfara,MRY0T4,Under-five mortality rate,_T,Total,_T,Total,UN_IGME,UN IGME estimate,2021,2021,NGA,Nigeria,1,Administrative level 1,,,D_PER_1000_B,"Deaths per 1,000 live births",2013-01,199.542690271443,,,,,,,,,A,Normal value,,,,,,,,1,,,,,2013,182.850969603441,219.123119108212,
NGA-37_1,Zamfara,MRY0T4,Under-five mortality rate,_T,Total,_T,Total,UN_IGME,UN IGME estimate,2021,2021,NGA,Nigeria,1,Administrative level 1,,,D_PER_1000_B,"Deaths per 1,000 live births",2014-01,196.473381822216,,,,,,,,,A,Normal value,,,,,,,,1,,,,,2014,178.39962542468,216.25206610436,
NGA-37_1,Zamfara,MRY0T4,Under-five mortality rate,_T,Total,_T,Total,UN_IGME,UN IGME estimate,2021,2021,NGA,Nigeria,1,Administrative level 1,,,D_PER_1000_B,"Deaths per 1,000 live births",2015-01,192.549723013286,,,,,,,,,A,Normal value,,,,,,,,1,,,,,2015,173.076469703809,214.410537707162,
NGA-37_1,Zamfara,MRY0T4,Under-five mortality rate,_T,Total,_T,Total,UN_IGME,UN IGME estimate,2021,2021,NGA,Nigeria,1,Administrative level 1,,,D_PER_1000_B,"Deaths per 1,000 live births",2016-01,184.648514254166,,,,,,,,,A,Normal value,,,,,,,,1,,,,,2016,164.603440430523,206.299243029632,
NGA-37_1,Zamfara,MRY0T4,Under-five mortality rate,_T,Total,_T,Total,UN_IGME,UN IGME estimate,2021,2021,NGA,Nigeria,1,Administrative level 1,,,D_PER_1000_B,"Deaths per 1,000 live births",2017-01,177.906418594362,,,,,,,,,A,Normal value,,,,,,,,1,,,,,2017,156.175621711515,200.407773678769,
NGA-37_1,Zamfara,MRY0T4,Under-five mortality rate,_T,Total,_T,Total,UN_IGME,UN IGME estimate,2021,2021,NGA,Nigeria,1,Administrative level 1,,,D_PER_1000_B,"Deaths per 1,000 live births",2018-01,166.63883481233,,,,,,,,,A,Normal value,,,,,,,,1,,,,,2018,143.971439093761,192.000664161745,
NGA-37_1,Zamfara,MRY0T4,Under-five mortality rate,_T,Total,_T,Total,UN_IGME,UN IGME estimate,2021,2021,NGA,Nigeria,1,Administrative level 1,,,D_PER_1000_B,"Deaths per 1,000 live births",2019-01,160.242484385031,,,,,,,,,A,Normal value,,,,,,,,1,,,,,2019,134.773145896489,188.560326860041,
NGA-37_1,Zamfara,MRY0T4,Under-five mortality rate,_T,Total,_T,Total,UN_IGME,UN IGME estimate,2021,2021,NGA,Nigeria,1,Administrative level 1,,,D_PER_1000_B,"Deaths per 1,000 live births",2020-01,153.334516550422,,,,,,,,,A,Normal value,,,,,,,,1,,,,,2020,125.552140045687,182.92324323175,
NGA-37_1,Zamfara,MRY0T4,Under-five mortality rate,_T,Total,_T,Total,UN_IGME,UN IGME estimate,2021,2021,NGA,Nigeria,1,Administrative level 1,,,D_PER_1000_B,"Deaths per 1,000 live births",2021-01,147.185118297744,,,,,,,,,A,Normal value,,,,,,,,1,,,,,2021,118.027023567058,179.947193718496,
NGA-27_1,Niger,MRY0T4,Under-five mortality rate,_T,Total,_T,Total,UN_IGME,UN IGME estimate,2021,2021,NGA,Nigeria,1,Administrative level 1,,,D_PER_1000_B,"Deaths per 1,000 live births",2000-01,135.050225795439,,,,,,,,,A,Normal value,,,,,,,,1,,,,,2000,118.418545055879,156.40384042622,
NGA-27_1,Niger,MRY0T4,Under-five mortality rate,_T,Total,_T,Total,UN_IGME,UN IGME estimate,2021,2021,NGA,Nigeria,1,Administrative level 1,,,D_PER_1000_B,"Deaths per 1,000 live births",2001-01,132.82441374984,,,,,,,,,A,Normal value,,,,,,,,1,,,,,2001,117.80441921549,151.538224785197,
NGA-27_1,Niger,MRY0T4,Under-five mortality rate,_T,Total,_T,Total,UN_IGME,UN IGME estimate,2021,2021,NGA,Nigeria,1,Administrative level 1,,,D_PER_1000_B,"Deaths per 1,000 live births",2002-01,131.418722328784,,,,,,,,,A,Normal value,,,,,,,,1,,,,,2002,117.177230369931,148.306510001519,
NGA-27_1,Niger,MRY0T4,Under-five mortality rate,_T,Total,_T,Total,UN_IGME,UN IGME estimate,2021,2021,NGA,Nigeria,1,Administrative level 1,,,D_PER_1000_B,"Deaths per 1,000 live births",2003-01,130.434968607051,,,,,,,,,A,Normal value,,,,,,,,1,,,,,2003,116.621657443966,145.122384766978,
NGA-27_1,Niger,MRY0T4,Under-five mortality rate,_T,Total,_T,Total,UN_IGME,UN IGME estimate,2021,2021,NGA,Nigeria,1,Administrative level 1,,,D_PER_1000_B,"Deaths per 1,000 live births",2004-01,129.514916844064,,,,,,,,,A,Normal value,,,,,,,,1,,,,,2004,117.277528864264,142.93100320079,
NGA-27_1,Niger,MRY0T4,Under-five mortality rate,_T,Total,_T,Total,UN_IGME,UN IGME estimate,2021,2021,NGA,Nigeria,1,Administrative level 1,,,D_PER_1000_B,"Deaths per 1,000 live births",2005-01,127.942565055085,,,,,,,,,A,Normal value,,,,,,,,1,,,,,2005,116.449085677369,141.07453441078,
NGA-27_1,Niger,MRY0T4,Under-five mortality rate,_T,Total,_T,Total,UN_IGME,UN IGME estimate,2021,2021,NGA,Nigeria,1,Administrative level 1,,,D_PER_1000_B,"Deaths per 1,000 live births",2006-01,128.578800979649,,,,,,,,,A,Normal value,,,,,,,,1,,,,,2006,117.009339164224,141.125974775397,
NGA-27_1,Niger,MRY0T4,Under-five mortality rate,_T,Total,_T,Total,UN_IGME,UN IGME estimate,2021,2021,NGA,Nigeria,1,Administrative level 1,,,D_PER_1000_B,"Deaths per 1,000 live births",2007-01,130.507273760916,,,,,,,,,A,Normal value,,,,,,,,1,,,,,2007,119.405934668237,142.953659629128,
NGA-27_1,Niger,MRY0T4,Under-five mortality rate,_T,Total,_T,Total,UN_IGME,UN IGME estimate,2021,2021,NGA,Nigeria,1,Administrative level 1,,,D_PER_1000_B,"Deaths per 1,000 live births",2008-01,130.442091615474,,,,,,,,,A,Normal value,,,,,,,,1,,,,,2008,118.630876630989,142.359247290719,
NGA-27_1,Niger,MRY0T4,Under-five mortality rate,_T,Total,_T,Total,UN_IGME,UN IGME estimate,2021,2021,NGA,Nigeria,1,Administrative level 1,,,D_PER_1000_B,"Deaths per 1,000 live births",2009-01,130.622946235513,,,,,,,,,A,Normal value,,,,,,,,1,,,,,2009,119.668793168788,142.905770005545,
NGA-27_1,Niger,MRY0T4,Under-five mortality rate,_T,Total,_T,Total,UN_IGME,UN IGME estimate,2021,2021,NGA,Nigeria,1,Administrative level 1,,,D_PER_1000_B,"Deaths per 1,000 live births",2010-01,131.231826772684,,,,,,,,,A,Normal value,,,,,,,,1,,,,,2010,119.101219873173,142.654296480035,
NGA-27_1,Niger,MRY0T4,Under-five mortality rate,_T,Total,_T,Total,UN_IGME,UN IGME estimate,2021,2021,NGA,Nigeria,1,Administrative level 1,,,D_PER_1000_B,"Deaths per 1,000 live births",2011-01,130.234799253697,,,,,,,,,A,Normal value,,,,,,,,1,,,,,2011,118.84956218667,142.418241255797,
NGA-27_1,Niger,MRY0T4,Under-five mortality rate,_T,Total,_T,Total,UN_IGME,UN IGME estimate,2021,2021,NGA,Nigeria,1,Administrative level 1,,,D_PER_1000_B,"Deaths per 1,000 live births",2012-01,130.154933608059,,,,,,,,,A,Normal value,,,,,,,,1,,,,,2012,117.064346187662,142.239548831749,
NGA-27_1,Niger,MRY0T4,Under-five mortality rate,_T,Total,_T,Total,UN_IGME,UN IGME estimate,2021,2021,NGA,Nigeria,1,Administrative level 1,,,D_PER_1000_B,"Deaths per 1,000 live births",2013-01,133.804993987351,,,,,,,,,A,Normal value,,,,,,,,1,,,,,2013,120.819073832725,148.06649188019,
NGA-27_1,Niger,MRY0T4,Under-five mortality rate,_T,Total,_T,Total,UN_IGME,UN IGME estimate,2021,2021,NGA,Nigeria,1,Administrative level 1,,,D_PER_1000_B,"Deaths per 1,000 live births",2014-01,137.463753590698,,,,,,,,,A,Normal value,,,,,,,,1,,,,,2014,123.826147538322,152.826424994582,
NGA-27_1,Niger,MRY0T4,Under-five mortality rate,_T,Total,_T,Total,UN_IGME,UN IGME estimate,2021,2021,NGA,Nigeria,1,Administrative level 1,,,D_PER_1000_B,"Deaths per 1,000 live births",2015-01,141.214529994862,,,,,,,,,A,Normal value,,,,,,,,1,,,,,2015,126.104742354979,157.714921516364,
NGA-27_1,Niger,MRY0T4,Under-five mortality rate,_T,Total,_T,Total,UN_IGME,UN IGME estimate,2021,2021,NGA,Nigeria,1,Administrative level 1,,,D_PER_1000_B,"Deaths per 1,000 live births",2016-01,141.305231481179,,,,,,,,,A,Normal value,,,,,,,,1,,,,,2016,125.314523120797,160.140618518605,
NGA-27_1,Niger,MRY0T4,Under-five mortality rate,_T,Total,_T,Total,UN_IGME,UN IGME estimate,2021,2021,NGA,Nigeria,1,Administrative level 1,,,D_PER_1000_B,"Deaths per 1,000 live births",2017-01,141.586629445532,,,,,,,,,A,Normal value,,,,,,,,1,,,,,2017,125.468176255647,161.960708476953,
NGA-27_1,Niger,MRY0T4,Under-five mortality rate,_T,Total,_T,Total,UN_IGME,UN IGME estimate,2021,2021,NGA,Nigeria,1,Administrative level 1,,,D_PER_1000_B,"Deaths per 1,000 live births",2018-01,139.053999724782,,,,,,,,,A,Normal value,,,,,,,,1,,,,,2018,121.307626841647,160.507742415683,
NGA-27_1,Niger,MRY0T4,Under-five mortality rate,_T,Total,_T,Total,UN_IGME,UN IGME estimate,2021,2021,NGA,Nigeria,1,Administrative level 1,,,D_PER_1000_B,"Deaths per 1,000 live births",2019-01,138.186234620897,,,,,,,,,A,Normal value,,,,,,,,1,,,,,2019,118.98763166443,161.338308814114,
NGA-27_1,Niger,MRY0T4,Under-five mortality rate,_T,Total,_T,Total,UN_IGME,UN IGME estimate,2021,2021,NGA,Nigeria,1,Administrative level 1,,,D_PER_1000_B,"Deaths per 1,000 live births",2020-01,137.564716193704,,,,,,,,,A,Normal value,,,,,,,,1,,,,,2020,115.143689276388,163.146580241971,
NGA-27_1,Niger,MRY0T4,Under-five mortality rate,_T,Total,_T,Total,UN_IGME,UN IGME estimate,2021,2021,NGA,Nigeria,1,Administrative level 1,,,D_PER_1000_B,"Deaths per 1,000 live births",2021-01,136.53372308326,,,,,,,,,A,Normal value,,,,,,,,1,,,,,2021,113.255241410837,165.192485662255,
NGA-7_1,Benue,MRY0T4,Under-five mortality rate,_T,Total,_T,Total,UN_IGME,UN IGME estimate,2021,2021,NGA,Nigeria,1,Administrative level 1,,,D_PER_1000_B,"Deaths per 1,000 live births",2000-01,143.460500762521,,,,,,,,,A,Normal value,,,,,,,,1,,,,,2000,123.150860127641,164.391156082901,
NGA-7_1,Benue,MRY0T4,Under-five mortality rate,_T,Total,_T,Total,UN_IGME,UN IGME estimate,2021,2021,NGA,Nigeria,1,Administrative level 1,,,D_PER_1000_B,"Deaths per 1,000 live births",2001-01,139.963053498409,,,,,,,,,A,Normal value,,,,,,,,1,,,,,2001,122.662409205957,158.173087909925,
NGA-7_1,Benue,MRY0T4,Under-five mortality rate,_T,Total,_T,Total,UN_IGME,UN IGME estimate,2021,2021,NGA,Nigeria,1,Administrative level 1,,,D_PER_1000_B,"Deaths per 1,000 live births",2002-01,137.865482677303,,,,,,,,,A,Normal value,,,,,,,,1,,,,,2002,122.065117331817,155.667552992964,
NGA-7_1,Benue,MRY0T4,Under-five mortality rate,_T,Total,_T,Total,UN_IGME,UN IGME estimate,2021,2021,NGA,Nigeria,1,Administrative level 1,,,D_PER_1000_B,"Deaths per 1,000 live births",2003-01,135.999755176854,,,,,,,,,A,Normal value,,,,,,,,1,,,,,2003,122.0863611177,152.678882384756,
NGA-7_1,Benue,MRY0T4,Under-five mortality rate,_T,Total,_T,Total,UN_IGME,UN IGME estimate,2021,2021,NGA,Nigeria,1,Administrative level 1,,,D_PER_1000_B,"Deaths per 1,000 live births",2004-01,134.486994401088,,,,,,,,,A,Normal value,,,,,,,,1,,,,,2004,120.803567424411,150.07834230287,
NGA-7_1,Benue,MRY0T4,Under-five mortality rate,_T,Total,_T,Total,UN_IGME,UN IGME estimate,2021,2021,NGA,Nigeria,1,Administrative level 1,,,D_PER_1000_B,"Deaths per 1,000 live births",2005-01,133.929046207993,,,,,,,,,A,Normal value,,,,,,,,1,,,,,2005,119.758438422379,147.788437752171,
NGA-7_1,Benue,MRY0T4,Under-five mortality rate,_T,Total,_T,Total,UN_IGME,UN IGME estimate,2021,2021,NGA,Nigeria,1,Administrative level 1,,,D_PER_1000_B,"Deaths per 1,000 live births",2006-01,130.029842599295,,,,,,,,,A,Normal value,,,,,,,,1,,,,,2006,117.417018805729,143.419889302227,
NGA-7_1,Benue,MRY0T4,Under-five mortality rate,_T,Total,_T,Total,UN_IGME,UN IGME estimate,2021,2021,NGA,Nigeria,1,Administrative level 1,,,D_PER_1000_B,"Deaths per 1,000 live births",2007-01,126.451743139682,,,,,,,,,A,Normal value,,,,,,,,1,,,,,2007,114.691993084419,139.746038879415,
NGA-7_1,Benue,MRY0T4,Under-five mortality rate,_T,Total,_T,Total,UN_IGME,UN IGME estimate,2021,2021,NGA,Nigeria,1,Administrative level 1,,,D_PER_1000_B,"Deaths per 1,000 live births",2008-01,125.204426232249,,,,,,,,,A,Normal value,,,,,,,,1,,,,,2008,112.770450685605,139.296514785071,
NGA-7_1,Benue,MRY0T4,Under-five mortality rate,_T,Total,_T,Total,UN_IGME,UN IGME estimate,2021,2021,NGA,Nigeria,1,Administrative level 1,,,D_PER_1000_B,"Deaths per 1,000 live births",2009-01,122.892155040122,,,,,,,,,A,Normal value,,,,,,,,1,,,,,2009,110.928803940868,136.116816007712,
NGA-7_1,Benue,MRY0T4,Under-five mortality rate,_T,Total,_T,Total,UN_IGME,UN IGME estimate,2021,2021,NGA,Nigeria,1,Administrative level 1,,,D_PER_1000_B,"Deaths per 1,000 live births",2010-01,120.147481993756,,,,,,,,,A,Normal value,,,,,,,,1,,,,,2010,107.718222530607,133.719320087369,
NGA-7_1,Benue,MRY0T4,Under-five mortality rate,_T,Total,_T,Total,UN_IGME,UN IGME estimate,2021,2021,NGA,Nigeria,1,Administrative level 1,,,D_PER_1000_B,"Deaths per 1,000 live births",2011-01,114.487977047399,,,,,,,,,A,Normal value,,,,,,,,1,,,,,2011,102.280876629241,127.517153335559,
NGA-7_1,Benue,MRY0T4,Under-five mortality rate,_T,Total,_T,Total,UN_IGME,UN IGME estimate,2021,2021,NGA,Nigeria,1,Administrative level 1,,,D_PER_1000_B,"Deaths per 1,000 live births",2012-01,110.17617226305,,,,,,,,,A,Normal value,,,,,,,,1,,,,,2012,97.9950239551872,123.848831158686,
NGA-7_1,Benue,MRY0T4,Under-five mortality rate,_T,Total,_T,Total,UN_IGME,UN IGME estimate,2021,2021,NGA,Nigeria,1,Administrative level 1,,,D_PER_1000_B,"Deaths per 1,000 live births",2013-01,105.217215567809,,,,,,,,,A,Normal value,,,,,,,,1,,,,,2013,92.549784678377,119.154524460304,
NGA-7_1,Benue,MRY0T4,Under-five mortality rate,_T,Total,_T,Total,UN_IGME,UN IGME estimate,2021,2021,NGA,Nigeria,1,Administrative level 1,,,D_PER_1000_B,"Deaths per 1,000 live births",2014-01,99.8036131764263,,,,,,,,,A,Normal value,,,,,,,,1,,,,,2014,87.7301952595234,113.060147001769,
NGA-7_1,Benue,MRY0T4,Under-five mortality rate,_T,Total,_T,Total,UN_IGME,UN IGME estimate,2021,2021,NGA,Nigeria,1,Administrative level 1,,,D_PER_1000_B,"Deaths per 1,000 live births",2015-01,96.561183239377,,,,,,,,,A,Normal value,,,,,,,,1,,,,,2015,83.0920785935275,109.004207030506,
NGA-7_1,Benue,MRY0T4,Under-five mortality rate,_T,Total,_T,Total,UN_IGME,UN IGME estimate,2021,2021,NGA,Nigeria,1,Administrative level 1,,,D_PER_1000_B,"Deaths per 1,000 live births",2016-01,92.1144268294096,,,,,,,,,A,Normal value,,,,,,,,1,,,,,2016,78.3711227407769,105.276193446296,
NGA-7_1,Benue,MRY0T4,Under-five mortality rate,_T,Total,_T,Total,UN_IGME,UN IGME estimate,2021,2021,NGA,Nigeria,1,Administrative level 1,,,D_PER_1000_B,"Deaths per 1,000 live births",2017-01,89.7544575679045,,,,,,,,,A,Normal value,,,,,,,,1,,,,,2017,75.4240999912721,103.977820178152,
NGA-7_1,Benue,MRY0T4,Under-five mortality rate,_T,Total,_T,Total,UN_IGME,UN IGME estimate,2021,2021,NGA,Nigeria,1,Administrative level 1,,,D_PER_1000_B,"Deaths per 1,000 live births",2018-01,87.8920095458648,,,,,,,,,A,Normal value,,,,,,,,1,,,,,2018,72.3122633679423,103.319070135108,
NGA-7_1,Benue,MRY0T4,Under-five mortality rate,_T,Total,_T,Total,UN_IGME,UN IGME estimate,2021,2021,NGA,Nigeria,1,Administrative level 1,,,D_PER_1000_B,"Deaths per 1,000 live births",2019-01,86.1549574323905,,,,,,,,,A,Normal value,,,,,,,,1,,,,,2019,70.7217748967965,103.436399754701,
NGA-7_1,Benue,MRY0T4,Under-five mortality rate,_T,Total,_T,Total,UN_IGME,UN IGME estimate,2021,2021,NGA,Nigeria,1,Administrative level 1,,,D_PER_1000_B,"Deaths per 1,000 live births",2020-01,83.7579339610625,,,,,,,,,A,Normal value,,,,,,,,1,,,,,2020,67.2548173742386,101.847447755288,
NGA-7_1,Benue,MRY0T4,Under-five mortality rate,_T,Total,_T,Total,UN_IGME,UN IGME estimate,2021,2021,NGA,Nigeria,1,Administrative level 1,,,D_PER_1000_B,"Deaths per 1,000 live births",2021-01,82.0949957026648,,,,,,,,,A,Normal value,,,,,,,,1,,,,,2021,65.2810209682465,102.556751394913,
NGA-27_1,Niger,MRM0,Neonatal mortality rate,_T,Total,_T,Total,UN_IGME,UN IGME estimate,2021,2021,NGA,Nigeria,1,Administrative level 1,,,D_PER_1000_B,"Deaths per 1,000 live births",2000-01,36.2416975933684,,,,,,,,,A,Normal value,,,,,,,,1,,,,,2000,29.2095782075531,43.6825083791605,
NGA-27_1,Niger,MRM0,Neonatal mortality rate,_T,Total,_T,Total,UN_IGME,UN IGME estimate,2021,2021,NGA,Nigeria,1,Administrative level 1,,,D_PER_1000_B,"Deaths per 1,000 live births",2001-01,36.6696151805093,,,,,,,,,A,Normal value,,,,,,,,1,,,,,2001,29.9483165423287,44.1663659780838,
NGA-27_1,Niger,MRM0,Neonatal mortality rate,_T,Total,_T,Total,UN_IGME,UN IGME estimate,2021,2021,NGA,Nigeria,1,Administrative level 1,,,D_PER_1000_B,"Deaths per 1,000 live births",2002-01,35.9057365558451,,,,,,,,,A,Normal value,,,,,,,,1,,,,,2002,29.7011301202484,42.5738599451203,
NGA-27_1,Niger,MRM0,Neonatal mortality rate,_T,Total,_T,Total,UN_IGME,UN IGME estimate,2021,2021,NGA,Nigeria,1,Administrative level 1,,,D_PER_1000_B,"Deaths per 1,000 live births",2003-01,35.6328084624124,,,,,,,,,A,Normal value,,,,,,,,1,,,,,2003,30.0193891658978,41.5636688647383,
NGA-27_1,Niger,MRM0,Neonatal mortality rate,_T,Total,_T,Total,UN_IGME,UN IGME estimate,2021,2021,NGA,Nigeria,1,Administrative level 1,,,D_PER_1000_B,"Deaths per 1,000 live births",2004-01,35.2451632657518,,,,,,,,,A,Normal value,,,,,,,,1,,,,,2004,30.3244739370226,40.9166206778746,
NGA-27_1,Niger,MRM0,Neonatal mortality rate,_T,Total,_T,Total,UN_IGME,UN IGME estimate,2021,2021,NGA,Nigeria,1,Administrative level 1,,,D_PER_1000_B,"Deaths per 1,000 live births",2005-01,35.3892065735693,,,,,,,,,A,Normal value,,,,,,,,1,,,,,2005,30.4202480616474,40.9724856117127,
NGA-27_1,Niger,MRM0,Neonatal mortality rate,_T,Total,_T,Total,UN_IGME,UN IGME estimate,2021,2021,NGA,Nigeria,1,Administrative level 1,,,D_PER_1000_B,"Deaths per 1,000 live births",2006-01,34.9289290053304,,,,,,,,,A,Normal value,,,,,,,,1,,,,,2006,30.2701138501084,40.0499037768553,
NGA-27_1,Niger,MRM0,Neonatal mortality rate,_T,Total,_T,Total,UN_IGME,UN IGME estimate,2021,2021,NGA,Nigeria,1,Administrative level 1,,,D_PER_1000_B,"Deaths per 1,000 live births",2007-01,35.7532019585085,,,,,,,,,A,Normal value,,,,,,,,1,,,,,2007,31.3030045525337,41.1317895047513,
NGA-27_1,Niger,MRM0,Neonatal mortality rate,_T,Total,_T,Total,UN_IGME,UN IGME estimate,2021,2021,NGA,Nigeria,1,Administrative level 1,,,D_PER_1000_B,"Deaths per 1,000 live births",2008-01,34.3916733972851,,,,,,,,,A,Normal value,,,,,,,,1,,,,,2008,29.899494527439,39.1604195094976,
NGA-27_1,Niger,MRM0,Neonatal mortality rate,_T,Total,_T,Total,UN_IGME,UN IGME estimate,2021,2021,NGA,Nigeria,1,Administrative level 1,,,D_PER_1000_B,"Deaths per 1,000 live births",2009-01,34.7118927066877,,,,,,,,,A,Normal value,,,,,,,,1,,,,,2009,30.2057206716974,39.7855587818508,
NGA-27_1,Niger,MRM0,Neonatal mortality rate,_T,Total,_T,Total,UN_IGME,UN IGME estimate,2021,2021,NGA,Nigeria,1,Administrative level 1,,,D_PER_1000_B,"Deaths per 1,000 live births",2010-01,34.8091775021628,,,,,,,,,A,Normal value,,,,,,,,1,,,,,2010,30.2310789054494,39.752223429206,
NGA-27_1,Niger,MRM0,Neonatal mortality rate,_T,Total,_T,Total,UN_IGME,UN IGME estimate,2021,2021,NGA,Nigeria,1,Administrative level 1,,,D_PER_1000_B,"Deaths per 1,000 live births",2011-01,34.5041668739762,,,,,,,,,A,Normal value,,,,,,,,1,,,,,2011,29.8484265298791,39.5490856590466,
NGA-27_1,Niger,MRM0,Neonatal mortality rate,_T,Total,_T,Total,UN_IGME,UN IGME estimate,2021,2021,NGA,Nigeria,1,Administrative level 1,,,D_PER_1000_B,"Deaths per 1,000 live births",2012-01,35.289942110708,,,,,,,,,A,Normal value,,,,,,,,1,,,,,2012,30.6441616436823,40.5362927432917,
NGA-27_1,Niger,MRM0,Neonatal mortality rate,_T,Total,_T,Total,UN_IGME,UN IGME estimate,2021,2021,NGA,Nigeria,1,Administrative level 1,,,D_PER_1000_B,"Deaths per 1,000 live births",2013-01,36.2354885053792,,,,,,,,,A,Normal value,,,,,,,,1,,,,,2013,31.4921859655664,41.9133961277245,
NGA-27_1,Niger,MRM0,Neonatal mortality rate,_T,Total,_T,Total,UN_IGME,UN IGME estimate,2021,2021,NGA,Nigeria,1,Administrative level 1,,,D_PER_1000_B,"Deaths per 1,000 live births",2014-01,36.8994028052398,,,,,,,,,A,Normal value,,,,,,,,1,,,,,2014,31.6147963943781,43.1141123225036,
NGA-27_1,Niger,MRM0,Neonatal mortality rate,_T,Total,_T,Total,UN_IGME,UN IGME estimate,2021,2021,NGA,Nigeria,1,Administrative level 1,,,D_PER_1000_B,"Deaths per 1,000 live births",2015-01,37.5311389657381,,,,,,,,,A,Normal value,,,,,,,,1,,,,,2015,31.9362545973368,44.1655881795404,
NGA-27_1,Niger,MRM0,Neonatal mortality rate,_T,Total,_T,Total,UN_IGME,UN IGME estimate,2021,2021,NGA,Nigeria,1,Administrative level 1,,,D_PER_1000_B,"Deaths per 1,000 live births",2016-01,37.4320838776825,,,,,,,,,A,Normal value,,,,,,,,1,,,,,2016,31.5321195129341,44.4845730627576,
NGA-27_1,Niger,MRM0,Neonatal mortality rate,_T,Total,_T,Total,UN_IGME,UN IGME estimate,2021,2021,NGA,Nigeria,1,Administrative level 1,,,D_PER_1000_B,"Deaths per 1,000 live births",2017-01,37.3524350724692,,,,,,,,,A,Normal value,,,,,,,,1,,,,,2017,31.1057465544925,44.7374690814142,
NGA-27_1,Niger,MRM0,Neonatal mortality rate,_T,Total,_T,Total,UN_IGME,UN IGME estimate,2021,2021,NGA,Nigeria,1,Administrative level 1,,,D_PER_1000_B,"Deaths per 1,000 live births",2018-01,37.3758326164087,,,,,,,,,A,Normal value,,,,,,,,1,,,,,2018,30.9218654015459,45.6660553469634,
NGA-27_1,Niger,MRM0,Neonatal mortality rate,_T,Total,_T,Total,UN_IGME,UN IGME estimate,2021,2021,NGA,Nigeria,1,Administrative level 1,,,D_PER_1000_B,"Deaths per 1,000 live births",2019-01,37.0575377852105,,,,,,,,,A,Normal value,,,,,,,,1,,,,,2019,29.7453961404871,45.9863572423545,
NGA-27_1,Niger,MRM0,Neonatal mortality rate,_T,Total,_T,Total,UN_IGME,UN IGME estimate,2021,2021,NGA,Nigeria,1,Administrative level 1,,,D_PER_1000_B,"Deaths per 1,000 live births",2020-01,36.8542392379271,,,,,,,,,A,Normal value,,,,,,,,1,,,,,2020,29.1313586533161,46.3297155647789,
NGA-27_1,Niger,MRM0,Neonatal mortality rate,_T,Total,_T,Total,UN_IGME,UN IGME estimate,2021,2021,NGA,Nigeria,1,Administrative level 1,,,D_PER_1000_B,"Deaths per 1,000 live births",2021-01,36.496373702994,,,,,,,,,A,Normal value,,,,,,,,1,,,,,2021,28.5892520405337,47.498054426698,
NGA-30_1,Osun,MRM0,Neonatal mortality rate,_T,Total,_T,Total,UN_IGME,UN IGME estimate,2021,2021,NGA,Nigeria,1,Administrative level 1,,,D_PER_1000_B,"Deaths per 1,000 live births",2000-01,32.2837850814047,,,,,,,,,A,Normal value,,,,,,,,1,,,,,2000,25.6195588228142,40.9535981258404,
NGA-30_1,Osun,MRM0,Neonatal mortality rate,_T,Total,_T,Total,UN_IGME,UN IGME estimate,2021,2021,NGA,Nigeria,1,Administrative level 1,,,D_PER_1000_B,"Deaths per 1,000 live births",2001-01,31.7781156296359,,,,,,,,,A,Normal value,,,,,,,,1,,,,,2001,25.5170166713938,39.4487772043615,
NGA-30_1,Osun,MRM0,Neonatal mortality rate,_T,Total,_T,Total,UN_IGME,UN IGME estimate,2021,2021,NGA,Nigeria,1,Administrative level 1,,,D_PER_1000_B,"Deaths per 1,000 live births",2002-01,31.6367221151571,,,,,,,,,A,Normal value,,,,,,,,1,,,,,2002,25.660739813242,39.3678905190256,
NGA-30_1,Osun,MRM0,Neonatal mortality rate,_T,Total,_T,Total,UN_IGME,UN IGME estimate,2021,2021,NGA,Nigeria,1,Administrative level 1,,,D_PER_1000_B,"Deaths per 1,000 live births",2003-01,30.5764779045827,,,,,,,,,A,Normal value,,,,,,,,1,,,,,2003,25.2539265768093,37.4477915828487,
NGA-30_1,Osun,MRM0,Neonatal mortality rate,_T,Total,_T,Total,UN_IGME,UN IGME estimate,2021,2021,NGA,Nigeria,1,Administrative level 1,,,D_PER_1000_B,"Deaths per 1,000 live births",2004-01,30.3613749182545,,,,,,,,,A,Normal value,,,,,,,,1,,,,,2004,25.1564853694863,37.1687206195011,
NGA-30_1,Osun,MRM0,Neonatal mortality rate,_T,Total,_T,Total,UN_IGME,UN IGME estimate,2021,2021,NGA,Nigeria,1,Administrative level 1,,,D_PER_1000_B,"Deaths per 1,000 live births",2005-01,30.1971900766296,,,,,,,,,A,Normal value,,,,,,,,1,,,,,2005,25.4236490183142,36.3065489206018,
NGA-30_1,Osun,MRM0,Neonatal mortality rate,_T,Total,_T,Total,UN_IGME,UN IGME estimate,2021,2021,NGA,Nigeria,1,Administrative level 1,,,D_PER_1000_B,"Deaths per 1,000 live births",2006-01,29.5134848183391,,,,,,,,,A,Normal value,,,,,,,,1,,,,,2006,24.5459251417241,35.389098808979,
NGA-30_1,Osun,MRM0,Neonatal mortality rate,_T,Total,_T,Total,UN_IGME,UN IGME estimate,2021,2021,NGA,Nigeria,1,Administrative level 1,,,D_PER_1000_B,"Deaths per 1,000 live births",2007-01,29.6575840100108,,,,,,,,,A,Normal value,,,,,,,,1,,,,,2007,24.7570618425675,35.5131469120788,
NGA-30_1,Osun,MRM0,Neonatal mortality rate,_T,Total,_T,Total,UN_IGME,UN IGME estimate,2021,2021,NGA,Nigeria,1,Administrative level 1,,,D_PER_1000_B,"Deaths per 1,000 live births",2008-01,28.8288082235271,,,,,,,,,A,Normal value,,,,,,,,1,,,,,2008,24.1468578050486,34.2969529503586,
NGA-30_1,Osun,MRM0,Neonatal mortality rate,_T,Total,_T,Total,UN_IGME,UN IGME estimate,2021,2021,NGA,Nigeria,1,Administrative level 1,,,D_PER_1000_B,"Deaths per 1,000 live births",2009-01,28.1635124791548,,,,,,,,,A,Normal value,,,,,,,,1,,,,,2009,23.4166793153672,34.2440130395291,
NGA-30_1,Osun,MRM0,Neonatal mortality rate,_T,Total,_T,Total,UN_IGME,UN IGME estimate,2021,2021,NGA,Nigeria,1,Administrative level 1,,,D_PER_1000_B,"Deaths per 1,000 live births",2010-01,28.1490799808503,,,,,,,,,A,Normal value,,,,,,,,1,,,,,2010,23.4303243077807,33.7117211197537,
NGA-30_1,Osun,MRM0,Neonatal mortality rate,_T,Total,_T,Total,UN_IGME,UN IGME estimate,2021,2021,NGA,Nigeria,1,Administrative level 1,,,D_PER_1000_B,"Deaths per 1,000 live births",2011-01,28.4235531840518,,,,,,,,,A,Normal value,,,,,,,,1,,,,,2011,23.7379365358751,34.2183085685991,
NGA-30_1,Osun,MRM0,Neonatal mortality rate,_T,Total,_T,Total,UN_IGME,UN IGME estimate,2021,2021,NGA,Nigeria,1,Administrative level 1,,,D_PER_1000_B,"Deaths per 1,000 live births",2012-01,28.9899440972624,,,,,,,,,A,Normal value,,,,,,,,1,,,,,2012,24.0131833971198,35.0273718164262,
NGA-30_1,Osun,MRM0,Neonatal mortality rate,_T,Total,_T,Total,UN_IGME,UN IGME estimate,2021,2021,NGA,Nigeria,1,Administrative level 1,,,D_PER_1000_B,"Deaths per 1,000 live births",2013-01,28.9853138553522,,,,,,,,,A,Normal value,,,,,,,,1,,,,,2013,23.6450154034302,35.2593160265243,
NGA-30_1,Osun,MRM0,Neonatal mortality rate,_T,Total,_T,Total,UN_IGME,UN IGME estimate,2021,2021,NGA,Nigeria,1,Administrative level 1,,,D_PER_1000_B,"Deaths per 1,000 live births",2014-01,30.2210906156171,,,,,,,,,A,Normal value,,,,,,,,1,,,,,2014,24.6972036059298,37.5021326046748,
NGA-30_1,Osun,MRM0,Neonatal mortality rate,_T,Total,_T,Total,UN_IGME,UN IGME estimate,2021,2021,NGA,Nigeria,1,Administrative level 1,,,D_PER_1000_B,"Deaths per 1,000 live births",2015-01,30.2825996744947,,,,,,,,,A,Normal value,,,,,,,,1,,,,,2015,24.4629713600235,37.6074931945551,
NGA-30_1,Osun,MRM0,Neonatal mortality rate,_T,Total,_T,Total,UN_IGME,UN IGME estimate,2021,2021,NGA,Nigeria,1,Administrative level 1,,,D_PER_1000_B,"Deaths per 1,000 live births",2016-01,30.7575983347002,,,,,,,,,A,Normal value,,,,,,,,1,,,,,2016,24.31892403365,38.2578566067123,
NGA-30_1,Osun,MRM0,Neonatal mortality rate,_T,Total,_T,Total,UN_IGME,UN IGME estimate,2021,2021,NGA,Nigeria,1,Administrative level 1,,,D_PER_1000_B,"Deaths per 1,000 live births",2017-01,30.8508000782497,,,,,,,,,A,Normal value,,,,,,,,1,,,,,2017,24.0962124882708,38.6721081091599,
NGA-30_1,Osun,MRM0,Neonatal mortality rate,_T,Total,_T,Total,UN_IGME,UN IGME estimate,2021,2021,NGA,Nigeria,1,Administrative level 1,,,D_PER_1000_B,"Deaths per 1,000 live births",2018-01,30.682909967155,,,,,,,,,A,Normal value,,,,,,,,1,,,,,2018,23.7145181569799,39.0859858693302,
NGA-30_1,Osun,MRM0,Neonatal mortality rate,_T,Total,_T,Total,UN_IGME,UN IGME estimate,2021,2021,NGA,Nigeria,1,Administrative level 1,,,D_PER_1000_B,"Deaths per 1,000 live births",2019-01,30.3701635536484,,,,,,,,,A,Normal value,,,,,,,,1,,,,,2019,23.3256971147721,39.8782460940266,
NGA-30_1,Osun,MRM0,Neonatal mortality rate,_T,Total,_T,Total,UN_IGME,UN IGME estimate,2021,2021,NGA,Nigeria,1,Administrative level 1,,,D_PER_1000_B,"Deaths per 1,000 live births",2020-01,30.3137267152561,,,,,,,,,A,Normal value,,,,,,,,1,,,,,2020,22.8018742319431,39.9402552865356,
NGA-30_1,Osun,MRM0,Neonatal mortality rate,_T,Total,_T,Total,UN_IGME,UN IGME estimate,2021,2021,NGA,Nigeria,1,Administrative level 1,,,D_PER_1000_B,"Deaths per 1,000 live births",2021-01,30.0848696023168,,,,,,,,,A,Normal value,,,,,,,,1,,,,,2021,22.1433460243588,40.3288625601561,
NGA-26_1,Nasarawa,MRM0,Neonatal mortality rate,_T,Total,_T,Total,UN_IGME,UN IGME estimate,2021,2021,NGA,Nigeria,1,Administrative level 1,,,D_PER_1000_B,"Deaths per 1,000 live births",2000-01,49.7628180339031,,,,,,,,,A,Normal value,,,,,,,,1,,,,,2000,41.1302283824369,59.5917426969545,
NGA-26_1,Nasarawa,MRM0,Neonatal mortality rate,_T,Total,_T,Total,UN_IGME,UN IGME estimate,2021,2021,NGA,Nigeria,1,Administrative level 1,,,D_PER_1000_B,"Deaths per 1,000 live births",2001-01,49.8056910713986,,,,,,,,,A,Normal value,,,,,,,,1,,,,,2001,41.3553808967679,59.1539318534132,
NGA-26_1,Nasarawa,MRM0,Neonatal mortality rate,_T,Total,_T,Total,UN_IGME,UN IGME estimate,2021,2021,NGA,Nigeria,1,Administrative level 1,,,D_PER_1000_B,"Deaths per 1,000 live births",2002-01,48.1482656831945,,,,,,,,,A,Normal value,,,,,,,,1,,,,,2002,41.1155405166957,56.5303748031087,
NGA-26_1,Nasarawa,MRM0,Neonatal mortality rate,_T,Total,_T,Total,UN_IGME,UN IGME estimate,2021,2021,NGA,Nigeria,1,Administrative level 1,,,D_PER_1000_B,"Deaths per 1,000 live births",2003-01,47.0630857517386,,,,,,,,,A,Normal value,,,,,,,,1,,,,,2003,40.467651752581,55.1069882376352,
NGA-26_1,Nasarawa,MRM0,Neonatal mortality rate,_T,Total,_T,Total,UN_IGME,UN IGME estimate,2021,2021,NGA,Nigeria,1,Administrative level 1,,,D_PER_1000_B,"Deaths per 1,000 live births",2004-01,46.0959103231549,,,,,,,,,A,Normal value,,,,,,,,1,,,,,2004,39.7157527402997,53.4551128949193,
NGA-26_1,Nasarawa,MRM0,Neonatal mortality rate,_T,Total,_T,Total,UN_IGME,UN IGME estimate,2021,2021,NGA,Nigeria,1,Administrative level 1,,,D_PER_1000_B,"Deaths per 1,000 live births",2005-01,45.7879534168449,,,,,,,,,A,Normal value,,,,,,,,1,,,,,2005,39.7122879197016,52.625937474308,
NGA-26_1,Nasarawa,MRM0,Neonatal mortality rate,_T,Total,_T,Total,UN_IGME,UN IGME estimate,2021,2021,NGA,Nigeria,1,Administrative level 1,,,D_PER_1000_B,"Deaths per 1,000 live births",2006-01,44.6462934458804,,,,,,,,,A,Normal value,,,,,,,,1,,,,,2006,39.0848590331991,51.5519115255223,
NGA-26_1,Nasarawa,MRM0,Neonatal mortality rate,_T,Total,_T,Total,UN_IGME,UN IGME estimate,2021,2021,NGA,Nigeria,1,Administrative level 1,,,D_PER_1000_B,"Deaths per 1,000 live births",2007-01,45.2463189507155,,,,,,,,,A,Normal value,,,,,,,,1,,,,,2007,39.2939984878328,52.4671464702266,
NGA-26_1,Nasarawa,MRM0,Neonatal mortality rate,_T,Total,_T,Total,UN_IGME,UN IGME estimate,2021,2021,NGA,Nigeria,1,Administrative level 1,,,D_PER_1000_B,"Deaths per 1,000 live births",2008-01,43.2151360465724,,,,,,,,,A,Normal value,,,,,,,,1,,,,,2008,37.4725372624503,50.265681153643,
NGA-26_1,Nasarawa,MRM0,Neonatal mortality rate,_T,Total,_T,Total,UN_IGME,UN IGME estimate,2021,2021,NGA,Nigeria,1,Administrative level 1,,,D_PER_1000_B,"Deaths per 1,000 live births",2009-01,43.2393762444535,,,,,,,,,A,Normal value,,,,,,,,1,,,,,2009,37.5833552887578,49.8182657218906,
NGA-26_1,Nasarawa,MRM0,Neonatal mortality rate,_T,Total,_T,Total,UN_IGME,UN IGME estimate,2021,2021,NGA,Nigeria,1,Administrative level 1,,,D_PER_1000_B,"Deaths per 1,000 live births",2010-01,42.68838346969,,,,,,,,,A,Normal value,,,,,,,,1,,,,,2010,36.950565328079,49.3157793173421,
NGA-26_1,Nasarawa,MRM0,Neonatal mortality rate,_T,Total,_T,Total,UN_IGME,UN IGME estimate,2021,2021,NGA,Nigeria,1,Administrative level 1,,,D_PER_1000_B,"Deaths per 1,000 live births",2011-01,42.1445776363978,,,,,,,,,A,Normal value,,,,,,,,1,,,,,2011,36.3069345431842,48.7466099993946,
NGA-26_1,Nasarawa,MRM0,Neonatal mortality rate,_T,Total,_T,Total,UN_IGME,UN IGME estimate,2021,2021,NGA,Nigeria,1,Administrative level 1,,,D_PER_1000_B,"Deaths per 1,000 live births",2012-01,42.5764112381913,,,,,,,,,A,Normal value,,,,,,,,1,,,,,2012,37.4306304363141,49.7139759372928,
NGA-26_1,Nasarawa,MRM0,Neonatal mortality rate,_T,Total,_T,Total,UN_IGME,UN IGME estimate,2021,2021,NGA,Nigeria,1,Administrative level 1,,,D_PER_1000_B,"Deaths per 1,000 live births",2013-01,43.0868607704619,,,,,,,,,A,Normal value,,,,,,,,1,,,,,2013,37.6002295093683,50.465245806288,
NGA-26_1,Nasarawa,MRM0,Neonatal mortality rate,_T,Total,_T,Total,UN_IGME,UN IGME estimate,2021,2021,NGA,Nigeria,1,Administrative level 1,,,D_PER_1000_B,"Deaths per 1,000 live births",2014-01,43.3099742322054,,,,,,,,,A,Normal value,,,,,,,,1,,,,,2014,36.8709110443874,50.7980810254426,
NGA-26_1,Nasarawa,MRM0,Neonatal mortality rate,_T,Total,_T,Total,UN_IGME,UN IGME estimate,2021,2021,NGA,Nigeria,1,Administrative level 1,,,D_PER_1000_B,"Deaths per 1,000 live births",2015-01,43.2733942722074,,,,,,,,,A,Normal value,,,,,,,,1,,,,,2015,36.8573701566048,51.539290334281,
NGA-26_1,Nasarawa,MRM0,Neonatal mortality rate,_T,Total,_T,Total,UN_IGME,UN IGME estimate,2021,2021,NGA,Nigeria,1,Administrative level 1,,,D_PER_1000_B,"Deaths per 1,000 live births",2016-01,42.6094337319301,,,,,,,,,A,Normal value,,,,,,,,1,,,,,2016,35.9675984768082,51.8402737149154,
NGA-26_1,Nasarawa,MRM0,Neonatal mortality rate,_T,Total,_T,Total,UN_IGME,UN IGME estimate,2021,2021,NGA,Nigeria,1,Administrative level 1,,,D_PER_1000_B,"Deaths per 1,000 live births",2017-01,42.138900872622,,,,,,,,,A,Normal value,,,,,,,,1,,,,,2017,35.1918874392883,51.2950245620629,
NGA-26_1,Nasarawa,MRM0,Neonatal mortality rate,_T,Total,_T,Total,UN_IGME,UN IGME estimate,2021,2021,NGA,Nigeria,1,Administrative level 1,,,D_PER_1000_B,"Deaths per 1,000 live births",2018-01,41.4131015494959,,,,,,,,,A,Normal value,,,,,,,,1,,,,,2018,34.3752823425468,51.751850241682,
NGA-26_1,Nasarawa,MRM0,Neonatal mortality rate,_T,Total,_T,Total,UN_IGME,UN IGME estimate,2021,2021,NGA,Nigeria,1,Administrative level 1,,,D_PER_1000_B,"Deaths per 1,000 live births",2019-01,40.7131788603988,,,,,,,,,A,Normal value,,,,,,,,1,,,,,2019,32.9692361269977,51.4374835781788,
NGA-26_1,Nasarawa,MRM0,Neonatal mortality rate,_T,Total,_T,Total,UN_IGME,UN IGME estimate,2021,2021,NGA,Nigeria,1,Administrative level 1,,,D_PER_1000_B,"Deaths per 1,000 live births",2020-01,40.1155374924737,,,,,,,,,A,Normal value,,,,,,,,1,,,,,2020,31.6860194701136,51.4706282769167,
NGA-26_1,Nasarawa,MRM0,Neonatal mortality rate,_T,Total,_T,Total,UN_IGME,UN IGME estimate,2021,2021,NGA,Nigeria,1,Administrative level 1,,,D_PER_1000_B,"Deaths per 1,000 live births",2021-01,39.5163071937692,,,,,,,,,A,Normal value,,,,,,,,1,,,,,2021,30.5281214055875,51.2649225868868,
NGA-28_1,Ogun,MRY0T4,Under-five mortality rate,_T,Total,_T,Total,UN_IGME,UN IGME estimate,2021,2021,NGA,Nigeria,1,Administrative level 1,,,D_PER_1000_B,"Deaths per 1,000 live births",2000-01,108.793306656531,,,,,,,,,A,Normal value,,,,,,,,1,,,,,2000,88.1088286285939,133.52310515165,
NGA-28_1,Ogun,MRY0T4,Under-five mortality rate,_T,Total,_T,Total,UN_IGME,UN IGME estimate,2021,2021,NGA,Nigeria,1,Administrative level 1,,,D_PER_1000_B,"Deaths per 1,000 live births",2001-01,104.128979596482,,,,,,,,,A,Normal value,,,,,,,,1,,,,,2001,85.4868027262509,125.882837216873,
NGA-28_1,Ogun,MRY0T4,Under-five mortality rate,_T,Total,_T,Total,UN_IGME,UN IGME estimate,2021,2021,NGA,Nigeria,1,Administrative level 1,,,D_PER_1000_B,"Deaths per 1,000 live births",2002-01,99.7549481419042,,,,,,,,,A,Normal value,,,,,,,,1,,,,,2002,82.8481356419902,118.921879452151,
NGA-28_1,Ogun,MRY0T4,Under-five mortality rate,_T,Total,_T,Total,UN_IGME,UN IGME estimate,2021,2021,NGA,Nigeria,1,Administrative level 1,,,D_PER_1000_B,"Deaths per 1,000 live births",2003-01,97.2142534780546,,,,,,,,,A,Normal value,,,,,,,,1,,,,,2003,81.6097133386657,115.447951970461,
NGA-28_1,Ogun,MRY0T4,Under-five mortality rate,_T,Total,_T,Total,UN_IGME,UN IGME estimate,2021,2021,NGA,Nigeria,1,Administrative level 1,,,D_PER_1000_B,"Deaths per 1,000 live births",2004-01,95.296561336982,,,,,,,,,A,Normal value,,,,,,,,1,,,,,2004,80.674624101858,111.551540013331,
NGA-28_1,Ogun,MRY0T4,Under-five mortality rate,_T,Total,_T,Total,UN_IGME,UN IGME estimate,2021,2021,NGA,Nigeria,1,Administrative level 1,,,D_PER_1000_B,"Deaths per 1,000 live births",2005-01,91.3939846339209,,,,,,,,,A,Normal value,,,,,,,,1,,,,,2005,78.6570797911065,106.971216025605,
NGA-28_1,Ogun,MRY0T4,Under-five mortality rate,_T,Total,_T,Total,UN_IGME,UN IGME estimate,2021,2021,NGA,Nigeria,1,Administrative level 1,,,D_PER_1000_B,"Deaths per 1,000 live births",2006-01,88.7324468098788,,,,,,,,,A,Normal value,,,,,,,,1,,,,,2006,75.685696925408,103.686292185138,
NGA-28_1,Ogun,MRY0T4,Under-five mortality rate,_T,Total,_T,Total,UN_IGME,UN IGME estimate,2021,2021,NGA,Nigeria,1,Administrative level 1,,,D_PER_1000_B,"Deaths per 1,000 live births",2007-01,84.5545463101701,,,,,,,,,A,Normal value,,,,,,,,1,,,,,2007,72.0775480584236,98.2109008028312,
NGA-28_1,Ogun,MRY0T4,Under-five mortality rate,_T,Total,_T,Total,UN_IGME,UN IGME estimate,2021,2021,NGA,Nigeria,1,Administrative level 1,,,D_PER_1000_B,"Deaths per 1,000 live births",2008-01,79.7597589722529,,,,,,,,,A,Normal value,,,,,,,,1,,,,,2008,68.1174044051991,91.9412721115191,
NGA-28_1,Ogun,MRY0T4,Under-five mortality rate,_T,Total,_T,Total,UN_IGME,UN IGME estimate,2021,2021,NGA,Nigeria,1,Administrative level 1,,,D_PER_1000_B,"Deaths per 1,000 live births",2009-01,76.18240138624,,,,,,,,,A,Normal value,,,,,,,,1,,,,,2009,65.0964876141018,89.2448141112856,
NGA-28_1,Ogun,MRY0T4,Under-five mortality rate,_T,Total,_T,Total,UN_IGME,UN IGME estimate,2021,2021,NGA,Nigeria,1,Administrative level 1,,,D_PER_1000_B,"Deaths per 1,000 live births",2010-01,72.8170747480436,,,,,,,,,A,Normal value,,,,,,,,1,,,,,2010,62.3160622215431,85.0210188109229,
NGA-28_1,Ogun,MRY0T4,Under-five mortality rate,_T,Total,_T,Total,UN_IGME,UN IGME estimate,2021,2021,NGA,Nigeria,1,Administrative level 1,,,D_PER_1000_B,"Deaths per 1,000 live births",2011-01,71.5688247676948,,,,,,,,,A,Normal value,,,,,,,,1,,,,,2011,60.8845913923877,83.6255935607359,
NGA-28_1,Ogun,MRY0T4,Under-five mortality rate,_T,Total,_T,Total,UN_IGME,UN IGME estimate,2021,2021,NGA,Nigeria,1,Administrative level 1,,,D_PER_1000_B,"Deaths per 1,000 live births",2012-01,71.7066796220648,,,,,,,,,A,Normal value,,,,,,,,1,,,,,2012,61.0102315247478,85.3207942812072,
NGA-28_1,Ogun,MRY0T4,Under-five mortality rate,_T,Total,_T,Total,UN_IGME,UN IGME estimate,2021,2021,NGA,Nigeria,1,Administrative level 1,,,D_PER_1000_B,"Deaths per 1,000 live births",2013-01,67.2770082926071,,,,,,,,,A,Normal value,,,,,,,,1,,,,,2013,57.2455602205593,80.1118246728847,
NGA-28_1,Ogun,MRY0T4,Under-five mortality rate,_T,Total,_T,Total,UN_IGME,UN IGME estimate,2021,2021,NGA,Nigeria,1,Administrative level 1,,,D_PER_1000_B,"Deaths per 1,000 live births",2014-01,63.8788331693633,,,,,,,,,A,Normal value,,,,,,,,1,,,,,2014,52.8284779307384,77.3387631224459,
NGA-28_1,Ogun,MRY0T4,Under-five mortality rate,_T,Total,_T,Total,UN_IGME,UN IGME estimate,2021,2021,NGA,Nigeria,1,Administrative level 1,,,D_PER_1000_B,"Deaths per 1,000 live births",2015-01,62.1495862017863,,,,,,,,,A,Normal value,,,,,,,,1,,,,,2015,50.8958389816218,76.5339260505781,
NGA-28_1,Ogun,MRY0T4,Under-five mortality rate,_T,Total,_T,Total,UN_IGME,UN IGME estimate,2021,2021,NGA,Nigeria,1,Administrative level 1,,,D_PER_1000_B,"Deaths per 1,000 live births",2016-01,60.6554450433391,,,,,,,,,A,Normal value,,,,,,,,1,,,,,2016,49.4271458323055,76.78311927273,
NGA-28_1,Ogun,MRY0T4,Under-five mortality rate,_T,Total,_T,Total,UN_IGME,UN IGME estimate,2021,2021,NGA,Nigeria,1,Administrative level 1,,,D_PER_1000_B,"Deaths per 1,000 live births",2017-01,58.8636910519617,,,,,,,,,A,Normal value,,,,,,,,1,,,,,2017,47.059237617515,75.5680926535311,
NGA-28_1,Ogun,MRY0T4,Under-five mortality rate,_T,Total,_T,Total,UN_IGME,UN IGME estimate,2021,2021,NGA,Nigeria,1,Administrative level 1,,,D_PER_1000_B,"Deaths per 1,000 live births",2018-01,58.0936566513767,,,,,,,,,A,Normal value,,,,,,,,1,,,,,2018,45.4148167747326,76.777640929191,
NGA-28_1,Ogun,MRY0T4,Under-five mortality rate,_T,Total,_T,Total,UN_IGME,UN IGME estimate,2021,2021,NGA,Nigeria,1,Administrative level 1,,,D_PER_1000_B,"Deaths per 1,000 live births",2019-01,57.6141321181326,,,,,,,,,A,Normal value,,,,,,,,1,,,,,2019,43.8466913342811,76.4334344655221,
NGA-28_1,Ogun,MRY0T4,Under-five mortality rate,_T,Total,_T,Total,UN_IGME,UN IGME estimate,2021,2021,NGA,Nigeria,1,Administrative level 1,,,D_PER_1000_B,"Deaths per 1,000 live births",2020-01,56.3019576420601,,,,,,,,,A,Normal value,,,,,,,,1,,,,,2020,41.8629371830762,77.0515692628889,
NGA-28_1,Ogun,MRY0T4,Under-five mortality rate,_T,Total,_T,Total,UN_IGME,UN IGME estimate,2021,2021,NGA,Nigeria,1,Administrative level 1,,,D_PER_1000_B,"Deaths per 1,000 live births",2021-01,55.3410452166419,,,,,,,,,A,Normal value,,,,,,,,1,,,,,2021,40.8207719407284,77.4006649333569,
NGA-10_1,Delta,MRM0,Neonatal mortality rate,_T,Total,_T,Total,UN_IGME,UN IGME estimate,2021,2021,NGA,Nigeria,1,Administrative level 1,,,D_PER_1000_B,"Deaths per 1,000 live births",2000-01,33.3959459586372,,,,,,,,,A,Normal value,,,,,,,,1,,,,,2000,27.4936211937446,40.8686198317584,
NGA-10_1,Delta,MRM0,Neonatal mortality rate,_T,Total,_T,Total,UN_IGME,UN IGME estimate,2021,2021,NGA,Nigeria,1,Administrative level 1,,,D_PER_1000_B,"Deaths per 1,000 live births",2001-01,33.0773555049636,,,,,,,,,A,Normal value,,,,,,,,1,,,,,2001,27.0734534275667,39.9571166979013,
NGA-10_1,Delta,MRM0,Neonatal mortality rate,_T,Total,_T,Total,UN_IGME,UN IGME estimate,2021,2021,NGA,Nigeria,1,Administrative level 1,,,D_PER_1000_B,"Deaths per 1,000 live births",2002-01,32.3493344998109,,,,,,,,,A,Normal value,,,,,,,,1,,,,,2002,26.8058012717946,38.4782936815971,
NGA-10_1,Delta,MRM0,Neonatal mortality rate,_T,Total,_T,Total,UN_IGME,UN IGME estimate,2021,2021,NGA,Nigeria,1,Administrative level 1,,,D_PER_1000_B,"Deaths per 1,000 live births",2003-01,31.4059373766624,,,,,,,,,A,Normal value,,,,,,,,1,,,,,2003,26.2887850172765,36.8471288199819,
NGA-10_1,Delta,MRM0,Neonatal mortality rate,_T,Total,_T,Total,UN_IGME,UN IGME estimate,2021,2021,NGA,Nigeria,1,Administrative level 1,,,D_PER_1000_B,"Deaths per 1,000 live births",2004-01,30.4896246131266,,,,,,,,,A,Normal value,,,,,,,,1,,,,,2004,25.8428822992944,36.0263976310154,
NGA-10_1,Delta,MRM0,Neonatal mortality rate,_T,Total,_T,Total,UN_IGME,UN IGME estimate,2021,2021,NGA,Nigeria,1,Administrative level 1,,,D_PER_1000_B,"Deaths per 1,000 live births",2005-01,29.9403946312119,,,,,,,,,A,Normal value,,,,,,,,1,,,,,2005,25.3733042257762,35.1004963484748,
NGA-10_1,Delta,MRM0,Neonatal mortality rate,_T,Total,_T,Total,UN_IGME,UN IGME estimate,2021,2021,NGA,Nigeria,1,Administrative level 1,,,D_PER_1000_B,"Deaths per 1,000 live births",2006-01,29.0317700689476,,,,,,,,,A,Normal value,,,,,,,,1,,,,,2006,24.436487175424,33.7974553065138,
NGA-10_1,Delta,MRM0,Neonatal mortality rate,_T,Total,_T,Total,UN_IGME,UN IGME estimate,2021,2021,NGA,Nigeria,1,Administrative level 1,,,D_PER_1000_B,"Deaths per 1,000 live births",2007-01,28.88286160748,,,,,,,,,A,Normal value,,,,,,,,1,,,,,2007,24.5317594262178,33.9693057577119,
NGA-10_1,Delta,MRM0,Neonatal mortality rate,_T,Total,_T,Total,UN_IGME,UN IGME estimate,2021,2021,NGA,Nigeria,1,Administrative level 1,,,D_PER_1000_B,"Deaths per 1,000 live births",2008-01,27.6329906708938,,,,,,,,,A,Normal value,,,,,,,,1,,,,,2008,23.5829349021992,32.6545449561285,
NGA-10_1,Delta,MRM0,Neonatal mortality rate,_T,Total,_T,Total,UN_IGME,UN IGME estimate,2021,2021,NGA,Nigeria,1,Administrative level 1,,,D_PER_1000_B,"Deaths per 1,000 live births",2009-01,27.2795172159278,,,,,,,,,A,Normal value,,,,,,,,1,,,,,2009,22.9729083940392,32.2923542491491,
NGA-10_1,Delta,MRM0,Neonatal mortality rate,_T,Total,_T,Total,UN_IGME,UN IGME estimate,2021,2021,NGA,Nigeria,1,Administrative level 1,,,D_PER_1000_B,"Deaths per 1,000 live births",2010-01,27.075465201181,,,,,,,,,A,Normal value,,,,,,,,1,,,,,2010,22.6880391974709,32.2862386793965,
NGA-10_1,Delta,MRM0,Neonatal mortality rate,_T,Total,_T,Total,UN_IGME,UN IGME estimate,2021,2021,NGA,Nigeria,1,Administrative level 1,,,D_PER_1000_B,"Deaths per 1,000 live births",2011-01,27.142220391056,,,,,,,,,A,Normal value,,,,,,,,1,,,,,2011,22.37886847935,32.1234901324264,
NGA-10_1,Delta,MRM0,Neonatal mortality rate,_T,Total,_T,Total,UN_IGME,UN IGME estimate,2021,2021,NGA,Nigeria,1,Administrative level 1,,,D_PER_1000_B,"Deaths per 1,000 live births",2012-01,27.5328053069509,,,,,,,,,A,Normal value,,,,,,,,1,,,,,2012,22.9454975938593,32.9572594967502,
NGA-10_1,Delta,MRM0,Neonatal mortality rate,_T,Total,_T,Total,UN_IGME,UN IGME estimate,2021,2021,NGA,Nigeria,1,Administrative level 1,,,D_PER_1000_B,"Deaths per 1,000 live births",2013-01,27.3643038406711,,,,,,,,,A,Normal value,,,,,,,,1,,,,,2013,22.6668276077456,32.7273896610646,
NGA-10_1,Delta,MRM0,Neonatal mortality rate,_T,Total,_T,Total,UN_IGME,UN IGME estimate,2021,2021,NGA,Nigeria,1,Administrative level 1,,,D_PER_1000_B,"Deaths per 1,000 live births",2014-01,27.6257172599687,,,,,,,,,A,Normal value,,,,,,,,1,,,,,2014,22.6791233965325,33.4147923137651,
NGA-10_1,Delta,MRM0,Neonatal mortality rate,_T,Total,_T,Total,UN_IGME,UN IGME estimate,2021,2021,NGA,Nigeria,1,Administrative level 1,,,D_PER_1000_B,"Deaths per 1,000 live births",2015-01,27.3595688428863,,,,,,,,,A,Normal value,,,,,,,,1,,,,,2015,22.2842469985424,33.3048936581646,
NGA-10_1,Delta,MRM0,Neonatal mortality rate,_T,Total,_T,Total,UN_IGME,UN IGME estimate,2021,2021,NGA,Nigeria,1,Administrative level 1,,,D_PER_1000_B,"Deaths per 1,000 live births",2016-01,27.0166107361456,,,,,,,,,A,Normal value,,,,,,,,1,,,,,2016,21.6004546661323,33.6559891063909,
NGA-10_1,Delta,MRM0,Neonatal mortality rate,_T,Total,_T,Total,UN_IGME,UN IGME estimate,2021,2021,NGA,Nigeria,1,Administrative level 1,,,D_PER_1000_B,"Deaths per 1,000 live births",2017-01,26.7057576680881,,,,,,,,,A,Normal value,,,,,,,,1,,,,,2017,21.3669885459421,33.5791207896066,
NGA-10_1,Delta,MRM0,Neonatal mortality rate,_T,Total,_T,Total,UN_IGME,UN IGME estimate,2021,2021,NGA,Nigeria,1,Administrative level 1,,,D_PER_1000_B,"Deaths per 1,000 live births",2018-01,26.4633026304279,,,,,,,,,A,Normal value,,,,,,,,1,,,,,2018,21.1556011630258,33.7754119112787,
NGA-10_1,Delta,MRM0,Neonatal mortality rate,_T,Total,_T,Total,UN_IGME,UN IGME estimate,2021,2021,NGA,Nigeria,1,Administrative level 1,,,D_PER_1000_B,"Deaths per 1,000 live births",2019-01,25.9996811846962,,,,,,,,,A,Normal value,,,,,,,,1,,,,,2019,20.2281232338764,33.9181521318046,
NGA-10_1,Delta,MRM0,Neonatal mortality rate,_T,Total,_T,Total,UN_IGME,UN IGME estimate,2021,2021,NGA,Nigeria,1,Administrative level 1,,,D_PER_1000_B,"Deaths per 1,000 live births",2020-01,25.6500856360908,,,,,,,,,A,Normal value,,,,,,,,1,,,,,2020,19.6709048503053,34.1184892793018,
NGA-10_1,Delta,MRM0,Neonatal mortality rate,_T,Total,_T,Total,UN_IGME,UN IGME estimate,2021,2021,NGA,Nigeria,1,Administrative level 1,,,D_PER_1000_B,"Deaths per 1,000 live births",2021-01,25.3755367252622,,,,,,,,,A,Normal value,,,,,,,,1,,,,,2021,19.1043516084517,34.3117522396866,
NGA-36_1,Yobe,MRM0,Neonatal mortality rate,_T,Total,_T,Total,UN_IGME,UN IGME estimate,2021,2021,NGA,Nigeria,1,Administrative level 1,,,D_PER_1000_B,"Deaths per 1,000 live births",2000-01,50.7640099876398,,,,,,,,,A,Normal value,,,,,,,,1,,,,,2000,42.6381653318901,60.6073944337008,
NGA-36_1,Yobe,MRM0,Neonatal mortality rate,_T,Total,_T,Total,UN_IGME,UN IGME estimate,2021,2021,NGA,Nigeria,1,Administrative level 1,,,D_PER_1000_B,"Deaths per 1,000 live births",2001-01,50.4510985243982,,,,,,,,,A,Normal value,,,,,,,,1,,,,,2001,42.4827759026511,60.0343146463679,
NGA-36_1,Yobe,MRM0,Neonatal mortality rate,_T,Total,_T,Total,UN_IGME,UN IGME estimate,2021,2021,NGA,Nigeria,1,Administrative level 1,,,D_PER_1000_B,"Deaths per 1,000 live births",2002-01,48.9405649702439,,,,,,,,,A,Normal value,,,,,,,,1,,,,,2002,42.06609084692,58.0340098909564,
NGA-36_1,Yobe,MRM0,Neonatal mortality rate,_T,Total,_T,Total,UN_IGME,UN IGME estimate,2021,2021,NGA,Nigeria,1,Administrative level 1,,,D_PER_1000_B,"Deaths per 1,000 live births",2003-01,47.7017099562991,,,,,,,,,A,Normal value,,,,,,,,1,,,,,2003,41.3104382033617,55.645922917601,
NGA-36_1,Yobe,MRM0,Neonatal mortality rate,_T,Total,_T,Total,UN_IGME,UN IGME estimate,2021,2021,NGA,Nigeria,1,Administrative level 1,,,D_PER_1000_B,"Deaths per 1,000 live births",2004-01,46.5332508202919,,,,,,,,,A,Normal value,,,,,,,,1,,,,,2004,40.6434636638347,53.6729391673216,
NGA-36_1,Yobe,MRM0,Neonatal mortality rate,_T,Total,_T,Total,UN_IGME,UN IGME estimate,2021,2021,NGA,Nigeria,1,Administrative level 1,,,D_PER_1000_B,"Deaths per 1,000 live births",2005-01,45.9132011291488,,,,,,,,,A,Normal value,,,,,,,,1,,,,,2005,39.7547351002707,52.0386409415655,
NGA-36_1,Yobe,MRM0,Neonatal mortality rate,_T,Total,_T,Total,UN_IGME,UN IGME estimate,2021,2021,NGA,Nigeria,1,Administrative level 1,,,D_PER_1000_B,"Deaths per 1,000 live births",2006-01,44.4687710689532,,,,,,,,,A,Normal value,,,,,,,,1,,,,,2006,38.9129064664808,50.7090237247947,
NGA-36_1,Yobe,MRM0,Neonatal mortality rate,_T,Total,_T,Total,UN_IGME,UN IGME estimate,2021,2021,NGA,Nigeria,1,Administrative level 1,,,D_PER_1000_B,"Deaths per 1,000 live births",2007-01,44.9124666445188,,,,,,,,,A,Normal value,,,,,,,,1,,,,,2007,39.2927905696515,50.9467906358298,
NGA-36_1,Yobe,MRM0,Neonatal mortality rate,_T,Total,_T,Total,UN_IGME,UN IGME estimate,2021,2021,NGA,Nigeria,1,Administrative level 1,,,D_PER_1000_B,"Deaths per 1,000 live births",2008-01,42.351175513819,,,,,,,,,A,Normal value,,,,,,,,1,,,,,2008,37.2239077154528,48.5947149417862,
NGA-36_1,Yobe,MRM0,Neonatal mortality rate,_T,Total,_T,Total,UN_IGME,UN IGME estimate,2021,2021,NGA,Nigeria,1,Administrative level 1,,,D_PER_1000_B,"Deaths per 1,000 live births",2009-01,42.227330122897,,,,,,,,,A,Normal value,,,,,,,,1,,,,,2009,36.9570585231609,48.3321987641486,
NGA-36_1,Yobe,MRM0,Neonatal mortality rate,_T,Total,_T,Total,UN_IGME,UN IGME estimate,2021,2021,NGA,Nigeria,1,Administrative level 1,,,D_PER_1000_B,"Deaths per 1,000 live births",2010-01,40.9169668310711,,,,,,,,,A,Normal value,,,,,,,,1,,,,,2010,35.722760030962,46.7648904963299,
NGA-36_1,Yobe,MRM0,Neonatal mortality rate,_T,Total,_T,Total,UN_IGME,UN IGME estimate,2021,2021,NGA,Nigeria,1,Administrative level 1,,,D_PER_1000_B,"Deaths per 1,000 live births",2011-01,39.9647841826285,,,,,,,,,A,Normal value,,,,,,,,1,,,,,2011,34.8245652833139,45.791592406901,
NGA-36_1,Yobe,MRM0,Neonatal mortality rate,_T,Total,_T,Total,UN_IGME,UN IGME estimate,2021,2021,NGA,Nigeria,1,Administrative level 1,,,D_PER_1000_B,"Deaths per 1,000 live births",2012-01,40.5815636158419,,,,,,,,,A,Normal value,,,,,,,,1,,,,,2012,35.5882207655304,46.4822244678769,
NGA-36_1,Yobe,MRM0,Neonatal mortality rate,_T,Total,_T,Total,UN_IGME,UN IGME estimate,2021,2021,NGA,Nigeria,1,Administrative level 1,,,D_PER_1000_B,"Deaths per 1,000 live births",2013-01,40.8630809101644,,,,,,,,,A,Normal value,,,,,,,,1,,,,,2013,35.539881911583,47.4713828394695,
NGA-36_1,Yobe,MRM0,Neonatal mortality rate,_T,Total,_T,Total,UN_IGME,UN IGME estimate,2021,2021,NGA,Nigeria,1,Administrative level 1,,,D_PER_1000_B,"Deaths per 1,000 live births",2014-01,40.9474496771444,,,,,,,,,A,Normal value,,,,,,,,1,,,,,2014,35.1411480513244,47.9279339835233,
NGA-36_1,Yobe,MRM0,Neonatal mortality rate,_T,Total,_T,Total,UN_IGME,UN IGME estimate,2021,2021,NGA,Nigeria,1,Administrative level 1,,,D_PER_1000_B,"Deaths per 1,000 live births",2015-01,40.8257043447684,,,,,,,,,A,Normal value,,,,,,,,1,,,,,2015,34.7928944625392,47.9272534891391,
NGA-36_1,Yobe,MRM0,Neonatal mortality rate,_T,Total,_T,Total,UN_IGME,UN IGME estimate,2021,2021,NGA,Nigeria,1,Administrative level 1,,,D_PER_1000_B,"Deaths per 1,000 live births",2016-01,39.8809721234989,,,,,,,,,A,Normal value,,,,,,,,1,,,,,2016,33.5865937876293,47.2095779891097,
NGA-36_1,Yobe,MRM0,Neonatal mortality rate,_T,Total,_T,Total,UN_IGME,UN IGME estimate,2021,2021,NGA,Nigeria,1,Administrative level 1,,,D_PER_1000_B,"Deaths per 1,000 live births",2017-01,39.2379725387596,,,,,,,,,A,Normal value,,,,,,,,1,,,,,2017,32.693880863566,46.5496147226243,
NGA-36_1,Yobe,MRM0,Neonatal mortality rate,_T,Total,_T,Total,UN_IGME,UN IGME estimate,2021,2021,NGA,Nigeria,1,Administrative level 1,,,D_PER_1000_B,"Deaths per 1,000 live births",2018-01,38.5080015324208,,,,,,,,,A,Normal value,,,,,,,,1,,,,,2018,31.5286907729221,46.8131340337405,
NGA-36_1,Yobe,MRM0,Neonatal mortality rate,_T,Total,_T,Total,UN_IGME,UN IGME estimate,2021,2021,NGA,Nigeria,1,Administrative level 1,,,D_PER_1000_B,"Deaths per 1,000 live births",2019-01,37.5598626543466,,,,,,,,,A,Normal value,,,,,,,,1,,,,,2019,30.2097794727733,47.3034523574577,
NGA-36_1,Yobe,MRM0,Neonatal mortality rate,_T,Total,_T,Total,UN_IGME,UN IGME estimate,2021,2021,NGA,Nigeria,1,Administrative level 1,,,D_PER_1000_B,"Deaths per 1,000 live births",2020-01,36.7091482009733,,,,,,,,,A,Normal value,,,,,,,,1,,,,,2020,29.0781883618699,46.541719017448,
NGA-36_1,Yobe,MRM0,Neonatal mortality rate,_T,Total,_T,Total,UN_IGME,UN IGME estimate,2021,2021,NGA,Nigeria,1,Administrative level 1,,,D_PER_1000_B,"Deaths per 1,000 live births",2021-01,36.0793611768177,,,,,,,,,A,Normal value,,,,,,,,1,,,,,2021,27.8956973416849,47.1417969059835,
NGA-33_1,Rivers,MRY0T4,Under-five mortality rate,_T,Total,_T,Total,UN_IGME,UN IGME estimate,2021,2021,NGA,Nigeria,1,Administrative level 1,,,D_PER_1000_B,"Deaths per 1,000 live births",2000-01,118.378472768296,,,,,,,,,A,Normal value,,,,,,,,1,,,,,2000,99.0406404513705,140.47014653214,
NGA-33_1,Rivers,MRY0T4,Under-five mortality rate,_T,Total,_T,Total,UN_IGME,UN IGME estimate,2021,2021,NGA,Nigeria,1,Administrative level 1,,,D_PER_1000_B,"Deaths per 1,000 live births",2001-01,116.927707497841,,,,,,,,,A,Normal value,,,,,,,,1,,,,,2001,100.274906720409,137.874991203999,
NGA-33_1,Rivers,MRY0T4,Under-five mortality rate,_T,Total,_T,Total,UN_IGME,UN IGME estimate,2021,2021,NGA,Nigeria,1,Administrative level 1,,,D_PER_1000_B,"Deaths per 1,000 live births",2002-01,114.184432049201,,,,,,,,,A,Normal value,,,,,,,,1,,,,,2002,98.5766673047853,132.319474187203,
NGA-33_1,Rivers,MRY0T4,Under-five mortality rate,_T,Total,_T,Total,UN_IGME,UN IGME estimate,2021,2021,NGA,Nigeria,1,Administrative level 1,,,D_PER_1000_B,"Deaths per 1,000 live births",2003-01,112.906518315842,,,,,,,,,A,Normal value,,,,,,,,1,,,,,2003,98.3469178366009,130.320396863572,
NGA-33_1,Rivers,MRY0T4,Under-five mortality rate,_T,Total,_T,Total,UN_IGME,UN IGME estimate,2021,2021,NGA,Nigeria,1,Administrative level 1,,,D_PER_1000_B,"Deaths per 1,000 live births",2004-01,112.684471483973,,,,,,,,,A,Normal value,,,,,,,,1,,,,,2004,99.6594691236622,128.146951124383,
NGA-33_1,Rivers,MRY0T4,Under-five mortality rate,_T,Total,_T,Total,UN_IGME,UN IGME estimate,2021,2021,NGA,Nigeria,1,Administrative level 1,,,D_PER_1000_B,"Deaths per 1,000 live births",2005-01,112.03421709257,,,,,,,,,A,Normal value,,,,,,,,1,,,,,2005,99.1418999651024,127.551535424266,
NGA-33_1,Rivers,MRY0T4,Under-five mortality rate,_T,Total,_T,Total,UN_IGME,UN IGME estimate,2021,2021,NGA,Nigeria,1,Administrative level 1,,,D_PER_1000_B,"Deaths per 1,000 live births",2006-01,109.97729338077,,,,,,,,,A,Normal value,,,,,,,,1,,,,,2006,97.76792460567,125.629461322701,
NGA-33_1,Rivers,MRY0T4,Under-five mortality rate,_T,Total,_T,Total,UN_IGME,UN IGME estimate,2021,2021,NGA,Nigeria,1,Administrative level 1,,,D_PER_1000_B,"Deaths per 1,000 live births",2007-01,106.879223967857,,,,,,,,,A,Normal value,,,,,,,,1,,,,,2007,94.5577402661873,120.790828776417,
NGA-33_1,Rivers,MRY0T4,Under-five mortality rate,_T,Total,_T,Total,UN_IGME,UN IGME estimate,2021,2021,NGA,Nigeria,1,Administrative level 1,,,D_PER_1000_B,"Deaths per 1,000 live births",2008-01,105.619126154681,,,,,,,,,A,Normal value,,,,,,,,1,,,,,2008,94.633616060848,119.686221599778,
NGA-33_1,Rivers,MRY0T4,Under-five mortality rate,_T,Total,_T,Total,UN_IGME,UN IGME estimate,2021,2021,NGA,Nigeria,1,Administrative level 1,,,D_PER_1000_B,"Deaths per 1,000 live births",2009-01,103.478981499901,,,,,,,,,A,Normal value,,,,,,,,1,,,,,2009,92.7124032181532,117.185004793525,
NGA-33_1,Rivers,MRY0T4,Under-five mortality rate,_T,Total,_T,Total,UN_IGME,UN IGME estimate,2021,2021,NGA,Nigeria,1,Administrative level 1,,,D_PER_1000_B,"Deaths per 1,000 live births",2010-01,103.260999556156,,,,,,,,,A,Normal value,,,,,,,,1,,,,,2010,91.9704763346333,116.678843624503,
NGA-33_1,Rivers,MRY0T4,Under-five mortality rate,_T,Total,_T,Total,UN_IGME,UN IGME estimate,2021,2021,NGA,Nigeria,1,Administrative level 1,,,D_PER_1000_B,"Deaths per 1,000 live births",2011-01,102.483782554352,,,,,,,,,A,Normal value,,,,,,,,1,,,,,2011,90.5052570719061,116.087838301825,
NGA-33_1,Rivers,MRY0T4,Under-five mortality rate,_T,Total,_T,Total,UN_IGME,UN IGME estimate,2021,2021,NGA,Nigeria,1,Administrative level 1,,,D_PER_1000_B,"Deaths per 1,000 live births",2012-01,102.113436713567,,,,,,,,,A,Normal value,,,,,,,,1,,,,,2012,90.0657892935982,115.897496314149,
NGA-33_1,Rivers,MRY0T4,Under-five mortality rate,_T,Total,_T,Total,UN_IGME,UN IGME estimate,2021,2021,NGA,Nigeria,1,Administrative level 1,,,D_PER_1000_B,"Deaths per 1,000 live births",2013-01,97.1907417658321,,,,,,,,,A,Normal value,,,,,,,,1,,,,,2013,84.1125170522187,110.677183348961,
NGA-33_1,Rivers,MRY0T4,Under-five mortality rate,_T,Total,_T,Total,UN_IGME,UN IGME estimate,2021,2021,NGA,Nigeria,1,Administrative level 1,,,D_PER_1000_B,"Deaths per 1,000 live births",2014-01,92.8453524786788,,,,,,,,,A,Normal value,,,,,,,,1,,,,,2014,79.0893603081961,107.421252902563,
NGA-33_1,Rivers,MRY0T4,Under-five mortality rate,_T,Total,_T,Total,UN_IGME,UN IGME estimate,2021,2021,NGA,Nigeria,1,Administrative level 1,,,D_PER_1000_B,"Deaths per 1,000 live births",2015-01,90.7719693291745,,,,,,,,,A,Normal value,,,,,,,,1,,,,,2015,77.6376460497355,105.481370274973,
NGA-33_1,Rivers,MRY0T4,Under-five mortality rate,_T,Total,_T,Total,UN_IGME,UN IGME estimate,2021,2021,NGA,Nigeria,1,Administrative level 1,,,D_PER_1000_B,"Deaths per 1,000 live births",2016-01,89.2408597936293,,,,,,,,,A,Normal value,,,,,,,,1,,,,,2016,75.2365965675308,105.138008471003,
NGA-33_1,Rivers,MRY0T4,Under-five mortality rate,_T,Total,_T,Total,UN_IGME,UN IGME estimate,2021,2021,NGA,Nigeria,1,Administrative level 1,,,D_PER_1000_B,"Deaths per 1,000 live births",2017-01,87.0942205646391,,,,,,,,,A,Normal value,,,,,,,,1,,,,,2017,73.1030498095369,105.403795903784,
NGA-33_1,Rivers,MRY0T4,Under-five mortality rate,_T,Total,_T,Total,UN_IGME,UN IGME estimate,2021,2021,NGA,Nigeria,1,Administrative level 1,,,D_PER_1000_B,"Deaths per 1,000 live births",2018-01,86.3904217782439,,,,,,,,,A,Normal value,,,,,,,,1,,,,,2018,71.4617049441665,106.006901265208,
NGA-33_1,Rivers,MRY0T4,Under-five mortality rate,_T,Total,_T,Total,UN_IGME,UN IGME estimate,2021,2021,NGA,Nigeria,1,Administrative level 1,,,D_PER_1000_B,"Deaths per 1,000 live births",2019-01,85.9509502496539,,,,,,,,,A,Normal value,,,,,,,,1,,,,,2019,69.0190105205294,106.499673060671,
NGA-33_1,Rivers,MRY0T4,Under-five mortality rate,_T,Total,_T,Total,UN_IGME,UN IGME estimate,2021,2021,NGA,Nigeria,1,Administrative level 1,,,D_PER_1000_B,"Deaths per 1,000 live births",2020-01,85.0676096118906,,,,,,,,,A,Normal value,,,,,,,,1,,,,,2020,67.201348494765,107.736726289516,
NGA-33_1,Rivers,MRY0T4,Under-five mortality rate,_T,Total,_T,Total,UN_IGME,UN IGME estimate,2021,2021,NGA,Nigeria,1,Administrative level 1,,,D_PER_1000_B,"Deaths per 1,000 live births",2021-01,84.2110943171026,,,,,,,,,A,Normal value,,,,,,,,1,,,,,2021,64.514025920396,108.479764292878,
NGA-9_1,Cross River,MRY0T4,Under-five mortality rate,_T,Total,_T,Total,UN_IGME,UN IGME estimate,2021,2021,NGA,Nigeria,1,Administrative level 1,,,D_PER_1000_B,"Deaths per 1,000 live births",2000-01,136.93637533227,,,,,,,,,A,Normal value,,,,,,,,1,,,,,2000,114.910482492449,162.213468813542,
NGA-9_1,Cross River,MRY0T4,Under-five mortality rate,_T,Total,_T,Total,UN_IGME,UN IGME estimate,2021,2021,NGA,Nigeria,1,Administrative level 1,,,D_PER_1000_B,"Deaths per 1,000 live births",2001-01,135.197751285655,,,,,,,,,A,Normal value,,,,,,,,1,,,,,2001,114.614212614141,158.267193164193,
NGA-9_1,Cross River,MRY0T4,Under-five mortality rate,_T,Total,_T,Total,UN_IGME,UN IGME estimate,2021,2021,NGA,Nigeria,1,Administrative level 1,,,D_PER_1000_B,"Deaths per 1,000 live births",2002-01,132.45303768875,,,,,,,,,A,Normal value,,,,,,,,1,,,,,2002,114.394083745067,153.884209880792,
NGA-9_1,Cross River,MRY0T4,Under-five mortality rate,_T,Total,_T,Total,UN_IGME,UN IGME estimate,2021,2021,NGA,Nigeria,1,Administrative level 1,,,D_PER_1000_B,"Deaths per 1,000 live births",2003-01,132.306254018831,,,,,,,,,A,Normal value,,,,,,,,1,,,,,2003,114.685574227404,151.53627193343,
NGA-9_1,Cross River,MRY0T4,Under-five mortality rate,_T,Total,_T,Total,UN_IGME,UN IGME estimate,2021,2021,NGA,Nigeria,1,Administrative level 1,,,D_PER_1000_B,"Deaths per 1,000 live births",2004-01,132.195743046952,,,,,,,,,A,Normal value,,,,,,,,1,,,,,2004,116.067488674471,149.607825578205,
NGA-9_1,Cross River,MRY0T4,Under-five mortality rate,_T,Total,_T,Total,UN_IGME,UN IGME estimate,2021,2021,NGA,Nigeria,1,Administrative level 1,,,D_PER_1000_B,"Deaths per 1,000 live births",2005-01,133.090155945093,,,,,,,,,A,Normal value,,,,,,,,1,,,,,2005,117.466118117687,150.478644435263,
NGA-9_1,Cross River,MRY0T4,Under-five mortality rate,_T,Total,_T,Total,UN_IGME,UN IGME estimate,2021,2021,NGA,Nigeria,1,Administrative level 1,,,D_PER_1000_B,"Deaths per 1,000 live births",2006-01,130.951798324323,,,,,,,,,A,Normal value,,,,,,,,1,,,,,2006,115.360528790509,147.025087271783,
NGA-9_1,Cross River,MRY0T4,Under-five mortality rate,_T,Total,_T,Total,UN_IGME,UN IGME estimate,2021,2021,NGA,Nigeria,1,Administrative level 1,,,D_PER_1000_B,"Deaths per 1,000 live births",2007-01,128.533690538346,,,,,,,,,A,Normal value,,,,,,,,1,,,,,2007,114.492365853785,144.144685487312,
NGA-9_1,Cross River,MRY0T4,Under-five mortality rate,_T,Total,_T,Total,UN_IGME,UN IGME estimate,2021,2021,NGA,Nigeria,1,Administrative level 1,,,D_PER_1000_B,"Deaths per 1,000 live births",2008-01,128.635507058221,,,,,,,,,A,Normal value,,,,,,,,1,,,,,2008,114.185940881793,144.716681514186,
NGA-9_1,Cross River,MRY0T4,Under-five mortality rate,_T,Total,_T,Total,UN_IGME,UN IGME estimate,2021,2021,NGA,Nigeria,1,Administrative level 1,,,D_PER_1000_B,"Deaths per 1,000 live births",2009-01,127.770007931483,,,,,,,,,A,Normal value,,,,,,,,1,,,,,2009,113.274014491349,143.187933123151,
NGA-9_1,Cross River,MRY0T4,Under-five mortality rate,_T,Total,_T,Total,UN_IGME,UN IGME estimate,2021,2021,NGA,Nigeria,1,Administrative level 1,,,D_PER_1000_B,"Deaths per 1,000 live births",2010-01,128.455068273494,,,,,,,,,A,Normal value,,,,,,,,1,,,,,2010,114.592168201541,146.648522339729,
NGA-9_1,Cross River,MRY0T4,Under-five mortality rate,_T,Total,_T,Total,UN_IGME,UN IGME estimate,2021,2021,NGA,Nigeria,1,Administrative level 1,,,D_PER_1000_B,"Deaths per 1,000 live births",2011-01,125.787779372698,,,,,,,,,A,Normal value,,,,,,,,1,,,,,2011,110.862792131915,143.993151624454,
NGA-9_1,Cross River,MRY0T4,Under-five mortality rate,_T,Total,_T,Total,UN_IGME,UN IGME estimate,2021,2021,NGA,Nigeria,1,Administrative level 1,,,D_PER_1000_B,"Deaths per 1,000 live births",2012-01,122.965252567344,,,,,,,,,A,Normal value,,,,,,,,1,,,,,2012,107.030625887709,141.611520581951,
NGA-9_1,Cross River,MRY0T4,Under-five mortality rate,_T,Total,_T,Total,UN_IGME,UN IGME estimate,2021,2021,NGA,Nigeria,1,Administrative level 1,,,D_PER_1000_B,"Deaths per 1,000 live births",2013-01,116.44286587681,,,,,,,,,A,Normal value,,,,,,,,1,,,,,2013,101.229881889926,133.745672997421,
NGA-9_1,Cross River,MRY0T4,Under-five mortality rate,_T,Total,_T,Total,UN_IGME,UN IGME estimate,2021,2021,NGA,Nigeria,1,Administrative level 1,,,D_PER_1000_B,"Deaths per 1,000 live births",2014-01,109.819965355028,,,,,,,,,A,Normal value,,,,,,,,1,,,,,2014,94.5291073009379,128.117300637578,
NGA-9_1,Cross River,MRY0T4,Under-five mortality rate,_T,Total,_T,Total,UN_IGME,UN IGME estimate,2021,2021,NGA,Nigeria,1,Administrative level 1,,,D_PER_1000_B,"Deaths per 1,000 live births",2015-01,104.723727840062,,,,,,,,,A,Normal value,,,,,,,,1,,,,,2015,88.7487914476202,124.270728052612,
NGA-9_1,Cross River,MRY0T4,Under-five mortality rate,_T,Total,_T,Total,UN_IGME,UN IGME estimate,2021,2021,NGA,Nigeria,1,Administrative level 1,,,D_PER_1000_B,"Deaths per 1,000 live births",2016-01,99.2363539286999,,,,,,,,,A,Normal value,,,,,,,,1,,,,,2016,82.7345815917459,119.879271051134,
NGA-9_1,Cross River,MRY0T4,Under-five mortality rate,_T,Total,_T,Total,UN_IGME,UN IGME estimate,2021,2021,NGA,Nigeria,1,Administrative level 1,,,D_PER_1000_B,"Deaths per 1,000 live births",2017-01,96.9646808961201,,,,,,,,,A,Normal value,,,,,,,,1,,,,,2017,79.4499495162671,117.567753137853,
NGA-9_1,Cross River,MRY0T4,Under-five mortality rate,_T,Total,_T,Total,UN_IGME,UN IGME estimate,2021,2021,NGA,Nigeria,1,Administrative level 1,,,D_PER_1000_B,"Deaths per 1,000 live births",2018-01,95.2998887208754,,,,,,,,,A,Normal value,,,,,,,,1,,,,,2018,76.2847367660755,118.563578501862,
NGA-9_1,Cross River,MRY0T4,Under-five mortality rate,_T,Total,_T,Total,UN_IGME,UN IGME estimate,2021,2021,NGA,Nigeria,1,Administrative level 1,,,D_PER_1000_B,"Deaths per 1,000 live births",2019-01,93.8976060597584,,,,,,,,,A,Normal value,,,,,,,,1,,,,,2019,74.8290944456539,119.479843698127,
NGA-9_1,Cross River,MRY0T4,Under-five mortality rate,_T,Total,_T,Total,UN_IGME,UN IGME estimate,2021,2021,NGA,Nigeria,1,Administrative level 1,,,D_PER_1000_B,"Deaths per 1,000 live births",2020-01,92.4634196036506,,,,,,,,,A,Normal value,,,,,,,,1,,,,,2020,71.2533473413393,119.801818015532,
NGA-9_1,Cross River,MRY0T4,Under-five mortality rate,_T,Total,_T,Total,UN_IGME,UN IGME estimate,2021,2021,NGA,Nigeria,1,Administrative level 1,,,D_PER_1000_B,"Deaths per 1,000 live births",2021-01,90.4107057088156,,,,,,,,,A,Normal value,,,,,,,,1,,,,,2021,68.7148706685408,119.312888662666,
NGA-21_1,Katsina,MRY0T4,Under-five mortality rate,_T,Total,_T,Total,UN_IGME,UN IGME estimate,2021,2021,NGA,Nigeria,1,Administrative level 1,,,D_PER_1000_B,"Deaths per 1,000 live births",2000-01,339.677762807847,,,,,,,,,A,Normal value,,,,,,,,1,,,,,2000,308.96537215998,371.884727393855,
NGA-21_1,Katsina,MRY0T4,Under-five mortality rate,_T,Total,_T,Total,UN_IGME,UN IGME estimate,2021,2021,NGA,Nigeria,1,Administrative level 1,,,D_PER_1000_B,"Deaths per 1,000 live births",2001-01,325.210562587874,,,,,,,,,A,Normal value,,,,,,,,1,,,,,2001,298.646313216459,352.980810054765,
NGA-21_1,Katsina,MRY0T4,Under-five mortality rate,_T,Total,_T,Total,UN_IGME,UN IGME estimate,2021,2021,NGA,Nigeria,1,Administrative level 1,,,D_PER_1000_B,"Deaths per 1,000 live births",2002-01,318.364762635584,,,,,,,,,A,Normal value,,,,,,,,1,,,,,2002,292.486593712067,343.848552517233,
NGA-21_1,Katsina,MRY0T4,Under-five mortality rate,_T,Total,_T,Total,UN_IGME,UN IGME estimate,2021,2021,NGA,Nigeria,1,Administrative level 1,,,D_PER_1000_B,"Deaths per 1,000 live births",2003-01,302.223771240717,,,,,,,,,A,Normal value,,,,,,,,1,,,,,2003,279.199007803098,324.815192767712,
NGA-21_1,Katsina,MRY0T4,Under-five mortality rate,_T,Total,_T,Total,UN_IGME,UN IGME estimate,2021,2021,NGA,Nigeria,1,Administrative level 1,,,D_PER_1000_B,"Deaths per 1,000 live births",2004-01,285.839456939981,,,,,,,,,A,Normal value,,,,,,,,1,,,,,2004,263.930467341579,306.015320081843,
NGA-21_1,Katsina,MRY0T4,Under-five mortality rate,_T,Total,_T,Total,UN_IGME,UN IGME estimate,2021,2021,NGA,Nigeria,1,Administrative level 1,,,D_PER_1000_B,"Deaths per 1,000 live births",2005-01,274.332171408464,,,,,,,,,A,Normal value,,,,,,,,1,,,,,2005,255.982699226365,294.454224038493,
NGA-21_1,Katsina,MRY0T4,Under-five mortality rate,_T,Total,_T,Total,UN_IGME,UN IGME estimate,2021,2021,NGA,Nigeria,1,Administrative level 1,,,D_PER_1000_B,"Deaths per 1,000 live births",2006-01,270.049491675779,,,,,,,,,A,Normal value,,,,,,,,1,,,,,2006,250.235815777492,291.577810126097,
NGA-21_1,Katsina,MRY0T4,Under-five mortality rate,_T,Total,_T,Total,UN_IGME,UN IGME estimate,2021,2021,NGA,Nigeria,1,Administrative level 1,,,D_PER_1000_B,"Deaths per 1,000 live births",2007-01,272.675415455367,,,,,,,,,A,Normal value,,,,,,,,1,,,,,2007,253.875739190493,292.888581627286,
NGA-21_1,Katsina,MRY0T4,Under-five mortality rate,_T,Total,_T,Total,UN_IGME,UN IGME estimate,2021,2021,NGA,Nigeria,1,Administrative level 1,,,D_PER_1000_B,"Deaths per 1,000 live births",2008-01,266.341799222678,,,,,,,,,A,Normal value,,,,,,,,1,,,,,2008,247.899375361068,286.535841565134,
NGA-21_1,Katsina,MRY0T4,Under-five mortality rate,_T,Total,_T,Total,UN_IGME,UN IGME estimate,2021,2021,NGA,Nigeria,1,Administrative level 1,,,D_PER_1000_B,"Deaths per 1,000 live births",2009-01,261.817703793266,,,,,,,,,A,Normal value,,,,,,,,1,,,,,2009,243.888673434927,282.59706576419,
NGA-21_1,Katsina,MRY0T4,Under-five mortality rate,_T,Total,_T,Total,UN_IGME,UN IGME estimate,2021,2021,NGA,Nigeria,1,Administrative level 1,,,D_PER_1000_B,"Deaths per 1,000 live births",2010-01,245.457992417214,,,,,,,,,A,Normal value,,,,,,,,1,,,,,2010,228.976157194186,264.820274981829,
NGA-21_1,Katsina,MRY0T4,Under-five mortality rate,_T,Total,_T,Total,UN_IGME,UN IGME estimate,2021,2021,NGA,Nigeria,1,Administrative level 1,,,D_PER_1000_B,"Deaths per 1,000 live births",2011-01,227.247443327005,,,,,,,,,A,Normal value,,,,,,,,1,,,,,2011,210.04561991107,244.521357873126,
NGA-21_1,Katsina,MRY0T4,Under-five mortality rate,_T,Total,_T,Total,UN_IGME,UN IGME estimate,2021,2021,NGA,Nigeria,1,Administrative level 1,,,D_PER_1000_B,"Deaths per 1,000 live births",2012-01,213.572875712193,,,,,,,,,A,Normal value,,,,,,,,1,,,,,2012,195.363654698335,231.070899333046,
NGA-21_1,Katsina,MRY0T4,Under-five mortality rate,_T,Total,_T,Total,UN_IGME,UN IGME estimate,2021,2021,NGA,Nigeria,1,Administrative level 1,,,D_PER_1000_B,"Deaths per 1,000 live births",2013-01,216.749156644284,,,,,,,,,A,Normal value,,,,,,,,1,,,,,2013,199.010758374765,235.348907220487,
NGA-21_1,Katsina,MRY0T4,Under-five mortality rate,_T,Total,_T,Total,UN_IGME,UN IGME estimate,2021,2021,NGA,Nigeria,1,Administrative level 1,,,D_PER_1000_B,"Deaths per 1,000 live births",2014-01,213.867490055666,,,,,,,,,A,Normal value,,,,,,,,1,,,,,2014,196.248117105363,234.3040219026,
NGA-21_1,Katsina,MRY0T4,Under-five mortality rate,_T,Total,_T,Total,UN_IGME,UN IGME estimate,2021,2021,NGA,Nigeria,1,Administrative level 1,,,D_PER_1000_B,"Deaths per 1,000 live births",2015-01,211.710536859069,,,,,,,,,A,Normal value,,,,,,,,1,,,,,2015,192.521161857694,231.843331810085,
NGA-21_1,Katsina,MRY0T4,Under-five mortality rate,_T,Total,_T,Total,UN_IGME,UN IGME estimate,2021,2021,NGA,Nigeria,1,Administrative level 1,,,D_PER_1000_B,"Deaths per 1,000 live births",2016-01,203.356426318815,,,,,,,,,A,Normal value,,,,,,,,1,,,,,2016,183.502269136751,224.288840846866,
NGA-21_1,Katsina,MRY0T4,Under-five mortality rate,_T,Total,_T,Total,UN_IGME,UN IGME estimate,2021,2021,NGA,Nigeria,1,Administrative level 1,,,D_PER_1000_B,"Deaths per 1,000 live births",2017-01,198.431114108177,,,,,,,,,A,Normal value,,,,,,,,1,,,,,2017,177.476134397524,221.944722965703,
NGA-21_1,Katsina,MRY0T4,Under-five mortality rate,_T,Total,_T,Total,UN_IGME,UN IGME estimate,2021,2021,NGA,Nigeria,1,Administrative level 1,,,D_PER_1000_B,"Deaths per 1,000 live births",2018-01,190.187085842098,,,,,,,,,A,Normal value,,,,,,,,1,,,,,2018,168.234420614686,215.261292369389,
NGA-21_1,Katsina,MRY0T4,Under-five mortality rate,_T,Total,_T,Total,UN_IGME,UN IGME estimate,2021,2021,NGA,Nigeria,1,Administrative level 1,,,D_PER_1000_B,"Deaths per 1,000 live births",2019-01,184.126665477977,,,,,,,,,A,Normal value,,,,,,,,1,,,,,2019,159.147095797408,214.882435900345,
NGA-21_1,Katsina,MRY0T4,Under-five mortality rate,_T,Total,_T,Total,UN_IGME,UN IGME estimate,2021,2021,NGA,Nigeria,1,Administrative level 1,,,D_PER_1000_B,"Deaths per 1,000 live births",2020-01,176.964218811982,,,,,,,,,A,Normal value,,,,,,,,1,,,,,2020,148.771708288255,209.454496084401,
NGA-21_1,Katsina,MRY0T4,Under-five mortality rate,_T,Total,_T,Total,UN_IGME,UN IGME estimate,2021,2021,NGA,Nigeria,1,Administrative level 1,,,D_PER_1000_B,"Deaths per 1,000 live births",2021-01,170.966275681279,,,,,,,,,A,Normal value,,,,,,,,1,,,,,2021,140.718059213443,204.83600912606,
NGA-4_1,Anambra,MRM0,Neonatal mortality rate,_T,Total,_T,Total,UN_IGME,UN IGME estimate,2021,2021,NGA,Nigeria,1,Administrative level 1,,,D_PER_1000_B,"Deaths per 1,000 live births",2000-01,31.868910252237,,,,,,,,,A,Normal value,,,,,,,,1,,,,,2000,25.2085401294061,39.8861975242453,
NGA-4_1,Anambra,MRM0,Neonatal mortality rate,_T,Total,_T,Total,UN_IGME,UN IGME estimate,2021,2021,NGA,Nigeria,1,Administrative level 1,,,D_PER_1000_B,"Deaths per 1,000 live births",2001-01,31.1348909130376,,,,,,,,,A,Normal value,,,,,,,,1,,,,,2001,24.8548282449959,38.4346057897868,
NGA-4_1,Anambra,MRM0,Neonatal mortality rate,_T,Total,_T,Total,UN_IGME,UN IGME estimate,2021,2021,NGA,Nigeria,1,Administrative level 1,,,D_PER_1000_B,"Deaths per 1,000 live births",2002-01,30.8607720192734,,,,,,,,,A,Normal value,,,,,,,,1,,,,,2002,25.1648444086517,37.6708263026763,
NGA-4_1,Anambra,MRM0,Neonatal mortality rate,_T,Total,_T,Total,UN_IGME,UN IGME estimate,2021,2021,NGA,Nigeria,1,Administrative level 1,,,D_PER_1000_B,"Deaths per 1,000 live births",2003-01,29.6292856210818,,,,,,,,,A,Normal value,,,,,,,,1,,,,,2003,24.4924364527011,35.5224413063605,
NGA-4_1,Anambra,MRM0,Neonatal mortality rate,_T,Total,_T,Total,UN_IGME,UN IGME estimate,2021,2021,NGA,Nigeria,1,Administrative level 1,,,D_PER_1000_B,"Deaths per 1,000 live births",2004-01,29.0338777787427,,,,,,,,,A,Normal value,,,,,,,,1,,,,,2004,24.2782423194813,34.6904994763742,
NGA-4_1,Anambra,MRM0,Neonatal mortality rate,_T,Total,_T,Total,UN_IGME,UN IGME estimate,2021,2021,NGA,Nigeria,1,Administrative level 1,,,D_PER_1000_B,"Deaths per 1,000 live births",2005-01,28.5547952401056,,,,,,,,,A,Normal value,,,,,,,,1,,,,,2005,23.9705521925387,34.0071362912464,
NGA-4_1,Anambra,MRM0,Neonatal mortality rate,_T,Total,_T,Total,UN_IGME,UN IGME estimate,2021,2021,NGA,Nigeria,1,Administrative level 1,,,D_PER_1000_B,"Deaths per 1,000 live births",2006-01,27.7063557517079,,,,,,,,,A,Normal value,,,,,,,,1,,,,,2006,23.3167861738973,32.5209552261096,
NGA-4_1,Anambra,MRM0,Neonatal mortality rate,_T,Total,_T,Total,UN_IGME,UN IGME estimate,2021,2021,NGA,Nigeria,1,Administrative level 1,,,D_PER_1000_B,"Deaths per 1,000 live births",2007-01,27.6532896289868,,,,,,,,,A,Normal value,,,,,,,,1,,,,,2007,23.1966354210358,32.5204696646579,
NGA-4_1,Anambra,MRM0,Neonatal mortality rate,_T,Total,_T,Total,UN_IGME,UN IGME estimate,2021,2021,NGA,Nigeria,1,Administrative level 1,,,D_PER_1000_B,"Deaths per 1,000 live births",2008-01,26.7861159381007,,,,,,,,,A,Normal value,,,,,,,,1,,,,,2008,22.6318205417774,31.3606798693551,
NGA-4_1,Anambra,MRM0,Neonatal mortality rate,_T,Total,_T,Total,UN_IGME,UN IGME estimate,2021,2021,NGA,Nigeria,1,Administrative level 1,,,D_PER_1000_B,"Deaths per 1,000 live births",2009-01,25.9763821745439,,,,,,,,,A,Normal value,,,,,,,,1,,,,,2009,21.628302701565,30.5436363865975,
NGA-4_1,Anambra,MRM0,Neonatal mortality rate,_T,Total,_T,Total,UN_IGME,UN IGME estimate,2021,2021,NGA,Nigeria,1,Administrative level 1,,,D_PER_1000_B,"Deaths per 1,000 live births",2010-01,25.8336434599771,,,,,,,,,A,Normal value,,,,,,,,1,,,,,2010,21.3957642317504,30.6929831281461,
NGA-4_1,Anambra,MRM0,Neonatal mortality rate,_T,Total,_T,Total,UN_IGME,UN IGME estimate,2021,2021,NGA,Nigeria,1,Administrative level 1,,,D_PER_1000_B,"Deaths per 1,000 live births",2011-01,25.9108874059473,,,,,,,,,A,Normal value,,,,,,,,1,,,,,2011,21.6318335549657,30.8027971894183,
NGA-4_1,Anambra,MRM0,Neonatal mortality rate,_T,Total,_T,Total,UN_IGME,UN IGME estimate,2021,2021,NGA,Nigeria,1,Administrative level 1,,,D_PER_1000_B,"Deaths per 1,000 live births",2012-01,25.9166270483529,,,,,,,,,A,Normal value,,,,,,,,1,,,,,2012,21.6734193962941,30.8684858146118,
NGA-4_1,Anambra,MRM0,Neonatal mortality rate,_T,Total,_T,Total,UN_IGME,UN IGME estimate,2021,2021,NGA,Nigeria,1,Administrative level 1,,,D_PER_1000_B,"Deaths per 1,000 live births",2013-01,25.6873487003354,,,,,,,,,A,Normal value,,,,,,,,1,,,,,2013,21.6601183094323,30.4780694576479,
NGA-4_1,Anambra,MRM0,Neonatal mortality rate,_T,Total,_T,Total,UN_IGME,UN IGME estimate,2021,2021,NGA,Nigeria,1,Administrative level 1,,,D_PER_1000_B,"Deaths per 1,000 live births",2014-01,26.3523876979001,,,,,,,,,A,Normal value,,,,,,,,1,,,,,2014,22.1075713092407,31.9005349300665,
NGA-4_1,Anambra,MRM0,Neonatal mortality rate,_T,Total,_T,Total,UN_IGME,UN IGME estimate,2021,2021,NGA,Nigeria,1,Administrative level 1,,,D_PER_1000_B,"Deaths per 1,000 live births",2015-01,25.9097186392907,,,,,,,,,A,Normal value,,,,,,,,1,,,,,2015,21.5960904955813,31.4719611672354,
NGA-4_1,Anambra,MRM0,Neonatal mortality rate,_T,Total,_T,Total,UN_IGME,UN IGME estimate,2021,2021,NGA,Nigeria,1,Administrative level 1,,,D_PER_1000_B,"Deaths per 1,000 live births",2016-01,26.0953909978172,,,,,,,,,A,Normal value,,,,,,,,1,,,,,2016,21.4053715095791,31.8723369402253,
NGA-4_1,Anambra,MRM0,Neonatal mortality rate,_T,Total,_T,Total,UN_IGME,UN IGME estimate,2021,2021,NGA,Nigeria,1,Administrative level 1,,,D_PER_1000_B,"Deaths per 1,000 live births",2017-01,25.9328958721256,,,,,,,,,A,Normal value,,,,,,,,1,,,,,2017,20.9299716601948,32.1738383678686,
NGA-4_1,Anambra,MRM0,Neonatal mortality rate,_T,Total,_T,Total,UN_IGME,UN IGME estimate,2021,2021,NGA,Nigeria,1,Administrative level 1,,,D_PER_1000_B,"Deaths per 1,000 live births",2018-01,25.6893276405417,,,,,,,,,A,Normal value,,,,,,,,1,,,,,2018,20.538763418384,32.0933812646057,
NGA-4_1,Anambra,MRM0,Neonatal mortality rate,_T,Total,_T,Total,UN_IGME,UN IGME estimate,2021,2021,NGA,Nigeria,1,Administrative level 1,,,D_PER_1000_B,"Deaths per 1,000 live births",2019-01,25.4215513784833,,,,,,,,,A,Normal value,,,,,,,,1,,,,,2019,19.6519221884327,32.8042919611871,
NGA-4_1,Anambra,MRM0,Neonatal mortality rate,_T,Total,_T,Total,UN_IGME,UN IGME estimate,2021,2021,NGA,Nigeria,1,Administrative level 1,,,D_PER_1000_B,"Deaths per 1,000 live births",2020-01,24.8798038567476,,,,,,,,,A,Normal value,,,,,,,,1,,,,,2020,18.9142118366733,32.5860400066052,
NGA-4_1,Anambra,MRM0,Neonatal mortality rate,_T,Total,_T,Total,UN_IGME,UN IGME estimate,2021,2021,NGA,Nigeria,1,Administrative level 1,,,D_PER_1000_B,"Deaths per 1,000 live births",2021-01,24.7092431385382,,,,,,,,,A,Normal value,,,,,,,,1,,,,,2021,18.1772860788347,33.4728934185157,
NGA-12_1,Edo,MRY0T4,Under-five mortality rate,_T,Total,_T,Total,UN_IGME,UN IGME estimate,2021,2021,NGA,Nigeria,1,Administrative level 1,,,D_PER_1000_B,"Deaths per 1,000 live births",2000-01,128.902130769368,,,,,,,,,A,Normal value,,,,,,,,1,,,,,2000,107.344673156989,151.562193295042,
NGA-12_1,Edo,MRY0T4,Under-five mortality rate,_T,Total,_T,Total,UN_IGME,UN IGME estimate,2021,2021,NGA,Nigeria,1,Administrative level 1,,,D_PER_1000_B,"Deaths per 1,000 live births",2001-01,125.228147784778,,,,,,,,,A,Normal value,,,,,,,,1,,,,,2001,106.525927332671,146.453826970799,
NGA-12_1,Edo,MRY0T4,Under-five mortality rate,_T,Total,_T,Total,UN_IGME,UN IGME estimate,2021,2021,NGA,Nigeria,1,Administrative level 1,,,D_PER_1000_B,"Deaths per 1,000 live births",2002-01,120.911405691853,,,,,,,,,A,Normal value,,,,,,,,1,,,,,2002,104.941270745304,139.281838191795,
NGA-12_1,Edo,MRY0T4,Under-five mortality rate,_T,Total,_T,Total,UN_IGME,UN IGME estimate,2021,2021,NGA,Nigeria,1,Administrative level 1,,,D_PER_1000_B,"Deaths per 1,000 live births",2003-01,117.567287216722,,,,,,,,,A,Normal value,,,,,,,,1,,,,,2003,102.562166899877,134.406880305228,
NGA-12_1,Edo,MRY0T4,Under-five mortality rate,_T,Total,_T,Total,UN_IGME,UN IGME estimate,2021,2021,NGA,Nigeria,1,Administrative level 1,,,D_PER_1000_B,"Deaths per 1,000 live births",2004-01,114.756069668847,,,,,,,,,A,Normal value,,,,,,,,1,,,,,2004,100.780831703522,130.104949123752,
NGA-12_1,Edo,MRY0T4,Under-five mortality rate,_T,Total,_T,Total,UN_IGME,UN IGME estimate,2021,2021,NGA,Nigeria,1,Administrative level 1,,,D_PER_1000_B,"Deaths per 1,000 live births",2005-01,111.074538724238,,,,,,,,,A,Normal value,,,,,,,,1,,,,,2005,97.8988483661454,127.416576824803,
NGA-12_1,Edo,MRY0T4,Under-five mortality rate,_T,Total,_T,Total,UN_IGME,UN IGME estimate,2021,2021,NGA,Nigeria,1,Administrative level 1,,,D_PER_1000_B,"Deaths per 1,000 live births",2006-01,107.315383680493,,,,,,,,,A,Normal value,,,,,,,,1,,,,,2006,94.7680291818269,121.272345625875,
NGA-12_1,Edo,MRY0T4,Under-five mortality rate,_T,Total,_T,Total,UN_IGME,UN IGME estimate,2021,2021,NGA,Nigeria,1,Administrative level 1,,,D_PER_1000_B,"Deaths per 1,000 live births",2007-01,103.222144188506,,,,,,,,,A,Normal value,,,,,,,,1,,,,,2007,91.2781600065189,117.093629810358,
NGA-12_1,Edo,MRY0T4,Under-five mortality rate,_T,Total,_T,Total,UN_IGME,UN IGME estimate,2021,2021,NGA,Nigeria,1,Administrative level 1,,,D_PER_1000_B,"Deaths per 1,000 live births",2008-01,99.2251826542828,,,,,,,,,A,Normal value,,,,,,,,1,,,,,2008,87.2219449973109,113.108582561774,
NGA-12_1,Edo,MRY0T4,Under-five mortality rate,_T,Total,_T,Total,UN_IGME,UN IGME estimate,2021,2021,NGA,Nigeria,1,Administrative level 1,,,D_PER_1000_B,"Deaths per 1,000 live births",2009-01,95.0943830514906,,,,,,,,,A,Normal value,,,,,,,,1,,,,,2009,83.8268149467917,108.08614557836,
NGA-12_1,Edo,MRY0T4,Under-five mortality rate,_T,Total,_T,Total,UN_IGME,UN IGME estimate,2021,2021,NGA,Nigeria,1,Administrative level 1,,,D_PER_1000_B,"Deaths per 1,000 live births",2010-01,92.8160730489186,,,,,,,,,A,Normal value,,,,,,,,1,,,,,2010,81.6073829787519,105.34824110188,
NGA-12_1,Edo,MRY0T4,Under-five mortality rate,_T,Total,_T,Total,UN_IGME,UN IGME estimate,2021,2021,NGA,Nigeria,1,Administrative level 1,,,D_PER_1000_B,"Deaths per 1,000 live births",2011-01,91.0285496051863,,,,,,,,,A,Normal value,,,,,,,,1,,,,,2011,79.2673624844879,103.612610166532,
NGA-12_1,Edo,MRY0T4,Under-five mortality rate,_T,Total,_T,Total,UN_IGME,UN IGME estimate,2021,2021,NGA,Nigeria,1,Administrative level 1,,,D_PER_1000_B,"Deaths per 1,000 live births",2012-01,90.7751743944175,,,,,,,,,A,Normal value,,,,,,,,1,,,,,2012,78.4655632218951,103.96518609759,
NGA-12_1,Edo,MRY0T4,Under-five mortality rate,_T,Total,_T,Total,UN_IGME,UN IGME estimate,2021,2021,NGA,Nigeria,1,Administrative level 1,,,D_PER_1000_B,"Deaths per 1,000 live births",2013-01,86.2237232367876,,,,,,,,,A,Normal value,,,,,,,,1,,,,,2013,73.6855059186749,99.9830243157816,
NGA-12_1,Edo,MRY0T4,Under-five mortality rate,_T,Total,_T,Total,UN_IGME,UN IGME estimate,2021,2021,NGA,Nigeria,1,Administrative level 1,,,D_PER_1000_B,"Deaths per 1,000 live births",2014-01,83.1669242514142,,,,,,,,,A,Normal value,,,,,,,,1,,,,,2014,70.1335030762075,96.5055678756555,
NGA-12_1,Edo,MRY0T4,Under-five mortality rate,_T,Total,_T,Total,UN_IGME,UN IGME estimate,2021,2021,NGA,Nigeria,1,Administrative level 1,,,D_PER_1000_B,"Deaths per 1,000 live births",2015-01,80.7347415396494,,,,,,,,,A,Normal value,,,,,,,,1,,,,,2015,68.1327976199153,96.1607949012837,
NGA-12_1,Edo,MRY0T4,Under-five mortality rate,_T,Total,_T,Total,UN_IGME,UN IGME estimate,2021,2021,NGA,Nigeria,1,Administrative level 1,,,D_PER_1000_B,"Deaths per 1,000 live births",2016-01,79.343095111003,,,,,,,,,A,Normal value,,,,,,,,1,,,,,2016,66.1565024837221,94.8185857595785,
NGA-12_1,Edo,MRY0T4,Under-five mortality rate,_T,Total,_T,Total,UN_IGME,UN IGME estimate,2021,2021,NGA,Nigeria,1,Administrative level 1,,,D_PER_1000_B,"Deaths per 1,000 live births",2017-01,77.6968046980823,,,,,,,,,A,Normal value,,,,,,,,1,,,,,2017,64.1178117596614,94.5468258946111,
NGA-12_1,Edo,MRY0T4,Under-five mortality rate,_T,Total,_T,Total,UN_IGME,UN IGME estimate,2021,2021,NGA,Nigeria,1,Administrative level 1,,,D_PER_1000_B,"Deaths per 1,000 live births",2018-01,75.5762941122425,,,,,,,,,A,Normal value,,,,,,,,1,,,,,2018,61.4317959507114,93.704365058763,
NGA-12_1,Edo,MRY0T4,Under-five mortality rate,_T,Total,_T,Total,UN_IGME,UN IGME estimate,2021,2021,NGA,Nigeria,1,Administrative level 1,,,D_PER_1000_B,"Deaths per 1,000 live births",2019-01,74.3408626021321,,,,,,,,,A,Normal value,,,,,,,,1,,,,,2019,58.841758042235,93.2009648228575,
NGA-12_1,Edo,MRY0T4,Under-five mortality rate,_T,Total,_T,Total,UN_IGME,UN IGME estimate,2021,2021,NGA,Nigeria,1,Administrative level 1,,,D_PER_1000_B,"Deaths per 1,000 live births",2020-01,72.5844636963797,,,,,,,,,A,Normal value,,,,,,,,1,,,,,2020,56.7248296525241,93.4003122611751,
NGA-12_1,Edo,MRY0T4,Under-five mortality rate,_T,Total,_T,Total,UN_IGME,UN IGME estimate,2021,2021,NGA,Nigeria,1,Administrative level 1,,,D_PER_1000_B,"Deaths per 1,000 live births",2021-01,71.6024827782633,,,,,,,,,A,Normal value,,,,,,,,1,,,,,2021,54.7680639852728,92.8309393161503,
NGA-3_1,Akwa Ibom,MRM0,Neonatal mortality rate,_T,Total,_T,Total,UN_IGME,UN IGME estimate,2021,2021,NGA,Nigeria,1,Administrative level 1,,,D_PER_1000_B,"Deaths per 1,000 live births",2000-01,35.6487422343308,,,,,,,,,A,Normal value,,,,,,,,1,,,,,2000,27.8196174641572,44.9077080173358,
NGA-3_1,Akwa Ibom,MRM0,Neonatal mortality rate,_T,Total,_T,Total,UN_IGME,UN IGME estimate,2021,2021,NGA,Nigeria,1,Administrative level 1,,,D_PER_1000_B,"Deaths per 1,000 live births",2001-01,36.4359115424215,,,,,,,,,A,Normal value,,,,,,,,1,,,,,2001,28.9601982827234,45.8180310006819,
NGA-3_1,Akwa Ibom,MRM0,Neonatal mortality rate,_T,Total,_T,Total,UN_IGME,UN IGME estimate,2021,2021,NGA,Nigeria,1,Administrative level 1,,,D_PER_1000_B,"Deaths per 1,000 live births",2002-01,35.82904914375,,,,,,,,,A,Normal value,,,,,,,,1,,,,,2002,28.8138634202972,43.4649332518977,
NGA-3_1,Akwa Ibom,MRM0,Neonatal mortality rate,_T,Total,_T,Total,UN_IGME,UN IGME estimate,2021,2021,NGA,Nigeria,1,Administrative level 1,,,D_PER_1000_B,"Deaths per 1,000 live births",2003-01,36.0340436804103,,,,,,,,,A,Normal value,,,,,,,,1,,,,,2003,29.5118275412891,43.5672281725029,
NGA-3_1,Akwa Ibom,MRM0,Neonatal mortality rate,_T,Total,_T,Total,UN_IGME,UN IGME estimate,2021,2021,NGA,Nigeria,1,Administrative level 1,,,D_PER_1000_B,"Deaths per 1,000 live births",2004-01,35.3784805969525,,,,,,,,,A,Normal value,,,,,,,,1,,,,,2004,29.2312719034798,42.4163864188494,
NGA-3_1,Akwa Ibom,MRM0,Neonatal mortality rate,_T,Total,_T,Total,UN_IGME,UN IGME estimate,2021,2021,NGA,Nigeria,1,Administrative level 1,,,D_PER_1000_B,"Deaths per 1,000 live births",2005-01,35.0203290270172,,,,,,,,,A,Normal value,,,,,,,,1,,,,,2005,29.2738678746606,41.8186633391821,
NGA-3_1,Akwa Ibom,MRM0,Neonatal mortality rate,_T,Total,_T,Total,UN_IGME,UN IGME estimate,2021,2021,NGA,Nigeria,1,Administrative level 1,,,D_PER_1000_B,"Deaths per 1,000 live births",2006-01,34.4282437273402,,,,,,,,,A,Normal value,,,,,,,,1,,,,,2006,28.6291751099278,40.5541832880615,
NGA-3_1,Akwa Ibom,MRM0,Neonatal mortality rate,_T,Total,_T,Total,UN_IGME,UN IGME estimate,2021,2021,NGA,Nigeria,1,Administrative level 1,,,D_PER_1000_B,"Deaths per 1,000 live births",2007-01,35.0667817609421,,,,,,,,,A,Normal value,,,,,,,,1,,,,,2007,29.3112391031648,41.9516551434378,
NGA-3_1,Akwa Ibom,MRM0,Neonatal mortality rate,_T,Total,_T,Total,UN_IGME,UN IGME estimate,2021,2021,NGA,Nigeria,1,Administrative level 1,,,D_PER_1000_B,"Deaths per 1,000 live births",2008-01,34.2260176869601,,,,,,,,,A,Normal value,,,,,,,,1,,,,,2008,28.6003074629079,40.4889807799407,
NGA-3_1,Akwa Ibom,MRM0,Neonatal mortality rate,_T,Total,_T,Total,UN_IGME,UN IGME estimate,2021,2021,NGA,Nigeria,1,Administrative level 1,,,D_PER_1000_B,"Deaths per 1,000 live births",2009-01,34.6790352652798,,,,,,,,,A,Normal value,,,,,,,,1,,,,,2009,29.1505031287736,41.3597250336435,
NGA-3_1,Akwa Ibom,MRM0,Neonatal mortality rate,_T,Total,_T,Total,UN_IGME,UN IGME estimate,2021,2021,NGA,Nigeria,1,Administrative level 1,,,D_PER_1000_B,"Deaths per 1,000 live births",2010-01,35.1984687487741,,,,,,,,,A,Normal value,,,,,,,,1,,,,,2010,29.7928541811136,41.6247518772419,
NGA-3_1,Akwa Ibom,MRM0,Neonatal mortality rate,_T,Total,_T,Total,UN_IGME,UN IGME estimate,2021,2021,NGA,Nigeria,1,Administrative level 1,,,D_PER_1000_B,"Deaths per 1,000 live births",2011-01,35.3882677961586,,,,,,,,,A,Normal value,,,,,,,,1,,,,,2011,29.7817498062927,42.626730862605,
NGA-3_1,Akwa Ibom,MRM0,Neonatal mortality rate,_T,Total,_T,Total,UN_IGME,UN IGME estimate,2021,2021,NGA,Nigeria,1,Administrative level 1,,,D_PER_1000_B,"Deaths per 1,000 live births",2012-01,36.7545870686293,,,,,,,,,A,Normal value,,,,,,,,1,,,,,2012,30.5045209512422,44.5706979700768,
NGA-3_1,Akwa Ibom,MRM0,Neonatal mortality rate,_T,Total,_T,Total,UN_IGME,UN IGME estimate,2021,2021,NGA,Nigeria,1,Administrative level 1,,,D_PER_1000_B,"Deaths per 1,000 live births",2013-01,37.3426997243729,,,,,,,,,A,Normal value,,,,,,,,1,,,,,2013,30.4797739322553,45.7378078606092,
NGA-3_1,Akwa Ibom,MRM0,Neonatal mortality rate,_T,Total,_T,Total,UN_IGME,UN IGME estimate,2021,2021,NGA,Nigeria,1,Administrative level 1,,,D_PER_1000_B,"Deaths per 1,000 live births",2014-01,37.1081101121423,,,,,,,,,A,Normal value,,,,,,,,1,,,,,2014,29.8167836439445,45.8009599197885,
NGA-3_1,Akwa Ibom,MRM0,Neonatal mortality rate,_T,Total,_T,Total,UN_IGME,UN IGME estimate,2021,2021,NGA,Nigeria,1,Administrative level 1,,,D_PER_1000_B,"Deaths per 1,000 live births",2015-01,37.0737875008163,,,,,,,,,A,Normal value,,,,,,,,1,,,,,2015,29.9417532962185,47.093399354236,
NGA-3_1,Akwa Ibom,MRM0,Neonatal mortality rate,_T,Total,_T,Total,UN_IGME,UN IGME estimate,2021,2021,NGA,Nigeria,1,Administrative level 1,,,D_PER_1000_B,"Deaths per 1,000 live births",2016-01,36.6556190578685,,,,,,,,,A,Normal value,,,,,,,,1,,,,,2016,29.1931129193113,46.514601772811,
NGA-3_1,Akwa Ibom,MRM0,Neonatal mortality rate,_T,Total,_T,Total,UN_IGME,UN IGME estimate,2021,2021,NGA,Nigeria,1,Administrative level 1,,,D_PER_1000_B,"Deaths per 1,000 live births",2017-01,36.4916964306563,,,,,,,,,A,Normal value,,,,,,,,1,,,,,2017,28.782541348294,46.5332487069791,
NGA-3_1,Akwa Ibom,MRM0,Neonatal mortality rate,_T,Total,_T,Total,UN_IGME,UN IGME estimate,2021,2021,NGA,Nigeria,1,Administrative level 1,,,D_PER_1000_B,"Deaths per 1,000 live births",2018-01,36.5519662300273,,,,,,,,,A,Normal value,,,,,,,,1,,,,,2018,28.6201230159301,47.4634643379123,
NGA-3_1,Akwa Ibom,MRM0,Neonatal mortality rate,_T,Total,_T,Total,UN_IGME,UN IGME estimate,2021,2021,NGA,Nigeria,1,Administrative level 1,,,D_PER_1000_B,"Deaths per 1,000 live births",2019-01,36.4544445890104,,,,,,,,,A,Normal value,,,,,,,,1,,,,,2019,27.5835071037653,48.5298425519001,
NGA-3_1,Akwa Ibom,MRM0,Neonatal mortality rate,_T,Total,_T,Total,UN_IGME,UN IGME estimate,2021,2021,NGA,Nigeria,1,Administrative level 1,,,D_PER_1000_B,"Deaths per 1,000 live births",2020-01,36.1371484665624,,,,,,,,,A,Normal value,,,,,,,,1,,,,,2020,26.8137398614822,49.4060584303033,
NGA-3_1,Akwa Ibom,MRM0,Neonatal mortality rate,_T,Total,_T,Total,UN_IGME,UN IGME estimate,2021,2021,NGA,Nigeria,1,Administrative level 1,,,D_PER_1000_B,"Deaths per 1,000 live births",2021-01,36.1442452249671,,,,,,,,,A,Normal value,,,,,,,,1,,,,,2021,26.2382688441877,50.4474842155087,
