population_group_id,population_group_name,measure_id,measure_name,location_id,location_name,sex_id,sex_name,age_id,age_name,metric_id,metric_name,year,val,upper,lower
1,All Population,50,Live births,167,Central Sub-Saharan Africa,3,Both,8,15-19 years,1,Number,2023,660986.7535216906,734186.8594235259,598526.1162788
1,All Population,50,Live births,167,Central Sub-Saharan Africa,3,Both,9,20-24 years,1,Number,2023,1267694.9398758214,1394597.4445429135,1151866.4281864993
1,All Population,50,Live births,167,Central Sub-Saharan Africa,3,Both,10,25-29 years,1,Number,2023,1125098.6080451377,1188506.6140687794,1066004.1375340223
1,All Population,50,Live births,167,Central Sub-Saharan Africa,3,Both,11,30-34 years,1,Number,2023,947613.7554821813,1001568.9532926417,890292.4077496357
1,All Population,50,Live births,167,Central Sub-Saharan Africa,3,Both,12,35-39 years,1,Number,2023,585486.1116445733,633186.8925755984,538917.0457299909
1,All Population,50,Live births,167,Central Sub-Saharan Africa,3,Both,13,40-44 years,1,Number,2023,229483.28310176783,253244.13120812055,206477.3947087147
1,All Population,50,Live births,167,Central Sub-Saharan Africa,3,Both,14,45-49 years,1,Number,2023,38488.95294416015,47177.9301267441,30941.926464757773
1,All Population,50,Live births,167,Central Sub-Saharan Africa,3,Both,15,50-54 years,1,Number,2023,2798.140704511057,2864.7581169569007,2730.7397571774563
1,All Population,50,Live births,167,Central Sub-Saharan Africa,3,Both,162,10-19 years,1,Number,2023,700039.5683119118,776312.6068027293,629869.48808658
1,All Population,50,Live births,167,Central Sub-Saharan Africa,3,Both,169,10-54 years,1,Number,2023,4896703.360110065,5210562.421980774,4605197.264111731
1,All Population,50,Live births,167,Central Sub-Saharan Africa,3,Both,215,35-54 years,1,Number,2023,856256.4883950123,935018.5999923843,779154.547403994
1,All Population,50,Live births,167,Central Sub-Saharan Africa,3,Both,218,40-54 years,1,Number,2023,270770.37675043906,302449.0759593316,239661.03664152653
1,All Population,50,Live births,168,Angola,3,Both,7,10-14 years,1,Number,2023,11347.773613894933,23661.826086003435,5041.016862959537
1,All Population,50,Live births,25330,Ekiti,3,Both,10,25-29 years,1,Number,2023,11647.892752828087,12438.847129027472,10867.103903185773
1,All Population,50,Live births,25330,Ekiti,3,Both,11,30-34 years,1,Number,2023,11889.280210255143,13099.973985179226,10539.12391485249
1,All Population,50,Live births,25330,Ekiti,3,Both,12,35-39 years,1,Number,2023,5643.402887468868,6619.351545997763,4716.810221562135
1,All Population,50,Live births,25330,Ekiti,3,Both,13,40-44 years,1,Number,2023,2000.4034256485422,2453.9387850461,1579.351758204644
1,All Population,50,Live births,25330,Ekiti,3,Both,14,45-49 years,1,Number,2023,935.4496353737102,1194.0377427475328,698.7494951232865
1,All Population,50,Live births,25330,Ekiti,3,Both,15,50-54 years,1,Number,2023,77.13957307488411,78.97750406644533,75.28062869087995
1,All Population,50,Live births,25330,Ekiti,3,Both,162,10-19 years,1,Number,2023,3276.7443734242747,4002.7479932292813,2672.747216169432
1,All Population,50,Live births,25330,Ekiti,3,Both,169,10-54 years,1,Number,2023,46257.66992147264,51431.8358956357,41398.12658760588
1,All Population,50,Live births,25330,Ekiti,3,Both,215,35-54 years,1,Number,2023,8656.395521566004,10349.468822615881,7092.807920201604
1,All Population,50,Live births,25330,Ekiti,3,Both,218,40-54 years,1,Number,2023,3012.9926340971365,3723.952377920321,2368.44450067956
1,All Population,50,Live births,25331,Enugu,3,Both,7,10-14 years,1,Number,2023,440.6947783416186,897.8329377778358,200.83068337300955
1,All Population,50,Live births,25331,Enugu,3,Both,8,15-19 years,1,Number,2023,5860.057036996554,7314.9469880387705,4729.644470313688
1,All Population,50,Live births,25331,Enugu,3,Both,9,20-24 years,1,Number,2023,27494.8305780551,32105.500995312283,23103.130144224888
1,All Population,50,Live births,25331,Enugu,3,Both,10,25-29 years,1,Number,2023,37620.27648744289,42861.414228890695,32528.747943011826
1,All Population,50,Live births,25331,Enugu,3,Both,11,30-34 years,1,Number,2023,28389.01258339869,32052.68269044195,24542.937779756
1,All Population,50,Live births,25331,Enugu,3,Both,12,35-39 years,1,Number,2023,14617.377458104864,17259.149455920902,12126.317922311107
1,All Population,50,Live births,25331,Enugu,3,Both,13,40-44 years,1,Number,2023,4179.505193816121,5239.930283165788,3252.52352837688
1,All Population,50,Live births,25331,Enugu,3,Both,14,45-49 years,1,Number,2023,695.4933343333355,953.3829803462265,479.6721740320276
1,All Population,50,Live births,25331,Enugu,3,Both,15,50-54 years,1,Number,2023,53.36953076296809,54.64271288291579,52.07298909294744
1,All Population,50,Live births,25331,Enugu,3,Both,162,10-19 years,1,Number,2023,6300.7518153381725,7821.138571503847,5115.339784877409
1,All Population,50,Live births,25331,Enugu,3,Both,169,10-54 years,1,Number,2023,119350.61698125214,136440.8517007136,103499.2237772254
1,All Population,50,Live births,25331,Enugu,3,Both,215,35-54 years,1,Number,2023,19545.74551701729,23624.71040275914,15923.43610940846
1,All Population,50,Live births,25331,Enugu,3,Both,218,40-54 years,1,Number,2023,4928.368058912425,6220.260976235469,3796.8110239813027
1,All Population,50,Live births,25332,FCT (Abuja),3,Both,7,10-14 years,1,Number,2023,1780.7754898841142,3615.794202581317,808.8178697535014
1,All Population,50,Live births,25332,FCT (Abuja),3,Both,8,15-19 years,1,Number,2023,15303.574485332258,18993.653173950253,12357.926479826188
1,All Population,50,Live births,25332,FCT (Abuja),3,Both,9,20-24 years,1,Number,2023,63096.45666927416,75997.1824085742,52091.1410627022
1,All Population,50,Live births,25332,FCT (Abuja),3,Both,10,25-29 years,1,Number,2023,62214.802628637815,66715.59799641493,57989.68546944243
1,All Population,50,Live births,25332,FCT (Abuja),3,Both,11,30-34 years,1,Number,2023,47898.226574806875,53717.61395192157,41966.00700852109
1,All Population,50,Live births,25332,FCT (Abuja),3,Both,12,35-39 years,1,Number,2023,17839.583988505543,21229.951587399566,14572.58269804633
1,All Population,50,Live births,25332,FCT (Abuja),3,Both,13,40-44 years,1,Number,2023,8938.267616651472,10836.580674805942,7167.32973137961
1,All Population,50,Live births,25332,FCT (Abuja),3,Both,14,45-49 years,1,Number,2023,3920.869416213222,5085.440002909345,2909.561994078219
1,All Population,50,Live births,25332,FCT (Abuja),3,Both,15,50-54 years,1,Number,2023,340.9123179964188,349.0036616099144,332.73995176481577
1,All Population,50,Live births,25332,FCT (Abuja),3,Both,162,10-19 years,1,Number,2023,17084.349975216373,20947.584044290903,13810.341211609119
1,All Population,50,Live births,25332,FCT (Abuja),3,Both,169,10-54 years,1,Number,2023,221333.46918730187,245221.16305833095,200889.32302873666
1,All Population,50,Live births,25332,FCT (Abuja),3,Both,215,35-54 years,1,Number,2023,31039.633339366657,37435.17995934188,25004.58704940497
1,All Population,50,Live births,25332,FCT (Abuja),3,Both,218,40-54 years,1,Number,2023,13200.049350861113,16175.200465989223,10419.258291287983
1,All Population,50,Live births,25333,Gombe,3,Both,7,10-14 years,1,Number,2023,2729.6941045775743,5691.63751121509,1206.965689009022
1,All Population,50,Live births,25333,Gombe,3,Both,8,15-19 years,1,Number,2023,27845.777452987815,32246.491958061837,24038.89509872699
1,All Population,50,Live births,25333,Gombe,3,Both,9,20-24 years,1,Number,2023,42377.818238278276,47274.069530593675,37447.81341168115
1,All Population,50,Live births,25333,Gombe,3,Both,10,25-29 years,1,Number,2023,33928.61862372148,35891.67658999836,31918.323969203677
1,All Population,50,Live births,25333,Gombe,3,Both,11,30-34 years,1,Number,2023,21572.274071533797,23417.354685686176,19551.03136879785
1,All Population,50,Live births,25333,Gombe,3,Both,12,35-39 years,1,Number,2023,13887.969695331816,15122.550057713946,12484.155845880523
1,All Population,50,Live births,25333,Gombe,3,Both,13,40-44 years,1,Number,2023,5878.718203140112,6567.9651144182235,5138.508616376835
1,All Population,50,Live births,25333,Gombe,3,Both,14,45-49 years,1,Number,2023,1606.1146249171304,1974.158268464025,1260.077857570276
1,All Population,50,Live births,25333,Gombe,3,Both,15,50-54 years,1,Number,2023,120.65973774711978,123.52820989641243,117.76872651640103
1,All Population,50,Live births,25333,Gombe,3,Both,162,10-19 years,1,Number,2023,30575.47155756539,35483.37253534376,26244.444894710363
1,All Population,50,Live births,25333,Gombe,3,Both,169,10-54 years,1,Number,2023,149947.64475223512,160993.62857367168,140006.459846514
1,All Population,50,Live births,25333,Gombe,3,Both,215,35-54 years,1,Number,2023,21493.462261136177,23752.170055702612,19092.002006106133
1,All Population,50,Live births,25333,Gombe,3,Both,218,40-54 years,1,Number,2023,7605.492565804362,8662.797356526744,6522.003817419007
1,All Population,50,Live births,25334,Imo,3,Both,7,10-14 years,1,Number,2023,1038.2887103130945,2101.276426915165,477.74488732152884
1,All Population,50,Live births,25334,Imo,3,Both,8,15-19 years,1,Number,2023,11657.644768299757,14672.291520689025,9316.188171209124
1,All Population,50,Live births,25334,Imo,3,Both,9,20-24 years,1,Number,2023,77141.3145261277,93687.85050855397,63443.204403919204
1,All Population,50,Live births,25334,Imo,3,Both,10,25-29 years,1,Number,2023,101599.2694995947,108067.88401138145,95181.17539373085
1,All Population,50,Live births,25334,Imo,3,Both,11,30-34 years,1,Number,2023,89702.71517885292,99446.9087560912,79770.59625154556
1,All Population,50,Live births,25334,Imo,3,Both,12,35-39 years,1,Number,2023,37449.67677796146,44150.47806178859,31144.350624024155
1,All Population,50,Live births,25334,Imo,3,Both,13,40-44 years,1,Number,2023,13513.591180999048,16739.928246705902,10709.969716487849
1,All Population,50,Live births,25334,Imo,3,Both,14,45-49 years,1,Number,2023,2649.134466819006,3572.025368220081,1868.785813589237
1,All Population,50,Live births,25334,Imo,3,Both,15,50-54 years,1,Number,2023,214.46341492453567,219.5819420684436,209.24417868107457
1,All Population,50,Live births,25334,Imo,3,Both,162,10-19 years,1,Number,2023,12695.933478612851,15874.206225710788,10257.87505195028
1,All Population,50,Live births,25334,Imo,3,Both,169,10-54 years,1,Number,2023,334966.0985238922,368153.4245221753,305417.56804896874
1,All Population,50,Live births,25334,Imo,3,Both,215,35-54 years,1,Number,2023,53826.86584070405,64518.534005879395,44224.620778067256
1,All Population,50,Live births,25334,Imo,3,Both,218,40-54 years,1,Number,2023,16377.18906274259,20472.534444252586,12831.47834396098
1,All Population,50,Live births,25335,Jigawa,3,Both,7,10-14 years,1,Number,2023,5172.278913037454,10839.45153731731,2263.1775517549913
1,All Population,50,Live births,25335,Jigawa,3,Both,8,15-19 years,1,Number,2023,70333.70841163721,77836.38257456715,63571.260710406605
1,All Population,50,Live births,25335,Jigawa,3,Both,9,20-24 years,1,Number,2023,88926.40808209262,94370.60298139535,83392.77054773623
1,All Population,50,Live births,25335,Jigawa,3,Both,10,25-29 years,1,Number,2023,58210.675696795224,61944.31747493851,54371.27977376943
1,All Population,50,Live births,25335,Jigawa,3,Both,11,30-34 years,1,Number,2023,38011.12922584954,39869.54046829568,35867.58120495364
1,All Population,50,Live births,25335,Jigawa,3,Both,12,35-39 years,1,Number,2023,23399.425943114067,24587.11739079758,22034.0445428882
1,All Population,50,Live births,25335,Jigawa,3,Both,13,40-44 years,1,Number,2023,9704.298158922598,10500.848124996432,8821.776183612588
1,All Population,50,Live births,25335,Jigawa,3,Both,14,45-49 years,1,Number,2023,4163.174229924403,4417.233144849533,3871.611240031908
1,All Population,50,Live births,25335,Jigawa,3,Both,15,50-54 years,1,Number,2023,298.81914749273017,305.9040188106619,291.6153268149006
1,All Population,50,Live births,25335,Jigawa,3,Both,162,10-19 years,1,Number,2023,75505.98732467467,84442.70117624824,67583.143104969
1,All Population,50,Live births,25335,Jigawa,3,Both,169,10-54 years,1,Number,2023,298219.91780886584,311742.60252263385,285354.0495351339
1,All Population,50,Live births,25335,Jigawa,3,Both,215,35-54 years,1,Number,2023,37565.7174794538,39593.97791003475,35209.05700982736
1,All Population,50,Live births,25335,Jigawa,3,Both,218,40-54 years,1,Number,2023,14166.291536339731,15120.98251248599,13062.546565375384
1,All Population,50,Live births,25336,Kaduna,3,Both,7,10-14 years,1,Number,2023,7677.59575730951,15994.494788945978,3405.8017582420152
1,All Population,50,Live births,25336,Kaduna,3,Both,8,15-19 years,1,Number,2023,71263.1255358123,83395.77190648022,60832.70934800151
1,All Population,50,Live births,25336,Kaduna,3,Both,9,20-24 years,1,Number,2023,130956.59521463206,146823.35244435893,115960.03894103413
1,All Population,50,Live births,25336,Kaduna,3,Both,10,25-29 years,1,Number,2023,110358.54680072099,116816.42650821782,103995.82679222093
1,All Population,50,Live births,25336,Kaduna,3,Both,11,30-34 years,1,Number,2023,74946.46870439585,81372.00943059003,67781.48264239835
1,All Population,50,Live births,25336,Kaduna,3,Both,12,35-39 years,1,Number,2023,43575.273059134655,48611.0858715873,38344.8990653474
1,All Population,50,Live births,25336,Kaduna,3,Both,13,40-44 years,1,Number,2023,18736.656888916492,21417.033038495567,15877.646288751785
1,All Population,50,Live births,25336,Kaduna,3,Both,14,45-49 years,1,Number,2023,9047.319464728327,10208.89568538653,7796.638307369429
1,All Population,50,Live births,25336,Kaduna,3,Both,15,50-54 years,1,Number,2023,666.067962494114,681.885327723729,649.9911671189253
1,All Population,50,Live births,25336,Kaduna,3,Both,162,10-19 years,1,Number,2023,78940.72129312181,92348.51981291601,67172.14790684247
1,All Population,50,Live births,25336,Kaduna,3,Both,169,10-54 years,1,Number,2023,467227.6493881443,501515.5616673883,434773.47044300596
1,All Population,50,Live births,25336,Kaduna,3,Both,215,35-54 years,1,Number,2023,72025.31737527359,80785.7410139571,62953.21627856819
1,All Population,50,Live births,25336,Kaduna,3,Both,218,40-54 years,1,Number,2023,28450.044316138934,32339.970496996015,24522.19556501378
1,All Population,50,Live births,25337,Kano,3,Both,7,10-14 years,1,Number,2023,6493.688237092662,13506.819555229771,2882.1551621814165
1,All Population,50,Live births,25337,Kano,3,Both,8,15-19 years,1,Number,2023,113575.2753853672,134809.36622936497,95865.78322483067
1,All Population,50,Live births,25337,Kano,3,Both,9,20-24 years,1,Number,2023,233006.75396010128,259752.42924922222,206050.94559665484
1,All Population,50,Live births,25337,Kano,3,Both,10,25-29 years,1,Number,2023,185339.19279113194,195529.96078522506,174664.66158965984
1,All Population,50,Live births,25337,Kano,3,Both,11,30-34 years,1,Number,2023,124673.89057387791,131136.7627024279,117384.99941305089
1,All Population,50,Live births,25337,Kano,3,Both,12,35-39 years,1,Number,2023,81470.37451037756,87437.95323529949,74942.2453088164
1,All Population,50,Live births,25337,Kano,3,Both,13,40-44 years,1,Number,2023,35443.79878120393,38646.943541457076,31909.249384476094
1,All Population,50,Live births,168,Angola,3,Both,8,15-19 years,1,Number,2023,198149.0739941841,224820.01415782806,173421.5737205504
1,All Population,50,Live births,168,Angola,3,Both,9,20-24 years,1,Number,2023,311290.83223519917,348697.3545732533,274902.1722495527
1,All Population,50,Live births,168,Angola,3,Both,10,25-29 years,1,Number,2023,289250.05451503047,308566.47526628035,270192.88170990354
1,All Population,50,Live births,168,Angola,3,Both,11,30-34 years,1,Number,2023,231315.8283767551,252045.89923917578,210280.54837462818
1,All Population,50,Live births,168,Angola,3,Both,12,35-39 years,1,Number,2023,145011.82374440946,162018.30724190807,127442.76441871808
1,All Population,50,Live births,168,Angola,3,Both,13,40-44 years,1,Number,2023,57810.20992136544,66264.0823934633,49690.22792617854
1,All Population,50,Live births,168,Angola,3,Both,14,45-49 years,1,Number,2023,9416.806777517555,12388.481972824984,6876.715652255291
1,All Population,50,Live births,168,Angola,3,Both,15,50-54 years,1,Number,2023,633.0502827116695,648.1217806225412,617.8015181674909
1,All Population,50,Live births,168,Angola,3,Both,162,10-19 years,1,Number,2023,209496.84760807903,238296.00215668877,182370.11614589338
1,All Population,50,Live births,168,Angola,3,Both,169,10-54 years,1,Number,2023,1254225.4534610678,1387106.4526038978,1128125.0460759944
1,All Population,50,Live births,168,Angola,3,Both,215,35-54 years,1,Number,2023,212871.89072600412,241018.07535713582,184828.23651288045
1,All Population,50,Live births,168,Angola,3,Both,218,40-54 years,1,Number,2023,67860.06698159466,79086.51002660376,57173.21092082218
1,All Population,50,Live births,169,Central African Republic,3,Both,7,10-14 years,1,Number,2023,2776.3073094276715,5827.024298249093,1220.6859494744674
1,All Population,50,Live births,169,Central African Republic,3,Both,8,15-19 years,1,Number,2023,57722.83160333753,62481.5217397176,53191.82477183563
1,All Population,50,Live births,169,Central African Republic,3,Both,9,20-24 years,1,Number,2023,74092.44314646897,80101.04925713855,68322.33612149478
1,All Population,50,Live births,169,Central African Republic,3,Both,10,25-29 years,1,Number,2023,60544.47803320047,63602.128866188905,57765.538151548266
1,All Population,50,Live births,169,Central African Republic,3,Both,11,30-34 years,1,Number,2023,45525.14762588047,48532.68096425498,42570.207320620386
1,All Population,50,Live births,169,Central African Republic,3,Both,12,35-39 years,1,Number,2023,30352.64883738888,33167.88751528509,27846.05464595358
1,All Population,50,Live births,169,Central African Republic,3,Both,13,40-44 years,1,Number,2023,12713.57008376235,14188.242065353634,11352.728283158753
1,All Population,50,Live births,169,Central African Republic,3,Both,14,45-49 years,1,Number,2023,2654.910907510245,3273.524088410527,2098.646698298416
1,All Population,50,Live births,169,Central African Republic,3,Both,15,50-54 years,1,Number,2023,185.91239493139722,190.33854929596257,181.43418140938468
1,All Population,50,Live births,169,Central African Republic,3,Both,162,10-19 years,1,Number,2023,60499.13891276521,65818.4249344366,55013.517064331056
1,All Population,50,Live births,169,Central African Republic,3,Both,169,10-54 years,1,Number,2023,286568.249941908,303616.6772022575,270362.50271908066
1,All Population,50,Live births,169,Central African Republic,3,Both,215,35-54 years,1,Number,2023,45907.04222359287,50134.53087198018,41875.592077757035
1,All Population,50,Live births,169,Central African Republic,3,Both,218,40-54 years,1,Number,2023,15554.393386203994,17229.15358606762,13952.056119203418
1,All Population,50,Live births,170,Congo,3,Both,7,10-14 years,1,Number,2023,1207.2312017070074,2498.166563826919,542.8072290597474
1,All Population,50,Live births,170,Congo,3,Both,8,15-19 years,1,Number,2023,18527.018090675356,22059.313241846754,15620.29559386278
1,All Population,50,Live births,170,Congo,3,Both,9,20-24 years,1,Number,2023,40905.92050728632,47472.98120302658,35092.864982233325
1,All Population,50,Live births,170,Congo,3,Both,10,25-29 years,1,Number,2023,32805.141299994735,36297.91244957463,29721.2997627665
1,All Population,50,Live births,170,Congo,3,Both,11,30-34 years,1,Number,2023,30322.969005703715,34346.882058306976,26696.49273701579
1,All Population,50,Live births,170,Congo,3,Both,12,35-39 years,1,Number,2023,17627.64305311421,20435.618661701457,15000.063783844846
1,All Population,50,Live births,170,Congo,3,Both,13,40-44 years,1,Number,2023,5677.872078888848,6877.379416757298,4561.622478531897
1,All Population,50,Live births,170,Congo,3,Both,14,45-49 years,1,Number,2023,763.6747828948861,1039.157171549232,552.9015083828798
1,All Population,50,Live births,170,Congo,3,Both,15,50-54 years,1,Number,2023,51.71706440806051,52.948330943229976,50.47131606924508
1,All Population,50,Live births,170,Congo,3,Both,162,10-19 years,1,Number,2023,19734.249292382363,23110.413161923003,16669.95505337265
1,All Population,50,Live births,170,Congo,3,Both,169,10-54 years,1,Number,2023,147889.18708467315,165925.3721367503,132502.73205020477
1,All Population,50,Live births,170,Congo,3,Both,215,35-54 years,1,Number,2023,24120.906979306004,28349.622502026723,20189.077650603187
1,All Population,50,Live births,170,Congo,3,Both,218,40-54 years,1,Number,2023,6493.263926191794,7966.7802583855355,5148.066725559277
1,All Population,50,Live births,171,Democratic Republic of the Congo,3,Both,7,10-14 years,1,Number,2023,22782.07102182449,47316.61835271684,10185.295302756258
1,All Population,50,Live births,171,Democratic Republic of the Congo,3,Both,8,15-19 years,1,Number,2023,371646.4438241028,432072.8530211644,321222.4704569109
1,All Population,50,Live births,171,Democratic Republic of the Congo,3,Both,9,20-24 years,1,Number,2023,818118.6613966359,921762.9980926891,725087.6050208113
1,All Population,50,Live births,171,Democratic Republic of the Congo,3,Both,10,25-29 years,1,Number,2023,722787.4757433734,778233.5414061641,676329.5649826921
1,All Population,50,Live births,171,Democratic Republic of the Congo,3,Both,11,30-34 years,1,Number,2023,623083.8051827507,669305.5644014756,573975.8386314159
1,All Population,50,Live births,171,Democratic Republic of the Congo,3,Both,12,35-39 years,1,Number,2023,383186.0322418828,422678.4522197013,343629.173911887
1,All Population,50,Live births,171,Democratic Republic of the Congo,3,Both,13,40-44 years,1,Number,2023,149965.38289042606,169836.57720767782,130568.54898455489
1,All Population,50,Live births,171,Democratic Republic of the Congo,3,Both,14,45-49 years,1,Number,2023,25258.30394462315,31698.794635515504,19438.942535680766
1,All Population,50,Live births,171,Democratic Republic of the Congo,3,Both,15,50-54 years,1,Number,2023,1898.095539428129,1943.2849086431395,1852.3746658205635
1,All Population,50,Live births,171,Democratic Republic of the Congo,3,Both,162,10-19 years,1,Number,2023,394428.5148459273,455888.2967476266,343860.514009462
1,All Population,50,Live births,171,Democratic Republic of the Congo,3,Both,169,10-54 years,1,Number,2023,3118726.2717850474,3364117.673526443,2901029.2727059466
1,All Population,50,Live births,171,Democratic Republic of the Congo,3,Both,215,35-54 years,1,Number,2023,560307.8146163601,625515.8295871004,497625.2402019298
1,All Population,50,Live births,171,Democratic Republic of the Congo,3,Both,218,40-54 years,1,Number,2023,177121.78237447733,203239.48263936708,152378.5345556147
1,All Population,50,Live births,172,Equatorial Guinea,3,Both,7,10-14 years,1,Number,2023,448.59880697385125,936.407283894063,198.93222239638558
1,All Population,50,Live births,172,Equatorial Guinea,3,Both,8,15-19 years,1,Number,2023,8777.64499105305,10076.444053280507,7669.807796087883
1,All Population,50,Live births,172,Equatorial Guinea,3,Both,9,20-24 years,1,Number,2023,10988.737759272553,12765.866648995105,9435.969524000415
1,All Population,50,Live births,172,Equatorial Guinea,3,Both,10,25-29 years,1,Number,2023,8752.182088150244,9717.634081628245,7899.491010141527
1,All Population,50,Live births,172,Equatorial Guinea,3,Both,11,30-34 years,1,Number,2023,7183.224991266636,8213.560162657013,6271.301044132044
1,All Population,50,Live births,172,Equatorial Guinea,3,Both,12,35-39 years,1,Number,2023,3264.085719583646,3948.6966394666383,2687.4507091085957
1,All Population,50,Live births,172,Equatorial Guinea,3,Both,13,40-44 years,1,Number,2023,1124.5967777580827,1441.235162689785,872.8175430792656
1,All Population,50,Live births,172,Equatorial Guinea,3,Both,14,45-49 years,1,Number,2023,130.32356728089817,182.3890186323762,89.42508422986252
1,All Population,50,Live births,172,Equatorial Guinea,3,Both,15,50-54 years,1,Number,2023,9.04619273081515,9.261562154962315,8.82829019330645
1,All Population,50,Live births,172,Equatorial Guinea,3,Both,162,10-19 years,1,Number,2023,9226.243798026902,10539.470426785434,8044.157354215902
1,All Population,50,Live births,172,Equatorial Guinea,3,Both,169,10-54 years,1,Number,2023,40678.440894069776,46665.54832147993,35493.75706904023
1,All Population,50,Live births,172,Equatorial Guinea,3,Both,215,35-54 years,1,Number,2023,4528.052257353443,5524.174001081044,3709.8845924470434
1,All Population,50,Live births,172,Equatorial Guinea,3,Both,218,40-54 years,1,Number,2023,1263.966537769796,1574.5947725212982,1001.2586515349069
1,All Population,50,Live births,173,Gabon,3,Both,7,10-14 years,1,Number,2023,490.83283639323605,1017.667665937856,220.0475043535059
1,All Population,50,Live births,173,Gabon,3,Both,8,15-19 years,1,Number,2023,6163.74101833783,7270.364918206371,5287.7156711679445
1,All Population,50,Live births,173,Gabon,3,Both,9,20-24 years,1,Number,2023,12298.344830958342,14335.580281591798,10637.98391767385
1,All Population,50,Live births,173,Gabon,3,Both,10,25-29 years,1,Number,2023,10959.276365388461,12141.923483330103,9959.813852614652
1,All Population,50,Live births,173,Gabon,3,Both,11,30-34 years,1,Number,2023,10182.780299824744,11361.574504296816,9024.376971029176
1,All Population,50,Live births,173,Gabon,3,Both,12,35-39 years,1,Number,2023,6043.878048194346,7002.61428562999,5125.346721600493
1,All Population,50,Live births,173,Gabon,3,Both,13,40-44 years,1,Number,2023,2191.651349567066,2642.117908144671,1781.5093773625829
1,All Population,50,Live births,173,Gabon,3,Both,14,45-49 years,1,Number,2023,264.9329643334179,354.35712329268347,194.62647047855324
1,All Population,50,Live births,173,Gabon,3,Both,15,50-54 years,1,Number,2023,20.319230300985332,20.802985297065618,19.829785517465986
1,All Population,50,Live births,173,Gabon,3,Both,162,10-19 years,1,Number,2023,6654.573854731066,7729.613254003937,5734.071082336703
1,All Population,50,Live births,173,Gabon,3,Both,169,10-54 years,1,Number,2023,48615.75694329843,53558.768756492034,44349.01147192889
1,All Population,50,Live births,173,Gabon,3,Both,215,35-54 years,1,Number,2023,8520.781592395815,10013.832358885913,7131.2237858201515
1,All Population,50,Live births,173,Gabon,3,Both,218,40-54 years,1,Number,2023,2476.9035442014692,3022.61861460517,1997.0618528417135
1,All Population,50,Live births,174,Eastern Sub-Saharan Africa,3,Both,7,10-14 years,1,Number,2023,105320.14389470605,218568.39443568353,47045.74277625504
1,All Population,50,Live births,174,Eastern Sub-Saharan Africa,3,Both,8,15-19 years,1,Number,2023,1845315.225746731,2051409.4943399334,1658939.2741546258
1,All Population,50,Live births,174,Eastern Sub-Saharan Africa,3,Both,9,20-24 years,1,Number,2023,4286273.936520958,4701937.844720499,3894375.68249202
1,All Population,50,Live births,174,Eastern Sub-Saharan Africa,3,Both,10,25-29 years,1,Number,2023,3387795.5054656044,3586716.638946844,3201023.4610146014
1,All Population,50,Live births,174,Eastern Sub-Saharan Africa,3,Both,11,30-34 years,1,Number,2023,2579215.3589119655,2762758.165191186,2388028.858258278
1,All Population,50,Live births,174,Eastern Sub-Saharan Africa,3,Both,12,35-39 years,1,Number,2023,1509842.82453674,1660363.8469422488,1365268.1082980752
1,All Population,50,Live births,174,Eastern Sub-Saharan Africa,3,Both,13,40-44 years,1,Number,2023,594649.5284156003,671423.0238486633,519578.4635786629
1,All Population,50,Live births,174,Eastern Sub-Saharan Africa,3,Both,14,45-49 years,1,Number,2023,126472.31537784361,156036.15314039605,100057.50716448246
1,All Population,50,Live births,174,Eastern Sub-Saharan Africa,3,Both,15,50-54 years,1,Number,2023,8562.506891588937,8759.122590011248,8349.355623763015
1,All Population,50,Live births,174,Eastern Sub-Saharan Africa,3,Both,162,10-19 years,1,Number,2023,1950635.3696414372,2170498.123637292,1761433.8649553629
1,All Population,50,Live births,174,Eastern Sub-Saharan Africa,3,Both,169,10-54 years,1,Number,2023,14443447.345761737,15552136.443404995,13388743.591467496
1,All Population,50,Live births,174,Eastern Sub-Saharan Africa,3,Both,215,35-54 years,1,Number,2023,2239527.175221773,2498531.136343483,1995448.2471074567
1,All Population,50,Live births,174,Eastern Sub-Saharan Africa,3,Both,218,40-54 years,1,Number,2023,729684.3506850328,837115.8973612109,628810.0974465705
1,All Population,50,Live births,175,Burundi,3,Both,7,10-14 years,1,Number,2023,2835.218353016213,5857.580400882059,1276.34160342169
1,All Population,50,Live births,175,Burundi,3,Both,8,15-19 years,1,Number,2023,39548.62530239261,47231.354722987584,33026.503024012236
1,All Population,50,Live births,175,Burundi,3,Both,9,20-24 years,1,Number,2023,131831.67696805866,147385.743200259,117693.53690766799
1,All Population,50,Live births,175,Burundi,3,Both,10,25-29 years,1,Number,2023,123827.72016555659,131471.88501317933,116843.04380847893
1,All Population,50,Live births,175,Burundi,3,Both,11,30-34 years,1,Number,2023,109321.84327517205,117255.61848082335,102033.40516498408
1,All Population,50,Live births,175,Burundi,3,Both,12,35-39 years,1,Number,2023,69426.44420990435,76552.67553056656,62694.56884314146
1,All Population,50,Live births,175,Burundi,3,Both,13,40-44 years,1,Number,2023,25459.89911883645,28251.33451896807,22511.11272869152
1,All Population,50,Live births,175,Burundi,3,Both,14,45-49 years,1,Number,2023,4007.9040241975104,4942.453949058533,3169.219443001971
1,All Population,50,Live births,175,Burundi,3,Both,15,50-54 years,1,Number,2023,272.7036654674066,279.196124023421,266.1348444770193
1,All Population,50,Live births,175,Burundi,3,Both,162,10-19 years,1,Number,2023,42383.84365540882,50317.29228278808,35545.364160802266
1,All Population,50,Live births,175,Burundi,3,Both,169,10-54 years,1,Number,2023,506532.0350826018,552200.1696942459,464726.5723079784
1,All Population,50,Live births,175,Burundi,3,Both,215,35-54 years,1,Number,2023,99166.95101840573,107299.4719476948,91503.97144964687
1,All Population,50,Live births,175,Burundi,3,Both,218,40-54 years,1,Number,2023,29740.506808501366,33473.498091920395,25944.85542573982
1,All Population,50,Live births,176,Comoros,3,Both,7,10-14 years,1,Number,2023,141.55981470767603,292.11832780760056,63.61042946370096
1,All Population,50,Live births,176,Comoros,3,Both,8,15-19 years,1,Number,2023,2107.9111181070457,2500.388336331943,1762.8484972419844
1,All Population,50,Live births,176,Comoros,3,Both,9,20-24 years,1,Number,2023,6095.973527101078,6991.115676749212,5252.342422971545
1,All Population,50,Live births,176,Comoros,3,Both,10,25-29 years,1,Number,2023,5319.675795570135,5800.362519497679,4849.075612242889
1,All Population,50,Live births,176,Comoros,3,Both,11,30-34 years,1,Number,2023,5116.791754763029,5658.294011875426,4622.366319684371
1,All Population,50,Live births,176,Comoros,3,Both,12,35-39 years,1,Number,2023,2787.26287573601,3224.1814634568996,2378.404922736907
1,All Population,50,Live births,176,Comoros,3,Both,13,40-44 years,1,Number,2023,929.3388958144067,1133.0390402023143,751.120559222132
1,All Population,50,Live births,176,Comoros,3,Both,14,45-49 years,1,Number,2023,240.9444384766143,319.6876952589832,177.88236763150323
1,All Population,50,Live births,176,Comoros,3,Both,15,50-54 years,1,Number,2023,17.92726536352135,18.354073075092977,17.495437662128605
1,All Population,50,Live births,176,Comoros,3,Both,162,10-19 years,1,Number,2023,2249.470932814722,2663.6955625979963,1877.4168664984036
1,All Population,50,Live births,176,Comoros,3,Both,169,10-54 years,1,Number,2023,22757.385485639516,25685.178674497805,19894.05391136168
1,All Population,50,Live births,176,Comoros,3,Both,215,35-54 years,1,Number,2023,3975.4734753905523,4704.100787686145,3321.878777312471
1,All Population,50,Live births,176,Comoros,3,Both,218,40-54 years,1,Number,2023,1188.2105996545422,1473.756875596447,951.3547946809078
1,All Population,50,Live births,177,Djibouti,3,Both,7,10-14 years,1,Number,2023,92.90070822951344,188.947240561035,42.080927888761046
1,All Population,50,Live births,177,Djibouti,3,Both,8,15-19 years,1,Number,2023,905.1596509399978,1085.0096866093536,742.8524321616533
1,All Population,50,Live births,177,Djibouti,3,Both,9,20-24 years,1,Number,2023,6244.477445699437,7425.434945756444,5271.455088211337
1,All Population,50,Live births,177,Djibouti,3,Both,10,25-29 years,1,Number,2023,8983.233657435641,9781.694685323686,8280.714003944653
1,All Population,50,Live births,209,Guinea-Bissau,3,Both,8,15-19 years,1,Number,2023,8201.963689689148,9519.36392996641,6962.877426348464
1,All Population,50,Live births,209,Guinea-Bissau,3,Both,9,20-24 years,1,Number,2023,18985.84892531479,21379.188091036733,16731.073883160647
1,All Population,50,Live births,209,Guinea-Bissau,3,Both,10,25-29 years,1,Number,2023,16875.684612060868,18195.485556562242,15656.23799691332
1,All Population,50,Live births,209,Guinea-Bissau,3,Both,11,30-34 years,1,Number,2023,14350.602762182578,15820.591822704546,12831.820280385415
1,All Population,50,Live births,209,Guinea-Bissau,3,Both,12,35-39 years,1,Number,2023,8696.833982077276,9877.984582129397,7588.094125374902
1,All Population,50,Live births,209,Guinea-Bissau,3,Both,13,40-44 years,1,Number,2023,3683.5158974648393,4291.008200604702,3139.1371364175316
1,All Population,50,Live births,209,Guinea-Bissau,3,Both,14,45-49 years,1,Number,2023,1341.1959603869902,1560.5545728264997,1139.7853569365814
1,All Population,50,Live births,209,Guinea-Bissau,3,Both,15,50-54 years,1,Number,2023,90.59869737862527,92.75564780667142,88.41637751863199
1,All Population,50,Live births,209,Guinea-Bissau,3,Both,162,10-19 years,1,Number,2023,8756.032189994492,10168.59268419979,7482.4735561259
1,All Population,50,Live births,209,Guinea-Bissau,3,Both,169,10-54 years,1,Number,2023,72780.31302686046,80402.44505898743,65334.81823827828
1,All Population,50,Live births,209,Guinea-Bissau,3,Both,215,35-54 years,1,Number,2023,13812.144537307731,15266.491673731929,12438.208728424026
1,All Population,50,Live births,209,Guinea-Bissau,3,Both,218,40-54 years,1,Number,2023,5115.310555230455,5935.2964626468665,4386.946380031025
1,All Population,50,Live births,210,Liberia,3,Both,7,10-14 years,1,Number,2023,506.50702568093027,1053.5479514371816,225.90242582342952
1,All Population,50,Live births,210,Liberia,3,Both,8,15-19 years,1,Number,2023,25795.78838547104,29699.101281625663,22437.625882479562
1,All Population,50,Live births,210,Liberia,3,Both,9,20-24 years,1,Number,2023,50654.459340583075,57604.340125584196,44503.85913014345
1,All Population,50,Live births,210,Liberia,3,Both,10,25-29 years,1,Number,2023,38901.02579824556,42771.0978182917,35791.63739503331
1,All Population,50,Live births,210,Liberia,3,Both,11,30-34 years,1,Number,2023,32549.64246055931,36638.63075492121,28804.166158500717
1,All Population,50,Live births,210,Liberia,3,Both,12,35-39 years,1,Number,2023,20558.486000996614,23865.653238459145,17744.002322351957
1,All Population,50,Live births,210,Liberia,3,Both,13,40-44 years,1,Number,2023,8307.153767435015,9847.762679144924,7012.996379133652
1,All Population,50,Live births,210,Liberia,3,Both,14,45-49 years,1,Number,2023,1734.7470318327466,2285.6689672740595,1304.5311606026269
1,All Population,50,Live births,210,Liberia,3,Both,15,50-54 years,1,Number,2023,121.85748907788545,124.75864075922463,118.92221488302374
1,All Population,50,Live births,210,Liberia,3,Both,162,10-19 years,1,Number,2023,26302.295411151972,30276.946872661407,22971.511421236315
1,All Population,50,Live births,210,Liberia,3,Both,169,10-54 years,1,Number,2023,179129.6672998822,202964.559478487,157819.56321084665
1,All Population,50,Live births,210,Liberia,3,Both,215,35-54 years,1,Number,2023,30722.244289342263,36041.0611917321,26194.33190038634
1,All Population,50,Live births,210,Liberia,3,Both,218,40-54 years,1,Number,2023,10163.758288345647,12229.683926796806,8427.192548774306
1,All Population,50,Live births,211,Mali,3,Both,7,10-14 years,1,Number,2023,10014.860955010736,20972.831712789262,4417.796426650631
1,All Population,50,Live births,211,Mali,3,Both,8,15-19 years,1,Number,2023,174374.0304955828,193063.49614402314,158167.44537689438
1,All Population,50,Live births,211,Mali,3,Both,9,20-24 years,1,Number,2023,279951.68442053895,301788.0565707159,258593.8982679972
1,All Population,50,Live births,211,Mali,3,Both,10,25-29 years,1,Number,2023,251256.16576532653,262968.3211805946,240664.09104448993
1,All Population,50,Live births,211,Mali,3,Both,11,30-34 years,1,Number,2023,182782.0241037,194350.29233603703,171690.41888705647
1,All Population,50,Live births,211,Mali,3,Both,12,35-39 years,1,Number,2023,107662.16312176253,116763.09019275458,98536.34508329157
1,All Population,50,Live births,211,Mali,3,Both,13,40-44 years,1,Number,2023,40483.053564014415,44864.72393183864,36315.81976646901
1,All Population,50,Live births,211,Mali,3,Both,14,45-49 years,1,Number,2023,11527.061421813176,13296.300537598818,9768.867864249401
1,All Population,50,Live births,211,Mali,3,Both,15,50-54 years,1,Number,2023,803.3423924259677,822.4681609783474,783.9916720724618
1,All Population,50,Live births,211,Mali,3,Both,162,10-19 years,1,Number,2023,184388.89145059354,202980.2025066187,167603.3895009526
1,All Population,50,Live births,211,Mali,3,Both,169,10-54 years,1,Number,2023,1058854.386240175,1121520.813431253,1000429.800641937
1,All Population,50,Live births,211,Mali,3,Both,215,35-54 years,1,Number,2023,160475.62050001608,175560.9650549809,145744.41620162345
1,All Population,50,Live births,211,Mali,3,Both,218,40-54 years,1,Number,2023,52813.45737825356,58887.00242606708,46966.81372198791
1,All Population,50,Live births,212,Mauritania,3,Both,7,10-14 years,1,Number,2023,1014.3215601173426,2098.615599668765,456.1861620273999
1,All Population,50,Live births,212,Mauritania,3,Both,8,15-19 years,1,Number,2023,14223.623151205982,16868.203568607518,12047.635335590297
1,All Population,50,Live births,212,Mauritania,3,Both,9,20-24 years,1,Number,2023,34322.49940108774,39520.92606577701,29616.444573473353
1,All Population,50,Live births,212,Mauritania,3,Both,10,25-29 years,1,Number,2023,31172.569988236723,33970.1544847205,28676.977200347756
1,All Population,50,Live births,212,Mauritania,3,Both,11,30-34 years,1,Number,2023,28658.414876921743,31537.018188785485,25971.824771246505
1,All Population,50,Live births,212,Mauritania,3,Both,12,35-39 years,1,Number,2023,18971.145761167805,21330.1404893154,16850.948926527337
1,All Population,50,Live births,212,Mauritania,3,Both,13,40-44 years,1,Number,2023,7376.154439382079,8534.030904003928,6349.4527514006095
1,All Population,50,Live births,212,Mauritania,3,Both,14,45-49 years,1,Number,2023,2282.2644968575787,2745.9371117196674,1837.0056933035573
1,All Population,50,Live births,212,Mauritania,3,Both,15,50-54 years,1,Number,2023,165.95551591566155,169.90654205012066,161.9580189456482
1,All Population,50,Live births,212,Mauritania,3,Both,162,10-19 years,1,Number,2023,15237.944711323325,17979.85440950224,13002.572084363714
1,All Population,50,Live births,212,Mauritania,3,Both,169,10-54 years,1,Number,2023,138186.94919089266,155092.11150688722,123144.24730318002
1,All Population,50,Live births,212,Mauritania,3,Both,215,35-54 years,1,Number,2023,28795.520213323125,32341.95369400044,25553.5364781325
1,All Population,50,Live births,212,Mauritania,3,Both,218,40-54 years,1,Number,2023,9824.374452155318,11136.88240490114,8662.042006081285
1,All Population,50,Live births,213,Niger,3,Both,7,10-14 years,1,Number,2023,10247.08394355295,21491.720828528694,4509.438635630914
1,All Population,50,Live births,213,Niger,3,Both,8,15-19 years,1,Number,2023,228657.4772817018,250249.26827347535,209018.6891325538
1,All Population,50,Live births,213,Niger,3,Both,9,20-24 years,1,Number,2023,351533.8145665655,370918.2278817423,332636.2114807622
1,All Population,50,Live births,213,Niger,3,Both,10,25-29 years,1,Number,2023,284565.63660596736,293427.85583149554,275892.8057770102
1,All Population,50,Live births,213,Niger,3,Both,11,30-34 years,1,Number,2023,207574.47846768997,214730.77775152214,200195.5107504345
1,All Population,50,Live births,213,Niger,3,Both,12,35-39 years,1,Number,2023,115085.64853100713,122243.38722534152,107370.54999097151
1,All Population,50,Live births,213,Niger,3,Both,13,40-44 years,1,Number,2023,48467.97433686915,52511.463480644234,44349.3713557077
1,All Population,50,Live births,213,Niger,3,Both,14,45-49 years,1,Number,2023,14309.624223411456,15921.457872271485,12548.730293757177
1,All Population,50,Live births,213,Niger,3,Both,15,50-54 years,1,Number,2023,980.2639428428331,1003.6018140516936,956.6515782901604
1,All Population,50,Live births,213,Niger,3,Both,162,10-19 years,1,Number,2023,238904.56122525476,261428.63541327562,217883.33006044224
1,All Population,50,Live births,213,Niger,3,Both,169,10-54 years,1,Number,2023,1261422.0018996082,1322030.3698388482,1207353.352801345
1,All Population,50,Live births,213,Niger,3,Both,215,35-54 years,1,Number,2023,178843.51103413058,191643.9548959759,165611.594792492
1,All Population,50,Live births,213,Niger,3,Both,218,40-54 years,1,Number,2023,63757.86250312344,69405.68550978665,58001.256257932044
1,All Population,50,Live births,214,Nigeria,3,Both,7,10-14 years,1,Number,2023,94341.56756760107,195855.66045201998,42207.07069968884
1,All Population,50,Live births,214,Nigeria,3,Both,8,15-19 years,1,Number,2023,1042096.3128255529,1218485.4170254718,892418.8472245265
1,All Population,50,Live births,214,Nigeria,3,Both,9,20-24 years,1,Number,2023,2377674.215640152,2679992.977421856,2101269.8458295413
1,All Population,50,Live births,214,Nigeria,3,Both,10,25-29 years,1,Number,2023,2086169.971084545,2219295.6119620376,1955257.3148574294
1,All Population,50,Live births,214,Nigeria,3,Both,11,30-34 years,1,Number,2023,1549767.4154544317,1683161.3189345435,1411183.1181691524
1,All Population,50,Live births,214,Nigeria,3,Both,12,35-39 years,1,Number,2023,833577.6118437572,938553.5094986698,726417.6403311183
1,All Population,50,Live births,214,Nigeria,3,Both,13,40-44 years,1,Number,2023,361352.0917147516,416690.33127227554,307495.60765999573
1,All Population,50,Live births,214,Nigeria,3,Both,14,45-49 years,1,Number,2023,140863.79757801502,165425.38134190426,117924.82549791409
1,All Population,50,Live births,214,Nigeria,3,Both,15,50-54 years,1,Number,2023,10945.312876230202,11205.896063147546,10681.664784648758
1,All Population,50,Live births,214,Nigeria,3,Both,162,10-19 years,1,Number,2023,1136437.880393154,1327417.3322995887,972763.0960461731
1,All Population,50,Live births,214,Nigeria,3,Both,169,10-54 years,1,Number,2023,8496788.296585036,9176528.058178524,7888219.970969551
1,All Population,50,Live births,214,Nigeria,3,Both,215,35-54 years,1,Number,2023,1346738.814012754,1533996.8081898529,1166078.5024174338
1,All Population,50,Live births,214,Nigeria,3,Both,218,40-54 years,1,Number,2023,513161.20216899685,591634.0296911598,438250.2931657993
1,All Population,50,Live births,215,Sao Tome and Principe,3,Both,7,10-14 years,1,Number,2023,14.16802888415329,29.224766641543066,6.362447616789431
1,All Population,50,Live births,215,Sao Tome and Principe,3,Both,8,15-19 years,1,Number,2023,564.641307672848,657.2732164052621,480.95151406501753
1,All Population,50,Live births,215,Sao Tome and Principe,3,Both,9,20-24 years,1,Number,2023,1339.4054944235152,1543.6131807549327,1141.1942701289393
1,All Population,50,Live births,215,Sao Tome and Principe,3,Both,10,25-29 years,1,Number,2023,937.2003377708288,1038.9208453265276,837.939846997742
1,All Population,50,Live births,215,Sao Tome and Principe,3,Both,11,30-34 years,1,Number,2023,727.6707139366094,845.3451907936618,616.4788404580859
1,All Population,50,Live births,215,Sao Tome and Principe,3,Both,12,35-39 years,1,Number,2023,484.3466910683295,575.5130294813612,400.40056317553154
1,All Population,50,Live births,215,Sao Tome and Principe,3,Both,13,40-44 years,1,Number,2023,171.59926153209716,217.91065598674064,136.9954782665423
1,All Population,50,Live births,215,Sao Tome and Principe,3,Both,14,45-49 years,1,Number,2023,30.43054184316836,40.567744797629366,22.987607007071844
1,All Population,50,Live births,215,Sao Tome and Principe,3,Both,15,50-54 years,1,Number,2023,2.1670227324325086,2.218614650920828,2.1148240046044418
1,All Population,50,Live births,215,Sao Tome and Principe,3,Both,162,10-19 years,1,Number,2023,578.8093365570013,672.9373279654512,491.65403538899886
1,All Population,50,Live births,215,Sao Tome and Principe,3,Both,169,10-54 years,1,Number,2023,4271.629399863982,4854.928109156413,3720.695542659345
1,All Population,50,Live births,215,Sao Tome and Principe,3,Both,215,35-54 years,1,Number,2023,688.5435171760275,789.1112667230343,589.109162443692
1,All Population,50,Live births,215,Sao Tome and Principe,3,Both,218,40-54 years,1,Number,2023,204.19682610769803,260.5348387750781,161.89230185535848
1,All Population,50,Live births,216,Senegal,3,Both,7,10-14 years,1,Number,2023,3196.145837590901,6622.056317000292,1434.407866182666
1,All Population,50,Live births,216,Senegal,3,Both,8,15-19 years,1,Number,2023,59641.71682344839,67354.06232315568,52605.11248437425
1,All Population,50,Live births,216,Senegal,3,Both,9,20-24 years,1,Number,2023,143809.57555300638,159890.69064386567,127771.92472062013
1,All Population,50,Live births,216,Senegal,3,Both,10,25-29 years,1,Number,2023,137584.50244040697,148095.15119885307,128032.64173714884
1,All Population,50,Live births,216,Senegal,3,Both,11,30-34 years,1,Number,2023,112769.72201586173,122943.92625112335,103135.41131256064
1,All Population,50,Live births,216,Senegal,3,Both,12,35-39 years,1,Number,2023,67583.49316590889,76070.28842349394,58964.656029357175
1,All Population,50,Live births,216,Senegal,3,Both,13,40-44 years,1,Number,2023,26364.260472182188,30323.486768069444,22287.52867880763
1,All Population,50,Live births,216,Senegal,3,Both,14,45-49 years,1,Number,2023,5317.409870087938,6540.560281550041,4238.453186050685
1,All Population,50,Live births,216,Senegal,3,Both,15,50-54 years,1,Number,2023,388.2287440678051,397.47159390920314,378.87718247902626
1,All Population,50,Live births,216,Senegal,3,Both,162,10-19 years,1,Number,2023,62837.8626610393,70424.91193165115,55129.6489755042
1,All Population,50,Live births,216,Senegal,3,Both,169,10-54 years,1,Number,2023,556655.0549225612,603582.6231712206,512870.88330069673
1,All Population,50,Live births,216,Senegal,3,Both,215,35-54 years,1,Number,2023,99653.39225224682,111891.08498872782,87214.75799037225
1,All Population,50,Live births,216,Senegal,3,Both,218,40-54 years,1,Number,2023,32069.899086337933,36284.10081923996,27915.865655308284
1,All Population,50,Live births,217,Sierra Leone,3,Both,7,10-14 years,1,Number,2023,1887.7507924506613,3922.452620440289,843.3638535779554
1,All Population,50,Live births,217,Sierra Leone,3,Both,8,15-19 years,1,Number,2023,32744.926504651346,38126.04992233128,28250.796081983495
1,All Population,50,Live births,217,Sierra Leone,3,Both,9,20-24 years,1,Number,2023,71099.35805625231,79950.56907820427,62211.61788126132
1,All Population,50,Live births,217,Sierra Leone,3,Both,10,25-29 years,1,Number,2023,58613.77115680706,63765.93613684701,53877.23292808866
1,All Population,50,Live births,217,Sierra Leone,3,Both,11,30-34 years,1,Number,2023,58354.82032344834,63793.827609832304,52905.0956063115
1,All Population,50,Live births,217,Sierra Leone,3,Both,12,35-39 years,1,Number,2023,28305.80364990462,32279.43461872006,24502.818786124746
1,All Population,50,Live births,217,Sierra Leone,3,Both,13,40-44 years,1,Number,2023,10582.48929543979,12556.784326272907,8792.397165162503
1,All Population,50,Live births,217,Sierra Leone,3,Both,14,45-49 years,1,Number,2023,3308.2255889743387,4063.8030401538845,2602.616724113151
1,All Population,50,Live births,217,Sierra Leone,3,Both,15,50-54 years,1,Number,2023,209.7551059562831,214.74890143754084,204.70257488566043
1,All Population,50,Live births,217,Sierra Leone,3,Both,162,10-19 years,1,Number,2023,34632.67729710201,39934.56997882083,29965.20507132416
1,All Population,50,Live births,217,Sierra Leone,3,Both,169,10-54 years,1,Number,2023,265106.9004738848,291924.99305777083,240090.49147538593
1,All Population,50,Live births,217,Sierra Leone,3,Both,215,35-54 years,1,Number,2023,42406.27364027503,49206.42496656937,36235.27316014481
1,All Population,50,Live births,217,Sierra Leone,3,Both,218,40-54 years,1,Number,2023,14100.469990370411,16810.205849546128,11639.08088914089
1,All Population,50,Live births,218,Togo,3,Both,7,10-14 years,1,Number,2023,1424.6186132950236,2935.689641079048,638.7775157038689
1,All Population,50,Live births,218,Togo,3,Both,8,15-19 years,1,Number,2023,18003.444704838406,21426.030889555706,15204.345997289556
1,All Population,50,Live births,218,Togo,3,Both,9,20-24 years,1,Number,2023,60371.16963590482,68722.46439311457,52818.26372342314
1,All Population,50,Live births,218,Togo,3,Both,10,25-29 years,1,Number,2023,55899.02232719161,60687.65431251757,51491.973740984715
1,All Population,50,Live births,218,Togo,3,Both,11,30-34 years,1,Number,2023,53233.4443784914,58315.1847321659,48398.359947741774
1,All Population,50,Live births,218,Togo,3,Both,12,35-39 years,1,Number,2023,31795.221878716537,36324.052123905094,27556.03058469267
1,All Population,50,Live births,218,Togo,3,Both,13,40-44 years,1,Number,2023,12178.05110406058,14473.957815477528,10046.500592207976
1,All Population,50,Live births,218,Togo,3,Both,14,45-49 years,1,Number,2023,3473.4577007215635,4319.8740892616215,2718.836461456524
1,All Population,50,Live births,218,Togo,3,Both,15,50-54 years,1,Number,2023,248.4565870357417,254.37177740010088,242.47182389981785
1,All Population,50,Live births,218,Togo,3,Both,162,10-19 years,1,Number,2023,19428.063318133427,22774.310171239653,16471.86987912806
1,All Population,50,Live births,218,Togo,3,Both,169,10-54 years,1,Number,2023,236626.88693025569,257008.35071920787,218493.8711894832
1,All Population,50,Live births,218,Togo,3,Both,215,35-54 years,1,Number,2023,47695.18727053442,55269.3154839312,40567.2708501156
1,All Population,50,Live births,218,Togo,3,Both,218,40-54 years,1,Number,2023,15899.965391817885,19005.19497248696,13067.315519208285
1,All Population,50,Live births,435,South Sudan,3,Both,7,10-14 years,1,Number,2023,2576.972461512653,5355.04220425632,1151.1065656754276
1,All Population,50,Live births,435,South Sudan,3,Both,8,15-19 years,1,Number,2023,45157.76047228054,53246.22458785751,38592.05981076087
1,All Population,50,Live births,435,South Sudan,3,Both,9,20-24 years,1,Number,2023,102719.99417979358,115568.51595620697,90751.07809844158
1,All Population,50,Live births,435,South Sudan,3,Both,10,25-29 years,1,Number,2023,63044.28735194164,68183.29768317362,58397.065933607955
1,All Population,50,Live births,435,South Sudan,3,Both,11,30-34 years,1,Number,2023,48660.40580721942,54705.14920152991,43155.6338371536
1,All Population,50,Live births,435,South Sudan,3,Both,12,35-39 years,1,Number,2023,32509.47932183704,38101.541392803134,27633.080352955873
1,All Population,50,Live births,435,South Sudan,3,Both,13,40-44 years,1,Number,2023,13902.325082687821,16603.119722152103,11365.479402666546
1,All Population,50,Live births,435,South Sudan,3,Both,14,45-49 years,1,Number,2023,3730.2563407947846,4815.513285296232,2820.556927456462
1,All Population,50,Live births,435,South Sudan,3,Both,15,50-54 years,1,Number,2023,257.7849275780278,263.9222046688833,251.57546559526412
1,All Population,50,Live births,435,South Sudan,3,Both,162,10-19 years,1,Number,2023,47734.73293379319,55758.29999828971,41134.586630399426
1,All Population,50,Live births,435,South Sudan,3,Both,169,10-54 years,1,Number,2023,312559.2659456455,349552.5128731525,279542.73949270847
1,All Population,50,Live births,435,South Sudan,3,Both,215,35-54 years,1,Number,2023,50399.845672897674,57010.98001886129,44459.20530460935
1,All Population,50,Live births,435,South Sudan,3,Both,218,40-54 years,1,Number,2023,17890.366351060635,21693.743308368892,14480.899478630177
1,All Population,50,Live births,478,World Bank Regions,3,Both,7,10-14 years,1,Number,2023,424229.27499672794,879077.2607626271,190365.26308486066
1,All Population,50,Live births,478,World Bank Regions,3,Both,8,15-19 years,1,Number,2023,10252862.727389496,11338097.170724992,9330536.970565887
1,All Population,50,Live births,478,World Bank Regions,3,Both,9,20-24 years,1,Number,2023,31189614.585569587,34021512.11224438,28635769.131618
1,All Population,50,Live births,478,World Bank Regions,3,Both,10,25-29 years,1,Number,2023,35805955.49375398,37774470.214555696,34021645.05539333
1,All Population,50,Live births,478,World Bank Regions,3,Both,11,30-34 years,1,Number,2023,27933060.247661628,29889336.149702348,26153036.120528556
1,All Population,50,Live births,478,World Bank Regions,3,Both,12,35-39 years,1,Number,2023,14683765.379764091,16004483.772200482,13463235.276155444
1,All Population,50,Live births,478,World Bank Regions,3,Both,13,40-44 years,1,Number,2023,4589897.949396676,5125635.821409908,4123085.1785313603
1,All Population,50,Live births,478,World Bank Regions,3,Both,14,45-49 years,1,Number,2023,839012.3857565166,1002025.765092665,692932.4928553721
1,All Population,50,Live births,478,World Bank Regions,3,Both,15,50-54 years,1,Number,2023,65336.374300330746,66891.88585393636,63762.567266222024
1,All Population,50,Live births,478,World Bank Regions,3,Both,162,10-19 years,1,Number,2023,10677092.002386224,11807595.729526484,9690870.559247097
1,All Population,50,Live births,478,World Bank Regions,3,Both,169,10-54 years,1,Number,2023,125783734.41858904,135421391.0726778,117308304.84179682
1,All Population,50,Live births,478,World Bank Regions,3,Both,215,35-54 years,1,Number,2023,20178012.089217614,22141598.278049283,18377713.233697318
1,All Population,50,Live births,478,World Bank Regions,3,Both,218,40-54 years,1,Number,2023,5494246.709453524,6171991.836276732,4900998.15137048
1,All Population,50,Live births,479,WHO region,3,Both,7,10-14 years,1,Number,2023,424142.38049320865,878901.902146423,190324.70306405774
1,All Population,50,Live births,479,WHO region,3,Both,8,15-19 years,1,Number,2023,10239659.349479795,11323780.655464834,9318548.490833642
1,All Population,50,Live births,479,WHO region,3,Both,9,20-24 years,1,Number,2023,31143087.6712218,33969700.14647917,28590374.800295547
1,All Population,50,Live births,479,WHO region,3,Both,10,25-29 years,1,Number,2023,35726707.21373116,37692176.33838428,33944148.68972041
1,All Population,50,Live births,479,WHO region,3,Both,11,30-34 years,1,Number,2023,27850852.713030208,29800212.382728077,26077088.87985738
1,All Population,50,Live births,479,WHO region,3,Both,12,35-39 years,1,Number,2023,14634197.00268941,15952812.09029737,13417540.41850702
1,All Population,50,Live births,479,WHO region,3,Both,13,40-44 years,1,Number,2023,4577440.221208011,5112240.274616328,4111859.475948011
1,All Population,50,Live births,479,WHO region,3,Both,14,45-49 years,1,Number,2023,838245.032476993,1001218.0432339277,692205.6930912342
1,All Population,50,Live births,479,WHO region,3,Both,15,50-54 years,1,Number,2023,65272.44271351298,66826.43220038318,63700.17564825182
1,All Population,50,Live births,479,WHO region,3,Both,162,10-19 years,1,Number,2023,10663801.729973003,11792472.005890025,9679445.907773815
1,All Population,50,Live births,479,WHO region,3,Both,169,10-54 years,1,Number,2023,125499604.0270441,135122453.8430391,117038767.12696561
1,All Population,50,Live births,479,WHO region,3,Both,215,35-54 years,1,Number,2023,20115154.699087925,22076660.80476373,18319238.484912615
1,All Population,50,Live births,479,WHO region,3,Both,218,40-54 years,1,Number,2023,5480957.696398517,6158285.968689096,4890293.071342722
1,All Population,50,Live births,25327,Delta,3,Both,11,30-34 years,1,Number,2023,28941.796065051447,32561.333775078154,25283.21720504023
1,All Population,50,Live births,25327,Delta,3,Both,12,35-39 years,1,Number,2023,15525.922082165975,18142.897345646496,12952.762847017517
1,All Population,50,Live births,25327,Delta,3,Both,13,40-44 years,1,Number,2023,5694.375386249932,6931.089296636418,4573.118355138957
1,All Population,50,Live births,25327,Delta,3,Both,14,45-49 years,1,Number,2023,3678.9692603443928,4412.496800085719,2953.3164712267253
1,All Population,50,Live births,25327,Delta,3,Both,15,50-54 years,1,Number,2023,284.57837016279115,291.32091427302055,277.6993573090505
1,All Population,50,Live births,25327,Delta,3,Both,162,10-19 years,1,Number,2023,9090.748851764205,11174.046109239818,7393.430470005627
1,All Population,50,Live births,25327,Delta,3,Both,169,10-54 years,1,Number,2023,127050.97203518421,140283.58167663327,115385.07987865589
1,All Population,50,Live births,25327,Delta,3,Both,215,35-54 years,1,Number,2023,25183.84509892309,29757.568100639557,20724.142091569734
1,All Population,50,Live births,25327,Delta,3,Both,218,40-54 years,1,Number,2023,9657.923016757117,11544.296289565655,7837.0441177248495
1,All Population,50,Live births,25328,Ebonyi,3,Both,7,10-14 years,1,Number,2023,595.2493591351583,1194.3562793287279,271.2722131318084
1,All Population,50,Live births,25328,Ebonyi,3,Both,8,15-19 years,1,Number,2023,4453.3796585852915,5596.355469531807,3577.478701819961
1,All Population,50,Live births,25328,Ebonyi,3,Both,9,20-24 years,1,Number,2023,22916.055506545203,26286.67449433705,19717.73471036459
1,All Population,50,Live births,25328,Ebonyi,3,Both,10,25-29 years,1,Number,2023,28087.664679107398,31767.543153596882,24485.34389269346
1,All Population,50,Live births,25328,Ebonyi,3,Both,11,30-34 years,1,Number,2023,25826.007271112518,28341.757807084166,23221.06750568494
1,All Population,50,Live births,25328,Ebonyi,3,Both,12,35-39 years,1,Number,2023,12323.907585815195,14242.965315815934,10402.94983096033
1,All Population,50,Live births,25328,Ebonyi,3,Both,13,40-44 years,1,Number,2023,3222.1185313867322,3984.8457530870223,2542.1360705381076
1,All Population,50,Live births,25328,Ebonyi,3,Both,14,45-49 years,1,Number,2023,191.60383312674446,254.3032767657536,137.9213951698343
1,All Population,50,Live births,25328,Ebonyi,3,Both,15,50-54 years,1,Number,2023,15.385111751146013,15.749187334093106,15.01594328920974
1,All Population,50,Live births,25328,Ebonyi,3,Both,162,10-19 years,1,Number,2023,5048.62901772045,6254.850454718693,4084.6699255494245
1,All Population,50,Live births,25328,Ebonyi,3,Both,169,10-54 years,1,Number,2023,97631.37153656538,109700.585859416,86507.03723768613
1,All Population,50,Live births,25328,Ebonyi,3,Both,215,35-54 years,1,Number,2023,15753.015062079818,18421.426521063888,13166.548391917055
1,All Population,50,Live births,25328,Ebonyi,3,Both,218,40-54 years,1,Number,2023,3429.1074762646226,4202.000489692996,2740.5627835548335
1,All Population,50,Live births,25329,Edo,3,Both,7,10-14 years,1,Number,2023,663.9683030187031,1326.400578316147,305.54474293609695
1,All Population,50,Live births,25329,Edo,3,Both,8,15-19 years,1,Number,2023,4058.8875345350343,5088.449674457141,3257.750952262559
1,All Population,50,Live births,25329,Edo,3,Both,9,20-24 years,1,Number,2023,24993.710762639184,30101.282784006464,20672.07571876397
1,All Population,50,Live births,25329,Edo,3,Both,10,25-29 years,1,Number,2023,29608.630407392553,31708.516900152932,27630.930636372723
1,All Population,50,Live births,25329,Edo,3,Both,11,30-34 years,1,Number,2023,28877.420145840737,32045.29564031333,25616.276028554
1,All Population,50,Live births,25329,Edo,3,Both,12,35-39 years,1,Number,2023,12710.410709571903,14983.663750501091,10593.633668123512
1,All Population,50,Live births,25329,Edo,3,Both,13,40-44 years,1,Number,2023,4563.2065987476035,5604.319030455926,3592.385244375287
1,All Population,50,Live births,25329,Edo,3,Both,14,45-49 years,1,Number,2023,908.9147352527906,1237.6731952676753,635.6433184603254
1,All Population,50,Live births,25329,Edo,3,Both,15,50-54 years,1,Number,2023,69.00200062905516,70.63865676750457,67.3250530330451
1,All Population,50,Live births,25329,Edo,3,Both,162,10-19 years,1,Number,2023,4722.855837553738,5830.445285786959,3799.121257929962
1,All Population,50,Live births,25329,Edo,3,Both,169,10-54 years,1,Number,2023,106454.15119762757,117387.28656701728,96599.78070313224
1,All Population,50,Live births,25329,Edo,3,Both,215,35-54 years,1,Number,2023,18251.53404420135,21950.96140314046,14895.698085310141
1,All Population,50,Live births,25329,Edo,3,Both,218,40-54 years,1,Number,2023,5541.123334629449,6936.907123563663,4306.388154088929
1,All Population,50,Live births,25330,Ekiti,3,Both,7,10-14 years,1,Number,2023,337.75712079239327,683.5083927543616,152.62555177326047
1,All Population,50,Live births,25330,Ekiti,3,Both,8,15-19 years,1,Number,2023,2938.987252631882,3598.3738201769634,2385.628259270372
1,All Population,50,Live births,25330,Ekiti,3,Both,9,20-24 years,1,Number,2023,10787.357063399128,12287.829996822293,9334.726006496836
1,All Population,50,Live births,166,Sub-Saharan Africa,3,Both,7,10-14 years,1,Number,2023,322178.45716657885,669818.152784619,143805.5461061918
1,All Population,50,Live births,166,Sub-Saharan Africa,3,Both,8,15-19 years,1,Number,2023,5132905.032762245,5752904.237164109,4616308.603034159
1,All Population,50,Live births,166,Sub-Saharan Africa,3,Both,9,20-24 years,1,Number,2023,11042755.482930688,12116978.512369918,10085230.219952844
1,All Population,50,Live births,166,Sub-Saharan Africa,3,Both,10,25-29 years,1,Number,2023,9426298.82387478,9880015.687866904,9015374.72200499
1,All Population,50,Live births,166,Sub-Saharan Africa,3,Both,11,30-34 years,1,Number,2023,7269699.306302286,7735229.174754707,6810582.618420979
1,All Population,50,Live births,166,Sub-Saharan Africa,3,Both,12,35-39 years,1,Number,2023,4212125.985958688,4627035.981951147,3836481.0562217883
1,All Population,50,Live births,166,Sub-Saharan Africa,3,Both,13,40-44 years,1,Number,2023,1649714.9237596167,1840954.0440315476,1466399.897726272
1,All Population,50,Live births,166,Sub-Saharan Africa,3,Both,14,45-49 years,1,Number,2023,412111.60214948776,485875.2275845416,342800.2986242126
1,All Population,50,Live births,166,Sub-Saharan Africa,3,Both,15,50-54 years,1,Number,2023,29677.357502579733,30383.90837826115,28962.496378259835
1,All Population,50,Live births,166,Sub-Saharan Africa,3,Both,162,10-19 years,1,Number,2023,5455083.489928824,6103238.579858917,4888531.173689504
1,All Population,50,Live births,166,Sub-Saharan Africa,3,Both,169,10-54 years,1,Number,2023,39497466.97240695,42285304.18504469,36940813.736723945
1,All Population,50,Live births,166,Sub-Saharan Africa,3,Both,215,35-54 years,1,Number,2023,6303629.869370372,6982579.9209064925,5686249.837608975
1,All Population,50,Live births,166,Sub-Saharan Africa,3,Both,218,40-54 years,1,Number,2023,2091503.883411684,2355440.1636628136,1845045.1035383046
1,All Population,50,Live births,167,Central Sub-Saharan Africa,3,Both,7,10-14 years,1,Number,2023,39052.814790221186,81257.98822560794,17408.347858029658
1,All Population,50,Live births,198,Zimbabwe,3,Both,215,35-54 years,1,Number,2023,67184.27615552851,76518.9175411479,58600.501334070956
1,All Population,50,Live births,198,Zimbabwe,3,Both,218,40-54 years,1,Number,2023,17138.871543098765,20189.21706401538,14382.06914141282
1,All Population,50,Live births,199,Western Sub-Saharan Africa,3,Both,7,10-14 years,1,Number,2023,173296.28883414457,360477.6279735975,77283.38271906004
1,All Population,50,Live births,199,Western Sub-Saharan Africa,3,Both,8,15-19 years,1,Number,2023,2414228.691703458,2735389.6252984344,2136506.743594332
1,All Population,50,Live births,199,Western Sub-Saharan Africa,3,Both,9,20-24 years,1,Number,2023,5057794.938370403,5543445.091952788,4616004.230570051
1,All Population,50,Live births,199,Western Sub-Saharan Africa,3,Both,10,25-29 years,1,Number,2023,4459038.7459311085,4646432.725467965,4282841.58042853
1,All Population,50,Live births,199,Western Sub-Saharan Africa,3,Both,11,30-34 years,1,Number,2023,3416105.64783276,3620094.7186827115,3212040.2849111934
1,All Population,50,Live births,199,Western Sub-Saharan Africa,3,Both,12,35-39 years,1,Number,2023,1915342.8169684326,2102255.825419207,1732663.8373182782
1,All Population,50,Live births,199,Western Sub-Saharan Africa,3,Both,13,40-44 years,1,Number,2023,767597.7726215266,859281.3100640645,681087.5662655218
1,All Population,50,Live births,199,Western Sub-Saharan Africa,3,Both,14,45-49 years,1,Number,2023,242423.10476800855,278764.8881605075,206863.80041692962
1,All Population,50,Live births,199,Western Sub-Saharan Africa,3,Both,15,50-54 years,1,Number,2023,17984.602213086346,18412.577836495846,17551.205469191085
1,All Population,50,Live births,199,Western Sub-Saharan Africa,3,Both,162,10-19 years,1,Number,2023,2587524.9805376027,2938463.251527982,2284013.0477033053
1,All Population,50,Live births,199,Western Sub-Saharan Africa,3,Both,169,10-54 years,1,Number,2023,18463812.60924293,19678022.370683096,17334611.757052712
1,All Population,50,Live births,199,Western Sub-Saharan Africa,3,Both,215,35-54 years,1,Number,2023,2943348.296571054,3256070.396603667,2640777.128781773
1,All Population,50,Live births,199,Western Sub-Saharan Africa,3,Both,218,40-54 years,1,Number,2023,1028005.4796026215,1154836.3784566033,906171.2797309131
1,All Population,50,Live births,200,Benin,3,Both,7,10-14 years,1,Number,2023,3629.704224845965,7534.347760968332,1624.2304771093673
1,All Population,50,Live births,200,Benin,3,Both,8,15-19 years,1,Number,2023,54233.33253536771,63215.16178614704,46661.624977376145
1,All Population,50,Live births,200,Benin,3,Both,9,20-24 years,1,Number,2023,144302.94775622644,159133.63195605786,130471.19454937105
1,All Population,50,Live births,200,Benin,3,Both,10,25-29 years,1,Number,2023,138118.70405983838,146138.8471713293,130734.44945265198
1,All Population,50,Live births,200,Benin,3,Both,11,30-34 years,1,Number,2023,93976.70128956513,102252.73773917797,86817.47804645315
1,All Population,50,Live births,200,Benin,3,Both,12,35-39 years,1,Number,2023,53889.06010437135,59678.146785887024,48035.24950755627
1,All Population,50,Live births,200,Benin,3,Both,13,40-44 years,1,Number,2023,19386.401089372735,22252.946358884597,16576.50227793048
1,All Population,50,Live births,200,Benin,3,Both,14,45-49 years,1,Number,2023,4710.062141636713,5792.758226984419,3738.8638558660596
1,All Population,50,Live births,200,Benin,3,Both,15,50-54 years,1,Number,2023,315.6408623043647,323.1555585721381,308.03778033560843
1,All Population,50,Live births,200,Benin,3,Both,162,10-19 years,1,Number,2023,57863.036760213676,67660.3858628705,50286.61636417829
1,All Population,50,Live births,200,Benin,3,Both,169,10-54 years,1,Number,2023,512562.5540635288,554166.7561644301,475186.194407146
1,All Population,50,Live births,200,Benin,3,Both,215,35-54 years,1,Number,2023,78301.16419768517,87885.83070503255,68877.37940795229
1,All Population,50,Live births,200,Benin,3,Both,218,40-54 years,1,Number,2023,24412.104093313814,28330.720954464716,20693.20388382672
1,All Population,50,Live births,201,Burkina Faso,3,Both,7,10-14 years,1,Number,2023,7952.191828813928,16556.67528000059,3541.181079204391
1,All Population,50,Live births,201,Burkina Faso,3,Both,8,15-19 years,1,Number,2023,116266.6805249492,132865.0981983071,103098.84378375046
1,All Population,50,Live births,201,Burkina Faso,3,Both,9,20-24 years,1,Number,2023,281707.66123724583,304344.53668328543,260607.52103367884
1,All Population,50,Live births,201,Burkina Faso,3,Both,10,25-29 years,1,Number,2023,248460.8300603549,260247.62016041123,237113.9334167214
1,All Population,50,Live births,201,Burkina Faso,3,Both,11,30-34 years,1,Number,2023,185979.70646399568,197216.7097703232,174047.05626093972
1,All Population,50,Live births,201,Burkina Faso,3,Both,12,35-39 years,1,Number,2023,118289.04990315133,127701.84401042969,108403.21530159366
1,All Population,50,Live births,201,Burkina Faso,3,Both,13,40-44 years,1,Number,2023,46626.700862373626,50932.48768380415,42314.29181224644
1,All Population,50,Live births,201,Burkina Faso,3,Both,14,45-49 years,1,Number,2023,10576.899116924616,12314.131819961964,8864.56114110815
1,All Population,50,Live births,201,Burkina Faso,3,Both,15,50-54 years,1,Number,2023,766.9933018836496,785.2536806603182,748.5181497720552
1,All Population,50,Live births,201,Burkina Faso,3,Both,162,10-19 years,1,Number,2023,124218.87235376313,141363.2067461394,109928.73127393654
1,All Population,50,Live births,201,Burkina Faso,3,Both,169,10-54 years,1,Number,2023,1016626.7132996927,1074501.737952735,964904.6707643978
1,All Population,50,Live births,201,Burkina Faso,3,Both,215,35-54 years,1,Number,2023,176259.64318433322,191443.1408880191,160400.67533106802
1,All Population,50,Live births,201,Burkina Faso,3,Both,218,40-54 years,1,Number,2023,57970.593281181886,63960.525167301384,51997.46002947435
1,All Population,50,Live births,202,Cameroon,3,Both,7,10-14 years,1,Number,2023,9546.199671295033,19853.77759400096,4258.499553703799
1,All Population,50,Live births,202,Cameroon,3,Both,8,15-19 years,1,Number,2023,149321.76138591193,173779.92504474404,129370.39922731544
1,All Population,50,Live births,202,Cameroon,3,Both,9,20-24 years,1,Number,2023,294433.3381409312,330186.70375437266,263240.2364392613
1,All Population,50,Live births,202,Cameroon,3,Both,10,25-29 years,1,Number,2023,260093.81296359492,280228.9173265826,241636.0326886389
1,All Population,50,Live births,202,Cameroon,3,Both,11,30-34 years,1,Number,2023,216660.88880483856,238813.91158729556,196524.6139993072
1,All Population,50,Live births,202,Cameroon,3,Both,12,35-39 years,1,Number,2023,115576.22914578888,133164.17998042295,100069.91825270101
1,All Population,50,Live births,202,Cameroon,3,Both,13,40-44 years,1,Number,2023,37526.724995587385,44935.15363046499,31248.417705317348
1,All Population,50,Live births,202,Cameroon,3,Both,14,45-49 years,1,Number,2023,7144.0192984439345,9169.803091276106,5396.445052922214
1,All Population,50,Live births,202,Cameroon,3,Both,15,50-54 years,1,Number,2023,493.63588056295237,505.3882363328076,481.7452969571455
1,All Population,50,Live births,202,Cameroon,3,Both,162,10-19 years,1,Number,2023,158867.96105720697,182370.2565047807,138141.48312987902
1,All Population,50,Live births,202,Cameroon,3,Both,169,10-54 years,1,Number,2023,1090796.6102869548,1218923.5494741204,978952.9525265855
1,All Population,50,Live births,202,Cameroon,3,Both,215,35-54 years,1,Number,2023,160740.60932038314,185806.115684715,139329.5678197263
1,All Population,50,Live births,202,Cameroon,3,Both,218,40-54 years,1,Number,2023,45164.38017459427,52807.800082222675,38683.54568635202
1,All Population,50,Live births,203,Cabo Verde,3,Both,7,10-14 years,1,Number,2023,21.649602096101635,44.43006635758856,9.737398971612938
1,All Population,50,Live births,203,Cabo Verde,3,Both,8,15-19 years,1,Number,2023,652.5012632164121,778.4800963999872,544.2405021836188
1,All Population,50,Live births,203,Cabo Verde,3,Both,9,20-24 years,1,Number,2023,1779.083684168892,2093.9433959486846,1483.9855511367082
1,All Population,50,Live births,203,Cabo Verde,3,Both,10,25-29 years,1,Number,2023,1848.4611535136926,2049.786625765839,1659.4457063935663
1,All Population,50,Live births,203,Cabo Verde,3,Both,11,30-34 years,1,Number,2023,1409.0770798643362,1628.6287578773035,1207.5888541083068
1,All Population,50,Live births,203,Cabo Verde,3,Both,12,35-39 years,1,Number,2023,786.14484650056,959.3562323495643,644.8975309277583
1,All Population,50,Live births,203,Cabo Verde,3,Both,13,40-44 years,1,Number,2023,228.82746735922208,295.14745114815025,178.49967781557
1,All Population,50,Live births,203,Cabo Verde,3,Both,14,45-49 years,1,Number,2023,13.00074009294786,17.417408120722786,9.567054976856692
1,All Population,50,Live births,203,Cabo Verde,3,Both,15,50-54 years,1,Number,2023,1.1154814327250295,1.1420385270697577,1.0886119814577975
1,All Population,50,Live births,203,Cabo Verde,3,Both,162,10-19 years,1,Number,2023,674.1508653125137,799.4853789538763,560.6957221897871
1,All Population,50,Live births,203,Cabo Verde,3,Both,169,10-54 years,1,Number,2023,6739.86131824489,7676.759045605813,5893.514138699894
1,All Population,50,Live births,203,Cabo Verde,3,Both,215,35-54 years,1,Number,2023,1029.088535385455,1216.488143190495,875.2095813595238
1,All Population,50,Live births,203,Cabo Verde,3,Both,218,40-54 years,1,Number,2023,242.94368888489498,309.6652910845123,193.303074108512
1,All Population,50,Live births,204,Chad,3,Both,7,10-14 years,1,Number,2023,9735.482079008527,20442.993979318937,4283.715927673583
1,All Population,50,Live births,204,Chad,3,Both,8,15-19 years,1,Number,2023,180162.96678620277,195669.55126522132,166704.00552804547
1,All Population,50,Live births,204,Chad,3,Both,9,20-24 years,1,Number,2023,255189.56953213472,269229.75449064455,242149.75408928952
1,All Population,50,Live births,204,Chad,3,Both,10,25-29 years,1,Number,2023,211412.7643197529,217303.24586657362,205737.9045768531
1,All Population,50,Live births,204,Chad,3,Both,11,30-34 years,1,Number,2023,152670.0627107286,157939.01881959685,147210.34539190383
1,All Population,50,Live births,204,Chad,3,Both,12,35-39 years,1,Number,2023,86321.66556386945,91342.96130983473,80665.31078860517
1,All Population,50,Live births,204,Chad,3,Both,13,40-44 years,1,Number,2023,32320.54247924705,35332.44267305326,29114.393538797187
1,All Population,50,Live births,204,Chad,3,Both,14,45-49 years,1,Number,2023,9315.901138878024,10701.701520899604,7879.617103584773
1,All Population,50,Live births,204,Chad,3,Both,15,50-54 years,1,Number,2023,633.5861781020051,648.6704344721581,618.3245050372052
1,All Population,50,Live births,204,Chad,3,Both,162,10-19 years,1,Number,2023,189898.4488652113,207092.4762361247,174854.33401619282
1,All Population,50,Live births,204,Chad,3,Both,169,10-54 years,1,Number,2023,937762.5407879241,977982.3320782923,899722.5613896962
1,All Population,50,Live births,204,Chad,3,Both,215,35-54 years,1,Number,2023,128591.69536009654,137787.54265089374,118608.66003228672
1,All Population,50,Live births,204,Chad,3,Both,218,40-54 years,1,Number,2023,42270.02979622708,46565.433479963154,37703.27229980917
1,All Population,50,Live births,205,Côte d'Ivoire,3,Both,7,10-14 years,1,Number,2023,10784.677476705358,22420.141496909364,4814.219697001471
1,All Population,50,Live births,205,Côte d'Ivoire,3,Both,8,15-19 years,1,Number,2023,138875.3260293813,156991.15978254162,123260.20154129862
1,All Population,50,Live births,205,Côte d'Ivoire,3,Both,9,20-24 years,1,Number,2023,302790.78445799375,334342.9184734371,271913.8810367151
1,All Population,50,Live births,205,Côte d'Ivoire,3,Both,10,25-29 years,1,Number,2023,265235.1127332719,284349.7646685092,247952.68150367233
1,All Population,50,Live births,205,Côte d'Ivoire,3,Both,11,30-34 years,1,Number,2023,219778.82214857027,237138.90761406042,202801.60423652217
1,All Population,50,Live births,205,Côte d'Ivoire,3,Both,12,35-39 years,1,Number,2023,133351.2868575857,146900.43671029966,119669.46666149521
1,All Population,50,Live births,205,Côte d'Ivoire,3,Both,13,40-44 years,1,Number,2023,48149.2138327507,54257.90726553843,42354.01870428088
1,All Population,50,Live births,205,Côte d'Ivoire,3,Both,14,45-49 years,1,Number,2023,10851.926693642254,13220.345709565507,8649.26182239916
1,All Population,50,Live births,205,Côte d'Ivoire,3,Both,15,50-54 years,1,Number,2023,706.2975039224708,723.1128527905314,689.2843777465808
1,All Population,50,Live births,205,Côte d'Ivoire,3,Both,162,10-19 years,1,Number,2023,149660.00350608665,169384.63914840523,132182.72427880793
1,All Population,50,Live births,205,Côte d'Ivoire,3,Both,169,10-54 years,1,Number,2023,1130523.4477338237,1207453.6761475413,1055839.897974013
1,All Population,50,Live births,205,Côte d'Ivoire,3,Both,215,35-54 years,1,Number,2023,193058.72488790113,212895.63867276,173935.71555526415
1,All Population,50,Live births,205,Côte d'Ivoire,3,Both,218,40-54 years,1,Number,2023,59707.43803031542,66347.63030487443,53247.62761103078
1,All Population,50,Live births,206,Gambia,3,Both,7,10-14 years,1,Number,2023,496.74580141754603,1025.4434986159727,223.34055612979648
1,All Population,50,Live births,206,Gambia,3,Both,8,15-19 years,1,Number,2023,6840.858555594985,8079.774033542462,5850.000534486125
1,All Population,50,Live births,206,Gambia,3,Both,9,20-24 years,1,Number,2023,21291.976488165827,24018.20436965993,18766.46677689579
1,All Population,50,Live births,206,Gambia,3,Both,10,25-29 years,1,Number,2023,19878.312705568398,21386.109363801148,18448.29990243417
1,All Population,50,Live births,206,Gambia,3,Both,11,30-34 years,1,Number,2023,17057.70091801914,18581.927881365184,15610.788949002565
1,All Population,50,Live births,206,Gambia,3,Both,12,35-39 years,1,Number,2023,9353.027755737767,10439.00833710643,8241.335969824084
1,All Population,50,Live births,206,Gambia,3,Both,13,40-44 years,1,Number,2023,3498.933791645686,3987.9135683696245,3036.506991010689
1,All Population,50,Live births,206,Gambia,3,Both,14,45-49 years,1,Number,2023,883.9191472224088,1064.8746072319198,718.8872024321283
1,All Population,50,Live births,206,Gambia,3,Both,15,50-54 years,1,Number,2023,57.25612006030726,58.61925900430574,55.87694826723419
1,All Population,50,Live births,206,Gambia,3,Both,162,10-19 years,1,Number,2023,7337.604357012531,8560.509567238167,6290.287795939302
1,All Population,50,Live births,206,Gambia,3,Both,169,10-54 years,1,Number,2023,79358.73128343206,86427.67067426998,72991.99833405248
1,All Population,50,Live births,206,Gambia,3,Both,215,35-54 years,1,Number,2023,13793.13681466617,15389.261376663078,12244.223448046267
1,All Population,50,Live births,206,Gambia,3,Both,218,40-54 years,1,Number,2023,4440.109058928402,4957.723831149571,3924.600065971151
1,All Population,50,Live births,207,Ghana,3,Both,7,10-14 years,1,Number,2023,3574.895817020584,7380.720173249054,1607.6298394526395
1,All Population,50,Live births,207,Ghana,3,Both,8,15-19 years,1,Number,2023,81413.48342082936,96089.29331215589,68775.30559640791
1,All Population,50,Live births,207,Ghana,3,Both,9,20-24 years,1,Number,2023,233564.85000483933,269341.2192790542,199463.65381216697
1,All Population,50,Live births,207,Ghana,3,Both,10,25-29 years,1,Number,2023,232997.37175610845,253292.73135817982,214135.37015664898
1,All Population,50,Live births,207,Ghana,3,Both,11,30-34 years,1,Number,2023,193654.6628088803,217223.12590512208,172736.55013923574
1,All Population,50,Live births,207,Ghana,3,Both,12,35-39 years,1,Number,2023,112426.79919314974,131132.85602591073,95384.96132543964
1,All Population,50,Live births,207,Ghana,3,Both,13,40-44 years,1,Number,2023,40364.76021340614,48517.17114417454,33012.689620251826
1,All Population,50,Live births,207,Ghana,3,Both,14,45-49 years,1,Number,2023,9146.961768896743,12072.090103619365,6749.971789483854
1,All Population,50,Live births,207,Ghana,3,Both,15,50-54 years,1,Number,2023,658.1151347648603,673.7833702109201,642.2626140298506
1,All Population,50,Live births,207,Ghana,3,Both,162,10-19 years,1,Number,2023,84988.37923784995,100135.68741311778,71483.95946206924
1,All Population,50,Live births,207,Ghana,3,Both,169,10-54 years,1,Number,2023,907801.9001178954,1028155.555754666,799167.603935272
1,All Population,50,Live births,207,Ghana,3,Both,215,35-54 years,1,Number,2023,162596.63631021747,192098.4105579951,136422.97817871836
1,All Population,50,Live births,207,Ghana,3,Both,218,40-54 years,1,Number,2023,50169.83711706774,60946.46928194748,40690.1080753839
1,All Population,50,Live births,208,Guinea,3,Both,7,10-14 years,1,Number,2023,4349.93849549035,9079.739189544405,1929.108989087255
1,All Population,50,Live births,208,Guinea,3,Both,8,15-19 years,1,Number,2023,82106.1570949041,92655.70654451297,72704.30271449557
1,All Population,50,Live births,208,Guinea,3,Both,9,20-24 years,1,Number,2023,132884.3870647113,145725.21761366472,119800.63829822146
1,All Population,50,Live births,208,Guinea,3,Both,10,25-29 years,1,Number,2023,118922.33901723444,126946.40723243628,111385.33179428267
1,All Population,50,Live births,208,Guinea,3,Both,11,30-34 years,1,Number,2023,94076.63665336459,102524.8700995618,85894.82625437515
1,All Population,50,Live births,208,Guinea,3,Both,12,35-39 years,1,Number,2023,52587.783309842634,59097.92737917978,46292.232128168376
1,All Population,50,Live births,208,Guinea,3,Both,13,40-44 years,1,Number,2023,20512.88649316541,23407.18488092443,17600.360941948664
1,All Population,50,Live births,208,Guinea,3,Both,14,45-49 years,1,Number,2023,5587.008995286461,6738.927481096226,4536.494362929949
1,All Population,50,Live births,208,Guinea,3,Both,15,50-54 years,1,Number,2023,395.6382493197503,405.0575027517862,386.10820933192224
1,All Population,50,Live births,208,Guinea,3,Both,162,10-19 years,1,Number,2023,86456.09559039446,96899.96118283298,76913.33063993852
1,All Population,50,Live births,208,Guinea,3,Both,169,10-54 years,1,Number,2023,511422.77537331905,548944.2946537499,475608.7252728973
1,All Population,50,Live births,208,Guinea,3,Both,215,35-54 years,1,Number,2023,79083.31704761425,89585.9972488646,68999.78966233849
1,All Population,50,Live births,208,Guinea,3,Both,218,40-54 years,1,Number,2023,26495.533737771624,30638.62434572031,22606.24537625881
1,All Population,50,Live births,209,Guinea-Bissau,3,Both,7,10-14 years,1,Number,2023,554.0685003053428,1150.0803127192967,247.94508740393545
1,All Population,50,Live births,25318,Abia,3,Both,7,10-14 years,1,Number,2023,1228.9526004782444,2469.6472816344367,560.1637686830176
1,All Population,50,Live births,25318,Abia,3,Both,8,15-19 years,1,Number,2023,7392.89459369154,9143.63659510386,5979.4280100556425
1,All Population,50,Live births,25318,Abia,3,Both,9,20-24 years,1,Number,2023,32094.068212521688,38936.76922482545,26435.37116169957
1,All Population,50,Live births,25318,Abia,3,Both,10,25-29 years,1,Number,2023,44186.05631105611,47028.31947430748,41472.23272174079
1,All Population,50,Live births,25318,Abia,3,Both,11,30-34 years,1,Number,2023,39612.70582971266,43611.67110392056,35380.007178917585
1,All Population,50,Live births,25318,Abia,3,Both,12,35-39 years,1,Number,2023,20436.573869016305,23445.20340511717,17345.92196933331
1,All Population,50,Live births,25318,Abia,3,Both,13,40-44 years,1,Number,2023,5177.833772333206,6422.661597592324,4081.5462975202176
1,All Population,50,Live births,25318,Abia,3,Both,14,45-49 years,1,Number,2023,1114.3331014677763,1542.099315598931,767.2753234097673
1,All Population,50,Live births,25318,Abia,3,Both,15,50-54 years,1,Number,2023,93.77689755960753,96.012656119191,91.51467975847653
1,All Population,50,Live births,25318,Abia,3,Both,162,10-19 years,1,Number,2023,8621.847194169784,10669.159034142118,6984.391249397871
1,All Population,50,Live births,25318,Abia,3,Both,169,10-54 years,1,Number,2023,151337.19518783715,165554.82944387724,138427.5064875342
1,All Population,50,Live births,25318,Abia,3,Both,215,35-54 years,1,Number,2023,26822.517640376893,31483.645599738713,22429.15364566297
1,All Population,50,Live births,25318,Abia,3,Both,218,40-54 years,1,Number,2023,6385.943771360589,8078.044957370513,4990.499736540441
1,All Population,50,Live births,25319,Adamawa,3,Both,7,10-14 years,1,Number,2023,1664.9353606941413,3450.8293872470545,746.4708118145463
1,All Population,50,Live births,25319,Adamawa,3,Both,8,15-19 years,1,Number,2023,16434.162152565055,19784.322474877645,13591.121351365258
1,All Population,50,Live births,25319,Adamawa,3,Both,9,20-24 years,1,Number,2023,35375.595622998684,40789.961123606605,30411.73821474359
1,All Population,50,Live births,25319,Adamawa,3,Both,10,25-29 years,1,Number,2023,27036.267047334448,28724.465873145782,25345.585468843085
1,All Population,50,Live births,25319,Adamawa,3,Both,11,30-34 years,1,Number,2023,19507.582518259078,21584.46594155028,17429.610720444387
1,All Population,50,Live births,25319,Adamawa,3,Both,12,35-39 years,1,Number,2023,10882.727120380157,12417.162380637303,9342.589230444188
1,All Population,50,Live births,25319,Adamawa,3,Both,13,40-44 years,1,Number,2023,4908.640160439481,5703.477592268448,4114.891749024381
1,All Population,50,Live births,25319,Adamawa,3,Both,14,45-49 years,1,Number,2023,3425.196954104189,3657.924820676876,3165.449336397736
1,All Population,50,Live births,25319,Adamawa,3,Both,15,50-54 years,1,Number,2023,262.0852199802943,268.29448534739595,255.74604755640928
1,All Population,50,Live births,25319,Adamawa,3,Both,162,10-19 years,1,Number,2023,18099.097513259196,21695.545477135165,15011.421673142979
1,All Population,50,Live births,25319,Adamawa,3,Both,169,10-54 years,1,Number,2023,119497.19215675553,129961.62271418556,109824.0021248895
1,All Population,50,Live births,25319,Adamawa,3,Both,215,35-54 years,1,Number,2023,19478.64945490412,21955.806945730572,16990.596703328436
1,All Population,50,Live births,25319,Adamawa,3,Both,218,40-54 years,1,Number,2023,8595.922334523964,9591.551345843765,7575.623539348266
1,All Population,50,Live births,25320,Akwa Ibom,3,Both,7,10-14 years,1,Number,2023,586.2883967368297,1202.9113393631721,264.31424129475806
1,All Population,50,Live births,25320,Akwa Ibom,3,Both,8,15-19 years,1,Number,2023,4463.0461696875445,5540.863181035529,3635.6118539289064
1,All Population,50,Live births,25320,Akwa Ibom,3,Both,9,20-24 years,1,Number,2023,14492.60957717164,17591.654281899944,11903.624558636475
1,All Population,50,Live births,25320,Akwa Ibom,3,Both,10,25-29 years,1,Number,2023,16562.028256903828,17763.623560799104,15446.248024395394
1,All Population,50,Live births,25320,Akwa Ibom,3,Both,11,30-34 years,1,Number,2023,14651.43888556789,16241.58348506792,13121.48764806055
1,All Population,50,Live births,25320,Akwa Ibom,3,Both,12,35-39 years,1,Number,2023,6835.086780652987,8123.116174877059,5599.706145220916
1,All Population,50,Live births,25320,Akwa Ibom,3,Both,13,40-44 years,1,Number,2023,2352.1276680119913,2939.86942550411,1830.4199796776047
1,All Population,50,Live births,25320,Akwa Ibom,3,Both,14,45-49 years,1,Number,2023,627.966742013134,843.0124439198405,445.11302394154524
1,All Population,50,Live births,25320,Akwa Ibom,3,Both,15,50-54 years,1,Number,2023,54.077730653846174,55.36793341990947,52.78251931939072
1,All Population,50,Live births,25320,Akwa Ibom,3,Both,162,10-19 years,1,Number,2023,5049.334566424374,6164.328404180178,4111.514142148282
1,All Population,50,Live births,25320,Akwa Ibom,3,Both,169,10-54 years,1,Number,2023,60624.67020739969,67646.99245720157,54519.976051661295
1,All Population,50,Live births,25320,Akwa Ibom,3,Both,215,35-54 years,1,Number,2023,9869.258921331959,11956.62333257852,7977.329641495817
1,All Population,50,Live births,25320,Akwa Ibom,3,Both,218,40-54 years,1,Number,2023,3034.1721406789716,3827.0474627149083,2339.6526325830764
1,All Population,50,Live births,25321,Anambra,3,Both,7,10-14 years,1,Number,2023,1588.8017265135968,3173.178468292387,737.0254588568691
1,All Population,50,Live births,25321,Anambra,3,Both,8,15-19 years,1,Number,2023,7271.6245559809495,9109.946652839002,5784.470972167811
1,All Population,50,Live births,25321,Anambra,3,Both,9,20-24 years,1,Number,2023,45407.11412787469,55076.38847859479,37187.630239826416
1,All Population,50,Live births,25321,Anambra,3,Both,10,25-29 years,1,Number,2023,55836.46087401517,59830.9529532803,51969.00652580405
1,All Population,50,Live births,25321,Anambra,3,Both,11,30-34 years,1,Number,2023,42531.97549737238,48348.70767030765,36712.176163974764
1,All Population,50,Live births,25321,Anambra,3,Both,12,35-39 years,1,Number,2023,19642.58556826105,23538.515847381463,16067.844279532144
1,All Population,50,Live births,25321,Anambra,3,Both,13,40-44 years,1,Number,2023,5845.317974033661,7341.500160584923,4572.243978384566
1,All Population,50,Live births,25321,Anambra,3,Both,14,45-49 years,1,Number,2023,1189.841402373688,1616.7142297209791,842.7894625036615
1,All Population,50,Live births,25321,Anambra,3,Both,15,50-54 years,1,Number,2023,94.13524725849989,96.36216310849713,91.85187363356764
1,All Population,50,Live births,25321,Anambra,3,Both,162,10-19 years,1,Number,2023,8860.426282494545,11054.159115052918,7088.315103063187
1,All Population,50,Live births,25321,Anambra,3,Both,169,10-54 years,1,Number,2023,179407.8569736837,198285.6839979238,162209.48297533987
1,All Population,50,Live births,25321,Anambra,3,Both,215,35-54 years,1,Number,2023,26771.880191926895,32593.317377963616,21711.099622631446
1,All Population,50,Live births,25321,Anambra,3,Both,218,40-54 years,1,Number,2023,7129.294623665849,8961.11419362323,5564.567596051221
1,All Population,50,Live births,25322,Bauchi,3,Both,7,10-14 years,1,Number,2023,6013.637954410409,12589.25574549097,2635.938008728295
1,All Population,50,Live births,25322,Bauchi,3,Both,8,15-19 years,1,Number,2023,74492.3561284711,83235.72513328271,66611.11384874699
1,All Population,50,Live births,25322,Bauchi,3,Both,9,20-24 years,1,Number,2023,96132.27549230507,104412.38416293371,87973.50794794768
1,All Population,50,Live births,25322,Bauchi,3,Both,10,25-29 years,1,Number,2023,70521.67206698972,74726.94093282118,66164.36640466913
1,All Population,50,Live births,25322,Bauchi,3,Both,11,30-34 years,1,Number,2023,47679.63311672047,49575.444286990176,45386.226706352936
1,All Population,50,Live births,25322,Bauchi,3,Both,12,35-39 years,1,Number,2023,25953.967091131755,28229.424859559524,23445.463729087372
1,All Population,50,Live births,25322,Bauchi,3,Both,13,40-44 years,1,Number,2023,13945.775966828034,15002.494424928547,12765.306465817072
1,All Population,50,Live births,25322,Bauchi,3,Both,14,45-49 years,1,Number,2023,4977.50036304361,5514.69531336556,4412.3926731157535
1,All Population,50,Live births,25322,Bauchi,3,Both,15,50-54 years,1,Number,2023,367.92009947243963,376.6812703493816,359.07079637605136
1,All Population,50,Live births,25322,Bauchi,3,Both,162,10-19 years,1,Number,2023,80505.9940828815,90524.32302001755,71457.40904542066
1,All Population,50,Live births,25322,Bauchi,3,Both,169,10-54 years,1,Number,2023,340084.73827937257,358646.5146443228,321213.65992921556
1,All Population,50,Live births,25322,Bauchi,3,Both,215,35-54 years,1,Number,2023,45245.16352047584,48890.475223410525,41121.72568233651
1,All Population,50,Live births,25322,Bauchi,3,Both,218,40-54 years,1,Number,2023,19291.196429344083,20803.68330013094,17604.258944609457
1,All Population,50,Live births,25323,Bayelsa,3,Both,7,10-14 years,1,Number,2023,256.08912303097463,528.4881918009005,115.31328317535824
1,All Population,50,Live births,25323,Bayelsa,3,Both,8,15-19 years,1,Number,2023,2206.0946184800428,2683.483020083616,1806.7540390863185
1,All Population,50,Live births,25323,Bayelsa,3,Both,9,20-24 years,1,Number,2023,4933.776843555576,5845.814318705711,4147.152315257761
1,All Population,50,Live births,25323,Bayelsa,3,Both,10,25-29 years,1,Number,2023,4587.941754407299,4906.091982525854,4279.3275528143595
1,All Population,50,Live births,25323,Bayelsa,3,Both,11,30-34 years,1,Number,2023,4391.4723701054545,4936.808604662071,3838.8300031528574
1,All Population,50,Live births,25323,Bayelsa,3,Both,12,35-39 years,1,Number,2023,2461.178271635057,2883.7916171257693,2044.1614990201979
1,All Population,50,Live births,25323,Bayelsa,3,Both,13,40-44 years,1,Number,2023,985.1495305968895,1197.9438267766213,790.2232934158345
1,All Population,50,Live births,25323,Bayelsa,3,Both,14,45-49 years,1,Number,2023,901.7687643857214,988.6056026066602,805.1486612614333
1,All Population,50,Live births,25323,Bayelsa,3,Both,15,50-54 years,1,Number,2023,72.09846406249805,73.80620527702492,70.34950159085437
1,All Population,50,Live births,25323,Bayelsa,3,Both,162,10-19 years,1,Number,2023,2462.1837415110176,2984.66619693226,2030.1125377743606
1,All Population,50,Live births,25323,Bayelsa,3,Both,169,10-54 years,1,Number,2023,20795.569740259514,22965.050664609913,18881.28052569832
1,All Population,50,Live births,25323,Bayelsa,3,Both,215,35-54 years,1,Number,2023,4420.195030680166,5141.8222863624305,3721.135937701707
1,All Population,50,Live births,25323,Bayelsa,3,Both,218,40-54 years,1,Number,2023,1959.016759045109,2253.28921422251,1679.7231359716764
1,All Population,50,Live births,25324,Benue,3,Both,7,10-14 years,1,Number,2023,3276.064144914934,6766.5904046910855,1476.0715026087998
1,All Population,50,Live births,25324,Benue,3,Both,8,15-19 years,1,Number,2023,35050.81608623307,42752.203850988,28824.187606620246
1,All Population,50,Live births,25324,Benue,3,Both,9,20-24 years,1,Number,2023,101638.58518900866,117459.75898310982,86992.42033777061
1,All Population,50,Live births,25324,Benue,3,Both,10,25-29 years,1,Number,2023,82728.9090682955,88179.28667240743,77601.82740934963
1,All Population,50,Live births,25324,Benue,3,Both,11,30-34 years,1,Number,2023,59248.75364018493,66951.40058798868,51491.48543348362
1,All Population,50,Live births,25324,Benue,3,Both,12,35-39 years,1,Number,2023,32471.236386951612,38197.883422983316,27170.456974085744
1,All Population,50,Live births,25324,Benue,3,Both,13,40-44 years,1,Number,2023,15197.826648117953,18366.820575886853,12304.224254503473
1,All Population,50,Live births,25324,Benue,3,Both,14,45-49 years,1,Number,2023,8270.00235810223,10034.313191282114,6530.8947473073995
1,All Population,50,Live births,25324,Benue,3,Both,15,50-54 years,1,Number,2023,702.6421487064024,719.3543956936417,685.6302028731183
1,All Population,50,Live births,25324,Benue,3,Both,162,10-19 years,1,Number,2023,38326.880231148,46266.00871819237,31588.896924996458
1,All Population,50,Live births,25324,Benue,3,Both,169,10-54 years,1,Number,2023,338584.8356705153,371832.45939506614,309343.2146773021
1,All Population,50,Live births,25324,Benue,3,Both,215,35-54 years,1,Number,2023,56641.7075418782,67423.74666068784,46930.049382958925
1,All Population,50,Live births,25324,Benue,3,Both,218,40-54 years,1,Number,2023,24170.471154926585,29171.336648386816,19577.717703264632
1,All Population,50,Live births,25325,Borno,3,Both,7,10-14 years,1,Number,2023,3682.1935823351105,7645.922763684315,1641.570698231486
1,All Population,50,Live births,25325,Borno,3,Both,8,15-19 years,1,Number,2023,31978.270038748193,37877.76955556907,26936.834248714356
1,All Population,50,Live births,25325,Borno,3,Both,9,20-24 years,1,Number,2023,57243.21195123407,63895.65723152211,50619.13546691426
1,All Population,50,Live births,25325,Borno,3,Both,10,25-29 years,1,Number,2023,40820.0743163308,43111.59767142416,38473.754712042166
1,All Population,50,Live births,25325,Borno,3,Both,11,30-34 years,1,Number,2023,26880.423285320965,28485.001841451594,25192.94941938345
1,All Population,50,Live births,25325,Borno,3,Both,12,35-39 years,1,Number,2023,15124.502922053149,16767.943618030215,13428.773197249042
1,All Population,50,Live births,25325,Borno,3,Both,13,40-44 years,1,Number,2023,8246.706835163688,9005.474645382437,7400.877244260934
1,All Population,50,Live births,25325,Borno,3,Both,14,45-49 years,1,Number,2023,2261.2350382944246,2684.487343072773,1842.6368411761525
1,All Population,50,Live births,25325,Borno,3,Both,15,50-54 years,1,Number,2023,160.99139639260687,164.8149263245859,157.13761790855978
1,All Population,50,Live births,25325,Borno,3,Both,162,10-19 years,1,Number,2023,35660.463621083305,42057.74165442079,30224.081290675742
1,All Population,50,Live births,25325,Borno,3,Both,169,10-54 years,1,Number,2023,186397.609365873,201052.4409494798,172305.91180636227
1,All Population,50,Live births,25325,Borno,3,Both,215,35-54 years,1,Number,2023,25793.436191903867,28519.026910375327,22948.2280047857
1,All Population,50,Live births,25325,Borno,3,Both,218,40-54 years,1,Number,2023,10668.933269850719,11810.904203442813,9441.721857170438
1,All Population,50,Live births,25326,Cross River,3,Both,7,10-14 years,1,Number,2023,598.0671529955608,1225.821941639923,270.6358520307086
1,All Population,50,Live births,25326,Cross River,3,Both,8,15-19 years,1,Number,2023,4459.515442735722,5514.761555512274,3609.5786621570646
1,All Population,50,Live births,25326,Cross River,3,Both,9,20-24 years,1,Number,2023,15401.776221249032,18434.345337318984,12677.294142378287
1,All Population,50,Live births,25326,Cross River,3,Both,10,25-29 years,1,Number,2023,15095.27116367512,16220.564713323278,14050.178088549095
1,All Population,50,Live births,25326,Cross River,3,Both,11,30-34 years,1,Number,2023,13633.53689676136,15461.903871455523,11788.312638102585
1,All Population,50,Live births,25326,Cross River,3,Both,12,35-39 years,1,Number,2023,7210.951309834146,8553.065710599136,5987.969500824388
1,All Population,50,Live births,25326,Cross River,3,Both,13,40-44 years,1,Number,2023,3209.995032054294,3923.78008266946,2561.2247899613135
1,All Population,50,Live births,25326,Cross River,3,Both,14,45-49 years,1,Number,2023,698.4821249779902,933.7946152263203,497.35017922462123
1,All Population,50,Live births,25326,Cross River,3,Both,15,50-54 years,1,Number,2023,60.55083787692778,61.9966505509992,59.07622843272425
1,All Population,50,Live births,25326,Cross River,3,Both,162,10-19 years,1,Number,2023,5057.582595731283,6182.914408173673,4110.733426497888
1,All Population,50,Live births,25326,Cross River,3,Both,169,10-54 years,1,Number,2023,60368.146182160155,66884.10853789105,54504.00140524281
1,All Population,50,Live births,25326,Cross River,3,Both,215,35-54 years,1,Number,2023,11179.979304743358,13454.955213388612,9136.755057832535
1,All Population,50,Live births,25326,Cross River,3,Both,218,40-54 years,1,Number,2023,3969.0279949092123,4891.018280132023,3134.6819391409067
1,All Population,50,Live births,25327,Delta,3,Both,7,10-14 years,1,Number,2023,1295.9859180560272,2639.174522591288,594.0293221665559
1,All Population,50,Live births,25327,Delta,3,Both,8,15-19 years,1,Number,2023,7794.762933708177,9673.614835531742,6375.162340937396
1,All Population,50,Live births,25327,Delta,3,Both,9,20-24 years,1,Number,2023,32524.82675260918,38862.302622686984,27422.446306712092
1,All Population,50,Live births,25327,Delta,3,Both,10,25-29 years,1,Number,2023,31309.755266836295,33551.167150773166,29204.609785377717
1,All Population,50,Live births,177,Djibouti,3,Both,11,30-34 years,1,Number,2023,12143.545893067178,13016.690660511367,11327.006914897529
1,All Population,50,Live births,177,Djibouti,3,Both,12,35-39 years,1,Number,2023,4944.2406839025425,5844.059932668068,4208.284499310825
1,All Population,50,Live births,177,Djibouti,3,Both,13,40-44 years,1,Number,2023,1681.2348496975558,2058.124762500782,1387.9870446853615
1,All Population,50,Live births,177,Djibouti,3,Both,14,45-49 years,1,Number,2023,484.6459200884493,603.9916396795264,372.62837436865215
1,All Population,50,Live births,177,Djibouti,3,Both,15,50-54 years,1,Number,2023,32.919738254581254,33.70348289522028,32.12677543439288
1,All Population,50,Live births,177,Djibouti,3,Both,162,10-19 years,1,Number,2023,998.0603591695113,1195.9926172946098,826.1951430886633
1,All Population,50,Live births,177,Djibouti,3,Both,169,10-54 years,1,Number,2023,35512.35854731489,39678.245348508666,32043.908963856113
1,All Population,50,Live births,177,Djibouti,3,Both,215,35-54 years,1,Number,2023,7143.041191943129,8395.713776554656,6123.873443422293
1,All Population,50,Live births,177,Djibouti,3,Both,218,40-54 years,1,Number,2023,2198.8005080405865,2603.330187712964,1861.3034000801124
1,All Population,50,Live births,178,Eritrea,3,Both,7,10-14 years,1,Number,2023,1291.079360554537,2672.6523358519803,580.1877647647137
1,All Population,50,Live births,178,Eritrea,3,Both,8,15-19 years,1,Number,2023,19632.02826397154,23030.473459837573,16514.99912840775
1,All Population,50,Live births,178,Eritrea,3,Both,9,20-24 years,1,Number,2023,53965.762328243334,61756.11142990129,47054.98135667906
1,All Population,50,Live births,178,Eritrea,3,Both,10,25-29 years,1,Number,2023,51644.78205412952,56220.31129816783,47584.88985946693
1,All Population,50,Live births,25340,Kogi,3,Both,13,40-44 years,1,Number,2023,3589.858530708615,4359.748495084035,2889.6521961975595
1,All Population,50,Live births,25340,Kogi,3,Both,14,45-49 years,1,Number,2023,568.8906105898461,777.1176927389936,394.40175240168804
1,All Population,50,Live births,25340,Kogi,3,Both,15,50-54 years,1,Number,2023,48.059407778128275,49.207940062287484,46.8857305097251
1,All Population,50,Live births,25340,Kogi,3,Both,162,10-19 years,1,Number,2023,8236.409593706505,10031.08267117133,6745.0734269762215
1,All Population,50,Live births,25340,Kogi,3,Both,169,10-54 years,1,Number,2023,77827.12883968247,86282.32458769048,70563.43521429008
1,All Population,50,Live births,25340,Kogi,3,Both,215,35-54 years,1,Number,2023,12285.366942119012,14675.273525052693,10060.493576676863
1,All Population,50,Live births,25340,Kogi,3,Both,218,40-54 years,1,Number,2023,4206.80854907659,5174.5514906683975,3335.364475940058
1,All Population,50,Live births,25341,Kwara,3,Both,7,10-14 years,1,Number,2023,967.5888621030905,1977.336367560677,443.5031531873427
1,All Population,50,Live births,25341,Kwara,3,Both,8,15-19 years,1,Number,2023,5397.443552611229,6676.97461338131,4349.230176208564
1,All Population,50,Live births,25341,Kwara,3,Both,9,20-24 years,1,Number,2023,25267.240968057296,29407.648063318204,21394.743777158943
1,All Population,50,Live births,25341,Kwara,3,Both,10,25-29 years,1,Number,2023,25598.175584851033,27202.647916755912,23988.50224757508
1,All Population,50,Live births,25341,Kwara,3,Both,11,30-34 years,1,Number,2023,21120.80067414441,23387.876518203415,18726.113165447805
1,All Population,50,Live births,25341,Kwara,3,Both,12,35-39 years,1,Number,2023,11204.404982918662,13008.494269135295,9491.50678617
1,All Population,50,Live births,25341,Kwara,3,Both,13,40-44 years,1,Number,2023,6189.537504202025,7233.8865841540855,5163.001303341018
1,All Population,50,Live births,25341,Kwara,3,Both,14,45-49 years,1,Number,2023,2202.042309904581,2721.045422855957,1701.6978162760197
1,All Population,50,Live births,25341,Kwara,3,Both,15,50-54 years,1,Number,2023,181.8994705801586,186.22054863980753,177.5257653649527
1,All Population,50,Live births,25341,Kwara,3,Both,162,10-19 years,1,Number,2023,6365.03241471432,7804.436511036225,5182.182202093931
1,All Population,50,Live births,25341,Kwara,3,Both,169,10-54 years,1,Number,2023,98129.13390937248,106916.95759184456,89674.92549900326
1,All Population,50,Live births,25341,Kwara,3,Both,215,35-54 years,1,Number,2023,19777.884267605426,23240.547812984532,16569.84370100492
1,All Population,50,Live births,25341,Kwara,3,Both,218,40-54 years,1,Number,2023,8573.479284686764,10118.763189733832,7071.34518965451
1,All Population,50,Live births,25342,Lagos,3,Both,7,10-14 years,1,Number,2023,559.1264937004689,1132.622160637509,259.9676489223966
1,All Population,50,Live births,25342,Lagos,3,Both,8,15-19 years,1,Number,2023,3149.2605872744175,3921.2811240412193,2528.362570010239
1,All Population,50,Live births,25342,Lagos,3,Both,9,20-24 years,1,Number,2023,33185.61490057449,40431.232880117925,27078.77779148994
1,All Population,50,Live births,25342,Lagos,3,Both,10,25-29 years,1,Number,2023,43093.6558761837,46241.830298551766,40175.605378244094
1,All Population,50,Live births,25342,Lagos,3,Both,11,30-34 years,1,Number,2023,30056.280107394505,34369.68554252837,25903.550679672444
1,All Population,50,Live births,25342,Lagos,3,Both,12,35-39 years,1,Number,2023,13084.467128186363,15797.852653527947,10661.54834139356
1,All Population,50,Live births,25342,Lagos,3,Both,13,40-44 years,1,Number,2023,4467.839324177242,5617.494139246917,3447.4280413158413
1,All Population,50,Live births,25342,Lagos,3,Both,14,45-49 years,1,Number,2023,687.3506144945701,956.3280426823354,470.4914784086838
1,All Population,50,Live births,25342,Lagos,3,Both,15,50-54 years,1,Number,2023,53.772955685692324,55.05239819721962,52.45350584922174
1,All Population,50,Live births,25342,Lagos,3,Both,162,10-19 years,1,Number,2023,3708.3870809748864,4629.793628595202,2979.796148176763
1,All Population,50,Live births,25342,Lagos,3,Both,169,10-54 years,1,Number,2023,128337.36798767145,142658.9330286955,116351.27890496326
1,All Population,50,Live births,25342,Lagos,3,Both,215,35-54 years,1,Number,2023,18293.430022543867,22436.264757199497,14626.046895064273
1,All Population,50,Live births,25342,Lagos,3,Both,218,40-54 years,1,Number,2023,5208.962894357504,6611.741138529598,3969.5019936425388
1,All Population,50,Live births,25343,Nasarawa,3,Both,7,10-14 years,1,Number,2023,2650.293765243121,5444.371862014391,1201.6197572646274
1,All Population,50,Live births,25343,Nasarawa,3,Both,8,15-19 years,1,Number,2023,21053.674672268815,25573.789102570336,17242.50941041326
1,All Population,50,Live births,25343,Nasarawa,3,Both,9,20-24 years,1,Number,2023,65195.12401838003,72807.35906998193,57975.06359806312
1,All Population,50,Live births,25343,Nasarawa,3,Both,10,25-29 years,1,Number,2023,56477.01852951784,63492.801665293824,49433.90644878843
1,All Population,50,Live births,25343,Nasarawa,3,Both,11,30-34 years,1,Number,2023,43104.88104637894,47599.36737995862,38139.00153804149
1,All Population,50,Live births,25343,Nasarawa,3,Both,12,35-39 years,1,Number,2023,22923.315386354316,26292.430472381533,19491.72914794846
1,All Population,50,Live births,25343,Nasarawa,3,Both,13,40-44 years,1,Number,2023,12997.505351025424,14972.2535565766,10983.830788465382
1,All Population,50,Live births,25343,Nasarawa,3,Both,14,45-49 years,1,Number,2023,7226.505059135916,8119.995964729764,6268.697969100685
1,All Population,50,Live births,25343,Nasarawa,3,Both,15,50-54 years,1,Number,2023,590.513499491596,604.5452051590892,576.2682805593645
1,All Population,50,Live births,25343,Nasarawa,3,Both,162,10-19 years,1,Number,2023,23703.968437511936,28763.00878659746,19488.293687011952
1,All Population,50,Live births,25343,Nasarawa,3,Both,169,10-54 years,1,Number,2023,232218.831327796,256830.87087032117,207910.8608822251
1,All Population,50,Live births,25343,Nasarawa,3,Both,215,35-54 years,1,Number,2023,43737.83929600725,49932.51777581857,37458.84849408305
1,All Population,50,Live births,25343,Nasarawa,3,Both,218,40-54 years,1,Number,2023,20814.523909652937,23621.493769580302,17943.09968596076
1,All Population,50,Live births,25344,Niger,3,Both,7,10-14 years,1,Number,2023,4249.57291284834,8827.37836846229,1890.8420810838054
1,All Population,50,Live births,25344,Niger,3,Both,8,15-19 years,1,Number,2023,63697.1073466941,75684.7800618736,53738.8288547667
1,All Population,50,Live births,25344,Niger,3,Both,9,20-24 years,1,Number,2023,151764.8861188189,170566.9184049083,133419.1192109702
1,All Population,50,Live births,25344,Niger,3,Both,10,25-29 years,1,Number,2023,121964.32000784483,128907.9553033113,114876.39157079696
1,All Population,50,Live births,25344,Niger,3,Both,11,30-34 years,1,Number,2023,81163.97787401424,89090.66620664448,72934.10110296254
1,All Population,50,Live births,25344,Niger,3,Both,12,35-39 years,1,Number,2023,48889.00196397562,54740.588999685526,42636.52812663695
1,All Population,50,Live births,25344,Niger,3,Both,13,40-44 years,1,Number,2023,23905.87741288812,27118.826386212997,20483.35781183227
1,All Population,50,Live births,25344,Niger,3,Both,14,45-49 years,1,Number,2023,7310.723903448502,8913.91370948929,5729.4467953138
1,All Population,50,Live births,25344,Niger,3,Both,15,50-54 years,1,Number,2023,572.9528646728099,586.5700348033165,559.1939139283153
1,All Population,50,Live births,25344,Niger,3,Both,162,10-19 years,1,Number,2023,67946.68025954244,80555.63124896996,57501.13313481897
1,All Population,50,Live births,25344,Niger,3,Both,169,10-54 years,1,Number,2023,503518.42040520546,543781.8390935537,468301.4875090499
1,All Population,50,Live births,25344,Niger,3,Both,215,35-54 years,1,Number,2023,80678.55614498505,91612.11920187676,69503.9153275489
1,All Population,50,Live births,25344,Niger,3,Both,218,40-54 years,1,Number,2023,31789.554181009433,36677.773265376454,26967.36674423692
1,All Population,50,Live births,25345,Ogun,3,Both,7,10-14 years,1,Number,2023,1880.210061600681,3797.038940074762,855.2728165376684
1,All Population,50,Live births,25345,Ogun,3,Both,8,15-19 years,1,Number,2023,22310.6301542629,27934.308078401664,17877.832043423157
1,All Population,50,Live births,25345,Ogun,3,Both,9,20-24 years,1,Number,2023,136711.44656774285,160236.22660759243,116305.62944071765
1,All Population,50,Live births,25345,Ogun,3,Both,10,25-29 years,1,Number,2023,120685.73038106029,129059.02901056405,112358.08356514867
1,All Population,50,Live births,25345,Ogun,3,Both,11,30-34 years,1,Number,2023,97419.29180307884,109446.88131035707,85367.33414206123
1,All Population,50,Live births,25345,Ogun,3,Both,12,35-39 years,1,Number,2023,42806.61695316381,50460.44763061731,35343.55449807667
1,All Population,50,Live births,25345,Ogun,3,Both,13,40-44 years,1,Number,2023,19377.0808812357,23361.18992418115,15547.53768738655
1,All Population,50,Live births,25345,Ogun,3,Both,14,45-49 years,1,Number,2023,6383.163305998938,8153.858117122089,4811.676493778413
1,All Population,50,Live births,25345,Ogun,3,Both,15,50-54 years,1,Number,2023,523.5306331439333,535.9430732043019,510.98985257850927
1,All Population,50,Live births,25345,Ogun,3,Both,162,10-19 years,1,Number,2023,24190.84021586358,29827.955710520266,19440.56043892246
1,All Population,50,Live births,25345,Ogun,3,Both,169,10-54 years,1,Number,2023,448097.70074128796,493199.07702092314,407638.58476952807
1,All Population,50,Live births,25345,Ogun,3,Both,215,35-54 years,1,Number,2023,69090.39177354237,82385.59141574714,56378.40598876906
1,All Population,50,Live births,25345,Ogun,3,Both,218,40-54 years,1,Number,2023,26283.77482037857,31941.601103750345,21006.69029712667
1,All Population,50,Live births,25346,Ondo,3,Both,7,10-14 years,1,Number,2023,719.9841316825734,1457.4745541003465,327.7290970917196
1,All Population,50,Live births,25346,Ondo,3,Both,8,15-19 years,1,Number,2023,5346.232503517492,6652.966870982627,4308.780540221684
1,All Population,50,Live births,25346,Ondo,3,Both,9,20-24 years,1,Number,2023,23855.648050018637,28554.74220355256,19726.8121451466
1,All Population,50,Live births,25346,Ondo,3,Both,10,25-29 years,1,Number,2023,26891.131609336157,28834.97341143986,24971.523585828614
1,All Population,50,Live births,25346,Ondo,3,Both,11,30-34 years,1,Number,2023,25548.46845326326,28164.153684185843,23013.973298767927
1,All Population,50,Live births,25346,Ondo,3,Both,12,35-39 years,1,Number,2023,12574.42010310523,14789.568433934588,10449.561586723266
1,All Population,50,Live births,25346,Ondo,3,Both,13,40-44 years,1,Number,2023,3880.938095277137,4750.6758147815135,3040.0882367836884
1,All Population,50,Live births,25346,Ondo,3,Both,14,45-49 years,1,Number,2023,1607.3721918530866,2052.686743889292,1206.7524112478113
1,All Population,50,Live births,25346,Ondo,3,Both,15,50-54 years,1,Number,2023,126.14554578903267,129.13557705012985,123.0990965495593
1,All Population,50,Live births,25346,Ondo,3,Both,162,10-19 years,1,Number,2023,6066.216635200065,7451.97157640737,4903.3088306247055
1,All Population,50,Live births,25346,Ondo,3,Both,169,10-54 years,1,Number,2023,100550.3406838426,111738.0264688815,90971.39028682225
1,All Population,50,Live births,25346,Ondo,3,Both,215,35-54 years,1,Number,2023,18188.875936024488,21692.419974668628,14880.391101648227
1,All Population,50,Live births,25346,Ondo,3,Both,218,40-54 years,1,Number,2023,5614.455832919257,6927.865815810769,4398.04708609918
1,All Population,50,Live births,25347,Osun,3,Both,7,10-14 years,1,Number,2023,781.0865925516861,1562.925093718301,358.9146547412594
1,All Population,50,Live births,25347,Osun,3,Both,8,15-19 years,1,Number,2023,5501.549052771316,6903.077195346559,4428.63753884137
1,All Population,50,Live births,25347,Osun,3,Both,9,20-24 years,1,Number,2023,31383.954307280368,37757.38180581225,25794.38774914885
1,All Population,50,Live births,25347,Osun,3,Both,10,25-29 years,1,Number,2023,34994.00604111773,39905.038565372815,30183.28237049762
1,All Population,50,Live births,25347,Osun,3,Both,11,30-34 years,1,Number,2023,26158.81209486368,29711.698189376457,22568.836369745302
1,All Population,50,Live births,25347,Osun,3,Both,12,35-39 years,1,Number,2023,13654.350208126103,16245.95558994818,11234.918925977408
1,All Population,50,Live births,25347,Osun,3,Both,13,40-44 years,1,Number,2023,4590.782849858875,5755.5456547825115,3590.4083417352244
1,All Population,50,Live births,25347,Osun,3,Both,14,45-49 years,1,Number,2023,1635.4759572063565,2163.19957505548,1186.1162901997186
1,All Population,50,Live births,25347,Osun,3,Both,15,50-54 years,1,Number,2023,131.71093490898053,134.84660270230648,128.5401740293101
1,All Population,50,Live births,25347,Osun,3,Both,162,10-19 years,1,Number,2023,6282.635645323003,7816.061648407274,5062.029538436442
1,All Population,50,Live births,178,Eritrea,3,Both,11,30-34 years,1,Number,2023,44444.115455978565,49094.334063682196,40163.60600123657
1,All Population,50,Live births,178,Eritrea,3,Both,12,35-39 years,1,Number,2023,25109.800660061475,28840.921004654792,21642.46075741432
1,All Population,50,Live births,178,Eritrea,3,Both,13,40-44 years,1,Number,2023,9269.993227976607,11123.663103296134,7752.246079043434
1,All Population,50,Live births,178,Eritrea,3,Both,14,45-49 years,1,Number,2023,2299.8991398758544,3032.778270708639,1728.613040626178
1,All Population,50,Live births,178,Eritrea,3,Both,15,50-54 years,1,Number,2023,168.65448577245525,172.66976828538654,164.59197665888598
1,All Population,50,Live births,178,Eritrea,3,Both,162,10-19 years,1,Number,2023,20923.107624526077,24498.591517880046,17678.648530318194
1,All Population,50,Live births,178,Eritrea,3,Both,169,10-54 years,1,Number,2023,207826.1149765639,231272.5166205411,187190.41431246075
1,All Population,50,Live births,178,Eritrea,3,Both,215,35-54 years,1,Number,2023,36848.34751368639,43067.090140300745,31538.241987742087
1,All Population,50,Live births,178,Eritrea,3,Both,218,40-54 years,1,Number,2023,11738.546853624917,14256.91931389806,9625.845168586571
1,All Population,50,Live births,179,Ethiopia,3,Both,7,10-14 years,1,Number,2023,20206.352696109414,41727.68984998238,9090.058156610621
1,All Population,50,Live births,179,Ethiopia,3,Both,8,15-19 years,1,Number,2023,308252.43222648965,365668.6733590164,261463.34676983932
1,All Population,50,Live births,179,Ethiopia,3,Both,9,20-24 years,1,Number,2023,1046524.8351488054,1180572.6777634704,922768.71983765
1,All Population,50,Live births,179,Ethiopia,3,Both,10,25-29 years,1,Number,2023,884796.3852506868,957927.6619160529,814961.6484945669
1,All Population,50,Live births,179,Ethiopia,3,Both,11,30-34 years,1,Number,2023,749330.1174980137,819784.5789715963,681601.901758576
1,All Population,50,Live births,179,Ethiopia,3,Both,12,35-39 years,1,Number,2023,444222.30356064026,500705.4439043126,392582.5105535486
1,All Population,50,Live births,179,Ethiopia,3,Both,13,40-44 years,1,Number,2023,167695.09209213516,192733.80218764374,143261.05281034813
1,All Population,50,Live births,179,Ethiopia,3,Both,14,45-49 years,1,Number,2023,35393.69509800048,44142.87774966201,27540.72389834121
1,All Population,50,Live births,179,Ethiopia,3,Both,15,50-54 years,1,Number,2023,2351.1148974346197,2407.0896347226517,2294.4818013498625
1,All Population,50,Live births,179,Ethiopia,3,Both,162,10-19 years,1,Number,2023,328458.78492259904,386686.24151355535,280294.6497103085
1,All Population,50,Live births,179,Ethiopia,3,Both,169,10-54 years,1,Number,2023,3658772.3284683153,3957466.9667139812,3383358.437987812
1,All Population,50,Live births,179,Ethiopia,3,Both,215,35-54 years,1,Number,2023,649662.2056482105,739927.5989813585,565306.5375219589
1,All Population,50,Live births,179,Ethiopia,3,Both,218,40-54 years,1,Number,2023,205439.90208757026,239221.21307499107,173944.43447629194
1,All Population,50,Live births,180,Kenya,3,Both,7,10-14 years,1,Number,2023,10117.259248711416,20843.85845429795,4534.874912374345
1,All Population,50,Live births,180,Kenya,3,Both,8,15-19 years,1,Number,2023,122341.58734168817,146004.1616925767,102248.13802191199
1,All Population,50,Live births,180,Kenya,3,Both,9,20-24 years,1,Number,2023,399481.62848593644,459623.8733443175,340837.1837179441
1,All Population,50,Live births,180,Kenya,3,Both,10,25-29 years,1,Number,2023,277797.5167624323,307310.6608182614,248384.76722910412
1,All Population,50,Live births,180,Kenya,3,Both,11,30-34 years,1,Number,2023,226802.12879474403,259799.93955757198,196905.63267937533
1,All Population,50,Live births,180,Kenya,3,Both,12,35-39 years,1,Number,2023,109909.70822817092,132640.86593860798,91171.29576442498
1,All Population,50,Live births,180,Kenya,3,Both,13,40-44 years,1,Number,2023,33583.503455383674,42354.401186156945,26354.2510033837
1,All Population,50,Live births,180,Kenya,3,Both,14,45-49 years,1,Number,2023,5172.656933974044,6869.62208498329,3773.6579461252613
1,All Population,50,Live births,180,Kenya,3,Both,15,50-54 years,1,Number,2023,368.739828549346,377.51869131492435,359.8577113192185
1,All Population,50,Live births,180,Kenya,3,Both,162,10-19 years,1,Number,2023,132458.8465903996,156526.79169052013,112376.77538260575
1,All Population,50,Live births,180,Kenya,3,Both,169,10-54 years,1,Number,2023,1185574.7290795904,1359621.626364319,1026684.3289287174
1,All Population,50,Live births,180,Kenya,3,Both,215,35-54 years,1,Number,2023,149034.60844607797,180520.72759680974,122705.46084752132
1,All Population,50,Live births,180,Kenya,3,Both,218,40-54 years,1,Number,2023,39124.90021790706,48292.85801331344,31536.33229549831
1,All Population,50,Live births,181,Madagascar,3,Both,7,10-14 years,1,Number,2023,6551.605972672347,13669.664302528618,2907.4593983686823
1,All Population,50,Live births,181,Madagascar,3,Both,8,15-19 years,1,Number,2023,186820.48577241364,211612.3008609087,165827.53734106282
1,All Population,50,Live births,181,Madagascar,3,Both,9,20-24 years,1,Number,2023,318642.21100926446,355701.0347567817,282953.2739958341
1,All Population,50,Live births,181,Madagascar,3,Both,10,25-29 years,1,Number,2023,212003.39524555556,230704.38949502687,194971.0429560425
1,All Population,50,Live births,181,Madagascar,3,Both,11,30-34 years,1,Number,2023,152545.55811935748,168933.10336933433,136087.26878228845
1,All Population,50,Live births,181,Madagascar,3,Both,12,35-39 years,1,Number,2023,83387.85393027028,94890.31600007135,71894.67722232777
1,All Population,50,Live births,181,Madagascar,3,Both,13,40-44 years,1,Number,2023,36944.66028826274,43031.90162269633,31577.777526653404
1,All Population,50,Live births,181,Madagascar,3,Both,14,45-49 years,1,Number,2023,8710.860461840364,10867.271870237826,6847.133285661686
1,All Population,50,Live births,181,Madagascar,3,Both,15,50-54 years,1,Number,2023,627.3348776489734,642.2703046697187,612.2237844216789
1,All Population,50,Live births,181,Madagascar,3,Both,162,10-19 years,1,Number,2023,193372.09174508599,217938.5038151981,172112.7742848689
1,All Population,50,Live births,181,Madagascar,3,Both,169,10-54 years,1,Number,2023,1006233.9656772858,1094735.3306535846,921929.0429069451
1,All Population,50,Live births,181,Madagascar,3,Both,215,35-54 years,1,Number,2023,129670.70955802237,149002.9705755114,111109.51785804263
1,All Population,50,Live births,181,Madagascar,3,Both,218,40-54 years,1,Number,2023,46282.85562775208,54385.59211766858,39052.214798503956
1,All Population,50,Live births,182,Malawi,3,Both,7,10-14 years,1,Number,2023,6531.323087436077,13610.891126247847,2904.1363365426505
1,All Population,50,Live births,182,Malawi,3,Both,8,15-19 years,1,Number,2023,124547.54856471893,139964.05816649302,109706.24930469866
1,All Population,50,Live births,182,Malawi,3,Both,9,20-24 years,1,Number,2023,206891.1910823195,231059.55343819942,183356.21136648397
1,All Population,50,Live births,182,Malawi,3,Both,10,25-29 years,1,Number,2023,124928.34253218268,135503.65236574874,114869.65555738413
1,All Population,50,Live births,182,Malawi,3,Both,11,30-34 years,1,Number,2023,85622.4248167555,96544.19286044882,75642.61910685114
1,All Population,50,Live births,182,Malawi,3,Both,12,35-39 years,1,Number,2023,49919.14151138292,58497.87856623729,42206.87807524101
1,All Population,50,Live births,182,Malawi,3,Both,13,40-44 years,1,Number,2023,18209.675314420205,22075.519579884873,14802.651251290177
1,All Population,50,Live births,182,Malawi,3,Both,14,45-49 years,1,Number,2023,5312.7058944161045,6821.410134873658,3997.5054088406923
1,All Population,50,Live births,182,Malawi,3,Both,15,50-54 years,1,Number,2023,348.0974256925131,356.3848394531263,339.71253774951464
1,All Population,50,Live births,182,Malawi,3,Both,162,10-19 years,1,Number,2023,131078.871652155,148228.99187514983,114859.18876365083
1,All Population,50,Live births,182,Malawi,3,Both,169,10-54 years,1,Number,2023,622310.4502293245,696059.5355125974,552555.0968600733
1,All Population,50,Live births,182,Malawi,3,Both,215,35-54 years,1,Number,2023,73789.62014591174,87304.61752740866,61525.18931620235
1,All Population,50,Live births,182,Malawi,3,Both,218,40-54 years,1,Number,2023,23870.478634528823,29184.7567753635,19207.37762651861
1,All Population,50,Live births,184,Mozambique,3,Both,7,10-14 years,1,Number,2023,13952.758777894162,29176.11761669847,6169.799607720741
1,All Population,50,Live births,184,Mozambique,3,Both,8,15-19 years,1,Number,2023,238387.26360723312,266375.8774261036,212196.10120967697
1,All Population,50,Live births,184,Mozambique,3,Both,9,20-24 years,1,Number,2023,355577.6078879846,390942.0971159673,321517.65623853146
1,All Population,50,Live births,184,Mozambique,3,Both,10,25-29 years,1,Number,2023,266412.1008086803,283348.33296412154,248515.58304609713
1,All Population,50,Live births,184,Mozambique,3,Both,11,30-34 years,1,Number,2023,166282.86632248163,182019.77281882177,151756.54481919826
1,All Population,50,Live births,184,Mozambique,3,Both,12,35-39 years,1,Number,2023,99323.39916093949,111587.02237826306,87403.111129182
1,All Population,50,Live births,184,Mozambique,3,Both,13,40-44 years,1,Number,2023,50219.85471187342,56751.36285373453,43751.15619528939
1,All Population,50,Live births,184,Mozambique,3,Both,14,45-49 years,1,Number,2023,16215.414315254244,18949.03814714187,13626.94921493452
1,All Population,50,Live births,184,Mozambique,3,Both,15,50-54 years,1,Number,2023,1184.2408151574527,1212.434915150839,1155.7151042509033
1,All Population,50,Live births,184,Mozambique,3,Both,162,10-19 years,1,Number,2023,252340.0223851273,281529.5332583537,225730.64447198014
1,All Population,50,Live births,184,Mozambique,3,Both,169,10-54 years,1,Number,2023,1207555.5064074984,1290641.2635959655,1132482.7680913687
1,All Population,50,Live births,184,Mozambique,3,Both,215,35-54 years,1,Number,2023,166942.9090032246,188640.2921541149,146912.00331294446
1,All Population,50,Live births,184,Mozambique,3,Both,218,40-54 years,1,Number,2023,67619.50984228512,76888.93617720183,58671.31218569236
1,All Population,50,Live births,185,Rwanda,3,Both,7,10-14 years,1,Number,2023,1605.226257445856,3285.193599077602,723.2232715853977
1,All Population,50,Live births,185,Rwanda,3,Both,8,15-19 years,1,Number,2023,19409.5012646406,23130.14163002935,16448.297196227693
1,All Population,50,Live births,185,Rwanda,3,Both,9,20-24 years,1,Number,2023,85453.11597571739,98204.18350957164,74463.39938780137
1,All Population,50,Live births,185,Rwanda,3,Both,10,25-29 years,1,Number,2023,87138.91977650208,95435.14499213766,79585.67560082876
1,All Population,50,Live births,185,Rwanda,3,Both,11,30-34 years,1,Number,2023,88857.07913430958,98714.8483697758,79924.94176372566
1,All Population,50,Live births,185,Rwanda,3,Both,12,35-39 years,1,Number,2023,57644.412888547566,64817.43569904326,50926.48362206076
1,All Population,50,Live births,185,Rwanda,3,Both,13,40-44 years,1,Number,2023,22836.340441277647,26482.543087742575,19492.169717372715
1,All Population,50,Live births,185,Rwanda,3,Both,14,45-49 years,1,Number,2023,2466.1572123204587,3200.2249337671187,1853.00124250429
1,All Population,50,Live births,185,Rwanda,3,Both,15,50-54 years,1,Number,2023,166.03356345178898,169.98644772186486,162.034186491301
1,All Population,50,Live births,185,Rwanda,3,Both,162,10-19 years,1,Number,2023,21014.727522086454,24973.16539225436,17843.183792238153
1,All Population,50,Live births,185,Rwanda,3,Both,169,10-54 years,1,Number,2023,365576.78651421296,402099.32041243627,333649.8606831423
1,All Population,50,Live births,185,Rwanda,3,Both,215,35-54 years,1,Number,2023,83112.94410559746,94723.7176002387,72516.29360611628
1,All Population,50,Live births,185,Rwanda,3,Both,218,40-54 years,1,Number,2023,25468.531217049895,29799.516260923818,21520.084594325315
1,All Population,50,Live births,187,Somalia,3,Both,7,10-14 years,1,Number,2023,6960.6180985877345,14539.500048906377,3083.300966107044
1,All Population,50,Live births,187,Somalia,3,Both,8,15-19 years,1,Number,2023,126516.38607857359,143453.73213578746,111001.66096483901
1,All Population,50,Live births,187,Somalia,3,Both,9,20-24 years,1,Number,2023,261670.14501499222,280195.1793125083,243884.22402807613
1,All Population,50,Live births,187,Somalia,3,Both,10,25-29 years,1,Number,2023,235075.52174313698,241986.69005592022,228317.77046301228
1,All Population,50,Live births,187,Somalia,3,Both,11,30-34 years,1,Number,2023,150508.56817651758,157117.40767524205,143841.39739424756
1,All Population,50,Live births,187,Somalia,3,Both,12,35-39 years,1,Number,2023,98133.55112552622,104983.61490845965,91053.25328922666
1,All Population,50,Live births,187,Somalia,3,Both,13,40-44 years,1,Number,2023,45801.76242947085,50000.84784325578,40994.85631838809
1,All Population,50,Live births,187,Somalia,3,Both,14,45-49 years,1,Number,2023,12261.15258339072,14402.93443616983,10064.059448783155
1,All Population,50,Live births,242,Sub-Saharan Africa - WB,3,Both,7,10-14 years,1,Number,2023,322740.31321190763,670974.8513004992,144060.29332742578
1,All Population,50,Live births,242,Sub-Saharan Africa - WB,3,Both,8,15-19 years,1,Number,2023,5204702.718127986,5820747.731023862,4678213.320272329
1,All Population,50,Live births,242,Sub-Saharan Africa - WB,3,Both,9,20-24 years,1,Number,2023,11203121.079774875,12312933.58686358,10216972.658562558
1,All Population,50,Live births,242,Sub-Saharan Africa - WB,3,Both,10,25-29 years,1,Number,2023,9659326.816650035,10127978.689071931,9236175.622462029
1,All Population,50,Live births,242,Sub-Saharan Africa - WB,3,Both,11,30-34 years,1,Number,2023,7473908.609683628,7950048.39416723,7008628.479177396
1,All Population,50,Live births,242,Sub-Saharan Africa - WB,3,Both,12,35-39 years,1,Number,2023,4336500.5395351825,4756334.390556738,3953547.4659533915
1,All Population,50,Live births,242,Sub-Saharan Africa - WB,3,Both,13,40-44 years,1,Number,2023,1682852.8668828334,1879752.7242190985,1499258.9249054068
1,All Population,50,Live births,242,Sub-Saharan Africa - WB,3,Both,14,45-49 years,1,Number,2023,417450.68518509285,493214.264564602,346604.9933257024
1,All Population,50,Live births,242,Sub-Saharan Africa - WB,3,Both,15,50-54 years,1,Number,2023,30093.918593926603,30810.386848668477,29369.023445179755
1,All Population,50,Live births,242,Sub-Saharan Africa - WB,3,Both,162,10-19 years,1,Number,2023,5527443.031339894,6170380.00120085,4960915.624763204
1,All Population,50,Live births,242,Sub-Saharan Africa - WB,3,Both,169,10-54 years,1,Number,2023,40330697.54764547,43203183.44273646,37687096.96876982
1,All Population,50,Live births,242,Sub-Saharan Africa - WB,3,Both,215,35-54 years,1,Number,2023,6466898.010197036,7151385.786470357,5840441.447470655
1,All Population,50,Live births,242,Sub-Saharan Africa - WB,3,Both,218,40-54 years,1,Number,2023,2130397.470661853,2399676.1581704346,1885725.3853181165
1,All Population,50,Live births,252,Micronesia,3,Both,7,10-14 years,1,Number,2023,14.661640215172731,30.08859564079573,6.594750117838869
1,All Population,50,Live births,252,Micronesia,3,Both,8,15-19 years,1,Number,2023,659.0732393296632,731.2693693844975,591.9691999880257
1,All Population,50,Live births,252,Micronesia,3,Both,9,20-24 years,1,Number,2023,2183.5783076746934,2424.46900167469,1965.0314751340993
1,All Population,50,Live births,252,Micronesia,3,Both,10,25-29 years,1,Number,2023,2415.9781143554114,2582.1812060431407,2264.45016930415
1,All Population,50,Live births,252,Micronesia,3,Both,11,30-34 years,1,Number,2023,2012.441035688674,2205.5011813018864,1841.7458721647386
1,All Population,50,Live births,252,Micronesia,3,Both,12,35-39 years,1,Number,2023,1226.89929827152,1386.9075449424065,1091.7519565872778
1,All Population,50,Live births,252,Micronesia,3,Both,13,40-44 years,1,Number,2023,281.55042496394503,328.2406488225493,243.69446689603913
1,All Population,50,Live births,252,Micronesia,3,Both,14,45-49 years,1,Number,2023,33.959690138916855,42.61512496309192,26.926594689637266
1,All Population,50,Live births,252,Micronesia,3,Both,15,50-54 years,1,Number,2023,2.882960571759209,2.9515973537353153,2.813516503650432
1,All Population,50,Live births,252,Micronesia,3,Both,162,10-19 years,1,Number,2023,673.734879544836,747.4370291993938,603.4059981457779
1,All Population,50,Live births,252,Micronesia,3,Both,169,10-54 years,1,Number,2023,8831.024711209755,9666.469125689884,8076.7316209992005
1,All Population,50,Live births,252,Micronesia,3,Both,215,35-54 years,1,Number,2023,1545.292373946141,1755.945722293725,1370.3942439364127
1,All Population,50,Live births,252,Micronesia,3,Both,218,40-54 years,1,Number,2023,318.39307567462106,371.4142667463322,274.2403669473932
1,All Population,50,Live births,257,Polynesia,3,Both,7,10-14 years,1,Number,2023,8.098387322658228,16.637707186213113,3.635577479580463
1,All Population,50,Live births,257,Polynesia,3,Both,8,15-19 years,1,Number,2023,680.6752713433723,792.8435841056051,576.5623941416787
1,All Population,50,Live births,257,Polynesia,3,Both,9,20-24 years,1,Number,2023,2375.8020018583297,2679.3990180270657,2077.724660914785
1,All Population,50,Live births,257,Polynesia,3,Both,10,25-29 years,1,Number,2023,2738.1029773556397,2908.6746594802003,2564.078687702425
1,All Population,50,Live births,257,Polynesia,3,Both,11,30-34 years,1,Number,2023,2215.4054686669406,2409.8660190783276,2010.5283284884945
1,All Population,50,Live births,257,Polynesia,3,Both,12,35-39 years,1,Number,2023,1284.7920817530028,1448.2784776172366,1129.4786545976028
1,All Population,50,Live births,257,Polynesia,3,Both,13,40-44 years,1,Number,2023,422.7371157611402,499.6796292989102,351.3353195472381
1,All Population,50,Live births,257,Polynesia,3,Both,14,45-49 years,1,Number,2023,53.859889223015,69.84942666306482,41.068257222140296
1,All Population,50,Live births,44584,OECD Countries,3,Both,7,10-14 years,1,Number,2023,12418.800330618666,25432.911275219907,5600.174456291029
1,All Population,50,Live births,44584,OECD Countries,3,Both,8,15-19 years,1,Number,2023,606956.9901660748,677594.3546317888,542388.356503116
1,All Population,50,Live births,44584,OECD Countries,3,Both,9,20-24 years,1,Number,2023,2053098.94303806,2265004.8675199235,1854473.3010912752
1,All Population,50,Live births,44584,OECD Countries,3,Both,10,25-29 years,1,Number,2023,3586003.514437221,3822235.121418299,3363383.698599198
1,All Population,50,Live births,44584,OECD Countries,3,Both,11,30-34 years,1,Number,2023,4233615.63041629,4526297.34396634,3953572.3501086677
1,All Population,50,Live births,44584,OECD Countries,3,Both,12,35-39 years,1,Number,2023,2459068.5404394222,2685954.645033561,2245650.9775818605
1,All Population,50,Live births,44584,OECD Countries,3,Both,13,40-44 years,1,Number,2023,608895.7313711501,677521.6968778187,547020.4148715932
1,All Population,50,Live births,44584,OECD Countries,3,Both,14,45-49 years,1,Number,2023,42837.81930123055,50670.9739013831,36169.11701341095
1,All Population,50,Live births,44584,OECD Countries,3,Both,15,50-54 years,1,Number,2023,3923.6661424079675,4017.0797742840177,3829.1538062010172
1,All Population,50,Live births,44584,OECD Countries,3,Both,162,10-19 years,1,Number,2023,619375.7904966935,690794.1654671535,553523.9015195024
1,All Population,50,Live births,44584,OECD Countries,3,Both,169,10-54 years,1,Number,2023,13606819.635642475,14685838.286546608,12565049.736104092
1,All Population,50,Live births,44584,OECD Countries,3,Both,215,35-54 years,1,Number,2023,3114725.7572542108,3412089.1172723877,2836754.238981979
1,All Population,50,Live births,44584,OECD Countries,3,Both,218,40-54 years,1,Number,2023,655657.2168147886,732305.7111417786,587624.0578767093
1,All Population,50,Live births,44591,World Bank Income Levels,3,Both,7,10-14 years,1,Number,2023,424229.27499672794,879077.260762627,190365.26308486066
1,All Population,50,Live births,44591,World Bank Income Levels,3,Both,8,15-19 years,1,Number,2023,10252862.727389496,11338097.170724992,9330536.970565887
1,All Population,50,Live births,44591,World Bank Income Levels,3,Both,9,20-24 years,1,Number,2023,31189614.585569587,34021512.112244375,28635769.131618
1,All Population,50,Live births,44591,World Bank Income Levels,3,Both,10,25-29 years,1,Number,2023,35805955.49375398,37774470.21455569,34021645.055393346
1,All Population,50,Live births,44591,World Bank Income Levels,3,Both,11,30-34 years,1,Number,2023,27933060.247661628,29889336.14970235,26153036.120528553
1,All Population,50,Live births,44591,World Bank Income Levels,3,Both,12,35-39 years,1,Number,2023,14683765.379764091,16004483.772200482,13463235.276155442
1,All Population,50,Live births,44591,World Bank Income Levels,3,Both,13,40-44 years,1,Number,2023,4589897.949396676,5125635.821409908,4123085.1785313613
1,All Population,50,Live births,44591,World Bank Income Levels,3,Both,14,45-49 years,1,Number,2023,839012.3857565166,1002025.7650926647,692932.4928553724
1,All Population,50,Live births,44591,World Bank Income Levels,3,Both,15,50-54 years,1,Number,2023,65336.374300330746,66891.88585393637,63762.56726622202
1,All Population,50,Live births,44591,World Bank Income Levels,3,Both,162,10-19 years,1,Number,2023,10677092.002386224,11807595.729526484,9690870.559247099
1,All Population,50,Live births,44591,World Bank Income Levels,3,Both,169,10-54 years,1,Number,2023,125783734.41858904,135421391.0726778,117308304.84179682
1,All Population,50,Live births,44591,World Bank Income Levels,3,Both,215,35-54 years,1,Number,2023,20178012.089217614,22141598.278049283,18377713.23369731
1,All Population,50,Live births,44591,World Bank Income Levels,3,Both,218,40-54 years,1,Number,2023,5494246.709453524,6171991.836276732,4900998.151370481
1,All Population,50,Live births,25337,Kano,3,Both,14,45-49 years,1,Number,2023,15735.77318472944,16745.48837585235,14587.354273537512
1,All Population,50,Live births,25337,Kano,3,Both,15,50-54 years,1,Number,2023,1104.8928837142644,1131.0824891082789,1078.2197568760832
1,All Population,50,Live births,25337,Kano,3,Both,162,10-19 years,1,Number,2023,120068.96362245987,141521.69302215378,101443.26989351452
1,All Population,50,Live births,25337,Kano,3,Both,169,10-54 years,1,Number,2023,796843.6403075962,854277.9740797713,744314.0905973559
1,All Population,50,Live births,25337,Kano,3,Both,215,35-54 years,1,Number,2023,133754.8393600252,143761.8275756526,122678.57350983244
1,All Population,50,Live births,25337,Kano,3,Both,218,40-54 years,1,Number,2023,52284.46484964764,56310.5726358581,47759.55115168321
1,All Population,50,Live births,25338,Katsina,3,Both,7,10-14 years,1,Number,2023,7557.552923054095,15812.525680065102,3318.511709447395
1,All Population,50,Live births,25338,Katsina,3,Both,8,15-19 years,1,Number,2023,99102.39136787676,111973.40675439568,88007.79926398773
1,All Population,50,Live births,25338,Katsina,3,Both,9,20-24 years,1,Number,2023,147684.7884994038,159004.0967363999,136537.90023809782
1,All Population,50,Live births,25338,Katsina,3,Both,10,25-29 years,1,Number,2023,110454.3917568262,117302.18506814416,103369.68052288325
1,All Population,50,Live births,25338,Katsina,3,Both,11,30-34 years,1,Number,2023,74066.40692836561,76651.38489828125,70811.99584587065
1,All Population,50,Live births,25338,Katsina,3,Both,12,35-39 years,1,Number,2023,46819.70092807317,49513.37139411919,43752.60448329976
1,All Population,50,Live births,25338,Katsina,3,Both,13,40-44 years,1,Number,2023,20589.060752971163,22116.31140426986,18882.620249410047
1,All Population,50,Live births,25338,Katsina,3,Both,14,45-49 years,1,Number,2023,7804.101366835958,8511.747108247218,7023.704938143673
1,All Population,50,Live births,25338,Katsina,3,Both,15,50-54 years,1,Number,2023,561.7459207812869,575.0893482129002,548.2218376899154
1,All Population,50,Live births,25338,Katsina,3,Both,162,10-19 years,1,Number,2023,106659.94429093086,120581.51392739636,94242.10410824357
1,All Population,50,Live births,25338,Katsina,3,Both,169,10-54 years,1,Number,2023,514640.14044418803,540936.9443486097,490090.52612175833
1,All Population,50,Live births,25338,Katsina,3,Both,215,35-54 years,1,Number,2023,75774.60896866157,80218.70930045533,70615.52872136509
1,All Population,50,Live births,25338,Katsina,3,Both,218,40-54 years,1,Number,2023,28954.90804058841,31128.987436229483,26561.877243459247
1,All Population,50,Live births,25339,Kebbi,3,Both,7,10-14 years,1,Number,2023,3731.6652620907153,7790.509484846035,1645.9745645093296
1,All Population,50,Live births,25339,Kebbi,3,Both,8,15-19 years,1,Number,2023,39007.591716056566,44421.249112907884,34063.61399195258
1,All Population,50,Live births,25339,Kebbi,3,Both,9,20-24 years,1,Number,2023,69188.19907627467,74685.22327802189,63415.90075002827
1,All Population,50,Live births,25339,Kebbi,3,Both,10,25-29 years,1,Number,2023,53862.63269065814,57151.37229250763,50436.70219515829
1,All Population,50,Live births,25339,Kebbi,3,Both,11,30-34 years,1,Number,2023,37025.23716812185,39198.87560907144,34593.05495099087
1,All Population,50,Live births,25339,Kebbi,3,Both,12,35-39 years,1,Number,2023,21231.2389834754,22949.6890861387,19334.30385044439
1,All Population,50,Live births,25339,Kebbi,3,Both,13,40-44 years,1,Number,2023,11345.177300741623,12206.992328353845,10394.353969384787
1,All Population,50,Live births,25339,Kebbi,3,Both,14,45-49 years,1,Number,2023,4309.270603188008,4732.917927500808,3831.110693424085
1,All Population,50,Live births,25339,Kebbi,3,Both,15,50-54 years,1,Number,2023,327.0430280467646,334.8197914806253,319.1883519774059
1,All Population,50,Live births,25339,Kebbi,3,Both,162,10-19 years,1,Number,2023,42739.256978147285,48895.79184092157,37134.180187564765
1,All Population,50,Live births,25339,Kebbi,3,Both,169,10-54 years,1,Number,2023,240028.05582865374,252334.36561354622,228344.46378296491
1,All Population,50,Live births,25339,Kebbi,3,Both,215,35-54 years,1,Number,2023,37212.7299154518,40108.29979924528,33963.54277745521
1,All Population,50,Live births,25339,Kebbi,3,Both,218,40-54 years,1,Number,2023,15981.490931976396,17192.470323979473,14640.166174162545
1,All Population,50,Live births,25340,Kogi,3,Both,7,10-14 years,1,Number,2023,1015.3106625847499,2092.2601791257325,458.72664576469026
1,All Population,50,Live births,25340,Kogi,3,Both,8,15-19 years,1,Number,2023,7221.0989311217545,8889.621300026332,5881.087101138385
1,All Population,50,Live births,25340,Kogi,3,Both,9,20-24 years,1,Number,2023,21143.531210642694,25031.727811073004,17592.671232402485
1,All Population,50,Live births,25340,Kogi,3,Both,10,25-29 years,1,Number,2023,19799.112480383763,21211.016122384048,18471.166440228953
1,All Population,50,Live births,25340,Kogi,3,Both,11,30-34 years,1,Number,2023,16362.7086128305,18448.306120866888,14279.966840837176
1,All Population,50,Live births,25340,Kogi,3,Both,12,35-39 years,1,Number,2023,8078.558393042423,9556.144900148176,6681.912646286829
1,All Population,50,Live births,187,Somalia,3,Both,15,50-54 years,1,Number,2023,648.7356809592687,664.1806127874389,633.1090902752205
1,All Population,50,Live births,187,Somalia,3,Both,162,10-19 years,1,Number,2023,133477.00417716132,151470.03470910736,117782.57631383928
1,All Population,50,Live births,187,Somalia,3,Both,169,10-54 years,1,Number,2023,937576.4409311552,987908.4337053731,890621.3619573759
1,All Population,50,Live births,187,Somalia,3,Both,215,35-54 years,1,Number,2023,156845.20181934707,169481.88519124335,143553.3033052025
1,All Population,50,Live births,187,Somalia,3,Both,218,40-54 years,1,Number,2023,58711.65069382084,64988.982528150555,52024.68274848537
1,All Population,50,Live births,189,United Republic of Tanzania,3,Both,7,10-14 years,1,Number,2023,14481.29310971672,30144.07564192564,6450.846853348888
1,All Population,50,Live births,189,United Republic of Tanzania,3,Both,8,15-19 years,1,Number,2023,309213.7792695314,347628.3694515432,273694.82114683156
1,All Population,50,Live births,189,United Republic of Tanzania,3,Both,9,20-24 years,1,Number,2023,596587.3125496935,661930.2277947401,530737.785559997
1,All Population,50,Live births,189,United Republic of Tanzania,3,Both,10,25-29 years,1,Number,2023,474088.93415595876,507984.1697855674,440399.57267484
1,All Population,50,Live births,189,United Republic of Tanzania,3,Both,11,30-34 years,1,Number,2023,357733.72229343763,393760.4957345652,322062.70317818155
1,All Population,50,Live births,189,United Republic of Tanzania,3,Both,12,35-39 years,1,Number,2023,213700.8726395855,240069.98436696138,189175.64131177918
1,All Population,50,Live births,189,United Republic of Tanzania,3,Both,13,40-44 years,1,Number,2023,84535.00839752825,99241.24903147595,71062.34030871917
1,All Population,50,Live births,25350,Rivers,3,Both,169,10-54 years,1,Number,2023,90004.14320717264,100041.50511599598,81111.39758379383
1,All Population,50,Live births,25350,Rivers,3,Both,215,35-54 years,1,Number,2023,14765.37454564776,18068.420788630927,11811.147604764617
1,All Population,50,Live births,25350,Rivers,3,Both,218,40-54 years,1,Number,2023,5408.944629119465,6891.6096124281485,4121.902762329443
1,All Population,50,Live births,25351,Sokoto,3,Both,7,10-14 years,1,Number,2023,4062.5942445393307,8498.09724147422,1781.814798296368
1,All Population,50,Live births,25351,Sokoto,3,Both,8,15-19 years,1,Number,2023,70393.43027992682,79554.55927962766,62077.410404028386
1,All Population,50,Live births,25351,Sokoto,3,Both,9,20-24 years,1,Number,2023,103681.70620346388,112437.55371827449,94557.66248539838
1,All Population,50,Live births,25351,Sokoto,3,Both,10,25-29 years,1,Number,2023,77324.81740207468,81944.97758425787,72594.44039906286
1,All Population,50,Live births,25351,Sokoto,3,Both,11,30-34 years,1,Number,2023,51217.10821758376,53382.53964018576,48681.92220775238
1,All Population,50,Live births,25351,Sokoto,3,Both,12,35-39 years,1,Number,2023,29054.322697899108,31490.7841666732,26350.208804051235
1,All Population,50,Live births,25351,Sokoto,3,Both,13,40-44 years,1,Number,2023,14006.8865666314,15294.979130828582,12600.051596278372
1,All Population,50,Live births,25351,Sokoto,3,Both,14,45-49 years,1,Number,2023,5032.562143842349,5687.872547844329,4324.220465247899
1,All Population,50,Live births,25351,Sokoto,3,Both,15,50-54 years,1,Number,2023,367.77969433644785,376.52694272596966,358.9289421219452
1,All Population,50,Live births,25351,Sokoto,3,Both,162,10-19 years,1,Number,2023,74456.02452446615,84082.7883151784,65566.28189648064
1,All Population,50,Live births,25351,Sokoto,3,Both,169,10-54 years,1,Number,2023,355141.2074502978,375806.81954521034,335635.4842255547
1,All Population,50,Live births,25351,Sokoto,3,Both,215,35-54 years,1,Number,2023,48461.5511027093,52737.38490373625,43811.49991949526
1,All Population,50,Live births,25351,Sokoto,3,Both,218,40-54 years,1,Number,2023,19407.228404810194,21352.294811192394,17385.78818821638
1,All Population,50,Live births,25352,Taraba,3,Both,7,10-14 years,1,Number,2023,5742.731722740941,11951.598053439015,2562.9319317462096
1,All Population,50,Live births,25352,Taraba,3,Both,8,15-19 years,1,Number,2023,50308.81482281586,59580.47428131069,42641.253508906564
1,All Population,50,Live births,25352,Taraba,3,Both,9,20-24 years,1,Number,2023,101700.1539346877,111490.15522641494,91592.34486459124
1,All Population,50,Live births,25352,Taraba,3,Both,10,25-29 years,1,Number,2023,85167.85673701232,94921.51333418544,75076.76419966738
1,All Population,50,Live births,25352,Taraba,3,Both,11,30-34 years,1,Number,2023,58650.395026374885,64898.73893780407,52116.93034702113
1,All Population,50,Live births,25352,Taraba,3,Both,12,35-39 years,1,Number,2023,34389.03127019017,38984.34267680239,29621.819745549885
1,All Population,50,Live births,25352,Taraba,3,Both,13,40-44 years,1,Number,2023,16965.67795741013,19611.598562121188,14443.071848634918
1,All Population,50,Live births,25352,Taraba,3,Both,14,45-49 years,1,Number,2023,9716.583701018259,11043.059530483566,8321.244411641428
1,All Population,50,Live births,25352,Taraba,3,Both,15,50-54 years,1,Number,2023,875.8487286115284,896.6687132624783,854.7301160049299
1,All Population,50,Live births,25352,Taraba,3,Both,162,10-19 years,1,Number,2023,56051.5465455568,66481.10536599896,47374.70067859127
1,All Population,50,Live births,25352,Taraba,3,Both,169,10-54 years,1,Number,2023,363517.0939008618,397066.03904552973,329943.6833109161
1,All Population,50,Live births,25352,Taraba,3,Both,215,35-54 years,1,Number,2023,61947.141657230095,70429.21511493977,53354.408592990105
1,All Population,50,Live births,25352,Taraba,3,Both,218,40-54 years,1,Number,2023,27558.11038703992,31523.19302544461,23668.388357626427
1,All Population,50,Live births,25353,Yobe,3,Both,7,10-14 years,1,Number,2023,3093.4265520502454,6449.5861221570985,1366.4419265794568
1,All Population,50,Live births,25353,Yobe,3,Both,8,15-19 years,1,Number,2023,39486.757385658144,45533.81581579716,33959.163643423104
1,All Population,50,Live births,25353,Yobe,3,Both,9,20-24 years,1,Number,2023,60374.67985882714,66115.19260245103,54731.56720178874
1,All Population,50,Live births,25353,Yobe,3,Both,10,25-29 years,1,Number,2023,42645.18278826551,45128.879735810304,40078.103202482394
1,All Population,50,Live births,25353,Yobe,3,Both,11,30-34 years,1,Number,2023,27169.647715730538,29059.972040807814,25095.908681100766
1,All Population,50,Live births,25353,Yobe,3,Both,12,35-39 years,1,Number,2023,16795.71337383965,18146.148256407225,15286.445112117815
1,All Population,50,Live births,25353,Yobe,3,Both,13,40-44 years,1,Number,2023,8664.964249450904,9337.042595348456,7903.414167311688
1,All Population,50,Live births,25353,Yobe,3,Both,14,45-49 years,1,Number,2023,2603.737912291063,3003.47752119483,2182.8705407295397
1,All Population,50,Live births,25353,Yobe,3,Both,15,50-54 years,1,Number,2023,187.87365007554328,192.334657817733,183.35794321069403
1,All Population,50,Live births,25353,Yobe,3,Both,162,10-19 years,1,Number,2023,42580.18393770839,49118.21678967117,36760.62139904156
1,All Population,50,Live births,25353,Yobe,3,Both,169,10-54 years,1,Number,2023,201021.98348618875,213576.67572092867,189228.2128399259
1,All Population,50,Live births,25353,Yobe,3,Both,215,35-54 years,1,Number,2023,28252.289185657162,30606.589045311757,25618.5646008042
1,All Population,50,Live births,25353,Yobe,3,Both,218,40-54 years,1,Number,2023,11456.57581181751,12483.67288406026,10349.133861712833
1,All Population,50,Live births,25354,Zamfara,3,Both,7,10-14 years,1,Number,2023,3161.9051408850323,6601.121289100355,1392.2294684416324
1,All Population,50,Live births,25354,Zamfara,3,Both,8,15-19 years,1,Number,2023,36132.52986623691,41117.82471721239,31504.96596294257
1,All Population,50,Live births,25354,Zamfara,3,Both,9,20-24 years,1,Number,2023,53774.20311620157,58807.61712445474,48972.79255935892
1,All Population,50,Live births,25354,Zamfara,3,Both,10,25-29 years,1,Number,2023,38214.29176660556,40472.26977454178,35863.32004869487
1,All Population,50,Live births,25354,Zamfara,3,Both,11,30-34 years,1,Number,2023,23638.0286020333,25495.98217376346,21646.964578809107
1,All Population,50,Live births,25354,Zamfara,3,Both,12,35-39 years,1,Number,2023,14722.226481938496,16010.312738715098,13312.385385153517
1,All Population,50,Live births,25354,Zamfara,3,Both,13,40-44 years,1,Number,2023,7440.660816468167,8106.584409659828,6702.5664579492195
1,All Population,50,Live births,25354,Zamfara,3,Both,14,45-49 years,1,Number,2023,1672.338248644998,2070.9107640230295,1297.2221682406396
1,All Population,50,Live births,25354,Zamfara,3,Both,15,50-54 years,1,Number,2023,124.00961722597243,126.95135633799765,121.01740860017608
1,All Population,50,Live births,25354,Zamfara,3,Both,162,10-19 years,1,Number,2023,39294.435007121945,44741.25295683749,34450.615575549535
1,All Population,50,Live births,25354,Zamfara,3,Both,169,10-54 years,1,Number,2023,178880.19365624,189698.12823567615,168585.26221315123
1,All Population,50,Live births,25354,Zamfara,3,Both,215,35-54 years,1,Number,2023,23959.235164277634,26267.00799808349,21490.055768360446
1,All Population,50,Live births,25354,Zamfara,3,Both,218,40-54 years,1,Number,2023,9237.008682339138,10289.046741414428,8156.730102111877
1,All Population,50,Live births,189,United Republic of Tanzania,3,Both,14,45-49 years,1,Number,2023,15301.890660150677,19767.75263370479,11547.916755003096
1,All Population,50,Live births,189,United Republic of Tanzania,3,Both,15,50-54 years,1,Number,2023,1093.4770575206,1119.5102773738722,1067.1376424062598
1,All Population,50,Live births,189,United Republic of Tanzania,3,Both,162,10-19 years,1,Number,2023,323695.07237924816,364902.1961897587,285653.9584065535
1,All Population,50,Live births,189,United Republic of Tanzania,3,Both,169,10-54 years,1,Number,2023,2066736.290133123,2281606.4282548972,1858193.5803400113
1,All Population,50,Live births,189,United Republic of Tanzania,3,Both,215,35-54 years,1,Number,2023,314631.248754785,360647.4594554827,273137.7187817318
1,All Population,50,Live births,189,United Republic of Tanzania,3,Both,218,40-54 years,1,Number,2023,100930.37611519951,120466.59142511441,83772.84555890792
1,All Population,50,Live births,190,Uganda,3,Both,7,10-14 years,1,Number,2023,12272.391389926104,25514.603733483862,5477.748385060604
1,All Population,50,Live births,190,Uganda,3,Both,8,15-19 years,1,Number,2023,208237.19016971628,240049.1114238553,180830.3459580784
1,All Population,50,Live births,190,Uganda,3,Both,9,20-24 years,1,Number,2023,508112.96917466144,558833.8309750189,461537.36979125044
1,All Population,50,Live births,190,Uganda,3,Both,10,25-29 years,1,Number,2023,413645.2468123144,439686.8544456577,390741.585058906
1,All Population,50,Live births,190,Uganda,3,Both,11,30-34 years,1,Number,2023,260509.51230306283,283920.14743447927,236465.79766257273
1,All Population,50,Live births,190,Uganda,3,Both,12,35-39 years,1,Number,2023,150087.4005146552,166959.95399172197,132964.48810465954
1,All Population,50,Live births,190,Uganda,3,Both,13,40-44 years,1,Number,2023,57517.59008868253,64946.680898072475,50164.36103814526
1,All Population,50,Live births,190,Uganda,3,Both,14,45-49 years,1,Number,2023,10230.018685946028,12776.682449133807,7968.233433691535
1,All Population,50,Live births,190,Uganda,3,Both,15,50-54 years,1,Number,2023,726.672470053963,743.9729008623848,709.1685565431345
1,All Population,50,Live births,190,Uganda,3,Both,162,10-19 years,1,Number,2023,220509.5815596424,254220.66559159633,191278.32495643437
1,All Population,50,Live births,190,Uganda,3,Both,169,10-54 years,1,Number,2023,1621338.9916090188,1740901.2524787372,1515340.7031469333
1,All Population,50,Live births,190,Uganda,3,Both,215,35-54 years,1,Number,2023,218561.68175933772,245135.27239038722,192233.34584583322
1,All Population,50,Live births,190,Uganda,3,Both,218,40-54 years,1,Number,2023,68474.28124468253,78460.42959693653,58774.0466665305
1,All Population,50,Live births,191,Zambia,3,Both,7,10-14 years,1,Number,2023,5529.73370712119,11488.8446365985,2470.816186771553
1,All Population,50,Live births,191,Zambia,3,Both,8,15-19 years,1,Number,2023,91191.52425731826,104907.91405195916,78979.59812002453
1,All Population,50,Live births,191,Zambia,3,Both,9,20-24 years,1,Number,2023,199399.72854879824,225204.1795514291,176146.62657440253
1,All Population,50,Live births,191,Zambia,3,Both,10,25-29 years,1,Number,2023,153497.24503250158,167581.61982159741,140664.11003360598
1,All Population,50,Live births,191,Zambia,3,Both,11,30-34 years,1,Number,2023,117079.19566856623,131032.56576994763,104594.83377781241
1,All Population,50,Live births,191,Zambia,3,Both,12,35-39 years,1,Number,2023,66244.67159442647,76832.17137825646,57083.37259791332
1,All Population,50,Live births,191,Zambia,3,Both,13,40-44 years,1,Number,2023,25081.668314795275,30056.77604641681,20864.7494015451
1,All Population,50,Live births,191,Zambia,3,Both,14,45-49 years,1,Number,2023,4435.347151607472,5866.843523469867,3282.4909304671955
1,All Population,50,Live births,191,Zambia,3,Both,15,50-54 years,1,Number,2023,283.9361528388575,290.6960315581299,277.0967663659946
1,All Population,50,Live births,191,Zambia,3,Both,162,10-19 years,1,Number,2023,96721.25796443944,111715.92908325675,83431.70671029271
1,All Population,50,Live births,191,Zambia,3,Both,169,10-54 years,1,Number,2023,662743.0504279736,732558.6022625149,602083.9112122336
1,All Population,50,Live births,191,Zambia,3,Both,215,35-54 years,1,Number,2023,96045.62321366808,111470.53130116776,82704.86750119382
1,All Population,50,Live births,191,Zambia,3,Both,218,40-54 years,1,Number,2023,29800.95161924161,35107.23148179932,25344.42291305786
1,All Population,50,Live births,192,Southern Sub-Saharan Africa,3,Both,7,10-14 years,1,Number,2023,4598.026490811959,9512.99474455803,2068.072752847017
1,All Population,50,Live births,192,Southern Sub-Saharan Africa,3,Both,8,15-19 years,1,Number,2023,213923.8616187832,239685.89416089372,192228.09242924242
1,All Population,50,Live births,192,Southern Sub-Saharan Africa,3,Both,9,20-24 years,1,Number,2023,434584.9376334839,495644.5626833198,384970.25162997725
1,All Population,50,Live births,192,Southern Sub-Saharan Africa,3,Both,10,25-29 years,1,Number,2023,457210.9621978745,491194.4478364922,425226.3040762094
1,All Population,50,Live births,192,Southern Sub-Saharan Africa,3,Both,11,30-34 years,1,Number,2023,328930.7419680144,362066.24949842686,296403.9911296709
1,All Population,50,Live births,192,Southern Sub-Saharan Africa,3,Both,12,35-39 years,1,Number,2023,202721.39623809067,230709.42891332184,176226.60376864756
1,All Population,50,Live births,192,Southern Sub-Saharan Africa,3,Both,13,40-44 years,1,Number,2023,58483.551993000634,66351.77941969567,51424.426837731524
1,All Population,50,Live births,192,Southern Sub-Saharan Africa,3,Both,14,45-49 years,1,Number,2023,4834.251100322263,5833.272111021885,3959.461426963062
1,All Population,50,Live births,192,Southern Sub-Saharan Africa,3,Both,15,50-54 years,1,Number,2023,339.37019665530806,347.4498347971522,331.1955281282809
1,All Population,50,Live births,192,Southern Sub-Saharan Africa,3,Both,162,10-19 years,1,Number,2023,218521.88810959517,243375.490996432,196744.13315853127
1,All Population,50,Live births,192,Southern Sub-Saharan Africa,3,Both,169,10-54 years,1,Number,2023,1705627.0994370368,1851098.2321447053,1575315.968357071
1,All Population,50,Live births,192,Southern Sub-Saharan Africa,3,Both,215,35-54 years,1,Number,2023,266378.5695280689,300327.53188831586,234982.8525805456
1,All Population,50,Live births,192,Southern Sub-Saharan Africa,3,Both,218,40-54 years,1,Number,2023,63657.1732899782,72442.07129652023,55661.734297840696
1,All Population,50,Live births,193,Botswana,3,Both,7,10-14 years,1,Number,2023,51.70943654440293,106.76058565936069,23.254200765296847
1,All Population,50,Live births,193,Botswana,3,Both,8,15-19 years,1,Number,2023,4889.234762560825,5800.728011107798,4125.015065334326
1,All Population,50,Live births,193,Botswana,3,Both,9,20-24 years,1,Number,2023,11711.842855218136,14107.068416644308,9849.774335707423
1,All Population,50,Live births,193,Botswana,3,Both,10,25-29 years,1,Number,2023,12832.50516797877,14313.773844042684,11547.101718727314
1,All Population,50,Live births,193,Botswana,3,Both,11,30-34 years,1,Number,2023,10087.44398941518,11764.36255823962,8627.489296722886
1,All Population,50,Live births,193,Botswana,3,Both,12,35-39 years,1,Number,2023,7125.627571408339,8485.204006508706,5904.060851128993
1,All Population,50,Live births,193,Botswana,3,Both,13,40-44 years,1,Number,2023,2188.5503803280935,2739.368690436895,1705.3256011201768
1,All Population,50,Live births,193,Botswana,3,Both,14,45-49 years,1,Number,2023,147.47511126474186,204.16046001997947,102.71406047606055
1,All Population,50,Live births,193,Botswana,3,Both,15,50-54 years,1,Number,2023,9.989666041469125,10.227497434939753,9.749037343399745
1,All Population,50,Live births,193,Botswana,3,Both,162,10-19 years,1,Number,2023,4940.944199105228,5853.880671660854,4180.076045118572
1,All Population,50,Live births,193,Botswana,3,Both,169,10-54 years,1,Number,2023,49044.378940759954,55706.78166151409,43403.24306722942
1,All Population,50,Live births,193,Botswana,3,Both,215,35-54 years,1,Number,2023,9471.642729042644,11374.19724945316,7746.5205591565955
1,All Population,50,Live births,193,Botswana,3,Both,218,40-54 years,1,Number,2023,2346.0151576343046,2958.6660124935775,1821.4581500812576
1,All Population,50,Live births,194,Lesotho,3,Both,7,10-14 years,1,Number,2023,96.43465430664054,199.5114689609054,43.374406806819685
1,All Population,50,Live births,194,Lesotho,3,Both,8,15-19 years,1,Number,2023,5538.201304740806,6458.825905201153,4727.306343667073
1,All Population,50,Live births,194,Lesotho,3,Both,9,20-24 years,1,Number,2023,12942.701496289814,14642.558717585793,11442.481673250877
1,All Population,50,Live births,194,Lesotho,3,Both,10,25-29 years,1,Number,2023,10625.769370746491,11587.860640684188,9740.725804743337
1,All Population,50,Live births,194,Lesotho,3,Both,11,30-34 years,1,Number,2023,6623.718901319706,7552.985396427473,5857.493729097748
1,All Population,50,Live births,194,Lesotho,3,Both,12,35-39 years,1,Number,2023,3854.1233424012175,4511.121785442431,3231.319249267441
1,All Population,50,Live births,194,Lesotho,3,Both,13,40-44 years,1,Number,2023,1367.792359775098,1645.6766237482996,1124.9499025561336
1,All Population,50,Live births,194,Lesotho,3,Both,14,45-49 years,1,Number,2023,252.12555548631406,336.12025703448734,182.37638487743519
1,All Population,50,Live births,194,Lesotho,3,Both,15,50-54 years,1,Number,2023,18.069079769875305,18.499263762269273,17.63383607681415
1,All Population,50,Live births,194,Lesotho,3,Both,162,10-19 years,1,Number,2023,5634.635959047447,6578.783709933687,4825.401404332907
1,All Population,50,Live births,194,Lesotho,3,Both,169,10-54 years,1,Number,2023,41318.936064835965,46032.37920406385,37112.1483318995
1,All Population,50,Live births,194,Lesotho,3,Both,215,35-54 years,1,Number,2023,5492.110337432505,6506.4557099515205,4577.75358053275
1,All Population,50,Live births,194,Lesotho,3,Both,218,40-54 years,1,Number,2023,1637.9869950312875,1991.436932231575,1330.641203209112
1,All Population,50,Live births,195,Namibia,3,Both,7,10-14 years,1,Number,2023,327.2309797050866,673.8939966120728,146.58312992562895
1,All Population,50,Live births,195,Namibia,3,Both,8,15-19 years,1,Number,2023,5727.200738652075,6793.07887302088,4829.657088753856
1,All Population,50,Live births,195,Namibia,3,Both,9,20-24 years,1,Number,2023,15741.137832028075,18445.63459874784,13536.035004636236
1,All Population,50,Live births,195,Namibia,3,Both,10,25-29 years,1,Number,2023,17732.841636270812,19615.079396529007,16074.769145736824
1,All Population,50,Live births,195,Namibia,3,Both,11,30-34 years,1,Number,2023,13707.81178603423,15828.485458756351,11923.343697477401
1,All Population,50,Live births,195,Namibia,3,Both,12,35-39 years,1,Number,2023,7847.201146129388,9211.812749989667,6558.469989572771
1,All Population,50,Live births,195,Namibia,3,Both,13,40-44 years,1,Number,2023,2511.5218509360725,3094.2462504413425,2010.4317851487547
1,All Population,50,Live births,195,Namibia,3,Both,14,45-49 years,1,Number,2023,298.2693619890403,407.0033009850824,210.04756913248056
1,All Population,50,Live births,195,Namibia,3,Both,15,50-54 years,1,Number,2023,21.829382869248516,22.34909118830998,21.3035618900807
1,All Population,50,Live births,195,Namibia,3,Both,162,10-19 years,1,Number,2023,6054.431718357162,7174.553631548108,5110.936334031137
1,All Population,50,Live births,195,Namibia,3,Both,169,10-54 years,1,Number,2023,63915.04471461403,71977.4190845809,57129.549779982444
1,All Population,50,Live births,195,Namibia,3,Both,215,35-54 years,1,Number,2023,10678.82174192375,12707.572206530624,8804.557823183974
1,All Population,50,Live births,195,Namibia,3,Both,218,40-54 years,1,Number,2023,2831.620595794361,3524.27675582485,2239.540935912849
1,All Population,50,Live births,196,South Africa,3,Both,7,10-14 years,1,Number,2023,2618.478723179858,5397.102825969472,1174.5041301873473
1,All Population,50,Live births,196,South Africa,3,Both,8,15-19 years,1,Number,2023,109045.16691216848,128466.58534289415,92961.49651624447
1,All Population,50,Live births,196,South Africa,3,Both,9,20-24 years,1,Number,2023,256917.70893452578,298091.1058679556,224605.97527302438
1,All Population,50,Live births,196,South Africa,3,Both,10,25-29 years,1,Number,2023,308916.61079294194,335943.1339916557,283268.284234105
1,All Population,50,Live births,196,South Africa,3,Both,11,30-34 years,1,Number,2023,212387.85062818837,237614.02436223766,187791.629792279
1,All Population,50,Live births,196,South Africa,3,Both,12,35-39 years,1,Number,2023,130707.92124690648,149106.64570770273,113382.85546146263
1,All Population,50,Live births,196,South Africa,3,Both,13,40-44 years,1,Number,2023,36521.3685764723,42984.00183339171,30851.91167882365
1,All Population,50,Live births,196,South Africa,3,Both,14,45-49 years,1,Number,2023,1996.8580113819019,2572.8801785750134,1565.6919055185926
1,All Population,50,Live births,196,South Africa,3,Both,15,50-54 years,1,Number,2023,156.5547191928448,160.281933582743,152.78366637690414
1,All Population,50,Live births,196,South Africa,3,Both,162,10-19 years,1,Number,2023,111663.64563534834,130620.27628153274,95531.53250994525
1,All Population,50,Live births,196,South Africa,3,Both,169,10-54 years,1,Number,2023,1059268.518544958,1150600.1627078974,976281.836475902
1,All Population,50,Live births,196,South Africa,3,Both,215,35-54 years,1,Number,2023,169382.70255395354,189146.42372205222,151069.93222874997
1,All Population,50,Live births,196,South Africa,3,Both,218,40-54 years,1,Number,2023,38674.781307047044,45745.81557647346,32598.786094126357
1,All Population,50,Live births,197,Eswatini,3,Both,7,10-14 years,1,Number,2023,70.88518162138034,147.019628483215,31.76156163979129
1,All Population,50,Live births,197,Eswatini,3,Both,8,15-19 years,1,Number,2023,3930.7838385807336,4560.759751514106,3371.901440252432
1,All Population,50,Live births,197,Eswatini,3,Both,9,20-24 years,1,Number,2023,8027.691899608631,9077.323132328647,7143.3540270792955
1,All Population,50,Live births,197,Eswatini,3,Both,10,25-29 years,1,Number,2023,6167.579872353193,6783.8759681937045,5619.301401209847
1,All Population,50,Live births,197,Eswatini,3,Both,11,30-34 years,1,Number,2023,5470.130100973213,6101.941645760903,4858.136061903304
1,All Population,50,Live births,197,Eswatini,3,Both,12,35-39 years,1,Number,2023,3141.1183188154873,3626.4138425245646,2724.2186596421993
1,All Population,50,Live births,197,Eswatini,3,Both,13,40-44 years,1,Number,2023,925.5765606803212,1116.2177627896194,760.1679575969853
1,All Population,50,Live births,197,Eswatini,3,Both,14,45-49 years,1,Number,2023,95.19581154157275,122.33446346152682,73.74808222572045
1,All Population,50,Live births,197,Eswatini,3,Both,15,50-54 years,1,Number,2023,7.125319150541721,7.294956911750312,6.953686158667316
1,All Population,50,Live births,197,Eswatini,3,Both,162,10-19 years,1,Number,2023,4001.669020202114,4635.018421488812,3454.739992682441
1,All Population,50,Live births,197,Eswatini,3,Both,169,10-54 years,1,Number,2023,27836.086903325075,30511.735980104095,25502.857487926736
1,All Population,50,Live births,197,Eswatini,3,Both,215,35-54 years,1,Number,2023,4169.016010187923,4863.8996342215405,3575.146313797542
1,All Population,50,Live births,197,Eswatini,3,Both,218,40-54 years,1,Number,2023,1027.8976913724357,1241.2888763020921,843.9461232949234
1,All Population,50,Live births,198,Zimbabwe,3,Both,7,10-14 years,1,Number,2023,1433.2875154545898,2987.7309260877378,637.0161079018097
1,All Population,50,Live births,198,Zimbabwe,3,Both,8,15-19 years,1,Number,2023,84793.2740620803,94462.7992528322,75021.42137989745
1,All Population,50,Live births,198,Zimbabwe,3,Both,9,20-24 years,1,Number,2023,129243.85461581347,141817.4057259511,116681.73462379393
1,All Population,50,Live births,198,Zimbabwe,3,Both,10,25-29 years,1,Number,2023,100935.65535758331,107381.6059516,94644.83883681156
1,All Population,50,Live births,198,Zimbabwe,3,Both,11,30-34 years,1,Number,2023,80653.78656208367,87714.51942122156,73370.70000491975
1,All Population,50,Live births,198,Zimbabwe,3,Both,12,35-39 years,1,Number,2023,50045.404612429746,56349.92550565112,44181.21711606353
1,All Population,50,Live births,198,Zimbabwe,3,Both,13,40-44 years,1,Number,2023,14968.742264808745,17570.975602669187,12681.583432988034
1,All Population,50,Live births,198,Zimbabwe,3,Both,14,45-49 years,1,Number,2023,2044.327248658692,2647.443890248518,1572.6257249585212
1,All Population,50,Live births,198,Zimbabwe,3,Both,15,50-54 years,1,Number,2023,125.80202963132857,128.79709191713985,122.77174028241483
1,All Population,50,Live births,198,Zimbabwe,3,Both,162,10-19 years,1,Number,2023,86226.56157753489,96094.90671821636,76233.6772921798
1,All Population,50,Live births,198,Zimbabwe,3,Both,169,10-54 years,1,Number,2023,464244.13426854386,499981.8075111148,432151.65125942515
1,All Population,50,Live births,257,Polynesia,3,Both,15,50-54 years,1,Number,2023,4.566824208254393,4.675549981536089,4.456819633628764
1,All Population,50,Live births,257,Polynesia,3,Both,162,10-19 years,1,Number,2023,688.7736586660304,800.9111329635242,585.551281455047
1,All Population,50,Live births,257,Polynesia,3,Both,169,10-54 years,1,Number,2023,9784.040017492352,10799.471986283887,8767.438881017744
1,All Population,50,Live births,257,Polynesia,3,Both,215,35-54 years,1,Number,2023,1765.9559109454124,2025.4127113509421,1519.7451721024008
1,All Population,50,Live births,257,Polynesia,3,Both,218,40-54 years,1,Number,2023,481.16382919240965,574.7570293127502,396.63542295697374
1,All Population,50,Live births,25347,Osun,3,Both,169,10-54 years,1,Number,2023,118831.72803868509,132095.12511152588,106308.02712514311
1,All Population,50,Live births,25347,Osun,3,Both,215,35-54 years,1,Number,2023,20012.319950100315,24332.80072904529,16168.923614538313
1,All Population,50,Live births,25347,Osun,3,Both,218,40-54 years,1,Number,2023,6357.969741974212,8040.640592307677,4906.252428179332
1,All Population,50,Live births,25348,Oyo,3,Both,7,10-14 years,1,Number,2023,1076.6538280326488,2194.7700711616694,487.18953240638666
1,All Population,50,Live births,25348,Oyo,3,Both,8,15-19 years,1,Number,2023,10150.93952874502,12578.42824041091,8215.59775105081
1,All Population,50,Live births,25348,Oyo,3,Both,9,20-24 years,1,Number,2023,45783.91385213705,54073.62927511443,38477.48443102788
1,All Population,50,Live births,25348,Oyo,3,Both,10,25-29 years,1,Number,2023,44918.67160585432,48112.9035265412,41898.38861567624
1,All Population,50,Live births,25348,Oyo,3,Both,11,30-34 years,1,Number,2023,41342.498583006236,45255.02409252031,37603.08469381796
1,All Population,50,Live births,25348,Oyo,3,Both,12,35-39 years,1,Number,2023,19938.315248841638,23326.85726431343,16744.377729423373
1,All Population,50,Live births,25348,Oyo,3,Both,13,40-44 years,1,Number,2023,7492.640629031022,9078.564307081986,6028.127494415854
1,All Population,50,Live births,25348,Oyo,3,Both,14,45-49 years,1,Number,2023,2509.171323421789,3271.432050440853,1836.7308634191688
1,All Population,50,Live births,25348,Oyo,3,Both,15,50-54 years,1,Number,2023,199.01066385473177,203.74956701919683,194.2197466407018
1,All Population,50,Live births,25348,Oyo,3,Both,162,10-19 years,1,Number,2023,11227.59335677767,13821.240465227735,9105.862859266932
1,All Population,50,Live births,25348,Oyo,3,Both,169,10-54 years,1,Number,2023,173411.81526292444,191102.4231352436,157113.15505321897
1,All Population,50,Live births,25348,Oyo,3,Both,215,35-54 years,1,Number,2023,30139.137865149183,35866.42819114369,24762.147955186865
1,All Population,50,Live births,25348,Oyo,3,Both,218,40-54 years,1,Number,2023,10200.822616307543,12536.273824875054,8103.154745578042
1,All Population,50,Live births,25349,Plateau,3,Both,7,10-14 years,1,Number,2023,5464.373274521566,11197.658806812886,2472.5202595121136
1,All Population,50,Live births,25349,Plateau,3,Both,8,15-19 years,1,Number,2023,40689.40761716005,50010.973155547625,33070.79053891191
1,All Population,50,Live births,25349,Plateau,3,Both,9,20-24 years,1,Number,2023,127856.41633835496,150939.78694849627,107291.54172034039
1,All Population,50,Live births,25349,Plateau,3,Both,10,25-29 years,1,Number,2023,110031.47930219087,117245.18391112413,103131.15552401802
1,All Population,50,Live births,25349,Plateau,3,Both,11,30-34 years,1,Number,2023,85367.39690167065,95545.93610083865,75021.93300106362
1,All Population,50,Live births,25349,Plateau,3,Both,12,35-39 years,1,Number,2023,48593.363806630645,56018.842833504685,41439.02409006105
1,All Population,50,Live births,25349,Plateau,3,Both,13,40-44 years,1,Number,2023,20449.151693570628,24421.037964338688,16747.39131608616
1,All Population,50,Live births,25349,Plateau,3,Both,14,45-49 years,1,Number,2023,10972.120754255362,12989.383977940279,9010.958651957611
1,All Population,50,Live births,25349,Plateau,3,Both,15,50-54 years,1,Number,2023,828.2863226168182,847.9171793805688,808.2678972153965
1,All Population,50,Live births,25349,Plateau,3,Both,162,10-19 years,1,Number,2023,46153.78089168162,56167.97550798767,37705.478570381274
1,All Population,50,Live births,25349,Plateau,3,Both,169,10-54 years,1,Number,2023,450251.99601097155,495134.63490170566,410061.51909355866
1,All Population,50,Live births,25349,Plateau,3,Both,215,35-54 years,1,Number,2023,80842.92257707345,94325.4313850097,68256.3573166068
1,All Population,50,Live births,25349,Plateau,3,Both,218,40-54 years,1,Number,2023,32249.558770442807,38118.91414797407,26724.919382032065
1,All Population,50,Live births,25350,Rivers,3,Both,7,10-14 years,1,Number,2023,506.4844037036728,1023.3896602211003,231.966139928917
1,All Population,50,Live births,25350,Rivers,3,Both,8,15-19 years,1,Number,2023,4313.493198068026,5341.4099319928755,3476.9065802504692
1,All Population,50,Live births,25350,Rivers,3,Both,9,20-24 years,1,Number,2023,22181.568027612815,27006.479265594055,18178.45055603543
1,All Population,50,Live births,25350,Rivers,3,Both,10,25-29 years,1,Number,2023,26747.490031544516,28718.27962622866,24858.64014590362
1,All Population,50,Live births,25350,Rivers,3,Both,11,30-34 years,1,Number,2023,21489.73300059586,24530.151286079476,18553.09750751661
1,All Population,50,Live births,25350,Rivers,3,Both,12,35-39 years,1,Number,2023,9356.429916528296,11182.904889902544,7613.480279073391
1,All Population,50,Live births,25350,Rivers,3,Both,13,40-44 years,1,Number,2023,3654.138245841672,4594.17272056803,2828.6599570914886
1,All Population,50,Live births,25350,Rivers,3,Both,14,45-49 years,1,Number,2023,1623.2445373601659,2130.592088485518,1176.241323226119
1,All Population,50,Live births,25350,Rivers,3,Both,15,50-54 years,1,Number,2023,131.56184591762744,134.6971541460264,128.374613557958
1,All Population,50,Live births,25350,Rivers,3,Both,162,10-19 years,1,Number,2023,4819.977601771699,5925.416475505358,3934.621835826839
1,All Population,50,Live births,94215,Organization of Islamic Cooperation,3,Both,7,10-14 years,1,Number,2023,236739.7611396992,492118.37172175624,105694.84109587844
1,All Population,50,Live births,94215,Organization of Islamic Cooperation,3,Both,8,15-19 years,1,Number,2023,5057659.771848252,5681750.83746084,4536642.439731732
1,All Population,50,Live births,94215,Organization of Islamic Cooperation,3,Both,9,20-24 years,1,Number,2023,12613929.79374382,13997052.83683495,11371373.24083145
1,All Population,50,Live births,94215,Organization of Islamic Cooperation,3,Both,10,25-29 years,1,Number,2023,13000093.636860335,13713592.09949105,12347158.939833462
1,All Population,50,Live births,94215,Organization of Islamic Cooperation,3,Both,11,30-34 years,1,Number,2023,9810697.810399134,10567275.987850001,9141098.635841746
1,All Population,50,Live births,94215,Organization of Islamic Cooperation,3,Both,12,35-39 years,1,Number,2023,5378549.472380012,5920429.182356729,4916595.878421263
1,All Population,50,Live births,94215,Organization of Islamic Cooperation,3,Both,13,40-44 years,1,Number,2023,1837305.7160601413,2063213.2118345918,1645499.6796411362
1,All Population,50,Live births,94215,Organization of Islamic Cooperation,3,Both,14,45-49 years,1,Number,2023,429752.74977881514,508224.8110112159,360506.7788167763
1,All Population,50,Live births,94215,Organization of Islamic Cooperation,3,Both,15,50-54 years,1,Number,2023,32031.76610990107,32794.37013866628,31260.192551396554
1,All Population,50,Live births,94215,Organization of Islamic Cooperation,3,Both,162,10-19 years,1,Number,2023,5294399.532987951,5924585.321306818,4724844.621339493
1,All Population,50,Live births,94215,Organization of Islamic Cooperation,3,Both,169,10-54 years,1,Number,2023,48396760.47832011,52437578.836334415,44836148.102793485
1,All Population,50,Live births,94215,Organization of Islamic Cooperation,3,Both,215,35-54 years,1,Number,2023,7677639.7043288695,8494572.815421447,6976946.70019572
1,All Population,50,Live births,94215,Organization of Islamic Cooperation,3,Both,218,40-54 years,1,Number,2023,2299090.2319488577,2595256.3239118834,2044932.4690781708
1,All Population,50,Live births,94366,Sahel Region,3,Both,7,10-14 years,1,Number,2023,151176.7263306881,315208.4904637415,67068.17414394977
1,All Population,50,Live births,94366,Sahel Region,3,Both,8,15-19 years,1,Number,2023,2283741.5248139473,2562884.966323912,2040878.0603130644
1,All Population,50,Live births,94366,Sahel Region,3,Both,9,20-24 years,1,Number,2023,4256951.712392372,4649310.92735298,3890899.790765127
1,All Population,50,Live births,94366,Sahel Region,3,Both,10,25-29 years,1,Number,2023,3651874.4635455096,3794431.0661247442,3516065.894882014
1,All Population,50,Live births,94366,Sahel Region,3,Both,11,30-34 years,1,Number,2023,2703086.1432829346,2843625.790820275,2564839.0780044296
1,All Population,50,Live births,94366,Sahel Region,3,Both,12,35-39 years,1,Number,2023,1588054.822412508,1712379.2443851312,1469305.9627258875
1,All Population,50,Live births,94366,Sahel Region,3,Both,13,40-44 years,1,Number,2023,650609.7534197016,715968.0407874723,587606.6140494717
1,All Population,50,Live births,94366,Sahel Region,3,Both,14,45-49 years,1,Number,2023,206808.8100764476,238797.9745282951,176146.61506933643
1,All Population,50,Live births,94366,Sahel Region,3,Both,15,50-54 years,1,Number,2023,15048.267217730117,15406.305352173034,14685.602892122512
1,All Population,50,Live births,94366,Sahel Region,3,Both,162,10-19 years,1,Number,2023,2434918.2511446355,2739207.0392770604,2168995.746729679
1,All Population,50,Live births,94366,Sahel Region,3,Both,169,10-54 years,1,Number,2023,15507352.22349184,16527314.333431179,14557950.761684688
1,All Population,50,Live births,94366,Sahel Region,3,Both,215,35-54 years,1,Number,2023,2460521.6531263874,2681461.0496336757,2250469.2149171145
1,All Population,50,Live births,94366,Sahel Region,3,Both,218,40-54 years,1,Number,2023,872466.8307138793,967979.7770352783,780130.1377837042
