population_group_id,population_group_name,measure_id,measure_name,location_id,location_name,sex_id,sex_name,age_id,age_name,metric_id,metric_name,year,val,upper,lower
1,All Population,44,Population,166,Sub-Saharan Africa,3,Both,1,<5 years,1,Number,2023,181794170.433223,189855635.4384654,174122615.91844428
1,All Population,44,Population,166,Sub-Saharan Africa,3,Both,22,All ages,1,Number,2023,1206793204.512898,1258647555.6098611,1157125616.9743133
1,All Population,44,Population,167,Central Sub-Saharan Africa,3,Both,22,All ages,1,Number,2023,146550327.73902842,176303694.49811053,115974798.15707856
1,All Population,44,Population,167,Central Sub-Saharan Africa,3,Both,28,<1 year,1,Number,2023,4735390.306363422,5694214.133367404,3748969.3344205366
1,All Population,44,Population,187,Somalia,3,Both,238,12-23 months,1,Number,2023,853839.125733772,1086801.3194401097,606025.4259009091
1,All Population,44,Population,187,Somalia,3,Both,388,1-5 months,1,Number,2023,384389.62731087033,489266.82035276334,272826.43835601886
1,All Population,44,Population,187,Somalia,3,Both,389,6-11 months,1,Number,2023,439001.2376583555,558778.7089434743,311587.8670871362
1,All Population,44,Population,189,United Republic of Tanzania,3,Both,1,<5 years,1,Number,2023,9874343.113827927,10649569.697724948,9126993.499515504
1,All Population,44,Population,94215,Organization of Islamic Cooperation,3,Both,238,12-23 months,1,Number,2023,47280874.24315501,48687892.981722094,45920028.22457114
1,All Population,44,Population,189,United Republic of Tanzania,3,Both,22,All ages,1,Number,2023,65422006.74644195,70558234.86988123,60470476.20452381
1,All Population,44,Population,189,United Republic of Tanzania,3,Both,28,<1 year,1,Number,2023,2006881.9553660264,2164440.6126466575,1854989.0711484426
1,All Population,44,Population,189,United Republic of Tanzania,3,Both,34,2-4 years,1,Number,2023,5882075.513199887,6343872.440221449,5436884.697418896
1,All Population,44,Population,190,Uganda,3,Both,34,2-4 years,1,Number,2023,4415115.454656216,4974116.911495468,3876710.7000263007
1,All Population,44,Population,190,Uganda,3,Both,42,<28 days,1,Number,2023,121756.98588183222,137172.7396004629,106909.23370378859
1,All Population,44,Population,190,Uganda,3,Both,50,2,1,Number,2023,1499739.7412782442,1689623.0430546727,1316852.7894636353
1,All Population,44,Population,190,Uganda,3,Both,51,3,1,Number,2023,1472304.9360580733,1658714.6942219555,1292763.5433176465
1,All Population,44,Population,190,Uganda,3,Both,52,4,1,Number,2023,1443070.7773198986,1625779.174218839,1267094.3672450187
1,All Population,44,Population,190,Uganda,3,Both,53,5,1,Number,2023,1412202.4426685956,1591002.5739247694,1239990.2961366412
1,All Population,44,Population,167,Central Sub-Saharan Africa,3,Both,34,2-4 years,1,Number,2023,13565034.12617442,16299773.519786239,10743910.621493557
1,All Population,44,Population,167,Central Sub-Saharan Africa,3,Both,42,<28 days,1,Number,2023,370204.6535255934,445116.5951644109,293116.8805671966
1,All Population,44,Population,167,Central Sub-Saharan Africa,3,Both,50,2,1,Number,2023,4579549.322826733,5505266.857102708,3626036.528355478
1,All Population,44,Population,167,Central Sub-Saharan Africa,3,Both,51,3,1,Number,2023,4522284.500057757,5434398.841967273,3581336.3215201963
1,All Population,44,Population,167,Central Sub-Saharan Africa,3,Both,52,4,1,Number,2023,4463200.30328993,5360107.820716258,3537218.131838505
1,All Population,44,Population,167,Central Sub-Saharan Africa,3,Both,53,5,1,Number,2023,4405431.390871239,5286646.383433658,3495320.8906335207
1,All Population,44,Population,192,Southern Sub-Saharan Africa,3,Both,238,12-23 months,1,Number,2023,1670519.666493943,1756110.5350072342,1591667.6767673884
1,All Population,44,Population,192,Southern Sub-Saharan Africa,3,Both,388,1-5 months,1,Number,2023,713235.216381986,749818.9958109964,679703.1101788756
1,All Population,44,Population,192,Southern Sub-Saharan Africa,3,Both,389,6-11 months,1,Number,2023,833665.6844812424,876449.7571693851,794408.641379415
1,All Population,44,Population,193,Botswana,3,Both,1,<5 years,1,Number,2023,250631.51595206326,268505.7329630717,231778.2225390081
1,All Population,44,Population,169,Central African Republic,3,Both,238,12-23 months,1,Number,2023,251142.10835179742,298936.96557925554,204549.63305711152
1,All Population,44,Population,169,Central African Republic,3,Both,388,1-5 months,1,Number,2023,114200.23232061628,135933.67970993512,93013.53631823871
1,All Population,44,Population,169,Central African Republic,3,Both,389,6-11 months,1,Number,2023,130519.61192749708,155358.8006179082,106305.30619392663
1,All Population,44,Population,170,Congo,3,Both,1,<5 years,1,Number,2023,770025.1960850568,824823.6620485139,714873.4045781518
1,All Population,44,Population,171,Democratic Republic of the Congo,3,Both,22,All ages,1,Number,2023,94250310.7963854,124132822.58423468,63078595.64309692
1,All Population,44,Population,194,Lesotho,3,Both,22,All ages,1,Number,2023,1919025.119449959,2143060.1976062744,1715214.9635840098
1,All Population,44,Population,194,Lesotho,3,Both,28,<1 year,1,Number,2023,40270.48256551165,44971.82837777639,35993.554011899796
1,All Population,44,Population,194,Lesotho,3,Both,34,2-4 years,1,Number,2023,122296.37798951645,136573.7724453893,109307.88523490955
1,All Population,44,Population,194,Lesotho,3,Both,42,<28 days,1,Number,2023,3147.6950156447665,3515.1701944190518,2813.3939138744513
1,All Population,44,Population,194,Lesotho,3,Both,50,2,1,Number,2023,40552.92233394241,45287.24135481893,36245.99725102869
1,All Population,44,Population,194,Lesotho,3,Both,51,3,1,Number,2023,40795.55034864959,45558.19478626344,36462.85694566869
1,All Population,44,Population,194,Lesotho,3,Both,52,4,1,Number,2023,40947.90530692444,45728.33630430693,36599.03103821219
1,All Population,44,Population,194,Lesotho,3,Both,53,5,1,Number,2023,41006.68797453922,45793.98150821675,36651.57068976252
1,All Population,44,Population,171,Democratic Republic of the Congo,3,Both,28,<1 year,1,Number,2023,3018667.502534525,3975750.470918168,2020293.6750489208
1,All Population,44,Population,171,Democratic Republic of the Congo,3,Both,34,2-4 years,1,Number,2023,8633232.616729327,11370440.30609169,5777935.210207809
1,All Population,44,Population,171,Democratic Republic of the Congo,3,Both,42,<28 days,1,Number,2023,235781.88476819076,310537.6589551655,157800.96684657675
1,All Population,44,Population,171,Democratic Republic of the Congo,3,Both,50,2,1,Number,2023,2918902.9673015643,3844355.112668095,1953524.5925460889
1,All Population,44,Population,171,Democratic Republic of the Congo,3,Both,51,3,1,Number,2023,2879127.2495076978,3791968.3133212645,1926904.028667487
1,All Population,44,Population,171,Democratic Republic of the Congo,3,Both,52,4,1,Number,2023,2835202.399920064,3734116.88010233,1897506.588994233
1,All Population,44,Population,171,Democratic Republic of the Congo,3,Both,53,5,1,Number,2023,2789668.0654432285,3674145.6671127486,1867031.9746606322
1,All Population,44,Population,166,Sub-Saharan Africa,3,Both,238,12-23 months,1,Number,2023,36949122.241705656,38592265.52626767,35391289.617617495
1,All Population,44,Population,166,Sub-Saharan Africa,3,Both,388,1-5 months,1,Number,2023,16222898.179191625,16943578.551880646,15539325.745556561
1,All Population,44,Population,166,Sub-Saharan Africa,3,Both,389,6-11 months,1,Number,2023,18766742.674313936,19600894.939540263,17975125.67516182
1,All Population,44,Population,167,Central Sub-Saharan Africa,3,Both,1,<5 years,1,Number,2023,22933822.40291879,27564860.18359157,18163621.93593658
1,All Population,44,Population,25318,Abia,3,Both,22,All ages,1,Number,2023,5414750.364959506,6368637.130718351,4452450.650553751
1,All Population,44,Population,25318,Abia,3,Both,28,<1 year,1,Number,2023,145332.63469481157,170943.96383303043,119310.72213927709
1,All Population,44,Population,25318,Abia,3,Both,34,2-4 years,1,Number,2023,418396.25950797595,492297.23841975525,343242.8896858726
1,All Population,44,Population,25318,Abia,3,Both,42,<28 days,1,Number,2023,11345.997665582474,13345.781088971866,9314.859285380424
1,All Population,44,Population,25318,Abia,3,Both,50,2,1,Number,2023,140651.9735055462,165473.61760384534,115413.42213955613
1,All Population,44,Population,25318,Abia,3,Both,51,3,1,Number,2023,139440.75521903834,164070.55592960474,114393.1190943868
1,All Population,44,Population,25318,Abia,3,Both,52,4,1,Number,2023,138303.5307833914,162733.60472016947,113436.34845192963
1,All Population,44,Population,25318,Abia,3,Both,53,5,1,Number,2023,137216.10225001,161450.41778593857,112526.34548665001
1,All Population,44,Population,435,South Sudan,3,Both,28,<1 year,1,Number,2023,295600.8758065878,342278.93042191555,248834.97589739368
1,All Population,44,Population,435,South Sudan,3,Both,34,2-4 years,1,Number,2023,816666.5334670221,945625.5730763173,687464.8006944288
1,All Population,44,Population,435,South Sudan,3,Both,42,<28 days,1,Number,2023,23119.822338159003,26770.651608716966,19462.122426294947
1,All Population,44,Population,435,South Sudan,3,Both,50,2,1,Number,2023,280014.7333326941,324231.59493682557,235714.65825204845
1,All Population,44,Population,435,South Sudan,3,Both,51,3,1,Number,2023,275364.4760473148,318847.01992336113,231800.10063659283
1,All Population,44,Population,435,South Sudan,3,Both,52,4,1,Number,2023,261287.32408701326,302546.9582161305,219950.04180578768
1,All Population,44,Population,435,South Sudan,3,Both,53,5,1,Number,2023,251733.06083136782,291483.99028956913,211907.32251258963
1,All Population,44,Population,196,South Africa,3,Both,238,12-23 months,1,Number,2023,1044962.3675818207,1122565.7638454705,972060.3279275699
1,All Population,44,Population,196,South Africa,3,Both,388,1-5 months,1,Number,2023,444641.17947083997,477662.1443554059,413620.68542883045
1,All Population,44,Population,196,South Africa,3,Both,389,6-11 months,1,Number,2023,520507.1550975311,559162.2533749682,484193.853835732
1,All Population,44,Population,197,Eswatini,3,Both,1,<5 years,1,Number,2023,133770.41574481313,147896.8013571218,119463.99781176122
1,All Population,44,Population,197,Eswatini,3,Both,389,6-11 months,1,Number,2023,13443.876989671022,14863.573485515246,12006.08731260462
1,All Population,44,Population,198,Zimbabwe,3,Both,1,<5 years,1,Number,2023,2198137.360514764,2362974.315480807,2046325.146598408
1,All Population,44,Population,174,Eastern Sub-Saharan Africa,3,Both,238,12-23 months,1,Number,2023,13569489.951038677,14246073.564285174,12891709.825723084
1,All Population,44,Population,174,Eastern Sub-Saharan Africa,3,Both,388,1-5 months,1,Number,2023,5939779.143759049,6238924.536839811,5640261.754662634
1,All Population,44,Population,174,Eastern Sub-Saharan Africa,3,Both,389,6-11 months,1,Number,2023,6885162.607806719,7230404.596479568,6538488.278284763
1,All Population,44,Population,175,Burundi,3,Both,1,<5 years,1,Number,2023,2327164.912693106,2718927.6735777343,1960234.7984970573
1,All Population,44,Population,175,Burundi,3,Both,22,All ages,1,Number,2023,14274745.24247502,16677803.8210117,12024009.218838684
1,All Population,44,Population,198,Zimbabwe,3,Both,22,All ages,1,Number,2023,15934617.070484016,17129544.10444945,14834108.276614532
1,All Population,44,Population,198,Zimbabwe,3,Both,28,<1 year,1,Number,2023,449856.3410113082,483590.7885287757,418787.45136864966
1,All Population,44,Population,198,Zimbabwe,3,Both,34,2-4 years,1,Number,2023,1305021.869106746,1402884.6482632193,1214891.805937281
1,All Population,44,Population,198,Zimbabwe,3,Both,42,<28 days,1,Number,2023,34959.6427841916,37581.24467621223,32545.18913624022
1,All Population,44,Population,198,Zimbabwe,3,Both,50,2,1,Number,2023,439177.2830491545,472110.9146449203,408845.9321340102
1,All Population,44,Population,198,Zimbabwe,3,Both,51,3,1,Number,2023,435049.01028839446,467673.0652747197,405002.7745069626
1,All Population,44,Population,198,Zimbabwe,3,Both,52,4,1,Number,2023,430795.575769197,463100.66834357916,401043.09929630836
1,All Population,44,Population,198,Zimbabwe,3,Both,53,5,1,Number,2023,426775.94838483457,458779.6115990509,397301.0835586521
1,All Population,44,Population,175,Burundi,3,Both,28,<1 year,1,Number,2023,486825.9800347254,568779.9012925266,410066.86791790306
1,All Population,44,Population,175,Burundi,3,Both,34,2-4 years,1,Number,2023,1367287.3453461449,1597461.0912692633,1151703.6112367804
1,All Population,44,Population,175,Burundi,3,Both,42,<28 days,1,Number,2023,38190.86946037933,44620.04875007057,32169.216239367837
1,All Population,44,Population,175,Burundi,3,Both,50,2,1,Number,2023,463334.89492875064,541334.247987669,390279.6829925775
1,All Population,44,Population,175,Burundi,3,Both,51,3,1,Number,2023,456871.42619088164,533782.697204635,384835.32609725697
1,All Population,44,Population,175,Burundi,3,Both,52,4,1,Number,2023,447081.02422651264,522344.14607695956,376588.60214694584
1,All Population,44,Population,176,Comoros,3,Both,42,<28 days,1,Number,2023,1709.751095906863,1898.7234727926063,1528.4700194348568
1,All Population,44,Population,176,Comoros,3,Both,50,2,1,Number,2023,21249.00160180534,23597.574062881788,18996.017589364914
1,All Population,44,Population,176,Comoros,3,Both,51,3,1,Number,2023,21065.53203195807,23393.82628950931,18832.000886780836
1,All Population,44,Population,176,Comoros,3,Both,52,4,1,Number,2023,20975.236059299983,23293.55024161263,18751.27879371477
1,All Population,44,Population,176,Comoros,3,Both,53,5,1,Number,2023,20974.161587745308,23292.3570127464,18750.318245970724
1,All Population,44,Population,479,WHO region,3,Both,238,12-23 months,1,Number,2023,125230545.31441496,128950760.96025565,121481037.49112198
1,All Population,44,Population,479,WHO region,3,Both,388,1-5 months,1,Number,2023,52775972.54474768,54338441.127789035,51187779.07123694
1,All Population,44,Population,479,WHO region,3,Both,389,6-11 months,1,Number,2023,61907657.21187119,63746935.63762961,60054406.53005282
1,All Population,44,Population,201,Burkina Faso,3,Both,238,12-23 months,1,Number,2023,922953.0209322014,1006777.6999289929,829426.6466476544
1,All Population,44,Population,201,Burkina Faso,3,Both,388,1-5 months,1,Number,2023,414292.69851525646,451919.69758903375,372310.8282510936
1,All Population,44,Population,201,Burkina Faso,3,Both,389,6-11 months,1,Number,2023,477728.4361908089,521116.8123086821,429318.37899805495
1,All Population,44,Population,202,Cameroon,3,Both,1,<5 years,1,Number,2023,5135557.832965308,6038913.225761314,4215512.725905356
1,All Population,44,Population,178,Eritrea,3,Both,238,12-23 months,1,Number,2023,199214.15453405576,260893.27554755067,140099.4914525176
1,All Population,44,Population,178,Eritrea,3,Both,388,1-5 months,1,Number,2023,86457.41931896376,113225.6860676863,60802.10769768986
1,All Population,44,Population,178,Eritrea,3,Both,389,6-11 months,1,Number,2023,100495.52083241474,131610.154254093,70674.55319531682
1,All Population,44,Population,179,Ethiopia,3,Both,1,<5 years,1,Number,2023,16402035.087166872,19065332.777950116,13670103.124002865
1,All Population,44,Population,202,Cameroon,3,Both,22,All ages,1,Number,2023,33880233.69897347,39839837.85817436,27810524.37923833
1,All Population,44,Population,202,Cameroon,3,Both,28,<1 year,1,Number,2023,1057241.763572527,1243212.8069676207,867834.8591637242
1,All Population,44,Population,203,Cabo Verde,3,Both,28,<1 year,1,Number,2023,6825.084441973695,7391.367098932413,6278.0066894449465
1,All Population,44,Population,203,Cabo Verde,3,Both,34,2-4 years,1,Number,2023,23913.846176602972,25897.996917318596,21996.985904493155
1,All Population,44,Population,203,Cabo Verde,3,Both,42,<28 days,1,Number,2023,513.0192706940098,555.5848855445737,471.89722568469494
1,All Population,44,Population,203,Cabo Verde,3,Both,50,2,1,Number,2023,7543.978398610166,8169.908256024319,6939.27632019257
1,All Population,44,Population,180,Kenya,3,Both,22,All ages,1,Number,2023,52115471.026424885,56881122.23589823,47317951.419563
1,All Population,44,Population,180,Kenya,3,Both,28,<1 year,1,Number,2023,1163978.9036252887,1270417.8815451215,1056828.1573663803
1,All Population,44,Population,180,Kenya,3,Both,34,2-4 years,1,Number,2023,3608177.8501572167,3938124.3477505688,3276024.9665653757
1,All Population,44,Population,180,Kenya,3,Both,42,<28 days,1,Number,2023,89589.34875146254,97781.76416716231,81342.14981540765
1,All Population,44,Population,180,Kenya,3,Both,50,2,1,Number,2023,1187599.6826871105,1296198.6409752988,1078274.5120500557
1,All Population,44,Population,180,Kenya,3,Both,51,3,1,Number,2023,1203255.6882514614,1313286.2955372273,1092489.295033457
1,All Population,44,Population,180,Kenya,3,Both,52,4,1,Number,2023,1217322.4792186448,1328639.4112380429,1105261.1594818628
1,All Population,44,Population,180,Kenya,3,Both,53,5,1,Number,2023,1229311.9203324306,1341725.2157429578,1116146.9057103135
1,All Population,44,Population,203,Cabo Verde,3,Both,51,3,1,Number,2023,7975.579312255981,8637.319439008643,7336.281433620208
1,All Population,44,Population,203,Cabo Verde,3,Both,52,4,1,Number,2023,8394.288465736827,9090.769222285639,7721.428150680374
1,All Population,44,Population,203,Cabo Verde,3,Both,53,5,1,Number,2023,8760.823797469127,9487.71628053756,8058.5831388855995
1,All Population,44,Population,205,Côte d'Ivoire,3,Both,238,12-23 months,1,Number,2023,1027264.124746651,1110636.4617420568,942013.9148083434
1,All Population,44,Population,205,Côte d'Ivoire,3,Both,388,1-5 months,1,Number,2023,460638.7910865405,498024.04732051515,422411.4718413165
1,All Population,44,Population,182,Malawi,3,Both,238,12-23 months,1,Number,2023,590155.6314169228,648572.1901561902,527276.7377222996
1,All Population,44,Population,182,Malawi,3,Both,388,1-5 months,1,Number,2023,256211.76304256488,281572.8859543848,228913.34995619708
1,All Population,44,Population,182,Malawi,3,Both,389,6-11 months,1,Number,2023,298003.5368988695,327501.4187982017,266252.36530995026
1,All Population,44,Population,205,Côte d'Ivoire,3,Both,389,6-11 months,1,Number,2023,528818.8694918072,571737.5930554027,484933.4474688844
1,All Population,44,Population,206,Gambia,3,Both,1,<5 years,1,Number,2023,363144.7368305754,411546.6870153972,315718.32478292746
1,All Population,44,Population,207,Ghana,3,Both,22,All ages,1,Number,2023,33264212.69922178,35980414.92790197,30451079.86023608
1,All Population,44,Population,207,Ghana,3,Both,28,<1 year,1,Number,2023,878837.8676924353,950599.7156717974,804515.120657824
1,All Population,44,Population,207,Ghana,3,Both,34,2-4 years,1,Number,2023,2545786.304608252,2753663.475694347,2330490.81214343
1,All Population,44,Population,184,Mozambique,3,Both,22,All ages,1,Number,2023,33305510.75386727,36784461.420618296,29745743.62985297
1,All Population,44,Population,184,Mozambique,3,Both,28,<1 year,1,Number,2023,1160958.7204950806,1282227.4842316585,1036872.868273876
1,All Population,44,Population,184,Mozambique,3,Both,34,2-4 years,1,Number,2023,3303176.9137413152,3648212.593013179,2950126.012668613
1,All Population,44,Population,184,Mozambique,3,Both,42,<28 days,1,Number,2023,90807.98833654831,100293.4009430213,81102.22841389693
1,All Population,44,Population,184,Mozambique,3,Both,50,2,1,Number,2023,1116129.4434867466,1232715.5334072504,996835.0441775522
1,All Population,44,Population,184,Mozambique,3,Both,51,3,1,Number,2023,1100993.923696681,1215999.0221994459,983317.2424327588
1,All Population,44,Population,184,Mozambique,3,Both,52,4,1,Number,2023,1086053.5465578875,1199498.0374064825,969973.7260583022
1,All Population,44,Population,184,Mozambique,3,Both,53,5,1,Number,2023,1070682.5147390931,1182521.4135945244,956245.5843346363
1,All Population,44,Population,94215,Organization of Islamic Cooperation,3,Both,388,1-5 months,1,Number,2023,20319154.837020043,20930905.922290366,19728676.426297706
1,All Population,44,Population,94215,Organization of Islamic Cooperation,3,Both,389,6-11 months,1,Number,2023,23658176.32905772,24370650.76907551,22973038.9188019
1,All Population,44,Population,166,Sub-Saharan Africa,3,Both,28,<1 year,1,Number,2023,37960386.43347257,39647086.85232903,36360258.9541928
1,All Population,44,Population,166,Sub-Saharan Africa,3,Both,34,2-4 years,1,Number,2023,106884661.7580448,111615026.55553883,102378901.12303953
1,All Population,44,Population,166,Sub-Saharan Africa,3,Both,42,<28 days,1,Number,2023,2970745.5799670066,3102711.004603086,2845811.999247909
1,All Population,44,Population,166,Sub-Saharan Africa,3,Both,50,2,1,Number,2023,36260127.43885644,37867600.68742996,34733791.195617124
1,All Population,44,Population,166,Sub-Saharan Africa,3,Both,51,3,1,Number,2023,35631330.66015573,37208135.56482331,34129515.39367429
1,All Population,44,Population,166,Sub-Saharan Africa,3,Both,52,4,1,Number,2023,34993203.659032635,36541765.80155139,33515594.53374812
1,All Population,44,Population,166,Sub-Saharan Africa,3,Both,53,5,1,Number,2023,34357262.92179493,35877429.4773772,32905183.836308934
1,All Population,44,Population,25318,Abia,3,Both,238,12-23 months,1,Number,2023,142311.48381079003,167403.77803353846,116804.050956718
1,All Population,44,Population,25318,Abia,3,Both,388,1-5 months,1,Number,2023,62103.36611143962,73050.06077181624,50985.137001788404
1,All Population,44,Population,25318,Abia,3,Both,389,6-11 months,1,Number,2023,71883.27091778947,84547.70064380641,59010.72585210828
1,All Population,44,Population,25319,Adamawa,3,Both,1,<5 years,1,Number,2023,562824.8543133539,672754.2404493383,470983.42891437124
1,All Population,44,Population,25319,Adamawa,3,Both,389,6-11 months,1,Number,2023,56796.96057493932,67896.19359358013,47539.100853622505
1,All Population,44,Population,25320,Akwa Ibom,3,Both,1,<5 years,1,Number,2023,286960.48071172077,341870.0591003286,233456.04828360153
1,All Population,44,Population,25320,Akwa Ibom,3,Both,22,All ages,1,Number,2023,2449494.312236475,2921072.280058622,1996776.0825928387
1,All Population,44,Population,94215,Organization of Islamic Cooperation,3,Both,1,<5 years,1,Number,2023,236534733.06689048,243500457.33621457,229801308.70001233
1,All Population,44,Population,44584,OECD Countries,3,Both,1,<5 years,1,Number,2023,71507262.1701684,73492456.83125687,69512706.58127171
1,All Population,44,Population,44584,OECD Countries,3,Both,22,All ages,1,Number,2023,1392289645.2282043,1429218849.0795844,1355198652.7594767
1,All Population,44,Population,44584,OECD Countries,3,Both,28,<1 year,1,Number,2023,13678542.274202442,14060382.952731337,13288131.95817222
1,All Population,44,Population,44584,OECD Countries,3,Both,34,2-4 years,1,Number,2023,43884842.410784535,45099739.03840709,42673559.907319546
1,All Population,44,Population,44584,OECD Countries,3,Both,42,<28 days,1,Number,2023,1045541.7679093418,1074719.4716609595,1015594.9278142103
1,All Population,44,Population,44584,OECD Countries,3,Both,50,2,1,Number,2023,14267467.894924324,14663493.987327108,13869418.96501231
1,All Population,44,Population,44584,OECD Countries,3,Both,51,3,1,Number,2023,14597684.022771379,15001577.205578895,14195081.143624164
1,All Population,44,Population,44584,OECD Countries,3,Both,52,4,1,Number,2023,15019690.493088834,15434667.845501082,14606968.280982051
1,All Population,44,Population,44584,OECD Countries,3,Both,53,5,1,Number,2023,15469160.803549882,15896721.747289728,15045173.291504832
1,All Population,44,Population,207,Ghana,3,Both,42,<28 days,1,Number,2023,67858.98000418078,73400.03141549618,62120.19018835264
1,All Population,44,Population,207,Ghana,3,Both,50,2,1,Number,2023,859582.5674943934,929772.1164452247,786888.2286773892
1,All Population,44,Population,207,Ghana,3,Both,51,3,1,Number,2023,849761.2492296038,919148.8346167516,777897.4929122557
1,All Population,44,Population,207,Ghana,3,Both,52,4,1,Number,2023,836442.4878842548,904742.5246323708,765705.0905537853
1,All Population,44,Population,207,Ghana,3,Both,53,5,1,Number,2023,820220.6294104349,887196.0639941068,750855.1041033533
1,All Population,44,Population,478,World Bank Regions,3,Both,238,12-23 months,1,Number,2023,125524924.37029073,129238521.62493579,121779797.6531936
1,All Population,44,Population,478,World Bank Regions,3,Both,388,1-5 months,1,Number,2023,52896600.36170737,54456458.45239374,51304555.57290082
1,All Population,44,Population,478,World Bank Regions,3,Both,389,6-11 months,1,Number,2023,62051045.02132961,63887193.37437043,60193240.03818509
1,All Population,44,Population,479,WHO region,3,Both,1,<5 years,1,Number,2023,641014656.7503566,660041398.3632629,621917700.3751975
1,All Population,44,Population,435,South Sudan,3,Both,238,12-23 months,1,Number,2023,284846.8754357062,329826.7760273845,239782.32537399072
1,All Population,44,Population,435,South Sudan,3,Both,388,1-5 months,1,Number,2023,126295.68700515536,146238.91944525216,106314.92260001018
1,All Population,44,Population,435,South Sudan,3,Both,389,6-11 months,1,Number,2023,146185.36646327347,169269.3593679464,123057.93087108855
1,All Population,44,Population,478,World Bank Regions,3,Both,1,<5 years,1,Number,2023,642546305.5227542,661538875.1411239,623531620.9786763
1,All Population,44,Population,479,WHO region,3,Both,22,All ages,1,Number,2023,8027251596.849412,8281532997.238671,7765889654.699622
1,All Population,44,Population,479,WHO region,3,Both,28,<1 year,1,Number,2023,124260299.64680082,127945154.1609117,120529455.83451867
1,All Population,44,Population,479,WHO region,3,Both,34,2-4 years,1,Number,2023,391523811.78914076,403033380.0123102,379738137.07628673
1,All Population,44,Population,479,WHO region,3,Both,42,<28 days,1,Number,2023,9576669.890181947,9859629.822006961,9287319.951355042
1,All Population,44,Population,479,WHO region,3,Both,50,2,1,Number,2023,127364547.00241728,131150313.65727639,123539368.00881962
1,All Population,44,Population,479,WHO region,3,Both,51,3,1,Number,2023,130325277.47329976,134161590.02843106,126401061.37674211
1,All Population,44,Population,479,WHO region,3,Both,52,4,1,Number,2023,133833987.31342375,137776335.98101833,129805768.93299618
1,All Population,44,Population,479,WHO region,3,Both,53,5,1,Number,2023,137305376.7477929,141341472.83369166,133145869.64948285
1,All Population,44,Population,209,Guinea-Bissau,3,Both,238,12-23 months,1,Number,2023,67710.18695675384,78343.68486029116,57304.54101595238
1,All Population,44,Population,209,Guinea-Bissau,3,Both,388,1-5 months,1,Number,2023,29508.177594098655,34142.26824849992,24973.3850879342
1,All Population,44,Population,209,Guinea-Bissau,3,Both,389,6-11 months,1,Number,2023,34323.38791343568,39713.679829967026,29048.597838729336
1,All Population,44,Population,210,Liberia,3,Both,238,12-23 months,1,Number,2023,158908.1404822607,170302.4845425054,148094.1827728088
1,All Population,44,Population,210,Liberia,3,Both,388,1-5 months,1,Number,2023,71117.04488168759,76216.41912060691,66277.41417782434
1,All Population,44,Population,210,Liberia,3,Both,389,6-11 months,1,Number,2023,82604.4514119882,88527.51826960479,76983.08398882944
1,All Population,44,Population,211,Mali,3,Both,1,<5 years,1,Number,2023,4600201.221757102,4943819.247805354,4247591.895058411
1,All Population,44,Population,211,Mali,3,Both,22,All ages,1,Number,2023,24228276.15268567,26038038.818449654,22371158.22904726
1,All Population,44,Population,211,Mali,3,Both,28,<1 year,1,Number,2023,998805.0537878248,1073412.0990984426,922245.7989766076
1,All Population,44,Population,211,Mali,3,Both,34,2-4 years,1,Number,2023,2646255.176643567,2843920.6561268577,2443417.472132719
1,All Population,44,Population,211,Mali,3,Both,42,<28 days,1,Number,2023,79050.41698232669,84955.19091119041,72991.13545012836
1,All Population,44,Population,211,Mali,3,Both,50,2,1,Number,2023,917971.6829841429,986540.7743063528,847608.3746282823
1,All Population,44,Population,211,Mali,3,Both,51,3,1,Number,2023,881518.0133054627,947364.1502582072,813948.9096596703
1,All Population,44,Population,211,Mali,3,Both,52,4,1,Number,2023,846765.4803539618,910015.7315622976,781860.1878447663
1,All Population,44,Population,211,Mali,3,Both,53,5,1,Number,2023,814296.6141828345,875121.5611133964,751880.087813938
1,All Population,44,Population,94215,Organization of Islamic Cooperation,3,Both,22,All ages,1,Number,2023,2056516989.4435847,2112416673.6921706,2002526728.9211662
1,All Population,44,Population,94215,Organization of Islamic Cooperation,3,Both,28,<1 year,1,Number,2023,47683611.15505307,49115871.62350968,46300008.216568135
1,All Population,44,Population,94215,Organization of Islamic Cooperation,3,Both,34,2-4 years,1,Number,2023,141570247.6686824,145717289.41195258,137579551.2665126
1,All Population,44,Population,94215,Organization of Islamic Cooperation,3,Both,42,<28 days,1,Number,2023,3706279.9889753126,3817974.9693968357,3598292.8714685254
1,All Population,44,Population,94215,Organization of Islamic Cooperation,3,Both,50,2,1,Number,2023,47190941.41246704,48582715.40766873,45846603.207820386
1,All Population,44,Population,94215,Organization of Islamic Cooperation,3,Both,51,3,1,Number,2023,47182939.498842776,48565103.99509247,45850954.24016491
1,All Population,44,Population,94215,Organization of Islamic Cooperation,3,Both,52,4,1,Number,2023,47196366.75737257,48575567.92512364,45879519.19458465
1,All Population,44,Population,94215,Organization of Islamic Cooperation,3,Both,53,5,1,Number,2023,47195258.15681277,48569129.68703952,45883178.85328936
1,All Population,44,Population,44591,World Bank Income Levels,3,Both,238,12-23 months,1,Number,2023,125524924.37029073,129238521.62493573,121779797.65319361
1,All Population,44,Population,44591,World Bank Income Levels,3,Both,388,1-5 months,1,Number,2023,52896600.36170737,54456458.45239373,51304555.5729008
1,All Population,44,Population,44591,World Bank Income Levels,3,Both,389,6-11 months,1,Number,2023,62051045.02132961,63887193.37437045,60193240.03818508
1,All Population,44,Population,214,Nigeria,3,Both,238,12-23 months,1,Number,2023,7897235.532685672,8883766.093529176,6905750.3655963065
1,All Population,44,Population,214,Nigeria,3,Both,388,1-5 months,1,Number,2023,3471118.297161329,3904733.866341164,3035325.000810504
1,All Population,44,Population,214,Nigeria,3,Both,389,6-11 months,1,Number,2023,4010234.536196798,4511197.0451322235,3506756.0667080646
1,All Population,44,Population,215,Sao Tome and Principe,3,Both,1,<5 years,1,Number,2023,22214.632630054653,25298.255488563078,19214.32427164023
1,All Population,44,Population,215,Sao Tome and Principe,3,Both,22,All ages,1,Number,2023,222000.53755433974,252816.52913988387,192017.14419875297
1,All Population,44,Population,44584,OECD Countries,3,Both,238,12-23 months,1,Number,2023,13943877.485181423,14332302.552103868,13549738.163891697
1,All Population,44,Population,44584,OECD Countries,3,Both,388,1-5 months,1,Number,2023,5795751.007878296,5957488.362102804,5630087.034246744
1,All Population,44,Population,44584,OECD Countries,3,Both,389,6-11 months,1,Number,2023,6837249.498414804,7028174.964182537,6642449.996111267
1,All Population,44,Population,216,Senegal,3,Both,28,<1 year,1,Number,2023,547609.0072718839,585303.5738132986,508161.0139841441
1,All Population,44,Population,216,Senegal,3,Both,34,2-4 years,1,Number,2023,1615813.125006843,1727037.327951375,1499415.139467746
1,All Population,44,Population,216,Senegal,3,Both,42,<28 days,1,Number,2023,42704.42445428984,45643.97575426658,39628.13493593058
1,All Population,44,Population,216,Senegal,3,Both,50,2,1,Number,2023,543673.4642143899,581097.1283643403,504508.9748026894
1,All Population,44,Population,216,Senegal,3,Both,51,3,1,Number,2023,539279.0676065597,576400.24426426,500431.1364062607
1,All Population,44,Population,216,Senegal,3,Both,52,4,1,Number,2023,532860.5931858933,569539.9553227742,494475.0282587961
1,All Population,44,Population,216,Senegal,3,Both,53,5,1,Number,2023,523613.69759165414,559656.5513500208,485894.24931072246
1,All Population,44,Population,94366,Sahel Region,3,Both,238,12-23 months,1,Number,2023,14273036.432107832,15069729.182710182,13502646.532811243
1,All Population,44,Population,94366,Sahel Region,3,Both,388,1-5 months,1,Number,2023,6339315.824527676,6694096.330105795,5995862.369164137
1,All Population,44,Population,94366,Sahel Region,3,Both,389,6-11 months,1,Number,2023,7289717.279778053,7696752.53853134,6896366.68856873
1,All Population,44,Population,218,Togo,3,Both,238,12-23 months,1,Number,2023,228234.35946838296,245581.92607129778,211771.39156952736
1,All Population,44,Population,218,Togo,3,Both,388,1-5 months,1,Number,2023,97561.01636217214,104976.40391877401,90523.75920119387
1,All Population,44,Population,218,Togo,3,Both,389,6-11 months,1,Number,2023,114233.68778102807,122916.32659007418,105993.79988996984
1,All Population,44,Population,252,Micronesia,3,Both,238,12-23 months,1,Number,2023,8734.30748120836,9183.125378939358,8285.569214675268
1,All Population,44,Population,252,Micronesia,3,Both,388,1-5 months,1,Number,2023,3698.674662653633,3890.508516763971,3508.7341299414825
1,All Population,44,Population,252,Micronesia,3,Both,389,6-11 months,1,Number,2023,4351.589600845499,4576.700179894211,4128.226679194768
1,All Population,44,Population,257,Polynesia,3,Both,22,All ages,1,Number,2023,413961.16703736683,435032.8735351468,394057.5707882611
1,All Population,44,Population,257,Polynesia,3,Both,28,<1 year,1,Number,2023,9687.491696291368,10251.866153291685,9187.57599221175
1,All Population,44,Population,257,Polynesia,3,Both,34,2-4 years,1,Number,2023,29096.176653046718,30752.797351120647,27613.554660784022
1,All Population,44,Population,257,Polynesia,3,Both,42,<28 days,1,Number,2023,745.0963090264385,788.5087128583226,706.6463750460346
1,All Population,44,Population,257,Polynesia,3,Both,50,2,1,Number,2023,9668.30990629941,10224.258162235505,9172.57153683113
1,All Population,44,Population,257,Polynesia,3,Both,51,3,1,Number,2023,9695.54072382042,10247.914699077312,9201.255389377498
1,All Population,44,Population,257,Polynesia,3,Both,52,4,1,Number,2023,9732.326022926889,10280.624489807831,9239.14832223419
1,All Population,44,Population,257,Polynesia,3,Both,53,5,1,Number,2023,9790.85430888829,10335.632623263977,9295.167502707203
1,All Population,44,Population,25321,Anambra,3,Both,238,12-23 months,1,Number,2023,174416.58947951728,206148.25823724683,145956.3938726972
1,All Population,44,Population,25321,Anambra,3,Both,388,1-5 months,1,Number,2023,74314.56621868604,87851.84663603165,62204.10477009471
1,All Population,44,Population,25321,Anambra,3,Both,389,6-11 months,1,Number,2023,87567.93625192916,103503.52698615578,73281.05289544901
1,All Population,44,Population,25327,Delta,3,Both,42,<28 days,1,Number,2023,9242.482303070596,10899.10309068477,7674.144121120259
1,All Population,44,Population,25327,Delta,3,Both,50,2,1,Number,2023,118655.7904411224,139901.7068222745,98552.49311524068
1,All Population,44,Population,25327,Delta,3,Both,51,3,1,Number,2023,118538.60725097374,139778.66579452666,98477.97035249864
1,All Population,44,Population,25327,Delta,3,Both,52,4,1,Number,2023,118152.40661032952,139314.15038635358,98170.75840371686
1,All Population,44,Population,25327,Delta,3,Both,53,5,1,Number,2023,117400.80642008073,138416.10393058535,97543.95818719929
1,All Population,44,Population,25322,Bauchi,3,Both,1,<5 years,1,Number,2023,1479966.9319121505,1731217.37566775,1234010.6381022441
1,All Population,44,Population,25322,Bauchi,3,Both,22,All ages,1,Number,2023,7047056.66290233,8246112.513909276,5858324.992953553
1,All Population,44,Population,25322,Bauchi,3,Both,28,<1 year,1,Number,2023,320243.8106181078,374621.39659324015,267166.0631509768
1,All Population,44,Population,25322,Bauchi,3,Both,34,2-4 years,1,Number,2023,853135.5733397341,997943.7558848908,711136.5558480017
1,All Population,44,Population,25322,Bauchi,3,Both,42,<28 days,1,Number,2023,25284.24571425157,29580.04525018421,21093.450330237043
1,All Population,44,Population,25322,Bauchi,3,Both,50,2,1,Number,2023,295057.13558129757,345157.8031159613,246017.17766298488
1,All Population,44,Population,25322,Bauchi,3,Both,51,3,1,Number,2023,284174.8167309766,332411.29323026416,236873.72441586765
1,All Population,44,Population,25322,Bauchi,3,Both,52,4,1,Number,2023,273903.6210274599,320374.6595386653,228248.02180551196
1,All Population,44,Population,25323,Bayelsa,3,Both,42,<28 days,1,Number,2023,1460.80512938302,1722.4240411865944,1218.017152776601
1,All Population,44,Population,25323,Bayelsa,3,Both,50,2,1,Number,2023,19349.49655381603,22809.256607910822,16137.310702928817
1,All Population,44,Population,25323,Bayelsa,3,Both,51,3,1,Number,2023,19335.82780683834,22793.19387667788,16127.245413500059
1,All Population,44,Population,25323,Bayelsa,3,Both,52,4,1,Number,2023,19221.85617466921,22659.43557534007,16032.986307945548
1,All Population,44,Population,25323,Bayelsa,3,Both,53,5,1,Number,2023,18980.624203047988,22375.812982378335,15831.471396594323
1,All Population,44,Population,25329,Edo,3,Both,238,12-23 months,1,Number,2023,98005.28363677658,114279.40224138038,81215.69459939752
1,All Population,44,Population,25329,Edo,3,Both,388,1-5 months,1,Number,2023,42487.62607122309,49536.66814019294,35210.564607762106
1,All Population,44,Population,25329,Edo,3,Both,389,6-11 months,1,Number,2023,50127.56055499985,58448.61537761268,41542.264717907165
1,All Population,44,Population,25330,Ekiti,3,Both,1,<5 years,1,Number,2023,215111.95136812358,255295.75310555464,178917.38561470748
1,All Population,44,Population,25331,Enugu,3,Both,22,All ages,1,Number,2023,5224427.6757959165,6219115.284945646,4308657.644137935
1,All Population,44,Population,25331,Enugu,3,Both,28,<1 year,1,Number,2023,116884.78802702337,139359.89975784448,96664.22473855503
1,All Population,44,Population,25325,Borno,3,Both,238,12-23 months,1,Number,2023,173060.65816864482,204880.11180273475,143420.2722465926
1,All Population,44,Population,25331,Enugu,3,Both,34,2-4 years,1,Number,2023,357593.4967699138,426068.83352761867,295545.191140294
1,All Population,44,Population,25331,Enugu,3,Both,42,<28 days,1,Number,2023,9027.358827119395,10764.148534068896,7465.928664358114
1,All Population,44,Population,25331,Enugu,3,Both,50,2,1,Number,2023,117679.32021040209,140248.38604363572,97276.86252427944
1,All Population,44,Population,25331,Enugu,3,Both,51,3,1,Number,2023,119107.55162675962,141915.90136363043,98439.23737212595
1,All Population,44,Population,25331,Enugu,3,Both,52,4,1,Number,2023,120806.62493275212,143904.5461203525,99829.0912438886
1,All Population,44,Population,25331,Enugu,3,Both,53,5,1,Number,2023,122645.13354285309,146063.68494111256,101335.87063261407
1,All Population,44,Population,25325,Borno,3,Both,388,1-5 months,1,Number,2023,75909.7868195565,89838.95089820272,62923.13504348776
1,All Population,44,Population,25325,Borno,3,Both,389,6-11 months,1,Number,2023,88033.74831923073,104200.29746410473,72971.48277185312
1,All Population,44,Population,25326,Cross River,3,Both,1,<5 years,1,Number,2023,287538.86811992014,342464.9733828563,239217.7868464723
1,All Population,44,Population,25327,Delta,3,Both,22,All ages,1,Number,2023,4499031.110734442,5294452.398930902,3739393.8325811476
1,All Population,44,Population,25327,Delta,3,Both,28,<1 year,1,Number,2023,120216.10047726495,141761.2107248505,99819.8406441817
1,All Population,44,Population,25327,Delta,3,Both,34,2-4 years,1,Number,2023,355346.80430242565,419018.2841751547,295211.8787800007
1,All Population,44,Population,94366,Sahel Region,3,Both,1,<5 years,1,Number,2023,69593459.63734092,73471374.64430027,65841835.745289855
1,All Population,44,Population,25334,Imo,3,Both,238,12-23 months,1,Number,2023,323037.3230822904,382411.3514872048,267134.2743643342
1,All Population,44,Population,25334,Imo,3,Both,388,1-5 months,1,Number,2023,140255.43930691978,166041.1580792078,115933.7546868108
1,All Population,44,Population,25334,Imo,3,Both,389,6-11 months,1,Number,2023,161896.89496341624,191667.92969269602,133854.52736822618
1,All Population,44,Population,25335,Jigawa,3,Both,1,<5 years,1,Number,2023,1270436.78727152,1504988.3022881304,1064046.0183969988
1,All Population,44,Population,25335,Jigawa,3,Both,22,All ages,1,Number,2023,5849095.2377369115,6934349.14730649,4890216.1913977545
1,All Population,44,Population,25335,Jigawa,3,Both,28,<1 year,1,Number,2023,278155.9991747982,329314.5809486711,233048.09098949295
1,All Population,44,Population,25335,Jigawa,3,Both,34,2-4 years,1,Number,2023,727650.90350061,862267.751426746,609191.5734414798
1,All Population,44,Population,25335,Jigawa,3,Both,42,<28 days,1,Number,2023,22204.83395633769,26284.09380575092,18603.84606936776
1,All Population,44,Population,25336,Kaduna,3,Both,34,2-4 years,1,Number,2023,1211945.0549239735,1426637.3672663444,1013541.4271979572
1,All Population,44,Population,25336,Kaduna,3,Both,42,<28 days,1,Number,2023,35153.56990247257,41371.737846838834,29408.7996667441
1,All Population,44,Population,25336,Kaduna,3,Both,50,2,1,Number,2023,417610.69622062275,491569.2009755551,349308.9850706178
1,All Population,44,Population,25336,Kaduna,3,Both,51,3,1,Number,2023,404150.2293953233,475734.4117312421,337988.4802350351
1,All Population,44,Population,25336,Kaduna,3,Both,52,4,1,Number,2023,390184.1293080274,459333.754559547,326243.9618923043
1,All Population,44,Population,25336,Kaduna,3,Both,53,5,1,Number,2023,376356.11106853286,443062.5607593369,314606.31691905943
1,All Population,44,Population,25338,Katsina,3,Both,238,12-23 months,1,Number,2023,465865.44407925906,550485.8376760676,388267.33806322847
1,All Population,44,Population,25338,Katsina,3,Both,388,1-5 months,1,Number,2023,209744.4416783059,247791.17644783153,174828.7085277373
1,All Population,44,Population,25338,Katsina,3,Both,389,6-11 months,1,Number,2023,239641.20487850107,283157.5565406749,199723.15568277013
1,All Population,44,Population,25339,Kebbi,3,Both,1,<5 years,1,Number,2023,1030079.9160480339,1222288.5603587076,849839.6212658151
1,All Population,44,Population,25340,Kogi,3,Both,22,All ages,1,Number,2023,3011449.0066810353,3541839.3424681737,2486371.1244618613
1,All Population,44,Population,25340,Kogi,3,Both,28,<1 year,1,Number,2023,74785.52191606259,88027.46853993763,61613.72263354191
1,All Population,44,Population,25340,Kogi,3,Both,34,2-4 years,1,Number,2023,231378.44844802804,272425.1399434613,190700.79932837954
1,All Population,44,Population,25340,Kogi,3,Both,42,<28 days,1,Number,2023,5702.337230515406,6712.016609451576,4698.365231707393
1,All Population,44,Population,25340,Kogi,3,Both,50,2,1,Number,2023,76080.30626938332,89568.33119495258,62697.90239698745
1,All Population,44,Population,25340,Kogi,3,Both,51,3,1,Number,2023,77144.33769949074,90830.01184273703,63581.18152902553
1,All Population,44,Population,25340,Kogi,3,Both,52,4,1,Number,2023,78153.80447915396,92026.7969057717,64403.87181393922
1,All Population,44,Population,25340,Kogi,3,Both,53,5,1,Number,2023,79023.11779609656,93057.1672795798,65112.04098244191
1,All Population,44,Population,25319,Adamawa,3,Both,238,12-23 months,1,Number,2023,112331.9426040165,134280.43241682812,94015.5423206645
1,All Population,44,Population,25319,Adamawa,3,Both,388,1-5 months,1,Number,2023,48434.6233350225,57908.42558617331,40541.985502567884
1,All Population,44,Population,25320,Akwa Ibom,3,Both,238,12-23 months,1,Number,2023,57050.10681827255,67958.98312478638,46410.83357475415
1,All Population,44,Population,25320,Akwa Ibom,3,Both,388,1-5 months,1,Number,2023,24046.82151974386,28637.43279832574,19561.133320404297
1,All Population,44,Population,25320,Akwa Ibom,3,Both,389,6-11 months,1,Number,2023,28907.06164886072,34431.44866633583,23516.43780106801
1,All Population,44,Population,25321,Anambra,3,Both,1,<5 years,1,Number,2023,877927.7356803347,1037493.9579244833,734661.917233667
1,All Population,44,Population,25342,Lagos,3,Both,238,12-23 months,1,Number,2023,120804.96445322075,143816.11337097274,100455.14350969305
1,All Population,44,Population,25342,Lagos,3,Both,388,1-5 months,1,Number,2023,51074.06814565823,60799.919055959894,42469.554356374385
1,All Population,44,Population,25342,Lagos,3,Both,389,6-11 months,1,Number,2023,61287.87397865372,72955.16790338448,50964.45416757619
1,All Population,44,Population,25343,Nasarawa,3,Both,1,<5 years,1,Number,2023,1063522.3428841303,1258629.628142743,872110.4751883559
1,All Population,44,Population,25344,Niger,3,Both,1,<5 years,1,Number,2023,2315601.1998100406,2731271.065447432,1933317.9416899153
1,All Population,44,Population,25344,Niger,3,Both,22,All ages,1,Number,2023,13097971.342102582,15394827.079220004,10915539.421259094
1,All Population,44,Population,25344,Niger,3,Both,28,<1 year,1,Number,2023,487466.5274243876,575229.8411322617,406952.80811683525
1,All Population,44,Population,25344,Niger,3,Both,34,2-4 years,1,Number,2023,1353966.21488469,1596620.9249576407,1130315.37715815
1,All Population,44,Population,25344,Niger,3,Both,42,<28 days,1,Number,2023,38314.48268742073,45209.46012590769,31985.87785084485
1,All Population,44,Population,25344,Niger,3,Both,50,2,1,Number,2023,463532.04369140416,546734.0960239852,387032.24261288025
1,All Population,44,Population,25344,Niger,3,Both,51,3,1,Number,2023,451698.34221564076,532643.5697357976,377086.5239911005
1,All Population,44,Population,25344,Niger,3,Both,52,4,1,Number,2023,438735.8289776452,517207.4587294927,366172.4046320071
1,All Population,44,Population,25344,Niger,3,Both,53,5,1,Number,2023,424812.7756584707,500595.42904788774,354456.29812143656
1,All Population,44,Population,25347,Osun,3,Both,238,12-23 months,1,Number,2023,113545.86597111754,133128.14994897431,94416.3269497973
1,All Population,44,Population,25347,Osun,3,Both,388,1-5 months,1,Number,2023,48467.66895231061,56842.64719960547,40284.199394428484
1,All Population,44,Population,25347,Osun,3,Both,389,6-11 months,1,Number,2023,57306.737001909016,67198.58396596016,47643.81783378753
1,All Population,44,Population,25348,Oyo,3,Both,1,<5 years,1,Number,2023,806091.1351071913,951012.0160647822,668357.8443093696
1,All Population,44,Population,167,Central Sub-Saharan Africa,3,Both,238,12-23 months,1,Number,2023,4633397.970380948,5570872.530437923,3668679.4095977205
1,All Population,44,Population,167,Central Sub-Saharan Africa,3,Both,388,1-5 months,1,Number,2023,2023581.4690663815,2433183.317725993,1602111.4279697682
1,All Population,44,Population,167,Central Sub-Saharan Africa,3,Both,389,6-11 months,1,Number,2023,2341604.1837714473,2815914.220477001,1853741.0258835715
1,All Population,44,Population,168,Angola,3,Both,1,<5 years,1,Number,2023,5906389.314396404,6658907.6306975605,5158132.5205677
1,All Population,44,Population,25348,Oyo,3,Both,22,All ages,1,Number,2023,5971537.94632283,7047445.9390144115,4942941.651541445
1,All Population,44,Population,25348,Oyo,3,Both,28,<1 year,1,Number,2023,164485.4851061095,194031.0801212731,136377.27174787456
1,All Population,44,Population,25349,Plateau,3,Both,28,<1 year,1,Number,2023,439486.06667559483,516795.52967359714,364717.6783455233
1,All Population,44,Population,25349,Plateau,3,Both,34,2-4 years,1,Number,2023,1298311.4739182657,1526371.3862105743,1077853.7968278646
1,All Population,44,Population,25349,Plateau,3,Both,42,<28 days,1,Number,2023,34985.2826076464,41134.36879183194,29039.34970548143
1,All Population,44,Population,25349,Plateau,3,Both,50,2,1,Number,2023,432953.27094643493,509062.8816878523,359372.082535737
1,All Population,44,Population,25349,Plateau,3,Both,51,3,1,Number,2023,432746.0893329591,508767.4318390933,359262.59024654905
1,All Population,44,Population,25349,Plateau,3,Both,52,4,1,Number,2023,432612.11363887164,508541.07268362894,359221.88721693575
1,All Population,44,Population,25349,Plateau,3,Both,53,5,1,Number,2023,432642.16685181356,508494.1812289659,359376.5269252905
1,All Population,44,Population,25351,Sokoto,3,Both,238,12-23 months,1,Number,2023,315017.849186201,371079.5923285606,260144.72580856935
1,All Population,44,Population,25351,Sokoto,3,Both,388,1-5 months,1,Number,2023,143222.75798734743,168650.63254233132,118259.56726905958
1,All Population,44,Population,25351,Sokoto,3,Both,389,6-11 months,1,Number,2023,162805.48413768024,191763.80823423708,134437.1579814238
1,All Population,44,Population,25352,Taraba,3,Both,1,<5 years,1,Number,2023,1651921.570085544,1947364.1731209103,1368456.390951158
1,All Population,44,Population,25353,Yobe,3,Both,22,All ages,1,Number,2023,4534812.076055752,5397107.592239829,3757369.231247974
1,All Population,44,Population,25353,Yobe,3,Both,28,<1 year,1,Number,2023,191834.82569314452,228286.3426638101,158960.6816023704
1,All Population,44,Population,25353,Yobe,3,Both,34,2-4 years,1,Number,2023,525762.8953450267,625295.8373908002,435613.10659209563
1,All Population,44,Population,25353,Yobe,3,Both,42,<28 days,1,Number,2023,15035.744472574877,17895.984459302268,12459.61528931092
1,All Population,44,Population,25353,Yobe,3,Both,50,2,1,Number,2023,179548.36987660415,213581.98575612012,148766.33104855454
1,All Population,44,Population,25353,Yobe,3,Both,51,3,1,Number,2023,175033.6727098289,208165.65265951457,145020.48654878626
1,All Population,44,Population,25353,Yobe,3,Both,52,4,1,Number,2023,171180.85275859377,203548.19897516555,141826.28899475478
1,All Population,44,Population,25353,Yobe,3,Both,53,5,1,Number,2023,168118.90270922135,199892.4096209763,139296.82128305064
1,All Population,44,Population,25320,Akwa Ibom,3,Both,28,<1 year,1,Number,2023,57256.945970506575,68192.83411601007,46577.71120437912
1,All Population,44,Population,25320,Akwa Ibom,3,Both,34,2-4 years,1,Number,2023,172653.42792294166,205710.82281753563,140463.35079633346
1,All Population,44,Population,25320,Akwa Ibom,3,Both,42,<28 days,1,Number,2023,4303.062801901999,5123.9526513485025,3499.986119425958
1,All Population,44,Population,25320,Akwa Ibom,3,Both,50,2,1,Number,2023,57300.08076953988,68266.96071358526,46613.63221805627
1,All Population,44,Population,25320,Akwa Ibom,3,Both,51,3,1,Number,2023,57568.000854248625,68591.2351710193,46833.995801437755
1,All Population,44,Population,25320,Akwa Ibom,3,Both,52,4,1,Number,2023,57785.346299153156,68851.57456894316,47015.72277683944
1,All Population,44,Population,25320,Akwa Ibom,3,Both,53,5,1,Number,2023,57978.94747307965,69083.29481243229,47179.50468054048
1,All Population,44,Population,25327,Delta,3,Both,238,12-23 months,1,Number,2023,118701.31368936575,139941.66683194318,98572.97100193656
1,All Population,44,Population,25327,Delta,3,Both,388,1-5 months,1,Number,2023,50880.00544262539,60003.426280838095,42248.08954444457
1,All Population,44,Population,25327,Delta,3,Both,389,6-11 months,1,Number,2023,60093.61273156896,70856.51088471014,49897.606978616896
1,All Population,44,Population,25328,Ebonyi,3,Both,1,<5 years,1,Number,2023,453720.2391530649,539492.7608779087,373876.4177877263
1,All Population,44,Population,168,Angola,3,Both,238,12-23 months,1,Number,2023,1191556.1073067437,1343369.2960281963,1040602.6389420411
1,All Population,44,Population,168,Angola,3,Both,388,1-5 months,1,Number,2023,520071.781699942,586332.8289639046,454185.97173698177
1,All Population,44,Population,168,Angola,3,Both,389,6-11 months,1,Number,2023,601142.2449769267,677732.2775616251,524985.9428914804
1,All Population,44,Population,169,Central African Republic,3,Both,1,<5 years,1,Number,2023,1211182.485961586,1441682.637341387,986481.059247942
1,All Population,44,Population,187,Somalia,3,Both,28,<1 year,1,Number,2023,894381.1047572733,1138404.8065227487,634800.717831305
1,All Population,44,Population,187,Somalia,3,Both,34,2-4 years,1,Number,2023,2368201.0593130114,3014343.0517417495,1680867.0536803743
1,All Population,44,Population,187,Somalia,3,Both,42,<28 days,1,Number,2023,70990.23978804749,90359.27722651111,50386.41238814984
1,All Population,44,Population,187,Somalia,3,Both,50,2,1,Number,2023,819706.5890563582,1043356.0324078804,581799.3340604448
1,All Population,44,Population,187,Somalia,3,Both,51,3,1,Number,2023,788912.606109799,1004160.1929476357,559942.8319771793
1,All Population,44,Population,187,Somalia,3,Both,52,4,1,Number,2023,759581.8641468543,966826.8263862338,539124.8876427502
1,All Population,44,Population,189,United Republic of Tanzania,3,Both,42,<28 days,1,Number,2023,155505.23369335415,167713.822123443,143735.66329413006
1,All Population,44,Population,189,United Republic of Tanzania,3,Both,50,2,1,Number,2023,1975314.8585617903,2130395.2089477764,1825811.1618931557
1,All Population,44,Population,189,United Republic of Tanzania,3,Both,51,3,1,Number,2023,1962636.5835187496,2116721.5729234507,1814092.4548795363
1,All Population,44,Population,189,United Republic of Tanzania,3,Both,52,4,1,Number,2023,1944124.0711193471,2096755.6583502223,1796981.080646203
1,All Population,44,Population,189,United Republic of Tanzania,3,Both,53,5,1,Number,2023,1919657.877564935,2070368.6439947193,1774366.6356188373
1,All Population,44,Population,170,Congo,3,Both,22,All ages,1,Number,2023,6116757.142204182,6552053.168578339,5678654.445928316
1,All Population,44,Population,170,Congo,3,Both,28,<1 year,1,Number,2023,146906.59759218933,157361.13366307612,136384.65352777942
1,All Population,44,Population,170,Congo,3,Both,34,2-4 years,1,Number,2023,474186.31327473203,507931.5500285855,440223.49644988205
1,All Population,44,Population,170,Congo,3,Both,42,<28 days,1,Number,2023,11364.052597886515,12172.769835527964,10550.120972351875
1,All Population,44,Population,170,Congo,3,Both,50,2,1,Number,2023,152903.86544931983,163785.1941501278,141952.3769126652
1,All Population,44,Population,170,Congo,3,Both,51,3,1,Number,2023,157865.06996860437,169099.4603593024,146558.2432967019
1,All Population,44,Population,170,Congo,3,Both,52,4,1,Number,2023,163417.37785680784,175046.89551915528,151712.87624051495
1,All Population,44,Population,170,Congo,3,Both,53,5,1,Number,2023,169272.7326180941,181318.94373439814,157148.85082224957
1,All Population,44,Population,25329,Edo,3,Both,22,All ages,1,Number,2023,3861889.5426503983,4508247.823720897,3205883.3397187185
1,All Population,44,Population,25329,Edo,3,Both,28,<1 year,1,Number,2023,100306.41200552286,116951.907789574,83126.05702005723
1,All Population,44,Population,25329,Edo,3,Both,34,2-4 years,1,Number,2023,282793.5359641571,329821.4721829368,234337.1273826718
1,All Population,44,Population,25329,Edo,3,Both,42,<28 days,1,Number,2023,7691.225379299915,8966.624271768389,6373.927706445105
1,All Population,44,Population,25329,Edo,3,Both,50,2,1,Number,2023,96227.37687120074,112219.45356416689,79740.8810002589
1,All Population,44,Population,25329,Edo,3,Both,51,3,1,Number,2023,94324.56748735145,110011.52053114044,78162.02546696801
1,All Population,44,Population,25329,Edo,3,Both,52,4,1,Number,2023,92241.59160560489,107560.78342782782,76434.22091544491
1,All Population,44,Population,25329,Edo,3,Both,53,5,1,Number,2023,90123.65343526978,105070.15441752764,74678.83744192863
1,All Population,44,Population,25328,Ebonyi,3,Both,238,12-23 months,1,Number,2023,90894.0234076902,108079.87454715457,74878.30611700057
1,All Population,44,Population,25328,Ebonyi,3,Both,388,1-5 months,1,Number,2023,39251.33781684636,46672.289528857415,32329.878764793488
1,All Population,44,Population,25328,Ebonyi,3,Both,389,6-11 months,1,Number,2023,46167.56527497405,54899.9268003936,38033.23043313776
1,All Population,44,Population,25329,Edo,3,Both,1,<5 years,1,Number,2023,481105.2316064565,561066.0426708702,398678.8790021266
1,All Population,44,Population,25321,Anambra,3,Both,22,All ages,1,Number,2023,7506871.089987781,8856079.81409931,6297014.754493281
1,All Population,44,Population,25321,Anambra,3,Both,28,<1 year,1,Number,2023,175301.86290412,207220.7407823428,146719.13192342347
1,All Population,44,Population,25321,Anambra,3,Both,34,2-4 years,1,Number,2023,528209.2832966975,624124.9589048937,441986.39143754635
1,All Population,44,Population,25321,Anambra,3,Both,42,<28 days,1,Number,2023,13419.360433504791,15865.27157449654,11233.97425787974
1,All Population,44,Population,25321,Anambra,3,Both,50,2,1,Number,2023,175222.41556964768,207071.4070795547,146620.3772584756
1,All Population,44,Population,25321,Anambra,3,Both,51,3,1,Number,2023,176130.2667680029,208113.05343619932,147376.968145626
1,All Population,44,Population,25321,Anambra,3,Both,52,4,1,Number,2023,176856.60095904695,208940.49838913968,147989.04603344476
1,All Population,44,Population,25321,Anambra,3,Both,53,5,1,Number,2023,177239.00726551507,209364.4678518231,148322.08461359158
1,All Population,44,Population,25322,Bauchi,3,Both,53,5,1,Number,2023,264894.45764021034,309810.21927333507,220682.68645107857
1,All Population,44,Population,25330,Ekiti,3,Both,22,All ages,1,Number,2023,1692627.538131265,2009676.693265454,1407973.327693884
1,All Population,44,Population,25330,Ekiti,3,Both,28,<1 year,1,Number,2023,43534.74541953432,51655.563053385755,36214.73292748988
1,All Population,44,Population,25330,Ekiti,3,Both,34,2-4 years,1,Number,2023,128394.76408808198,152398.39043413542,106783.34238291008
1,All Population,44,Population,25330,Ekiti,3,Both,42,<28 days,1,Number,2023,3300.281833327456,3915.6187411086294,2745.0164234132953
1,All Population,44,Population,25330,Ekiti,3,Both,50,2,1,Number,2023,43088.42899191951,51136.02308362148,35837.980933976294
1,All Population,44,Population,25330,Ekiti,3,Both,51,3,1,Number,2023,42859.266789241876,50871.613586511405,35644.98825791462
1,All Population,44,Population,25330,Ekiti,3,Both,52,4,1,Number,2023,42447.068306920606,50390.753764002526,35300.37319101916
1,All Population,44,Population,25330,Ekiti,3,Both,53,5,1,Number,2023,41836.16815271963,49665.22542904073,34790.987744026
1,All Population,44,Population,25323,Bayelsa,3,Both,238,12-23 months,1,Number,2023,19327.97583135474,22783.989157825843,16117.907014638804
1,All Population,44,Population,25323,Bayelsa,3,Both,388,1-5 months,1,Number,2023,8164.679425891277,9625.813046762198,6807.890808644176
1,All Population,44,Population,25323,Bayelsa,3,Both,389,6-11 months,1,Number,2023,9846.146202272697,11605.708678744259,8210.15270628736
1,All Population,44,Population,25324,Benue,3,Both,1,<5 years,1,Number,2023,1613242.6767592744,1904512.5758261739,1337964.5023090758
1,All Population,44,Population,191,Zambia,3,Both,238,12-23 months,1,Number,2023,646293.7410898845,694603.1972529477,596959.4142856098
1,All Population,44,Population,191,Zambia,3,Both,388,1-5 months,1,Number,2023,277072.5255192256,297783.26767029124,255922.41117740938
1,All Population,44,Population,191,Zambia,3,Both,389,6-11 months,1,Number,2023,322654.45564926194,346772.3764799963,298024.8803527217
1,All Population,44,Population,192,Southern Sub-Saharan Africa,3,Both,1,<5 years,1,Number,2023,8351596.7609554455,8778258.877102775,7957027.505790691
1,All Population,44,Population,25324,Benue,3,Both,22,All ages,1,Number,2023,11258888.394162653,13287704.622463342,9336066.160746422
1,All Population,44,Population,25324,Benue,3,Both,28,<1 year,1,Number,2023,327789.44306681835,387004.2985234532,271658.94908265816
1,All Population,44,Population,25325,Borno,3,Both,28,<1 year,1,Number,2023,177846.64441974074,210491.83510218957,147419.46451751355
1,All Population,44,Population,25325,Borno,3,Both,34,2-4 years,1,Number,2023,506147.53418376774,599570.5020803801,419297.4264528476
1,All Population,44,Population,25325,Borno,3,Both,42,<28 days,1,Number,2023,13903.109280953526,16452.586739882117,11524.031869631543
1,All Population,44,Population,25325,Borno,3,Both,50,2,1,Number,2023,170377.96550606433,201765.91899825187,141165.63305971792
1,All Population,44,Population,25325,Borno,3,Both,51,3,1,Number,2023,168530.45279734448,199638.82008202243,139610.16560684124
1,All Population,44,Population,25325,Borno,3,Both,52,4,1,Number,2023,167239.11588035896,198165.76300010577,138533.6575619102
1,All Population,44,Population,25325,Borno,3,Both,53,5,1,Number,2023,166471.26325381774,197300.55327627945,137926.8952456321
1,All Population,44,Population,172,Equatorial Guinea,3,Both,238,12-23 months,1,Number,2023,40197.98338317422,45103.06998818711,35361.78423203299
1,All Population,44,Population,173,Gabon,3,Both,238,12-23 months,1,Number,2023,47242.26220552743,53303.367225227135,40862.36200972728
1,All Population,44,Population,25324,Benue,3,Both,238,12-23 months,1,Number,2023,323934.1160535547,382451.79103599774,268543.01159411104
1,All Population,44,Population,25324,Benue,3,Both,388,1-5 months,1,Number,2023,139711.8899700517,164947.28262631665,115774.03632706773
1,All Population,44,Population,25324,Benue,3,Both,389,6-11 months,1,Number,2023,162620.66217352613,192003.05406484174,134794.15018852337
1,All Population,44,Population,25325,Borno,3,Both,1,<5 years,1,Number,2023,857054.8367721534,1014942.4489853045,710137.1632169536
1,All Population,44,Population,25331,Enugu,3,Both,238,12-23 months,1,Number,2023,116725.52130545824,139141.8054339135,96510.5364059913
1,All Population,44,Population,25331,Enugu,3,Both,388,1-5 months,1,Number,2023,49653.836846668586,59203.331509021664,41064.29796765855
1,All Population,44,Population,25332,FCT (Abuja),3,Both,238,12-23 months,1,Number,2023,206064.18488304343,244977.57983696606,170645.24839739143
1,All Population,44,Population,25332,FCT (Abuja),3,Both,388,1-5 months,1,Number,2023,91694.9016478125,108992.77448082405,75949.7312896365
1,All Population,44,Population,25332,FCT (Abuja),3,Both,389,6-11 months,1,Number,2023,104949.97625768288,124755.49515782113,86917.8030972922
1,All Population,44,Population,25333,Gombe,3,Both,1,<5 years,1,Number,2023,673851.3408537537,806224.2884197955,556787.9145539027
1,All Population,44,Population,173,Gabon,3,Both,388,1-5 months,1,Number,2023,20209.278429558984,22802.095818383714,17480.086951623412
1,All Population,44,Population,173,Gabon,3,Both,389,6-11 months,1,Number,2023,23656.205344947797,26691.2578227382,20461.518594861078
1,All Population,44,Population,174,Eastern Sub-Saharan Africa,3,Both,1,<5 years,1,Number,2023,67031106.9233239,70339254.62246454,63693692.7237418
1,All Population,44,Population,174,Eastern Sub-Saharan Africa,3,Both,22,All ages,1,Number,2023,452000600.14824283,474002781.7186267,429272686.05665934
1,All Population,44,Population,174,Eastern Sub-Saharan Africa,3,Both,28,<1 year,1,Number,2023,13910650.964993348,14610181.608348917,13209658.547928084
1,All Population,44,Population,174,Eastern Sub-Saharan Africa,3,Both,34,2-4 years,1,Number,2023,39550966.007291876,41480586.10466764,37598141.82037832
1,All Population,44,Population,174,Eastern Sub-Saharan Africa,3,Both,42,<28 days,1,Number,2023,1085709.2134275816,1140543.13848576,1030909.2023047187
1,All Population,44,Population,174,Eastern Sub-Saharan Africa,3,Both,50,2,1,Number,2023,13353744.095176373,14012424.850205949,12693835.270781852
1,All Population,44,Population,25325,Borno,3,Both,22,All ages,1,Number,2023,4613819.551844217,5468929.996325323,3827437.5555524006
1,All Population,44,Population,25326,Cross River,3,Both,22,All ages,1,Number,2023,2412632.537092534,2875053.804649716,2013679.2471304552
1,All Population,44,Population,25326,Cross River,3,Both,28,<1 year,1,Number,2023,57509.04801487176,68524.63830088776,47834.59400052021
1,All Population,44,Population,25326,Cross River,3,Both,34,2-4 years,1,Number,2023,172865.22182667084,205839.34200681464,143831.59328630476
1,All Population,44,Population,25326,Cross River,3,Both,42,<28 days,1,Number,2023,4355.203565090873,5189.954098473482,3622.2314537764755
1,All Population,44,Population,25326,Cross River,3,Both,50,2,1,Number,2023,57348.14516592158,68304.53872934579,47710.26270868551
1,All Population,44,Population,25326,Cross River,3,Both,51,3,1,Number,2023,57597.213648642144,68584.15929598725,47923.56447362841
1,All Population,44,Population,25326,Cross River,3,Both,52,4,1,Number,2023,57919.863012107104,68950.64398148163,48197.76610399081
1,All Population,44,Population,25326,Cross River,3,Both,53,5,1,Number,2023,58218.42006652614,69289.34746901358,48451.44739559491
1,All Population,44,Population,25333,Gombe,3,Both,22,All ages,1,Number,2023,3452507.2416295866,4132149.6462652436,2854412.7563189236
1,All Population,44,Population,25333,Gombe,3,Both,28,<1 year,1,Number,2023,142370.25176090404,170355.79310947412,117588.06986979031
1,All Population,44,Population,25333,Gombe,3,Both,34,2-4 years,1,Number,2023,393524.9246238383,470796.9467547519,325235.51373349107
1,All Population,44,Population,25333,Gombe,3,Both,42,<28 days,1,Number,2023,11159.157699835225,13353.308806474048,9215.101691970229
1,All Population,44,Population,25333,Gombe,3,Both,50,2,1,Number,2023,134613.655051595,161061.85663646262,111228.3475367579
1,All Population,44,Population,25333,Gombe,3,Both,51,3,1,Number,2023,131152.92716142721,156906.95170714348,108394.51016861334
1,All Population,44,Population,25333,Gombe,3,Both,52,4,1,Number,2023,127758.3424108161,152851.37506939558,105612.65602811985
1,All Population,44,Population,25333,Gombe,3,Both,53,5,1,Number,2023,124783.90433866272,149313.6537544334,103171.61581953551
1,All Population,44,Population,25333,Gombe,3,Both,238,12-23 months,1,Number,2023,137956.16446901142,165071.54855556932,113965.20714623286
1,All Population,44,Population,25333,Gombe,3,Both,388,1-5 months,1,Number,2023,60875.93425914441,72841.29453385549,50276.545899579396
1,All Population,44,Population,25333,Gombe,3,Both,389,6-11 months,1,Number,2023,70335.15980192441,84162.58304679063,58096.42227824071
1,All Population,44,Population,25334,Imo,3,Both,1,<5 years,1,Number,2023,1606419.218139829,1901427.429275401,1328644.678067988
1,All Population,44,Population,174,Eastern Sub-Saharan Africa,3,Both,51,3,1,Number,2023,13189779.085972235,13832888.719775334,12539175.795284767
1,All Population,44,Population,174,Eastern Sub-Saharan Africa,3,Both,52,4,1,Number,2023,13007442.826143268,13638676.418807482,12365156.942263596
1,All Population,44,Population,174,Eastern Sub-Saharan Africa,3,Both,53,5,1,Number,2023,12803654.806452677,13424880.85056873,12172091.449776273
1,All Population,44,Population,175,Burundi,3,Both,53,5,1,Number,2023,435219.7841827575,508486.1450294131,366597.5545162952
1,All Population,44,Population,168,Angola,3,Both,22,All ages,1,Number,2023,36078210.59468358,40674845.33152611,31507606.66905772
1,All Population,44,Population,168,Angola,3,Both,28,<1 year,1,Number,2023,1216360.6337678356,1371334.1052772263,1062264.7793438567
1,All Population,44,Population,168,Angola,3,Both,34,2-4 years,1,Number,2023,3498472.5733218244,3944204.229392139,3055265.1022818014
1,All Population,44,Population,168,Angola,3,Both,42,<28 days,1,Number,2023,95146.60709096679,107268.99875169652,83092.86471539467
1,All Population,44,Population,168,Angola,3,Both,50,2,1,Number,2023,1177947.9085527936,1328027.3106460513,1028718.4083566968
1,All Population,44,Population,168,Angola,3,Both,51,3,1,Number,2023,1165693.1221883313,1314211.172546928,1018016.1317686862
1,All Population,44,Population,168,Angola,3,Both,52,4,1,Number,2023,1154831.5425806993,1301965.7461991592,1008530.5621564183
1,All Population,44,Population,168,Angola,3,Both,53,5,1,Number,2023,1144962.7085512986,1290839.548665196,999911.971163261
1,All Population,44,Population,189,United Republic of Tanzania,3,Both,238,12-23 months,1,Number,2023,1985385.6452620134,2141256.6448568404,1835119.730948167
1,All Population,44,Population,189,United Republic of Tanzania,3,Both,388,1-5 months,1,Number,2023,854650.7356394988,921748.6643398961,789965.6330165662
1,All Population,44,Population,189,United Republic of Tanzania,3,Both,389,6-11 months,1,Number,2023,996725.9860331734,1074978.1261833187,921287.7748377465
1,All Population,44,Population,25334,Imo,3,Both,22,All ages,1,Number,2023,12623922.206440201,14883198.449851532,10430991.812098028
1,All Population,44,Population,25334,Imo,3,Both,28,<1 year,1,Number,2023,327796.6660113017,388068.6408483443,270982.2602749898
1,All Population,44,Population,25334,Imo,3,Both,34,2-4 years,1,Number,2023,955585.229046237,1130947.4369398518,790299.0636380876
1,All Population,44,Population,25334,Imo,3,Both,42,<28 days,1,Number,2023,25644.33174096565,30359.553076440523,21193.9782199528
1,All Population,44,Population,25334,Imo,3,Both,50,2,1,Number,2023,320822.4567960503,379751.4131499521,265356.2564964391
1,All Population,44,Population,25334,Imo,3,Both,51,3,1,Number,2023,318567.9900328792,377032.025437233,263469.3726640332
1,All Population,44,Population,25334,Imo,3,Both,52,4,1,Number,2023,316194.7822173075,374162.1719502244,261473.4344776154
1,All Population,44,Population,25334,Imo,3,Both,53,5,1,Number,2023,313827.7620691087,371309.7702025891,259474.36871320163
1,All Population,44,Population,25335,Jigawa,3,Both,50,2,1,Number,2023,253247.54499548752,300009.64975145354,212114.91156698568
1,All Population,44,Population,190,Uganda,3,Both,1,<5 years,1,Number,2023,7506677.158062343,8457103.825377097,6591269.46037457
1,All Population,44,Population,190,Uganda,3,Both,22,All ages,1,Number,2023,45601851.86092502,51375540.42844399,40040897.88044461
1,All Population,44,Population,190,Uganda,3,Both,28,<1 year,1,Number,2023,1564458.74805813,1762536.177360033,1373679.5856494654
1,All Population,44,Population,191,Zambia,3,Both,28,<1 year,1,Number,2023,650208.6680721961,698810.7589637258,600575.4983813503
1,All Population,44,Population,191,Zambia,3,Both,34,2-4 years,1,Number,2023,1932603.1475301678,2077062.2395813495,1785079.3991144097
1,All Population,44,Population,191,Zambia,3,Both,42,<28 days,1,Number,2023,50481.686903708556,54255.11481343825,46628.20685121914
1,All Population,44,Population,193,Botswana,3,Both,22,All ages,1,Number,2023,2444923.8932038248,2619287.839719169,2261009.0038250387
1,All Population,44,Population,193,Botswana,3,Both,28,<1 year,1,Number,2023,49126.07494307927,52629.58534996527,45430.65658511525
1,All Population,44,Population,193,Botswana,3,Both,34,2-4 years,1,Number,2023,152027.8487777735,162869.97591588824,140591.8343201538
1,All Population,44,Population,193,Botswana,3,Both,42,<28 days,1,Number,2023,3794.084263290177,4064.665898734108,3508.6812740533965
1,All Population,44,Population,193,Botswana,3,Both,50,2,1,Number,2023,50043.247034616805,53612.16714442187,46278.83609810041
1,All Population,44,Population,193,Botswana,3,Both,51,3,1,Number,2023,50671.131692791554,54284.83047536436,46859.48929120917
1,All Population,44,Population,193,Botswana,3,Both,52,4,1,Number,2023,51313.47005036513,54972.978296102025,47453.50893084422
1,All Population,44,Population,193,Botswana,3,Both,53,5,1,Number,2023,51930.056250634916,55633.53740020934,48023.713571700086
1,All Population,44,Population,25335,Jigawa,3,Both,51,3,1,Number,2023,242162.3346067083,286966.5280923577,202738.3035389298
1,All Population,44,Population,25335,Jigawa,3,Both,52,4,1,Number,2023,232241.02389841422,275291.57358293474,194354.9411534504
1,All Population,44,Population,25335,Jigawa,3,Both,53,5,1,Number,2023,224999.41444773405,266769.8735737345,188296.85653428687
1,All Population,44,Population,25336,Kaduna,3,Both,238,12-23 months,1,Number,2023,430160.2524350842,506315.6246207091,359862.03505461937
1,All Population,44,Population,25336,Kaduna,3,Both,388,1-5 months,1,Number,2023,190481.6343976822,224189.30259116818,159359.10348155076
1,All Population,44,Population,25336,Kaduna,3,Both,389,6-11 months,1,Number,2023,219073.15011857892,257833.6109168832,183297.266638995
1,All Population,44,Population,25337,Kano,3,Both,1,<5 years,1,Number,2023,3555570.290397087,4180438.3366503404,2968133.3470075713
1,All Population,44,Population,25318,Abia,3,Both,1,<5 years,1,Number,2023,706040.3780135775,830662.0369794806,579352.1099362967
1,All Population,44,Population,25319,Adamawa,3,Both,22,All ages,1,Number,2023,3547045.964463795,4234642.806965495,2960732.8411460747
1,All Population,44,Population,25319,Adamawa,3,Both,28,<1 year,1,Number,2023,114024.64365634705,136318.6231233192,95441.82404428472
1,All Population,44,Population,191,Zambia,3,Both,50,2,1,Number,2023,646260.059933948,694566.9984827703,596928.3041543459
1,All Population,44,Population,191,Zambia,3,Both,51,3,1,Number,2023,644979.861926454,693191.1076569941,595745.829059609
1,All Population,44,Population,191,Zambia,3,Both,52,4,1,Number,2023,641363.2256697657,689304.1334415852,592405.265900455
1,All Population,44,Population,191,Zambia,3,Both,53,5,1,Number,2023,634911.7975310591,682370.4710415187,586446.3024785076
1,All Population,44,Population,177,Djibouti,3,Both,238,12-23 months,1,Number,2023,34318.44963296624,39879.73373297465,29354.917046266783
1,All Population,44,Population,177,Djibouti,3,Both,388,1-5 months,1,Number,2023,14724.187644390844,17110.23338678452,12594.60469506649
1,All Population,44,Population,177,Djibouti,3,Both,389,6-11 months,1,Number,2023,17218.355061842467,20008.57913250504,14728.03666596947
1,All Population,44,Population,178,Eritrea,3,Both,1,<5 years,1,Number,2023,983453.7693027952,1287942.9969376477,691624.4142824166
1,All Population,44,Population,178,Eritrea,3,Both,22,All ages,1,Number,2023,7024197.586288048,9198974.443688983,4939842.311921297
1,All Population,44,Population,179,Ethiopia,3,Both,22,All ages,1,Number,2023,113418293.20491894,131834707.80103071,94527280.06128433
1,All Population,44,Population,179,Ethiopia,3,Both,28,<1 year,1,Number,2023,3492035.4449455244,4059058.371505006,2910400.1053154734
1,All Population,44,Population,170,Congo,3,Both,238,12-23 months,1,Number,2023,148932.28521813542,159530.9783568524,138265.25460049027
1,All Population,44,Population,170,Congo,3,Both,388,1-5 months,1,Number,2023,62498.576615221005,66946.25721168217,58022.21858890486
1,All Population,44,Population,170,Congo,3,Both,389,6-11 months,1,Number,2023,73043.96837908181,78242.10661586597,67812.31396652269
1,All Population,44,Population,171,Democratic Republic of the Congo,3,Both,1,<5 years,1,Number,2023,14606227.343179421,19237201.57626709,9775461.753563728
1,All Population,44,Population,25337,Kano,3,Both,22,All ages,1,Number,2023,17889970.19706247,21058355.19324018,14869394.09543495
1,All Population,44,Population,25338,Katsina,3,Both,28,<1 year,1,Number,2023,488115.862753623,576701.478364275,406836.9587791374
1,All Population,44,Population,25338,Katsina,3,Both,34,2-4 years,1,Number,2023,1287630.2972889943,1522107.9218301866,1072997.9400303198
1,All Population,44,Population,25338,Katsina,3,Both,42,<28 days,1,Number,2023,38730.21619681603,45752.745375768616,32285.09456862999
1,All Population,44,Population,25338,Katsina,3,Both,50,2,1,Number,2023,446890.2166886385,528160.3114344137,372427.4836404197
1,All Population,44,Population,25338,Katsina,3,Both,51,3,1,Number,2023,428857.0871058473,506948.94640562544,357371.090171394
1,All Population,44,Population,25338,Katsina,3,Both,52,4,1,Number,2023,411882.99349450844,486996.4687438481,343199.36621850607
1,All Population,44,Population,25338,Katsina,3,Both,53,5,1,Number,2023,396591.09878048755,469045.6267459608,330436.3159204206
1,All Population,44,Population,25337,Kano,3,Both,238,12-23 months,1,Number,2023,732093.0593198529,860789.2892614026,611244.7764352042
1,All Population,44,Population,25337,Kano,3,Both,388,1-5 months,1,Number,2023,324157.1758753283,381106.42996910046,270581.053328472
1,All Population,44,Population,172,Equatorial Guinea,3,Both,22,All ages,1,Number,2023,1626380.687102348,1824836.8645407555,1430711.6451153022
1,All Population,44,Population,172,Equatorial Guinea,3,Both,28,<1 year,1,Number,2023,40066.23738491567,44955.247921505856,35245.88852852358
1,All Population,44,Population,172,Equatorial Guinea,3,Both,34,2-4 years,1,Number,2023,123294.64095557797,138339.44770760566,108461.124750404
1,All Population,44,Population,172,Equatorial Guinea,3,Both,42,<28 days,1,Number,2023,3108.102007213035,3487.36256307902,2734.1678188816923
1,All Population,44,Population,172,Equatorial Guinea,3,Both,50,2,1,Number,2023,40649.45175857766,45609.627979894656,35758.9366743937
1,All Population,44,Population,172,Equatorial Guinea,3,Both,51,3,1,Number,2023,41110.07362993201,46126.456406429126,36164.14136021398
1,All Population,44,Population,172,Equatorial Guinea,3,Both,52,4,1,Number,2023,41535.11556706829,46603.3633212819,36538.046715796314
1,All Population,44,Population,172,Equatorial Guinea,3,Both,53,5,1,Number,2023,41887.55617466036,46998.80985996468,36848.08537125518
1,All Population,44,Population,25337,Kano,3,Both,389,6-11 months,1,Number,2023,372531.6125057436,437956.9325015014,311015.29717326985
1,All Population,44,Population,25338,Katsina,3,Both,1,<5 years,1,Number,2023,2241611.6041218764,2649300.638712526,1868102.2368726858
1,All Population,44,Population,25338,Katsina,3,Both,22,All ages,1,Number,2023,10353370.238541793,12230732.533597253,8632706.713145372
1,All Population,44,Population,25339,Kebbi,3,Both,22,All ages,1,Number,2023,5101203.056872286,6057574.747225847,4200729.087473483
1,All Population,44,Population,25339,Kebbi,3,Both,28,<1 year,1,Number,2023,225102.92562054767,267142.22740804136,185675.36599078443
1,All Population,44,Population,25339,Kebbi,3,Both,34,2-4 years,1,Number,2023,591116.3841725186,701351.8841515284,487749.9963422304
1,All Population,44,Population,193,Botswana,3,Both,238,12-23 months,1,Number,2023,49477.59223121048,53006.17169721823,45755.73163373909
1,All Population,44,Population,25339,Kebbi,3,Both,42,<28 days,1,Number,2023,17964.86217270496,21318.690634488692,14817.078915626293
1,All Population,44,Population,25339,Kebbi,3,Both,50,2,1,Number,2023,205168.5976263571,243458.7862562509,169264.947893365
1,All Population,44,Population,25339,Kebbi,3,Both,51,3,1,Number,2023,196867.14484952003,233581.37339910143,162441.40115194488
1,All Population,44,Population,25339,Kebbi,3,Both,52,4,1,Number,2023,189080.6416966415,224328.83674021304,156043.64729692056
1,All Population,44,Population,25339,Kebbi,3,Both,53,5,1,Number,2023,182180.3305729007,216148.0614353465,150373.31438025355
1,All Population,44,Population,193,Botswana,3,Both,388,1-5 months,1,Number,2023,20882.12485062043,22371.36944866353,19311.305532861137
1,All Population,44,Population,193,Botswana,3,Both,389,6-11 months,1,Number,2023,24449.86582916867,26193.55000256763,22610.66977820071
1,All Population,44,Population,194,Lesotho,3,Both,1,<5 years,1,Number,2023,202836.46666156274,226516.4504204512,181294.2098841003
1,All Population,44,Population,195,Namibia,3,Both,22,All ages,1,Number,2023,3011157.997803981,3221448.091701593,2812992.2785343095
1,All Population,44,Population,195,Namibia,3,Both,28,<1 year,1,Number,2023,64501.78436001937,69006.3923213167,60256.891697063016
1,All Population,44,Population,195,Namibia,3,Both,34,2-4 years,1,Number,2023,210339.3109146143,225028.76708890055,196496.78226999316
1,All Population,44,Population,179,Ethiopia,3,Both,34,2-4 years,1,Number,2023,9567233.27607931,11120722.8373413,7973709.652512792
1,All Population,44,Population,179,Ethiopia,3,Both,42,<28 days,1,Number,2023,274588.2665505476,319174.82500709133,228852.6942198818
1,All Population,44,Population,179,Ethiopia,3,Both,50,2,1,Number,2023,3239199.6373808123,3765168.0838799947,2699676.768578168
1,All Population,44,Population,179,Ethiopia,3,Both,51,3,1,Number,2023,3186942.819531252,3704426.010294376,2656123.8749805535
1,All Population,44,Population,179,Ethiopia,3,Both,52,4,1,Number,2023,3141090.8191672456,3651128.74316693,2617909.008954069
1,All Population,44,Population,179,Ethiopia,3,Both,53,5,1,Number,2023,3084956.510260926,3585879.566837794,2571124.4613375105
1,All Population,44,Population,195,Namibia,3,Both,238,12-23 months,1,Number,2023,65799.14889342368,70394.36083822107,61468.87606240423
1,All Population,44,Population,195,Namibia,3,Both,388,1-5 months,1,Number,2023,27498.350477348595,29418.751435427952,25688.671143003678
1,All Population,44,Population,195,Namibia,3,Both,389,6-11 months,1,Number,2023,31992.5630814093,34226.82614542696,29887.117508997824
1,All Population,44,Population,196,South Africa,3,Both,1,<5 years,1,Number,2023,5225580.757914185,5613654.842536533,4861016.915762115
1,All Population,44,Population,197,Eswatini,3,Both,22,All ages,1,Number,2023,1186122.712338785,1311379.3075636886,1059269.796855776
1,All Population,44,Population,197,Eswatini,3,Both,28,<1 year,1,Number,2023,26991.538704187704,29841.891541038283,24104.85982823281
1,All Population,44,Population,197,Eswatini,3,Both,34,2-4 years,1,Number,2023,80027.07575638164,88478.07237821071,71468.3762460589
1,All Population,44,Population,197,Eswatini,3,Both,42,<28 days,1,Number,2023,2081.3624248608553,2301.1578710276904,1858.765817424025
1,All Population,44,Population,197,Eswatini,3,Both,50,2,1,Number,2023,26747.75671352626,29572.365753542203,23887.14972367216
1,All Population,44,Population,197,Eswatini,3,Both,51,3,1,Number,2023,26699.11156341681,29518.58359204807,23843.707053079626
1,All Population,44,Population,197,Eswatini,3,Both,52,4,1,Number,2023,26580.207479438566,29387.123032620435,23737.519469307113
1,All Population,44,Population,197,Eswatini,3,Both,53,5,1,Number,2023,26420.259431009188,29210.284195615197,23594.677472433796
1,All Population,44,Population,25340,Kogi,3,Both,238,12-23 months,1,Number,2023,75058.16625598371,88355.61969848108,61845.970046741306
1,All Population,44,Population,25340,Kogi,3,Both,388,1-5 months,1,Number,2023,31591.4215504908,37185.23115638607,26028.70402218675
1,All Population,44,Population,25340,Kogi,3,Both,389,6-11 months,1,Number,2023,37491.76313505638,44130.220774099995,30886.65337964777
1,All Population,44,Population,25341,Kwara,3,Both,1,<5 years,1,Number,2023,461864.0608454928,548600.1606144594,384896.7243166329
1,All Population,44,Population,25342,Lagos,3,Both,22,All ages,1,Number,2023,5598174.7715045605,6664442.70120284,4658041.266676785
1,All Population,44,Population,25342,Lagos,3,Both,28,<1 year,1,Number,2023,121508.84012913959,144644.562115324,101039.98137833827
1,All Population,44,Population,25342,Lagos,3,Both,34,2-4 years,1,Number,2023,364753.3468957842,434265.25970629154,303271.7884541708
1,All Population,44,Population,25342,Lagos,3,Both,42,<28 days,1,Number,2023,9146.89800482764,10889.475155979597,7605.972854387702
1,All Population,44,Population,25342,Lagos,3,Both,50,2,1,Number,2023,121176.11793344955,144265.6263180925,100759.00538872216
1,All Population,44,Population,25342,Lagos,3,Both,51,3,1,Number,2023,121588.27645336665,144760.65560602632,101094.72472484296
1,All Population,44,Population,25342,Lagos,3,Both,52,4,1,Number,2023,121988.95250896801,145238.97778217276,101418.93266518369
1,All Population,44,Population,25342,Lagos,3,Both,53,5,1,Number,2023,122344.44897199808,145662.8515216419,101738.37886548517
1,All Population,44,Population,195,Namibia,3,Both,42,<28 days,1,Number,2023,5010.870801261473,5360.814740461795,4681.103045061517
1,All Population,44,Population,195,Namibia,3,Both,50,2,1,Number,2023,67757.22312524631,72489.18100445457,63298.088511213326
1,All Population,44,Population,195,Namibia,3,Both,51,3,1,Number,2023,70001.23999051972,74889.91316585336,65394.42557473455
1,All Population,44,Population,195,Namibia,3,Both,52,4,1,Number,2023,72580.84779884823,77649.67291859264,67804.2681840453
1,All Population,44,Population,195,Namibia,3,Both,53,5,1,Number,2023,75524.79474510191,80799.21614382231,70554.47260183601
1,All Population,44,Population,181,Madagascar,3,Both,238,12-23 months,1,Number,2023,943678.6543504767,1033828.8450657516,852584.3214202862
1,All Population,44,Population,181,Madagascar,3,Both,388,1-5 months,1,Number,2023,412588.33674556063,452003.1492699693,372760.73320981825
1,All Population,44,Population,181,Madagascar,3,Both,389,6-11 months,1,Number,2023,479140.43305680976,524913.0074605417,432888.48285323713
1,All Population,44,Population,182,Malawi,3,Both,1,<5 years,1,Number,2023,2924916.7376422915,3214439.6385789737,2613277.7074931343
1,All Population,44,Population,175,Burundi,3,Both,238,12-23 months,1,Number,2023,473051.5873122358,552686.6810159438,398464.3193423739
1,All Population,44,Population,175,Burundi,3,Both,388,1-5 months,1,Number,2023,208300.22573924583,243366.18564754553,175456.99009200762
1,All Population,44,Population,175,Burundi,3,Both,389,6-11 months,1,Number,2023,240334.88483510027,280793.6668949106,202440.66158652765
1,All Population,44,Population,176,Comoros,3,Both,1,<5 years,1,Number,2023,106813.17123152228,118618.83048721563,95488.01009631698
1,All Population,44,Population,25341,Kwara,3,Both,238,12-23 months,1,Number,2023,93398.65801541696,110932.89888571597,77845.86930646644
1,All Population,44,Population,25341,Kwara,3,Both,388,1-5 months,1,Number,2023,39920.89821080766,47414.314789256634,33275.98969874222
1,All Population,44,Population,25341,Kwara,3,Both,389,6-11 months,1,Number,2023,47270.2948604706,56140.07382258167,39402.692444280896
1,All Population,44,Population,25342,Lagos,3,Both,1,<5 years,1,Number,2023,607067.1514781446,722725.9351925883,504765.0175836808
1,All Population,44,Population,25343,Nasarawa,3,Both,22,All ages,1,Number,2023,6831087.818869994,8082233.011970126,5613929.084859763
1,All Population,44,Population,25343,Nasarawa,3,Both,28,<1 year,1,Number,2023,222698.5730746802,263607.5319027495,182661.64506956935
1,All Population,44,Population,200,Benin,3,Both,238,12-23 months,1,Number,2023,480419.64847710327,546034.136343357,419115.9624151436
1,All Population,44,Population,200,Benin,3,Both,388,1-5 months,1,Number,2023,211708.14092822606,240622.69779149367,184693.23958235898
1,All Population,44,Population,200,Benin,3,Both,389,6-11 months,1,Number,2023,244457.36299657988,277844.72491860157,213263.515109255
1,All Population,44,Population,201,Burkina Faso,3,Both,1,<5 years,1,Number,2023,4429995.547923131,4832337.754232621,3981087.085306624
1,All Population,44,Population,176,Comoros,3,Both,22,All ages,1,Number,2023,882268.4350331519,979782.2565587626,788723.4903783571
1,All Population,44,Population,176,Comoros,3,Both,28,<1 year,1,Number,2023,21997.729186180302,24429.055699351225,19665.359266162617
1,All Population,44,Population,176,Comoros,3,Both,34,2-4 years,1,Number,2023,63289.76969306339,70284.95059400372,56579.29726986052
1,All Population,44,Population,177,Djibouti,3,Both,34,2-4 years,1,Number,2023,101266.41972344989,117676.5820674917,86620.09450738026
1,All Population,44,Population,177,Djibouti,3,Both,42,<28 days,1,Number,2023,2676.7326928346124,3110.495614057436,2289.5925367709815
1,All Population,44,Population,177,Djibouti,3,Both,50,2,1,Number,2023,34113.178883602464,39641.198982269234,29179.334935651543
1,All Population,44,Population,177,Djibouti,3,Both,51,3,1,Number,2023,33807.68695066998,39286.20226554062,28918.026792496894
1,All Population,44,Population,177,Djibouti,3,Both,52,4,1,Number,2023,33345.55388917744,38749.180819681846,28522.732779231814
1,All Population,44,Population,177,Djibouti,3,Both,53,5,1,Number,2023,32795.105261573786,38109.53232339814,28051.8964222766
1,All Population,44,Population,25343,Nasarawa,3,Both,34,2-4 years,1,Number,2023,624033.4084220239,738584.8083001293,511683.9407193186
1,All Population,44,Population,25343,Nasarawa,3,Both,42,<28 days,1,Number,2023,17498.795070061125,20720.690750345966,14356.953643717745
1,All Population,44,Population,25343,Nasarawa,3,Both,50,2,1,Number,2023,212577.86548043994,251573.02033419075,174317.89204944213
1,All Population,44,Population,25343,Nasarawa,3,Both,51,3,1,Number,2023,208090.35773537224,246287.71566241662,170627.2561276211
1,All Population,44,Population,25343,Nasarawa,3,Both,52,4,1,Number,2023,203365.18520621175,240724.07230352194,166738.7925422554
1,All Population,44,Population,25343,Nasarawa,3,Both,53,5,1,Number,2023,198782.24213650546,235266.9503869447,162953.1844213316
1,All Population,44,Population,201,Burkina Faso,3,Both,22,All ages,1,Number,2023,24270371.44566299,26474661.425136443,21810961.4948083
1,All Population,44,Population,201,Burkina Faso,3,Both,28,<1 year,1,Number,2023,967889.9403334534,1055795.891896112,869809.935422213
1,All Population,44,Population,201,Burkina Faso,3,Both,34,2-4 years,1,Number,2023,2539152.586657476,2769764.162407517,2281850.5032367567
1,All Population,44,Population,201,Burkina Faso,3,Both,42,<28 days,1,Number,2023,75868.80562738795,82759.38199839582,68180.72817306443
1,All Population,44,Population,202,Cameroon,3,Both,34,2-4 years,1,Number,2023,3040246.9788680184,3575032.7982706954,2495580.85920985
1,All Population,44,Population,202,Cameroon,3,Both,42,<28 days,1,Number,2023,82628.8656859504,97163.45644430636,67825.74476921506
1,All Population,44,Population,202,Cameroon,3,Both,50,2,1,Number,2023,1025831.8597093775,1206277.8351440157,842052.1002578397
1,All Population,44,Population,202,Cameroon,3,Both,51,3,1,Number,2023,1013620.8515468064,1191918.88503747,832028.7177978023
1,All Population,44,Population,202,Cameroon,3,Both,52,4,1,Number,2023,1000794.2676118342,1176836.0780892095,821500.0411542081
1,All Population,44,Population,202,Cameroon,3,Both,53,5,1,Number,2023,987501.6733853973,1161205.288661928,810588.8408631415
1,All Population,44,Population,197,Eswatini,3,Both,238,12-23 months,1,Number,2023,26751.801284243786,29576.837437872808,23890.76173746951
1,All Population,44,Population,197,Eswatini,3,Both,388,1-5 months,1,Number,2023,11466.299289655824,12677.160184495346,10240.006698204166
1,All Population,44,Population,198,Zimbabwe,3,Both,238,12-23 months,1,Number,2023,443259.1503967098,476498.8786888117,412645.88929247693
1,All Population,44,Population,198,Zimbabwe,3,Both,388,1-5 months,1,Number,2023,191571.08341787956,205936.87994060185,178340.41329760436
1,All Population,44,Population,198,Zimbabwe,3,Both,389,6-11 months,1,Number,2023,223325.61480923707,240072.66391196157,207901.84893480505
1,All Population,44,Population,199,Western Sub-Saharan Africa,3,Both,1,<5 years,1,Number,2023,83477644.34602489,88563158.54623553,78510194.2084349
1,All Population,44,Population,199,Western Sub-Saharan Africa,3,Both,22,All ages,1,Number,2023,519681031.8087771,550700405.4982839,488228819.91172516
1,All Population,44,Population,199,Western Sub-Saharan Africa,3,Both,28,<1 year,1,Number,2023,17637581.810143445,18709095.264822375,16597817.956962554
1,All Population,44,Population,25345,Ogun,3,Both,238,12-23 months,1,Number,2023,418039.24570993497,490627.16859386564,351301.54836957325
1,All Population,44,Population,25345,Ogun,3,Both,388,1-5 months,1,Number,2023,183954.14126018272,215894.21107673936,154622.94056468422
1,All Population,44,Population,25345,Ogun,3,Both,389,6-11 months,1,Number,2023,211275.42133400886,247975.52265670188,177583.8373322778
1,All Population,44,Population,25346,Ondo,3,Both,1,<5 years,1,Number,2023,487135.7710746447,583868.0725633946,402772.8306987632
1,All Population,44,Population,199,Western Sub-Saharan Africa,3,Both,34,2-4 years,1,Number,2023,48764347.882089354,51737378.12971015,45848053.17550052
1,All Population,44,Population,199,Western Sub-Saharan Africa,3,Both,42,<28 days,1,Number,2023,1384969.261904709,1468969.0442938798,1303385.1423979166
1,All Population,44,Population,199,Western Sub-Saharan Africa,3,Both,50,2,1,Number,2023,16656057.900649276,17670649.754828118,15664486.309965579
1,All Population,44,Population,199,Western Sub-Saharan Africa,3,Both,51,3,1,Number,2023,16250586.902387971,17241286.836035937,15278562.794528645
1,All Population,44,Population,199,Western Sub-Saharan Africa,3,Both,52,4,1,Number,2023,15857703.079052106,16825441.538846094,14905073.459444368
1,All Population,44,Population,199,Western Sub-Saharan Africa,3,Both,53,5,1,Number,2023,15487447.860900952,16434027.460454136,14552996.90956559
1,All Population,44,Population,200,Benin,3,Both,53,5,1,Number,2023,437480.3000530222,497230.2414439439,381655.86602382036
1,All Population,44,Population,25346,Ondo,3,Both,22,All ages,1,Number,2023,3884494.34981096,4650787.350505711,3212254.8008355754
1,All Population,44,Population,25346,Ondo,3,Both,28,<1 year,1,Number,2023,97371.65189519477,116691.65315738847,80512.21690817023
1,All Population,44,Population,25346,Ondo,3,Both,34,2-4 years,1,Number,2023,292661.5270181911,350799.3898149812,241976.63771478005
1,All Population,44,Population,25346,Ondo,3,Both,42,<28 days,1,Number,2023,7467.851614794947,8948.990458804103,6174.615294639026
1,All Population,44,Population,25346,Ondo,3,Both,50,2,1,Number,2023,97310.60525391257,116634.38991171062,80453.73229181675
1,All Population,44,Population,25346,Ondo,3,Both,51,3,1,Number,2023,97539.67809784749,116914.89826089804,80645.9792139896
1,All Population,44,Population,25346,Ondo,3,Both,52,4,1,Number,2023,97811.24366643107,117220.55124044584,80876.92620897369
1,All Population,44,Population,25346,Ondo,3,Both,53,5,1,Number,2023,97873.37262432219,117280.34270979044,80934.62524113427
1,All Population,44,Population,25347,Osun,3,Both,50,2,1,Number,2023,113307.41070531998,132816.9675933,94253.9471754104
1,All Population,44,Population,25347,Osun,3,Both,51,3,1,Number,2023,112991.05333024162,132412.0664479548,94028.80554092217
1,All Population,44,Population,187,Somalia,3,Both,1,<5 years,1,Number,2023,4116421.2898040568,5239549.177704609,2921693.197412588
1,All Population,44,Population,187,Somalia,3,Both,22,All ages,1,Number,2023,21874189.886152264,27842362.47024148,15525542.04001905
1,All Population,44,Population,25347,Osun,3,Both,52,4,1,Number,2023,112750.09370040256,132113.3965891109,93863.7697135728
1,All Population,44,Population,25347,Osun,3,Both,53,5,1,Number,2023,112694.69898873048,132043.35563532368,93844.5135037524
1,All Population,44,Population,179,Ethiopia,3,Both,238,12-23 months,1,Number,2023,3342766.3661420364,3885551.5691038086,2785993.3661746015
1,All Population,44,Population,179,Ethiopia,3,Both,388,1-5 months,1,Number,2023,1495236.1396573638,1738026.6797800877,1246188.7878684406
1,All Population,44,Population,179,Ethiopia,3,Both,389,6-11 months,1,Number,2023,1722211.038737613,2001856.8667178273,1435358.6232271513
1,All Population,44,Population,180,Kenya,3,Both,1,<5 years,1,Number,2023,5942969.089693732,6486418.420043276,5395885.658051652
1,All Population,44,Population,25346,Ondo,3,Both,238,12-23 months,1,Number,2023,97102.5921612588,116377.02959102491,80283.97607581288
1,All Population,44,Population,25346,Ondo,3,Both,388,1-5 months,1,Number,2023,41203.55332141098,49377.49999930446,34069.375381057966
1,All Population,44,Population,25346,Ondo,3,Both,389,6-11 months,1,Number,2023,48700.24695898884,58365.16269927989,40268.36728100171
1,All Population,44,Population,25347,Osun,3,Both,1,<5 years,1,Number,2023,567118.5625561645,664747.0885710865,471761.83409880975
1,All Population,44,Population,25347,Osun,3,Both,22,All ages,1,Number,2023,4694140.888976948,5484380.262488423,3907521.5737553295
1,All Population,44,Population,25347,Osun,3,Both,28,<1 year,1,Number,2023,114524.13884908274,134304.31077259025,95198.98471910699
1,All Population,44,Population,204,Chad,3,Both,238,12-23 months,1,Number,2023,831802.7969439512,970129.0693126299,704832.3114254778
1,All Population,44,Population,204,Chad,3,Both,388,1-5 months,1,Number,2023,380509.2535273258,443786.7837731999,322426.4425027172
1,All Population,44,Population,204,Chad,3,Both,389,6-11 months,1,Number,2023,431450.6825388882,503199.6173174137,365591.92029318894
1,All Population,44,Population,205,Côte d'Ivoire,3,Both,1,<5 years,1,Number,2023,4970274.943932738,5373660.429323439,4557803.63084578
1,All Population,44,Population,206,Gambia,3,Both,22,All ages,1,Number,2023,2523454.678169702,2859794.752081913,2193893.516427527
1,All Population,44,Population,206,Gambia,3,Both,28,<1 year,1,Number,2023,75830.4690171359,85937.57566528064,65927.07044178777
1,All Population,44,Population,206,Gambia,3,Both,34,2-4 years,1,Number,2023,213398.152980598,241841.04564165513,185528.52495901208
1,All Population,44,Population,206,Gambia,3,Both,42,<28 days,1,Number,2023,5890.633806477249,6675.770241460638,5121.321744939276
1,All Population,44,Population,206,Gambia,3,Both,50,2,1,Number,2023,72516.4563599253,82181.85296995648,63045.86518579065
1,All Population,44,Population,206,Gambia,3,Both,51,3,1,Number,2023,71123.82031819093,80603.59865131711,61835.10629674241
1,All Population,44,Population,206,Gambia,3,Both,52,4,1,Number,2023,69757.87630248177,79055.59402038153,60647.55347647901
1,All Population,44,Population,206,Gambia,3,Both,53,5,1,Number,2023,68473.60278342453,77600.14538410898,59531.00505135617
1,All Population,44,Population,25347,Osun,3,Both,34,2-4 years,1,Number,2023,339048.55773596413,397326.6881346889,282146.52242990537
1,All Population,44,Population,25347,Osun,3,Both,42,<28 days,1,Number,2023,8749.732894863113,10263.079607024622,7270.967490890971
1,All Population,44,Population,25348,Oyo,3,Both,34,2-4 years,1,Number,2023,478778.01498576236,564892.2105357981,396975.2785859689
1,All Population,44,Population,25348,Oyo,3,Both,42,<28 days,1,Number,2023,12484.957325390242,14726.592761656637,10349.497842092713
1,All Population,44,Population,25348,Oyo,3,Both,50,2,1,Number,2023,161667.10406915686,190733.2201694195,134044.72829075644
1,All Population,44,Population,25348,Oyo,3,Both,51,3,1,Number,2023,159835.36980430887,188585.35583274244,132526.91761626082
1,All Population,44,Population,25348,Oyo,3,Both,52,4,1,Number,2023,157275.54111229663,185573.63453363618,130403.63267895163
1,All Population,44,Population,25348,Oyo,3,Both,53,5,1,Number,2023,154007.67479949558,181716.94501429662,127689.27336900095
1,All Population,44,Population,181,Madagascar,3,Both,22,All ages,1,Number,2023,30852137.614605155,33799460.91910962,27873947.01707881
1,All Population,44,Population,181,Madagascar,3,Both,28,<1 year,1,Number,2023,967061.9630115632,1059445.9752990785,873710.4137139552
1,All Population,44,Population,181,Madagascar,3,Both,34,2-4 years,1,Number,2023,2717552.6118674264,2977162.0510649933,2455224.2851223988
1,All Population,44,Population,181,Madagascar,3,Both,42,<28 days,1,Number,2023,75333.1932091927,82529.81856856753,68061.19765089973
1,All Population,44,Population,181,Madagascar,3,Both,50,2,1,Number,2023,926427.2976319212,1014929.4558404679,836998.257039512
1,All Population,44,Population,181,Madagascar,3,Both,51,3,1,Number,2023,906701.4428301378,993319.1782383969,819176.560582693
1,All Population,44,Population,181,Madagascar,3,Both,52,4,1,Number,2023,884423.8714053675,968913.4169861281,799049.4675001936
1,All Population,44,Population,181,Madagascar,3,Both,53,5,1,Number,2023,860404.3343068693,942599.2790292344,777348.5625962382
1,All Population,44,Population,202,Cameroon,3,Both,238,12-23 months,1,Number,2023,1038069.0905247623,1220667.6205229978,852097.0075317803
1,All Population,44,Population,202,Cameroon,3,Both,388,1-5 months,1,Number,2023,451605.4961042869,531043.8499484231,370699.49902933615
1,All Population,44,Population,202,Cameroon,3,Both,389,6-11 months,1,Number,2023,523007.4017822898,615005.500574891,429309.615365173
1,All Population,44,Population,203,Cabo Verde,3,Both,1,<5 years,1,Number,2023,37884.29559949129,41027.585583883854,34847.60712055563
1,All Population,44,Population,203,Cabo Verde,3,Both,22,All ages,1,Number,2023,494695.6596845856,535740.9500299046,455042.3789102735
1,All Population,44,Population,25349,Plateau,3,Both,238,12-23 months,1,Number,2023,433494.3652920951,509731.90363914904,359769.35178391973
1,All Population,44,Population,25349,Plateau,3,Both,388,1-5 months,1,Number,2023,189003.9198255697,222240.85556405483,156861.99779890274
1,All Population,44,Population,25349,Plateau,3,Both,389,6-11 months,1,Number,2023,215496.8642423787,253420.30531771036,178816.3308411391
1,All Population,44,Population,204,Chad,3,Both,28,<1 year,1,Number,2023,882620.8400217881,1029397.9982180386,747893.2375203018
1,All Population,44,Population,204,Chad,3,Both,34,2-4 years,1,Number,2023,2282352.2787566874,2661900.5131609114,1933962.7590019738
1,All Population,44,Population,204,Chad,3,Both,42,<28 days,1,Number,2023,70660.90395557409,82411.59712742502,59874.87472439564
1,All Population,44,Population,204,Chad,3,Both,50,2,1,Number,2023,793993.7813020977,926032.5294945154,672794.6505935136
1,All Population,44,Population,204,Chad,3,Both,51,3,1,Number,2023,759650.9275648354,885978.563751581,643694.0596006549
1,All Population,44,Population,204,Chad,3,Both,52,4,1,Number,2023,728707.569889754,849889.419914815,617474.0488078053
1,All Population,44,Population,204,Chad,3,Both,53,5,1,Number,2023,701032.6587287502,817612.2552952983,594023.5727168728
1,All Population,44,Population,25350,Rivers,3,Both,1,<5 years,1,Number,2023,431953.58604673063,507961.2169571265,356916.30681457074
1,All Population,44,Population,25350,Rivers,3,Both,22,All ages,1,Number,2023,3928741.176524873,4616825.596818129,3256232.761600043
1,All Population,44,Population,25351,Sokoto,3,Both,22,All ages,1,Number,2023,7445165.802158741,8769950.601310851,6155287.437699992
1,All Population,44,Population,25351,Sokoto,3,Both,28,<1 year,1,Number,2023,332633.52233927976,391739.22311585234,274655.09900568833
1,All Population,44,Population,25351,Sokoto,3,Both,34,2-4 years,1,Number,2023,865280.4874850969,1019556.1376284658,714761.7663517938
1,All Population,44,Population,25351,Sokoto,3,Both,42,<28 days,1,Number,2023,26605.28021425209,31324.782339283982,21968.201630654014
1,All Population,44,Population,25351,Sokoto,3,Both,50,2,1,Number,2023,301482.06122402736,355198.22074953595,249008.305063955
1,All Population,44,Population,25351,Sokoto,3,Both,51,3,1,Number,2023,288102.19313074043,339478.4149025462,237988.815520888
1,All Population,44,Population,25351,Sokoto,3,Both,52,4,1,Number,2023,275696.2331303292,324879.5019763836,227764.64576695082
1,All Population,44,Population,25351,Sokoto,3,Both,53,5,1,Number,2023,265903.208440595,313335.0578593348,219699.16831072807
1,All Population,44,Population,25350,Rivers,3,Both,238,12-23 months,1,Number,2023,85426.60561235345,100470.82848952289,70580.87916178713
1,All Population,44,Population,25350,Rivers,3,Both,388,1-5 months,1,Number,2023,36377.156890410275,42790.02258992201,30043.74677440295
1,All Population,44,Population,25350,Rivers,3,Both,389,6-11 months,1,Number,2023,43142.88619535315,50742.40846305189,35640.21022334178
1,All Population,44,Population,25351,Sokoto,3,Both,1,<5 years,1,Number,2023,1512931.8590105777,1782374.953072879,1249553.1264842926
1,All Population,44,Population,208,Guinea,3,Both,238,12-23 months,1,Number,2023,476659.3803707284,535829.9059456673,421729.88690671365
1,All Population,44,Population,208,Guinea,3,Both,388,1-5 months,1,Number,2023,210113.16095989896,236195.74042060194,185900.04363348914
1,All Population,44,Population,208,Guinea,3,Both,389,6-11 months,1,Number,2023,241749.0131035271,271758.7365069206,213890.228860418
1,All Population,44,Population,209,Guinea-Bissau,3,Both,1,<5 years,1,Number,2023,333711.1659300037,386118.5974080781,282426.7079299465
1,All Population,44,Population,210,Liberia,3,Both,1,<5 years,1,Number,2023,764357.1495307456,819164.5893524549,712341.4009047939
1,All Population,44,Population,184,Mozambique,3,Both,1,<5 years,1,Number,2023,5596219.382083313,6180776.433150999,4998082.997917556
1,All Population,44,Population,184,Mozambique,3,Both,389,6-11 months,1,Number,2023,573693.4835965678,633619.0419228952,512375.84708708484
1,All Population,44,Population,185,Rwanda,3,Both,1,<5 years,1,Number,2023,1770029.3762539164,1902232.2667138188,1633387.560449016
1,All Population,44,Population,210,Liberia,3,Both,22,All ages,1,Number,2023,5734531.246503515,6145719.885729833,5344287.057659443
1,All Population,44,Population,210,Liberia,3,Both,28,<1 year,1,Number,2023,166716.13219396694,178670.34023419858,155370.82793480463
1,All Population,44,Population,210,Liberia,3,Both,34,2-4 years,1,Number,2023,438732.8768545179,470191.7645757508,408876.3901971804
1,All Population,44,Population,210,Liberia,3,Both,42,<28 days,1,Number,2023,12994.635900291169,13926.402843986883,12110.329768150876
1,All Population,44,Population,210,Liberia,3,Both,50,2,1,Number,2023,152613.88853816345,163556.90976475558,142228.26492241834
1,All Population,44,Population,210,Liberia,3,Both,51,3,1,Number,2023,146326.82518935282,156819.03903309163,136369.04647170007
1,All Population,44,Population,210,Liberia,3,Both,52,4,1,Number,2023,139792.16312700164,149815.81577790357,130279.07880306196
1,All Population,44,Population,210,Liberia,3,Both,53,5,1,Number,2023,133057.35784924167,142598.09824479494,124002.58799071617
1,All Population,44,Population,206,Gambia,3,Both,238,12-23 months,1,Number,2023,73916.11483284147,83768.0657084614,64262.72938212757
1,All Population,44,Population,206,Gambia,3,Both,388,1-5 months,1,Number,2023,32325.04707537635,36633.50912805466,28103.421793301386
1,All Population,44,Population,206,Gambia,3,Both,389,6-11 months,1,Number,2023,37614.78813528229,42628.296295765336,32702.326903547106
1,All Population,44,Population,207,Ghana,3,Both,1,<5 years,1,Number,2023,4291815.354876945,4642265.207317711,3928859.3209302914
1,All Population,44,Population,185,Rwanda,3,Both,22,All ages,1,Number,2023,13935613.836727798,14976460.081578001,12859819.49989233
1,All Population,44,Population,185,Rwanda,3,Both,28,<1 year,1,Number,2023,356498.6340829152,383125.39548193483,328977.8362099717
1,All Population,44,Population,185,Rwanda,3,Both,34,2-4 years,1,Number,2023,1060319.8660411662,1139514.7952232852,978465.8393376629
1,All Population,44,Population,185,Rwanda,3,Both,42,<28 days,1,Number,2023,27573.742474322862,29633.215895954672,25445.11890977944
1,All Population,44,Population,185,Rwanda,3,Both,50,2,1,Number,2023,352810.65642369573,379161.9640290996,325574.5611499092
1,All Population,44,Population,185,Rwanda,3,Both,51,3,1,Number,2023,353039.2923583194,379407.6767037061,325785.54696545325
1,All Population,44,Population,185,Rwanda,3,Both,52,4,1,Number,2023,354469.9172591513,380945.1544904794,327105.73122230044
1,All Population,44,Population,185,Rwanda,3,Both,53,5,1,Number,2023,355189.9620119033,381718.9791402498,327770.1903312226
1,All Population,44,Population,208,Guinea,3,Both,22,All ages,1,Number,2023,14173963.625519149,15933460.89283346,12540577.869590884
1,All Population,44,Population,208,Guinea,3,Both,28,<1 year,1,Number,2023,490505.71963931987,551395.0725478869,433980.5953460889
1,All Population,44,Population,208,Guinea,3,Both,34,2-4 years,1,Number,2023,1375078.347543938,1545774.8907811893,1216616.434877546
1,All Population,44,Population,208,Guinea,3,Both,42,<28 days,1,Number,2023,38643.54557589381,43440.595620364445,34190.322852181795
1,All Population,44,Population,208,Guinea,3,Both,50,2,1,Number,2023,466968.2696242971,524935.7807619133,413155.5648490754
1,All Population,44,Population,208,Guinea,3,Both,51,3,1,Number,2023,458140.63124199235,515012.3158330709,405345.2099291172
1,All Population,44,Population,208,Guinea,3,Both,52,4,1,Number,2023,449969.44667764875,505826.7941862051,398115.66009935347
1,All Population,44,Population,208,Guinea,3,Both,53,5,1,Number,2023,442423.0884811715,497343.6622702745,391438.9326083668
1,All Population,44,Population,25353,Yobe,3,Both,238,12-23 months,1,Number,2023,184673.1676242682,219730.33968845196,153017.39817652316
1,All Population,44,Population,25353,Yobe,3,Both,388,1-5 months,1,Number,2023,82104.07141460323,97714.29592225283,68033.72026790597
1,All Population,44,Population,25353,Yobe,3,Both,389,6-11 months,1,Number,2023,94695.0098059664,112676.06228225502,78467.34604515349
1,All Population,44,Population,25354,Zamfara,3,Both,1,<5 years,1,Number,2023,793509.831825398,937627.9034702484,647665.282557353
1,All Population,44,Population,435,South Sudan,3,Both,1,<5 years,1,Number,2023,1397114.2847093162,1617731.2795256176,1176082.1019658132
1,All Population,44,Population,25352,Taraba,3,Both,22,All ages,1,Number,2023,9696534.41686665,11427549.036008842,8058286.431857849
1,All Population,44,Population,25352,Taraba,3,Both,28,<1 year,1,Number,2023,348746.9385809848,411235.8602332856,288761.25276086514
1,All Population,44,Population,25352,Taraba,3,Both,34,2-4 years,1,Number,2023,965814.9665110221,1138393.1861977887,800309.472022937
1,All Population,44,Population,25352,Taraba,3,Both,42,<28 days,1,Number,2023,27741.111056495243,32708.616909567965,22973.157122639615
1,All Population,44,Population,25352,Taraba,3,Both,50,2,1,Number,2023,329691.50244140613,388635.8232217658,273108.8159170903
1,All Population,44,Population,25352,Taraba,3,Both,51,3,1,Number,2023,321970.73736524145,379495.05053328606,266795.3028171263
1,All Population,44,Population,25352,Taraba,3,Both,52,4,1,Number,2023,314152.7267043744,370262.312442737,260405.35328872057
1,All Population,44,Population,25352,Taraba,3,Both,53,5,1,Number,2023,306600.1363112823,361368.71311159566,254225.12987093622
1,All Population,44,Population,169,Central African Republic,3,Both,22,All ages,1,Number,2023,6564851.532673323,7814208.495481251,5346924.818365029
1,All Population,44,Population,169,Central African Republic,3,Both,28,<1 year,1,Number,2023,265854.9674206982,316449.82900911674,216532.92786782864
1,All Population,44,Population,169,Central African Republic,3,Both,34,2-4 years,1,Number,2023,694185.4101890903,826295.842753015,565398.4983230018
1,All Population,44,Population,169,Central African Republic,3,Both,42,<28 days,1,Number,2023,21135.123172584823,25157.348681273415,17214.085355663294
1,All Population,44,Population,169,Central African Republic,3,Both,50,2,1,Number,2023,241930.84318837704,287972.70444769884,197047.26349616927
1,All Population,44,Population,169,Central African Republic,3,Both,51,3,1,Number,2023,231263.91679871667,275275.7551869417,188359.29040726039
1,All Population,44,Population,169,Central African Republic,3,Both,52,4,1,Number,2023,220990.65020199658,263047.3831183744,179991.9444195722
1,All Population,44,Population,169,Central African Republic,3,Both,53,5,1,Number,2023,212568.35393684308,253022.23956424103,173132.17238914
1,All Population,44,Population,187,Somalia,3,Both,53,5,1,Number,2023,731926.1324167215,931625.4812750454,519495.8075324288
1,All Population,44,Population,213,Niger,3,Both,238,12-23 months,1,Number,2023,1134535.1674401828,1286157.4556040645,990766.6959986712
1,All Population,44,Population,213,Niger,3,Both,388,1-5 months,1,Number,2023,515377.7846219369,584254.2383589518,450069.03224788146
1,All Population,44,Population,213,Niger,3,Both,389,6-11 months,1,Number,2023,588770.25704746,667455.0754103772,514161.1992454663
1,All Population,44,Population,214,Nigeria,3,Both,1,<5 years,1,Number,2023,38782499.662557244,43627248.30715087,33913419.46367947
1,All Population,44,Population,25354,Zamfara,3,Both,238,12-23 months,1,Number,2023,162167.41148832053,191625.33701106746,132407.91867799687
1,All Population,44,Population,25354,Zamfara,3,Both,388,1-5 months,1,Number,2023,72154.74839724752,85270.22483029104,58936.76784765602
1,All Population,44,Population,25354,Zamfara,3,Both,389,6-11 months,1,Number,2023,83166.38382655846,98263.7786651713,67925.79710662762
1,All Population,44,Population,435,South Sudan,3,Both,22,All ages,1,Number,2023,9851643.164669603,11407306.81565301,8293051.848176054
1,All Population,44,Population,478,World Bank Regions,3,Both,22,All ages,1,Number,2023,8059613294.308448,8314619500.530767,7798073319.392382
1,All Population,44,Population,478,World Bank Regions,3,Both,28,<1 year,1,Number,2023,124545991.10947527,128224717.75478485,120806062.90232503
1,All Population,44,Population,478,World Bank Regions,3,Both,34,2-4 years,1,Number,2023,392475390.0429882,404018745.391933,380693985.77056485
1,All Population,44,Population,478,World Bank Regions,3,Both,42,<28 days,1,Number,2023,9598345.72643829,9880840.345677612,9308886.38490834
1,All Population,44,Population,478,World Bank Regions,3,Both,50,2,1,Number,2023,127670026.14806835,131457099.010102,123861331.05606583
1,All Population,44,Population,478,World Bank Regions,3,Both,51,3,1,Number,2023,130642859.45818323,134490447.415632,126717210.00998266
1,All Population,44,Population,478,World Bank Regions,3,Both,52,4,1,Number,2023,134162504.43673661,138105604.15842715,130135803.24099185
1,All Population,44,Population,478,World Bank Regions,3,Both,53,5,1,Number,2023,137645413.19967675,141675001.19460663,133487929.43134877
1,All Population,44,Population,214,Nigeria,3,Both,22,All ages,1,Number,2023,244833398.8583361,275418231.9039315,214094961.03773314
1,All Population,44,Population,214,Nigeria,3,Both,28,<1 year,1,Number,2023,8118317.938802247,9132466.334924452,7099076.232673141
1,All Population,44,Population,215,Sao Tome and Principe,3,Both,28,<1 year,1,Number,2023,4258.868646249165,4850.044063266468,3683.6658324316204
1,All Population,44,Population,215,Sao Tome and Principe,3,Both,34,2-4 years,1,Number,2023,13629.153825992895,15521.022621657772,11788.400263995241
1,All Population,44,Population,215,Sao Tome and Principe,3,Both,42,<28 days,1,Number,2023,324.9188633834303,370.02099273101146,281.03532059204895
1,All Population,44,Population,215,Sao Tome and Principe,3,Both,50,2,1,Number,2023,4429.84093377865,5044.749088706916,3831.546602227071
1,All Population,44,Population,215,Sao Tome and Principe,3,Both,51,3,1,Number,2023,4539.5949688618475,5169.738129339482,3926.4772569594134
1,All Population,44,Population,211,Mali,3,Both,238,12-23 months,1,Number,2023,955140.9913257097,1026486.4925800551,881928.6239490852
1,All Population,44,Population,211,Mali,3,Both,388,1-5 months,1,Number,2023,428554.9676105248,460566.4394841952,395705.865734758
1,All Population,44,Population,211,Mali,3,Both,389,6-11 months,1,Number,2023,491199.6691949733,527890.468703057,453548.7977917215
1,All Population,44,Population,212,Mauritania,3,Both,1,<5 years,1,Number,2023,665793.093403978,750069.8962894515,578884.3577119024
1,All Population,44,Population,212,Mauritania,3,Both,22,All ages,1,Number,2023,4598281.494335392,5180336.891048389,3998048.7268463564
1,All Population,44,Population,212,Mauritania,3,Both,28,<1 year,1,Number,2023,134157.16657147295,151138.92441010138,116645.07483266092
1,All Population,44,Population,212,Mauritania,3,Both,34,2-4 years,1,Number,2023,398288.4977787719,448704.2824292835,346298.24716551387
1,All Population,44,Population,212,Mauritania,3,Both,42,<28 days,1,Number,2023,10367.177036391813,11679.465409807943,9013.90639141977
1,All Population,44,Population,212,Mauritania,3,Both,50,2,1,Number,2023,133185.156804844,150043.8766061054,115799.94553495692
1,All Population,44,Population,212,Mauritania,3,Both,51,3,1,Number,2023,132821.8079359784,149634.53464824051,115484.02610193421
1,All Population,44,Population,212,Mauritania,3,Both,52,4,1,Number,2023,132281.53303794947,149025.8711749376,115014.27552862273
1,All Population,44,Population,212,Mauritania,3,Both,53,5,1,Number,2023,131501.51652528124,148147.11933663016,114336.07780861926
1,All Population,44,Population,213,Niger,3,Both,50,2,1,Number,2023,1080935.5350806816,1225394.626248716,943959.2173205222
1,All Population,44,Population,213,Niger,3,Both,51,3,1,Number,2023,1034457.8267661895,1172705.513752583,903371.1713737077
1,All Population,44,Population,213,Niger,3,Both,52,4,1,Number,2023,993709.5132409199,1126511.4875576387,867786.4904245577
1,All Population,44,Population,213,Niger,3,Both,53,5,1,Number,2023,958672.2395397468,1086791.7396925467,837189.145451959
1,All Population,44,Population,215,Sao Tome and Principe,3,Both,52,4,1,Number,2023,4659.717923352397,5306.535403611376,4030.376404808757
1,All Population,44,Population,215,Sao Tome and Principe,3,Both,53,5,1,Number,2023,4788.549026227209,5453.249608148384,4141.807578492028
1,All Population,44,Population,217,Sierra Leone,3,Both,238,12-23 months,1,Number,2023,225195.6934905805,243024.29343890023,207848.98030304915
1,All Population,44,Population,217,Sierra Leone,3,Both,388,1-5 months,1,Number,2023,102833.27591165062,110974.52101801269,94912.07939264037
1,All Population,44,Population,217,Sierra Leone,3,Both,389,6-11 months,1,Number,2023,119063.35729631578,128489.52763215598,109891.96561404034
1,All Population,44,Population,218,Togo,3,Both,1,<5 years,1,Number,2023,1141775.9626840132,1228559.716911045,1059417.543622418
1,All Population,44,Population,215,Sao Tome and Principe,3,Both,238,12-23 months,1,Number,2023,4326.610157812596,4927.188803638838,3742.258175213371
1,All Population,44,Population,215,Sao Tome and Principe,3,Both,388,1-5 months,1,Number,2023,1801.6934023092435,2051.787250445544,1558.3566852781844
1,All Population,44,Population,215,Sao Tome and Principe,3,Both,389,6-11 months,1,Number,2023,2132.256380556491,2428.235820089912,1844.2738265613866
1,All Population,44,Population,216,Senegal,3,Both,1,<5 years,1,Number,2023,2708899.117690925,2895365.69638086,2513758.7295804345
1,All Population,44,Population,216,Senegal,3,Both,22,All ages,1,Number,2023,18733912.524016947,20023457.98955928,17384381.662239853
1,All Population,44,Population,217,Sierra Leone,3,Both,22,All ages,1,Number,2023,8013839.6217448525,8648290.21203582,7396537.508660275
1,All Population,44,Population,217,Sierra Leone,3,Both,28,<1 year,1,Number,2023,240715.88966423876,259773.21368099266,222173.6634210817
1,All Population,44,Population,217,Sierra Leone,3,Both,34,2-4 years,1,Number,2023,630790.3380401486,680729.6082538286,582200.869450217
1,All Population,44,Population,217,Sierra Leone,3,Both,42,<28 days,1,Number,2023,18819.256456272364,20309.16503082398,17369.61841440097
1,All Population,44,Population,217,Sierra Leone,3,Both,50,2,1,Number,2023,215982.62128206514,233081.8281582768,199345.58650223305
1,All Population,44,Population,217,Sierra Leone,3,Both,51,3,1,Number,2023,209497.4155818789,226083.19284396683,193359.93299818144
1,All Population,44,Population,217,Sierra Leone,3,Both,52,4,1,Number,2023,205310.30117620455,221564.587251585,189495.34994980253
1,All Population,44,Population,217,Sierra Leone,3,Both,53,5,1,Number,2023,203050.06887471632,219125.4137951,187409.2222275955
1,All Population,44,Population,171,Democratic Republic of the Congo,3,Both,238,12-23 months,1,Number,2023,2954327.2239155695,3891010.7992572295,1977232.8683069984
1,All Population,44,Population,171,Democratic Republic of the Congo,3,Both,388,1-5 months,1,Number,2023,1289532.6770443916,1698385.1794604757,863041.2952119727
1,All Population,44,Population,171,Democratic Republic of the Congo,3,Both,389,6-11 months,1,Number,2023,1493352.9407219426,1966827.632502526,999451.4129903713
1,All Population,44,Population,172,Equatorial Guinea,3,Both,1,<5 years,1,Number,2023,203558.86172366788,228397.7656172987,179068.79751096055
1,All Population,44,Population,172,Equatorial Guinea,3,Both,388,1-5 months,1,Number,2023,17068.922956651575,19151.727572957607,15015.369425694942
1,All Population,44,Population,172,Equatorial Guinea,3,Both,389,6-11 months,1,Number,2023,19889.212421051063,22316.15778546923,17496.35128394694
1,All Population,44,Population,173,Gabon,3,Both,1,<5 years,1,Number,2023,236439.20157265506,266773.964655574,204508.92478265575
1,All Population,44,Population,190,Uganda,3,Both,238,12-23 months,1,Number,2023,1527102.9553479964,1720450.7365215975,1340879.1746988043
1,All Population,44,Population,190,Uganda,3,Both,388,1-5 months,1,Number,2023,667322.7797941054,751813.0745367988,585945.5743271252
1,All Population,44,Population,190,Uganda,3,Both,389,6-11 months,1,Number,2023,775378.9823821923,873550.3632227712,680824.7776185516
1,All Population,44,Population,191,Zambia,3,Both,1,<5 years,1,Number,2023,3229105.5566922487,3470476.1957980236,2982614.3117813696
1,All Population,44,Population,191,Zambia,3,Both,22,All ages,1,Number,2023,20949918.395812504,22515892.34854725,19350722.774764154
1,All Population,44,Population,242,Sub-Saharan Africa - WB,3,Both,238,12-23 months,1,Number,2023,37749971.654052615,39376872.21162446,36203850.395725965
1,All Population,44,Population,242,Sub-Saharan Africa - WB,3,Both,388,1-5 months,1,Number,2023,16565875.733451791,17280560.45915659,15885034.821286673
1,All Population,44,Population,242,Sub-Saharan Africa - WB,3,Both,389,6-11 months,1,Number,2023,19169665.500494976,19996028.73137178,18382055.298363216
1,All Population,44,Population,173,Gabon,3,Both,22,All ages,1,Number,2023,1913816.9859795854,2159356.57699329,1655362.7800726504
1,All Population,44,Population,173,Gabon,3,Both,28,<1 year,1,Number,2023,47534.36766325828,53632.94933571503,41115.01965992377
1,All Population,44,Population,173,Gabon,3,Both,34,2-4 years,1,Number,2023,141662.57170386935,159837.64809463185,122531.54311300472
1,All Population,44,Population,173,Gabon,3,Both,42,<28 days,1,Number,2023,3668.8838887514985,4139.5956945931175,3173.414113439277
1,All Population,44,Population,173,Gabon,3,Both,50,2,1,Number,2023,47214.28657610011,53271.80236827271,40838.164389974525
1,All Population,44,Population,173,Gabon,3,Both,51,3,1,Number,2023,47225.06796447496,53283.966991153,40847.48979003314
1,All Population,44,Population,173,Gabon,3,Both,52,4,1,Number,2023,47223.217163294285,53281.87873520613,40845.88893299705
1,All Population,44,Population,173,Gabon,3,Both,53,5,1,Number,2023,47071.974147114255,53111.23148726904,40715.0707505039
1,All Population,44,Population,192,Southern Sub-Saharan Africa,3,Both,22,All ages,1,Number,2023,88561244.8168496,93561035.51629151,83861592.45237178
1,All Population,44,Population,192,Southern Sub-Saharan Africa,3,Both,28,<1 year,1,Number,2023,1676763.351972351,1762790.8941087478,1597876.2201594524
1,All Population,44,Population,192,Southern Sub-Saharan Africa,3,Both,34,2-4 years,1,Number,2023,5004313.742489151,5259357.447986796,4767483.608863851
1,All Population,44,Population,192,Southern Sub-Saharan Africa,3,Both,42,<28 days,1,Number,2023,129862.45110912275,136522.1411283663,123764.4686011616
1,All Population,44,Population,192,Southern Sub-Saharan Africa,3,Both,50,2,1,Number,2023,1670776.1202040561,1756196.1494063153,1591763.0256533457
1,All Population,44,Population,192,Southern Sub-Saharan Africa,3,Both,51,3,1,Number,2023,1668680.171737768,1753741.3806234454,1589692.882435131
1,All Population,44,Population,192,Southern Sub-Saharan Africa,3,Both,52,4,1,Number,2023,1664857.450547327,1749505.9937602384,1586033.1042501586
1,All Population,44,Population,192,Southern Sub-Saharan Africa,3,Both,53,5,1,Number,2023,1660728.863570064,1745366.3744015472,1582125.1792396472
1,All Population,44,Population,252,Micronesia,3,Both,1,<5 years,1,Number,2023,44132.280581317515,46383.506520853865,41880.0714188918
1,All Population,44,Population,252,Micronesia,3,Both,22,All ages,1,Number,2023,495839.8581078147,520515.6521270128,471255.03975793667
1,All Population,44,Population,94366,Sahel Region,3,Both,22,All ages,1,Number,2023,407844868.6453797,430029753.17279464,385942027.7355879
1,All Population,44,Population,94366,Sahel Region,3,Both,28,<1 year,1,Number,2023,14795050.204786804,15622308.274053238,13994870.63440849
1,All Population,44,Population,94366,Sahel Region,3,Both,34,2-4 years,1,Number,2023,40525373.000446275,42789090.69547004,38336511.14783966
1,All Population,44,Population,94366,Sahel Region,3,Both,42,<28 days,1,Number,2023,1166017.1004810743,1231459.4054161026,1102652.2105326888
1,All Population,44,Population,94366,Sahel Region,3,Both,50,2,1,Number,2023,13877297.527887575,14652012.997427803,13129084.499401907
1,All Population,44,Population,94366,Sahel Region,3,Both,51,3,1,Number,2023,13504558.025103172,14258758.384905435,12775364.185653318
1,All Population,44,Population,94366,Sahel Region,3,Both,52,4,1,Number,2023,13143517.44745553,13876057.288017634,12435759.89679975
1,All Population,44,Population,94366,Sahel Region,3,Both,53,5,1,Number,2023,12813904.173752233,13527646.376354827,12124825.272380522
1,All Population,44,Population,176,Comoros,3,Both,238,12-23 months,1,Number,2023,21525.67235227859,23904.824193860688,19243.353560293835
1,All Population,44,Population,176,Comoros,3,Both,388,1-5 months,1,Number,2023,9379.604718799344,10416.297253872768,8385.1062538611
1,All Population,44,Population,194,Lesotho,3,Both,238,12-23 months,1,Number,2023,40269.606106534644,44970.84959728551,35992.77063729094
1,All Population,44,Population,194,Lesotho,3,Both,388,1-5 months,1,Number,2023,17176.178875641603,19181.398368513153,15351.981965270092
1,All Population,44,Population,194,Lesotho,3,Both,389,6-11 months,1,Number,2023,19946.608674225277,22275.25981484419,17828.178132755256
1,All Population,44,Population,195,Namibia,3,Both,1,<5 years,1,Number,2023,340640.24416805734,364429.52024843835,318222.55002946046
1,All Population,44,Population,257,Polynesia,3,Both,1,<5 years,1,Number,2023,48442.20816217107,51223.43416725186,45961.333862042695
1,All Population,44,Population,176,Comoros,3,Both,389,6-11 months,1,Number,2023,10908.373371474096,12114.034972685846,9751.782992866663
1,All Population,44,Population,177,Djibouti,3,Both,1,<5 years,1,Number,2023,170204.14475548404,197785.62393381333,145587.245451454
1,All Population,44,Population,177,Djibouti,3,Both,22,All ages,1,Number,2023,1389549.4477663902,1614725.0991342617,1188576.6754359808
1,All Population,44,Population,177,Djibouti,3,Both,28,<1 year,1,Number,2023,34619.27539906792,40229.308133346996,29612.233897806942
1,All Population,44,Population,178,Eritrea,3,Both,28,<1 year,1,Number,2023,202718.22139635097,265482.24405523547,142563.76406693793
1,All Population,44,Population,178,Eritrea,3,Both,34,2-4 years,1,Number,2023,581521.3933723883,761567.4773348616,408961.15876296104
1,All Population,44,Population,44591,World Bank Income Levels,3,Both,1,<5 years,1,Number,2023,642546305.5227542,661538875.1411238,623531620.9786763
1,All Population,44,Population,196,South Africa,3,Both,22,All ages,1,Number,2023,64065398.02356905,68823169.8092809,59595860.81144176
1,All Population,44,Population,196,South Africa,3,Both,28,<1 year,1,Number,2023,1046017.130388245,1123698.8578708651,973041.5049644724
1,All Population,44,Population,196,South Africa,3,Both,34,2-4 years,1,Number,2023,3134601.259944119,3367390.220820198,2915915.082870074
1,All Population,44,Population,196,South Africa,3,Both,42,<28 days,1,Number,2023,80868.79581987386,86874.46014049108,75226.96569990991
1,All Population,44,Population,196,South Africa,3,Both,50,2,1,Number,2023,1046497.6879475698,1124215.1036997973,973488.5363152628
1,All Population,44,Population,196,South Africa,3,Both,51,3,1,Number,2023,1045464.1278539959,1123104.7869918302,972527.0827790773
1,All Population,44,Population,196,South Africa,3,Both,52,4,1,Number,2023,1042639.4441425536,1120070.3301285703,969899.4637757343
1,All Population,44,Population,196,South Africa,3,Both,53,5,1,Number,2023,1039071.1167839443,1116237.00344501,966580.081595121
1,All Population,44,Population,178,Eritrea,3,Both,42,<28 days,1,Number,2023,15765.281244972479,20646.40373345614,11087.103173931238
1,All Population,44,Population,178,Eritrea,3,Both,50,2,1,Number,2023,196706.1659124575,257608.7831978221,138335.7215473297
1,All Population,44,Population,178,Eritrea,3,Both,51,3,1,Number,2023,194058.7375232995,254141.67883548158,136473.8891296207
1,All Population,44,Population,178,Eritrea,3,Both,52,4,1,Number,2023,190756.48993663135,249817.01530155796,134151.54808601065
1,All Population,44,Population,178,Eritrea,3,Both,53,5,1,Number,2023,187451.57612205503,245488.8600431937,131827.33198901947
1,All Population,44,Population,199,Western Sub-Saharan Africa,3,Both,238,12-23 months,1,Number,2023,17075714.653792087,18115278.40397985,16064323.075971832
1,All Population,44,Population,199,Western Sub-Saharan Africa,3,Both,388,1-5 months,1,Number,2023,7546302.349984208,8004393.531112415,7101712.7018334195
1,All Population,44,Population,199,Western Sub-Saharan Africa,3,Both,389,6-11 months,1,Number,2023,8706310.198254526,9235712.515765002,8192720.112731217
1,All Population,44,Population,200,Benin,3,Both,1,<5 years,1,Number,2023,2350071.209650138,2671037.9298066106,2050191.6603512543
1,All Population,44,Population,180,Kenya,3,Both,238,12-23 months,1,Number,2023,1170812.335911226,1277876.1907475854,1063032.5341198957
1,All Population,44,Population,180,Kenya,3,Both,388,1-5 months,1,Number,2023,494110.27268509683,539293.7311141873,448624.667845093
1,All Population,44,Population,180,Kenya,3,Both,389,6-11 months,1,Number,2023,580279.2821887294,633342.3862637719,526861.3397058797
1,All Population,44,Population,181,Madagascar,3,Both,1,<5 years,1,Number,2023,4628293.229229466,5070436.871429822,4181519.0202566404
1,All Population,44,Population,182,Malawi,3,Both,22,All ages,1,Number,2023,20729992.55645522,22781950.994827285,18521288.7351969
1,All Population,44,Population,182,Malawi,3,Both,28,<1 year,1,Number,2023,600938.9164773567,660422.8587534424,536911.103753755
1,All Population,44,Population,200,Benin,3,Both,22,All ages,1,Number,2023,14216101.420959147,16157700.22348067,12402063.586957036
1,All Population,44,Population,200,Benin,3,Both,28,<1 year,1,Number,2023,494931.98829059344,562528.5344419772,431776.4630568371
1,All Population,44,Population,200,Benin,3,Both,34,2-4 years,1,Number,2023,1374719.5728824413,1562475.2590212764,1199299.2348792737
1,All Population,44,Population,200,Benin,3,Both,42,<28 days,1,Number,2023,38766.4843657875,44061.11173188181,33819.70836522314
1,All Population,44,Population,200,Benin,3,Both,50,2,1,Number,2023,469239.4354268951,533326.9583660265,409362.39432649856
1,All Population,44,Population,200,Benin,3,Both,51,3,1,Number,2023,458086.5312391292,520650.8190257821,399632.65036786406
1,All Population,44,Population,200,Benin,3,Both,52,4,1,Number,2023,447393.606216417,508497.48162946786,390304.19018491096
1,All Population,44,Population,201,Burkina Faso,3,Both,50,2,1,Number,2023,883506.9574974275,963749.0558751455,793977.8043164274
1,All Population,44,Population,201,Burkina Faso,3,Both,51,3,1,Number,2023,845820.9677232711,922640.3393490853,760110.6806220867
1,All Population,44,Population,201,Burkina Faso,3,Both,52,4,1,Number,2023,809824.6614367777,883374.7671832863,727762.018298242
1,All Population,44,Population,201,Burkina Faso,3,Both,53,5,1,Number,2023,775670.4946313293,846118.6417689613,697068.824386947
1,All Population,44,Population,182,Malawi,3,Both,34,2-4 years,1,Number,2023,1733822.189748012,1905444.5896693415,1549089.8660170797
1,All Population,44,Population,182,Malawi,3,Both,42,<28 days,1,Number,2023,46723.61653592231,51348.55400085597,41745.38848760762
1,All Population,44,Population,182,Malawi,3,Both,50,2,1,Number,2023,584112.1597839326,641930.5054471169,521877.17557712534
1,All Population,44,Population,182,Malawi,3,Both,51,3,1,Number,2023,577953.4622027525,635162.1891486762,516374.66438117815
1,All Population,44,Population,182,Malawi,3,Both,52,4,1,Number,2023,571756.567761327,628351.8950735484,510838.02605877613
1,All Population,44,Population,182,Malawi,3,Both,53,5,1,Number,2023,565665.8331501386,621658.2690600947,505396.23663043656
1,All Population,44,Population,203,Cabo Verde,3,Both,238,12-23 months,1,Number,2023,7145.364980914622,7738.221567632837,6572.614526617536
1,All Population,44,Population,203,Cabo Verde,3,Both,388,1-5 months,1,Number,2023,2868.7592735549033,3106.7825005809186,2638.8083638972093
1,All Population,44,Population,203,Cabo Verde,3,Both,389,6-11 months,1,Number,2023,3443.3058977247824,3728.999712806921,3167.301099863041
1,All Population,44,Population,204,Chad,3,Both,1,<5 years,1,Number,2023,3996775.9157224265,4661427.58069158,3386688.307947754
1,All Population,44,Population,184,Mozambique,3,Both,238,12-23 months,1,Number,2023,1132083.7478469166,1250336.3559061615,1011084.1169750667
1,All Population,44,Population,184,Mozambique,3,Both,388,1-5 months,1,Number,2023,496457.24856196454,548315.0413657418,443394.7927728944
1,All Population,44,Population,185,Rwanda,3,Both,238,12-23 months,1,Number,2023,353210.87612983474,379592.07600859884,325943.8849013813
1,All Population,44,Population,185,Rwanda,3,Both,388,1-5 months,1,Number,2023,151678.20023134883,163006.9932781506,139969.0246799835
1,All Population,44,Population,185,Rwanda,3,Both,389,6-11 months,1,Number,2023,177246.69137724352,190485.18630782954,163563.69262020878
1,All Population,44,Population,204,Chad,3,Both,22,All ages,1,Number,2023,19287347.333549935,22494774.46691856,16343231.41532793
1,All Population,44,Population,205,Côte d'Ivoire,3,Both,22,All ages,1,Number,2023,33836061.83038165,36582182.7953435,31028087.420453742
1,All Population,44,Population,205,Côte d'Ivoire,3,Both,28,<1 year,1,Number,2023,1074191.359797665,1161372.2920322947,985046.7700756673
1,All Population,44,Population,205,Côte d'Ivoire,3,Both,34,2-4 years,1,Number,2023,2868819.4593884223,3101651.6755490876,2630742.9459617687
1,All Population,44,Population,205,Côte d'Ivoire,3,Both,42,<28 days,1,Number,2023,84733.69921931732,91610.65165637681,77701.85076546643
1,All Population,44,Population,205,Côte d'Ivoire,3,Both,50,2,1,Number,2023,990069.8733121189,1070423.540045233,907906.3259632149
1,All Population,44,Population,205,Côte d'Ivoire,3,Both,51,3,1,Number,2023,955474.4665418733,1033020.3841847001,876181.9098359959
1,All Population,44,Population,205,Côte d'Ivoire,3,Both,52,4,1,Number,2023,923275.1195344303,998207.7513191546,846654.7101625581
1,All Population,44,Population,205,Côte d'Ivoire,3,Both,53,5,1,Number,2023,893121.2577954909,965606.614471458,819003.2457932624
1,All Population,44,Population,207,Ghana,3,Both,238,12-23 months,1,Number,2023,867191.1825762575,938002.015951566,793853.3881290378
1,All Population,44,Population,207,Ghana,3,Both,388,1-5 months,1,Number,2023,373590.69642051915,404096.3900741473,341996.3741396046
1,All Population,44,Population,207,Ghana,3,Both,389,6-11 months,1,Number,2023,437388.1912677354,473103.2941821538,400398.55632986675
1,All Population,44,Population,208,Guinea,3,Both,1,<5 years,1,Number,2023,2342243.4475539867,2632999.8692747434,2072326.9171303485
1,All Population,44,Population,209,Guinea-Bissau,3,Both,22,All ages,1,Number,2023,2169991.4240355217,2510776.1758619105,1836508.9235734998
1,All Population,44,Population,209,Guinea-Bissau,3,Both,28,<1 year,1,Number,2023,69221.37270584474,80092.1936949774,58583.48897982096
1,All Population,44,Population,209,Guinea-Bissau,3,Both,34,2-4 years,1,Number,2023,196779.6062674051,227682.7188528096,166538.67793417306
1,All Population,44,Population,209,Guinea-Bissau,3,Both,42,<28 days,1,Number,2023,5389.807198310403,6236.245616510448,4561.506053157429
1,All Population,44,Population,209,Guinea-Bissau,3,Both,50,2,1,Number,2023,66671.5092073449,77141.8887062935,56425.48641030823
1,All Population,44,Population,209,Guinea-Bissau,3,Both,51,3,1,Number,2023,65595.64576796768,75897.06706223109,55514.960781000285
1,All Population,44,Population,209,Guinea-Bissau,3,Both,52,4,1,Number,2023,64512.451292092504,74643.76308428499,54598.23074286456
1,All Population,44,Population,209,Guinea-Bissau,3,Both,53,5,1,Number,2023,63451.74699869487,73416.48124344506,53700.534614427896
1,All Population,44,Population,212,Mauritania,3,Both,238,12-23 months,1,Number,2023,133347.42905373318,150226.68945006668,115941.03571372762
1,All Population,44,Population,212,Mauritania,3,Both,388,1-5 months,1,Number,2023,57051.62301068996,64273.27855864091,49604.43788041182
1,All Population,44,Population,212,Mauritania,3,Both,389,6-11 months,1,Number,2023,66738.36652439117,75186.1804416525,58026.730560829325
1,All Population,44,Population,213,Niger,3,Both,1,<5 years,1,Number,2023,5442833.322532683,6170228.000230533,4753116.644241436
1,All Population,44,Population,213,Niger,3,Both,22,All ages,1,Number,2023,26639961.3553133,30200196.43062042,23264141.342650462
1,All Population,44,Population,213,Niger,3,Both,28,<1 year,1,Number,2023,1199195.2800047095,1359458.917067531,1047233.0691239767
1,All Population,44,Population,213,Niger,3,Both,34,2-4 years,1,Number,2023,3109102.875087791,3524611.6275589378,2715116.8791187876
1,All Population,44,Population,213,Niger,3,Both,42,<28 days,1,Number,2023,95047.23833531255,107749.60329820185,83002.8376306289
1,All Population,44,Population,214,Nigeria,3,Both,34,2-4 years,1,Number,2023,22766946.191069324,25611015.878697246,19908592.86541001
1,All Population,44,Population,214,Nigeria,3,Both,42,<28 days,1,Number,2023,636965.1054441202,716535.4234510633,556995.1651545736
1,All Population,44,Population,214,Nigeria,3,Both,50,2,1,Number,2023,7742806.298610195,8710045.405086841,6770709.472455716
1,All Population,44,Population,214,Nigeria,3,Both,51,3,1,Number,2023,7588585.324454006,8536558.992601201,6635850.692537886
1,All Population,44,Population,214,Nigeria,3,Both,52,4,1,Number,2023,7435554.568005121,8364411.481009203,6502032.70041641
1,All Population,44,Population,214,Nigeria,3,Both,53,5,1,Number,2023,7293552.753121337,8204670.657392771,6377858.984058285
1,All Population,44,Population,216,Senegal,3,Both,238,12-23 months,1,Number,2023,545476.9854121982,583024.7946161869,506182.57612854417
1,All Population,44,Population,216,Senegal,3,Both,388,1-5 months,1,Number,2023,233645.6258383721,249728.58005081496,216814.54571114958
1,All Population,44,Population,216,Senegal,3,Both,389,6-11 months,1,Number,2023,271258.9569792219,289931.018008217,251718.3333370639
1,All Population,44,Population,217,Sierra Leone,3,Both,1,<5 years,1,Number,2023,1096701.9211949678,1183527.1153737216,1012223.5131743479
1,All Population,44,Population,218,Togo,3,Both,22,All ages,1,Number,2023,8554831.878210656,9205064.89365002,7937755.979037824
1,All Population,44,Population,218,Togo,3,Both,28,<1 year,1,Number,2023,229521.21873592644,246966.59654003064,212965.42728998853
1,All Population,44,Population,218,Togo,3,Both,34,2-4 years,1,Number,2023,684020.3844797038,736011.1942997164,634680.724762902
1,All Population,44,Population,218,Togo,3,Both,42,<28 days,1,Number,2023,17726.51459272622,19073.86603118244,16447.868198824806
1,All Population,44,Population,218,Togo,3,Both,50,2,1,Number,2023,228356.38428002966,245713.2257070866,211884.61450506005
1,All Population,44,Population,218,Togo,3,Both,51,3,1,Number,2023,228136.35796056513,245476.475695185,211680.45909233665
1,All Population,44,Population,218,Togo,3,Both,52,4,1,Number,2023,227527.64223910906,244821.49289744475,211115.65116550538
1,All Population,44,Population,218,Togo,3,Both,53,5,1,Number,2023,226612.96106679644,243837.28892149258,210266.94764358923
1,All Population,44,Population,242,Sub-Saharan Africa - WB,3,Both,1,<5 years,1,Number,2023,185823489.8999958,193850635.12151957,178212657.14208725
1,All Population,44,Population,242,Sub-Saharan Africa - WB,3,Both,22,All ages,1,Number,2023,1243899039.4229877,1295401731.0481281,1194878666.3044865
1,All Population,44,Population,242,Sub-Saharan Africa - WB,3,Both,28,<1 year,1,Number,2023,38768466.86910023,40440449.39820833,37175468.92166906
1,All Population,44,Population,242,Sub-Saharan Africa - WB,3,Both,34,2-4 years,1,Number,2023,109305051.37684296,114030310.79768196,104843688.65925795
1,All Population,44,Population,242,Sub-Saharan Africa - WB,3,Both,42,<28 days,1,Number,2023,3032925.6351534673,3163860.20767996,2908025.61831707
1,All Population,44,Population,242,Sub-Saharan Africa - WB,3,Both,50,2,1,Number,2023,37060803.59752569,38658582.29069932,35544570.866032735
1,All Population,44,Population,242,Sub-Saharan Africa - WB,3,Both,51,3,1,Number,2023,36436349.43767673,38012050.57749806,34949671.73744405
1,All Population,44,Population,242,Sub-Saharan Africa - WB,3,Both,52,4,1,Number,2023,35807898.34164054,37359677.92948457,34349446.05578118
1,All Population,44,Population,242,Sub-Saharan Africa - WB,3,Both,53,5,1,Number,2023,35181025.67436846,36706623.2728114,33749139.664851494
1,All Population,44,Population,252,Micronesia,3,Both,28,<1 year,1,Number,2023,8719.46945667813,9171.197232814646,8271.814763845277
1,All Population,44,Population,252,Micronesia,3,Both,34,2-4 years,1,Number,2023,26678.503643431024,28029.183909099866,25324.984127131014
1,All Population,44,Population,252,Micronesia,3,Both,42,<28 days,1,Number,2023,669.2051931789983,703.8767878326208,634.853954709028
1,All Population,44,Population,252,Micronesia,3,Both,50,2,1,Number,2023,8805.455151719285,9254.82737215787,8355.819639422021
1,All Population,44,Population,252,Micronesia,3,Both,51,3,1,Number,2023,8895.7527046164,9346.294682604363,8444.82786301875
1,All Population,44,Population,252,Micronesia,3,Both,52,4,1,Number,2023,8977.295787095341,9428.061854337631,8524.24083411373
1,All Population,44,Population,252,Micronesia,3,Both,53,5,1,Number,2023,9032.070105221386,9482.912384779685,8576.019355513527
1,All Population,44,Population,257,Polynesia,3,Both,238,12-23 months,1,Number,2023,9658.53981283298,10218.19605032418,9161.045953805287
1,All Population,44,Population,257,Polynesia,3,Both,388,1-5 months,1,Number,2023,4115.129809765843,4354.881721498577,3902.7681861437186
1,All Population,44,Population,257,Polynesia,3,Both,389,6-11 months,1,Number,2023,4827.265577499087,5108.269691877756,4578.161431021998
1,All Population,44,Population,44591,World Bank Income Levels,3,Both,22,All ages,1,Number,2023,8059613294.308448,8314619500.530766,7798073319.392381
1,All Population,44,Population,44591,World Bank Income Levels,3,Both,28,<1 year,1,Number,2023,124545991.10947527,128224717.75478487,120806062.90232502
1,All Population,44,Population,44591,World Bank Income Levels,3,Both,34,2-4 years,1,Number,2023,392475390.0429882,404018745.3919329,380693985.770565
1,All Population,44,Population,44591,World Bank Income Levels,3,Both,42,<28 days,1,Number,2023,9598345.72643829,9880840.345677612,9308886.384908337
1,All Population,44,Population,44591,World Bank Income Levels,3,Both,50,2,1,Number,2023,127670026.14806835,131457099.01010196,123861331.05606587
1,All Population,44,Population,44591,World Bank Income Levels,3,Both,51,3,1,Number,2023,130642859.45818323,134490447.41563198,126717210.00998272
1,All Population,44,Population,44591,World Bank Income Levels,3,Both,52,4,1,Number,2023,134162504.43673661,138105604.15842718,130135803.24099188
1,All Population,44,Population,44591,World Bank Income Levels,3,Both,53,5,1,Number,2023,137645413.19967675,141675001.19460663,133487929.4313488
1,All Population,44,Population,25326,Cross River,3,Both,238,12-23 months,1,Number,2023,57164.59827837752,68100.99307515383,47552.25199564203
1,All Population,44,Population,25326,Cross River,3,Both,388,1-5 months,1,Number,2023,24228.179225795953,28869.999640760485,20151.386443393098
1,All Population,44,Population,25326,Cross River,3,Both,389,6-11 months,1,Number,2023,28925.665223984935,34464.684561653805,24060.97610335063
1,All Population,44,Population,25327,Delta,3,Both,1,<5 years,1,Number,2023,594264.2184690564,700666.7098011354,493604.6904261189
1,All Population,44,Population,25319,Adamawa,3,Both,34,2-4 years,1,Number,2023,336468.2680529904,402155.184909191,281526.0625494221
1,All Population,44,Population,25319,Adamawa,3,Both,42,<28 days,1,Number,2023,8793.059746385232,10514.003943565784,7360.737688094336
1,All Population,44,Population,25319,Adamawa,3,Both,50,2,1,Number,2023,112013.02499711263,133887.78115502087,93736.59204318059
1,All Population,44,Population,25319,Adamawa,3,Both,51,3,1,Number,2023,112074.00602278802,133953.12052632772,93773.38890819742
1,All Population,44,Population,25319,Adamawa,3,Both,52,4,1,Number,2023,112381.23703308972,134306.19676623197,94016.08159804405
1,All Population,44,Population,25319,Adamawa,3,Both,53,5,1,Number,2023,112925.1001138869,134948.61439855272,94459.87427167445
1,All Population,44,Population,25328,Ebonyi,3,Both,22,All ages,1,Number,2023,3425414.122660202,4072208.061132382,2820809.410633372
1,All Population,44,Population,25328,Ebonyi,3,Both,28,<1 year,1,Number,2023,92519.97612463156,110012.41835505258,76211.18233123753
1,All Population,44,Population,25328,Ebonyi,3,Both,34,2-4 years,1,Number,2023,270306.2396207431,321400.46797570144,222700.46000476854
1,All Population,44,Population,25328,Ebonyi,3,Both,42,<28 days,1,Number,2023,7101.073032811157,8445.114490052389,5848.073133306283
1,All Population,44,Population,25328,Ebonyi,3,Both,50,2,1,Number,2023,90334.11469531881,107412.42957939542,74435.3570280532
1,All Population,44,Population,25328,Ebonyi,3,Both,51,3,1,Number,2023,90040.35065483465,107061.12595238198,74183.08398415023
1,All Population,44,Population,25328,Ebonyi,3,Both,52,4,1,Number,2023,89931.77427058967,106926.9124439241,74070.38248161304
1,All Population,44,Population,25328,Ebonyi,3,Both,53,5,1,Number,2023,89890.54505440136,106866.64113124914,74014.89241815232
1,All Population,44,Population,25322,Bauchi,3,Both,238,12-23 months,1,Number,2023,306587.54795430857,358652.2231896186,255708.01910326563
1,All Population,44,Population,25322,Bauchi,3,Both,388,1-5 months,1,Number,2023,137293.88889261527,160609.02779959716,114539.34401803126
1,All Population,44,Population,25322,Bauchi,3,Both,389,6-11 months,1,Number,2023,157665.67601124092,184432.3235434587,131533.26880270845
1,All Population,44,Population,25323,Bayelsa,3,Both,1,<5 years,1,Number,2023,96706.78712422532,114000.56705857428,80651.51010672137
1,All Population,44,Population,25323,Bayelsa,3,Both,22,All ages,1,Number,2023,729838.4168406976,858377.210258272,608093.1806683668
1,All Population,44,Population,25330,Ekiti,3,Both,238,12-23 months,1,Number,2023,43182.44186050728,51241.799618033474,35919.31030430756
1,All Population,44,Population,25330,Ekiti,3,Both,388,1-5 months,1,Number,2023,18330.912253106264,21750.099801955257,15247.865930914137
1,All Population,44,Population,25330,Ekiti,3,Both,389,6-11 months,1,Number,2023,21903.551333100604,25989.844510321866,18221.850573162454
1,All Population,44,Population,25331,Enugu,3,Both,1,<5 years,1,Number,2023,591203.8061023954,704570.5387193767,488719.95228484034
1,All Population,44,Population,25331,Enugu,3,Both,389,6-11 months,1,Number,2023,58203.59235323539,69392.41971475392,48133.998106538354
1,All Population,44,Population,25332,FCT (Abuja),3,Both,1,<5 years,1,Number,2023,1012923.7631884112,1204141.818777224,838774.1338831251
1,All Population,44,Population,25323,Bayelsa,3,Both,28,<1 year,1,Number,2023,19471.630757546995,22954.1016592594,16236.060667708138
1,All Population,44,Population,25323,Bayelsa,3,Both,34,2-4 years,1,Number,2023,57907.18053532358,68261.97110191797,48297.54242437442
1,All Population,44,Population,25324,Benue,3,Both,34,2-4 years,1,Number,2023,961519.1176389013,1135053.570268051,797762.5416323064
1,All Population,44,Population,25324,Benue,3,Both,42,<28 days,1,Number,2023,25456.890923240506,30059.772288277574,21090.914748935167
1,All Population,44,Population,25324,Benue,3,Both,50,2,1,Number,2023,322599.8040749193,380856.85378546244,267539.8051605607
1,All Population,44,Population,25324,Benue,3,Both,51,3,1,Number,2023,320868.9369994791,378782.079277813,266221.04381205223
1,All Population,44,Population,25324,Benue,3,Both,52,4,1,Number,2023,318050.376564503,375409.226190709,264001.6926596935
1,All Population,44,Population,25324,Benue,3,Both,53,5,1,Number,2023,314331.8722255671,370966.7275869041,261023.16098950192
1,All Population,44,Population,25332,FCT (Abuja),3,Both,22,All ages,1,Number,2023,8034359.18077887,9537748.441953052,6691712.247411907
1,All Population,44,Population,25332,FCT (Abuja),3,Both,28,<1 year,1,Number,2023,213479.77382815816,253758.39049341736,176812.58485796343
1,All Population,44,Population,25332,FCT (Abuja),3,Both,34,2-4 years,1,Number,2023,593379.8044772097,705315.7384629047,491316.3006277703
1,All Population,44,Population,25332,FCT (Abuja),3,Both,42,<28 days,1,Number,2023,16834.89592266279,20010.12085477216,13945.050471034732
1,All Population,44,Population,25332,FCT (Abuja),3,Both,50,2,1,Number,2023,201202.66118389793,239187.68571286346,166602.86663656568
1,All Population,44,Population,25332,FCT (Abuja),3,Both,51,3,1,Number,2023,197362.72894748606,234593.2064520216,163413.1499926185
1,All Population,44,Population,25332,FCT (Abuja),3,Both,52,4,1,Number,2023,194814.41434582573,231534.8462980196,161300.2839985861
1,All Population,44,Population,25332,FCT (Abuja),3,Both,53,5,1,Number,2023,193110.14202328553,229489.8746432874,159891.5045558564
1,All Population,44,Population,25335,Jigawa,3,Both,238,12-23 months,1,Number,2023,264629.88459611166,313398.18513513874,221716.5729980204
1,All Population,44,Population,25335,Jigawa,3,Both,388,1-5 months,1,Number,2023,119699.36550673311,141707.7461347557,100285.48056727026
1,All Population,44,Population,25335,Jigawa,3,Both,389,6-11 months,1,Number,2023,136251.7997117274,161322.74100816445,114161.99886752851
1,All Population,44,Population,25336,Kaduna,3,Both,1,<5 years,1,Number,2023,2086813.6617777913,2456421.9777091295,1745467.3786721644
1,All Population,44,Population,25336,Kaduna,3,Both,22,All ages,1,Number,2023,11082646.574330399,13050547.499481587,9260660.07936637
1,All Population,44,Population,25336,Kaduna,3,Both,28,<1 year,1,Number,2023,444708.35441873374,523394.6513548902,372065.16978728987
1,All Population,44,Population,25337,Kano,3,Both,28,<1 year,1,Number,2023,756556.2503072659,889447.5348643574,631564.8099047719
1,All Population,44,Population,25337,Kano,3,Both,34,2-4 years,1,Number,2023,2066920.9807699686,2429597.7269030856,1725021.5945921
1,All Population,44,Population,25337,Kano,3,Both,42,<28 days,1,Number,2023,59867.461926194,70385.59762029198,49968.45940303001
1,All Population,44,Population,25337,Kano,3,Both,50,2,1,Number,2023,711739.6002156159,836818.8511700565,594129.8879426656
1,All Population,44,Population,25337,Kano,3,Both,51,3,1,Number,2023,689112.7347378054,810022.7301636203,575108.9808708429
1,All Population,44,Population,25337,Kano,3,Both,52,4,1,Number,2023,666068.6458165471,782825.7298817133,555782.7257785915
1,All Population,44,Population,25337,Kano,3,Both,53,5,1,Number,2023,646491.6032262912,759778.4979056541,539418.3249375907
1,All Population,44,Population,25339,Kebbi,3,Both,238,12-23 months,1,Number,2023,213860.60625496754,253794.44879913758,176414.25893280024
1,All Population,44,Population,25339,Kebbi,3,Both,388,1-5 months,1,Number,2023,96758.47623657994,114826.776472431,79808.83786070382
1,All Population,44,Population,25339,Kebbi,3,Both,389,6-11 months,1,Number,2023,110379.58721126278,130996.76030112167,91049.44921445427
1,All Population,44,Population,25340,Kogi,3,Both,1,<5 years,1,Number,2023,381222.13662007434,448808.22818188,314169.88063242764
1,All Population,44,Population,25341,Kwara,3,Both,22,All ages,1,Number,2023,3244420.0382829304,3847009.7626241576,2706851.832999492
1,All Population,44,Population,25341,Kwara,3,Both,28,<1 year,1,Number,2023,94397.35753609949,112113.40695229797,78685.4566510856
1,All Population,44,Population,25341,Kwara,3,Both,34,2-4 years,1,Number,2023,274068.0452939764,325553.1559747883,228365.3983590809
1,All Population,44,Population,25341,Kwara,3,Both,42,<28 days,1,Number,2023,7206.164464821228,8559.01834045967,6007.002241298644
1,All Population,44,Population,25341,Kwara,3,Both,50,2,1,Number,2023,92687.8982493456,110093.65572562271,77243.51566980382
1,All Population,44,Population,25341,Kwara,3,Both,51,3,1,Number,2023,91514.93605879066,108706.52672215659,76254.07309591438
1,All Population,44,Population,25341,Kwara,3,Both,52,4,1,Number,2023,89865.21098584014,106752.97352700902,74871.09661567485
1,All Population,44,Population,25341,Kwara,3,Both,53,5,1,Number,2023,87741.20795820007,104234.7962191834,73120.88624422731
1,All Population,44,Population,25343,Nasarawa,3,Both,238,12-23 months,1,Number,2023,216790.36138742627,256553.91004662582,177785.768353913
1,All Population,44,Population,25343,Nasarawa,3,Both,388,1-5 months,1,Number,2023,95315.08164828565,112836.88677676472,78187.57834083782
1,All Population,44,Population,25343,Nasarawa,3,Both,389,6-11 months,1,Number,2023,109884.69635633343,130049.95437563882,90117.11308501379
1,All Population,44,Population,25344,Niger,3,Both,238,12-23 months,1,Number,2023,474168.4575009629,559414.9464042938,395916.3954622623
1,All Population,44,Population,25344,Niger,3,Both,388,1-5 months,1,Number,2023,208740.24143407107,246319.9993176374,174265.89555359792
1,All Population,44,Population,25344,Niger,3,Both,389,6-11 months,1,Number,2023,240411.80330289577,283691.3707979416,200698.58975348476
1,All Population,44,Population,25345,Ogun,3,Both,1,<5 years,1,Number,2023,2047622.0827606027,2403101.7775368267,1720412.2660433156
1,All Population,44,Population,25345,Ogun,3,Both,22,All ages,1,Number,2023,15291527.302960444,17931928.79469808,12845673.435147194
1,All Population,44,Population,25345,Ogun,3,Both,28,<1 year,1,Number,2023,429170.374418097,503700.37552009575,360736.51263407565
1,All Population,44,Population,25345,Ogun,3,Both,34,2-4 years,1,Number,2023,1200412.4626325706,1408774.233422865,1008374.2050396671
1,All Population,44,Population,25345,Ogun,3,Both,42,<28 days,1,Number,2023,33940.81182390546,39835.25594245626,28529.734737113602
1,All Population,44,Population,25345,Ogun,3,Both,50,2,1,Number,2023,409582.7008132349,480687.21715001407,344116.9623093819
1,All Population,44,Population,25345,Ogun,3,Both,51,3,1,Number,2023,400528.1455533118,470051.4598279385,336447.65578509367
1,All Population,44,Population,25345,Ogun,3,Both,52,4,1,Number,2023,390301.61626602395,458035.5564449124,327809.5869451914
1,All Population,44,Population,25345,Ogun,3,Both,53,5,1,Number,2023,378791.6626455021,444490.3355933558,318101.64641306794
1,All Population,44,Population,25348,Oyo,3,Both,238,12-23 months,1,Number,2023,162827.6350153194,192088.725407711,135005.29397552606
1,All Population,44,Population,25348,Oyo,3,Both,388,1-5 months,1,Number,2023,69417.78637683237,81884.48135483099,57551.4191751544
1,All Population,44,Population,25348,Oyo,3,Both,389,6-11 months,1,Number,2023,82582.74140388689,97420.00600478548,68476.35473062746
1,All Population,44,Population,25349,Plateau,3,Both,1,<5 years,1,Number,2023,2171291.905885956,2552898.81952332,1802337.0272056493
1,All Population,44,Population,25349,Plateau,3,Both,22,All ages,1,Number,2023,15532353.067088356,18236471.512203295,12908713.833140343
1,All Population,44,Population,25350,Rivers,3,Both,28,<1 year,1,Number,2023,86100.8354282132,101273.61299954091,71117.99509404505
1,All Population,44,Population,25350,Rivers,3,Both,34,2-4 years,1,Number,2023,260426.14500616395,306216.1407638765,215191.83810966677
1,All Population,44,Population,25350,Rivers,3,Both,42,<28 days,1,Number,2023,6580.792342449781,7741.181946567014,5434.038096300313
1,All Population,44,Population,25350,Rivers,3,Both,50,2,1,Number,2023,86041.1465883111,101182.183244239,71096.36392553929
1,All Population,44,Population,25350,Rivers,3,Both,51,3,1,Number,2023,86829.13515254227,102096.69515919198,71748.18771113167
1,All Population,44,Population,25350,Rivers,3,Both,52,4,1,Number,2023,87555.8632653106,102937.11469293479,72347.28647299581
1,All Population,44,Population,25350,Rivers,3,Both,53,5,1,Number,2023,88073.93723111738,103530.47535358278,72771.64498350765
1,All Population,44,Population,25352,Taraba,3,Both,238,12-23 months,1,Number,2023,337359.6649935372,397735.12668983574,279386.27570037055
1,All Population,44,Population,25352,Taraba,3,Both,388,1-5 months,1,Number,2023,150091.8928883222,176978.35320157866,124277.64318206039
1,All Population,44,Population,25352,Taraba,3,Both,389,6-11 months,1,Number,2023,170913.9346361673,201548.89012213898,141514.22857408694
1,All Population,44,Population,25353,Yobe,3,Both,1,<5 years,1,Number,2023,902270.8886624395,1073330.0896101904,747591.1863709892
1,All Population,44,Population,25354,Zamfara,3,Both,22,All ages,1,Number,2023,4000127.636274714,4725367.609650134,3254986.515400599
1,All Population,44,Population,25354,Zamfara,3,Both,28,<1 year,1,Number,2023,168582.50970399656,199207.17371463744,137695.30978165774
1,All Population,44,Population,25354,Zamfara,3,Both,34,2-4 years,1,Number,2023,462759.910633081,546795.3927445435,377562.05409769854
1,All Population,44,Population,25354,Zamfara,3,Both,42,<28 days,1,Number,2023,13261.377480190567,15673.170219175106,10832.940360164324
1,All Population,44,Population,25354,Zamfara,3,Both,50,2,1,Number,2023,157967.39335567033,186658.4489741852,128931.35745641291
1,All Population,44,Population,25354,Zamfara,3,Both,51,3,1,Number,2023,154149.20232080642,182142.05420414842,125767.23269406756
1,All Population,44,Population,25354,Zamfara,3,Both,52,4,1,Number,2023,150643.3149566042,177994.88956620992,122863.46394721804
1,All Population,44,Population,25354,Zamfara,3,Both,53,5,1,Number,2023,147650.73237399766,174450.51558472705,120388.90529715033
