source,year,location_level,iso3,location_name,gbd_location_id,age_band,band_width_years,live_births,live_births_lower,live_births_upper,population,population_lower,population_upper,q_all,q_malaria,deaths_all,malaria_fraction,deaths_malaria
IHME GBD 2023,2023,country,AGO,Angola,168,live births,,1254225.4534610678,1128125.0460759944,1387106.4526038978,,,,,,,,
IHME GBD 2023,2023,country,AGO,Angola,168,0-27 days,0.07665982203969883,,,,95146.6070909668,83092.86471539467,107268.99875169652,0.0182533203446514,0.0002640426908676,22864.489717936587,0.014465460852165997,330.7453809195637
IHME GBD 2023,2023,country,AGO,Angola,168,1-5 months,0.42334017796030116,,,,520071.781699942,454185.97173698177,586332.8289639046,0.0107432314321735,0.0010679671643651,13269.425096589908,0.09940837364508268,1319.091968057247
IHME GBD 2023,2023,country,AGO,Angola,168,6-11 months,0.5,,,,601142.2449769267,524985.9428914804,677732.2775616251,0.0089606747900775,0.0016431803783442,10821.838544268014,0.1833768568594585,1984.4747376884063
IHME GBD 2023,2023,country,AGO,Angola,168,1-11 months,0.9233401779603012,,,,1121214.0266768688,,,0.01960763961919265,0.002688740050744698,24091.26364085792,0.13712716588858886,3303.566705745653
IHME GBD 2023,2023,country,AGO,Angola,168,<1 year,1.0,,,,1216360.6337678353,,,0.03750305543667254,0.0029026859950240153,46955.75335879451,0.07739865355572097,3634.312086665217
IHME GBD 2023,2023,country,AGO,Angola,168,12-23 months,1.0,,,,1191556.1073067435,1040602.6389420412,1343369.2960281963,0.0068758178699515,0.0012412268503976,8221.219079498404,0.1805206120746702,1484.0995002310087
IHME GBD 2023,2023,country,AGO,Angola,168,2 years,,,,,1177947.9085527936,1028718.4083566968,1328027.3106460513,,,,,
IHME GBD 2023,2023,country,AGO,Angola,168,3 years,,,,,1165693.122188331,1018016.1317686862,1314211.172546928,,,,,
IHME GBD 2023,2023,country,AGO,Angola,168,4 years,,,,,1154831.5425806993,1008530.5621564185,1301965.7461991592,,,,,
IHME GBD 2023,2023,country,AGO,Angola,168,2-4 years,3.0,,,,3498472.5733218244,3055265.1022818014,3944204.229392139,0.013375508225356,0.0029381283770022,15703.204423397905,0.2196648028246418,3449.4413033807436
IHME GBD 2023,2023,country,AGO,Angola,168,1-4 years,4.0,,,,4690028.680628568,,,0.02015935853683193,0.004157133312075791,23924.42350289631,0.2062135709566625,4933.540803611752
IHME GBD 2023,2023,country,AGO,Angola,168,<5 years,5.0,,,,5906389.314396404,,,0.05690637643272989,0.006878728064487553,70880.17686169082,0.1208779840800271,8567.852890276969
IHME GBD 2023,2023,country,BEN,Benin,200,live births,,512562.5540635288,475186.194407146,554166.7561644301,,,,,,,,
IHME GBD 2023,2023,country,BEN,Benin,200,0-27 days,0.07665982203969883,,,,38766.4843657875,33819.70836522314,44061.11173188181,0.0206158651560952,0.0004794300785111,10534.30264317478,0.02325539456535268,244.97936443786716
IHME GBD 2023,2023,country,BEN,Benin,200,1-5 months,0.42334017796030116,,,,211708.1409282261,184693.23958235895,240622.69779149367,0.0088365192949202,0.0015922818206698,4438.694232891266,0.18019332811112018,799.8230862923128
IHME GBD 2023,2023,country,BEN,Benin,200,6-11 months,0.5,,,,244457.36299657988,213263.515109255,277844.72491860157,0.0096761917808963,0.0030343639480944,4753.869602308214,0.31359072006873023,1490.7693917006811
IHME GBD 2023,2023,country,BEN,Benin,200,1-11 months,0.9233401779603012,,,,456165.50392480596,,,0.01842720722044333,0.0045916702898424555,9192.56383519948,0.24917884923703523,2290.5924779929937
IHME GBD 2023,2023,country,BEN,Benin,200,<1 year,1.0,,,,494931.9882905935,,,0.03866317955727838,0.004969530742845212,19726.86647837426,0.12853393848488318,2535.571842430861
IHME GBD 2023,2023,country,BEN,Benin,200,12-23 months,1.0,,,,480419.64847710327,419115.9624151436,546034.136343357,0.0089759413267298,0.0024465235057579,4331.688280918495,0.27256456083021663,1180.6647139419458
IHME GBD 2023,2023,country,BEN,Benin,200,2 years,,,,,469239.4354268951,409362.39432649856,533326.9583660265,,,,,
IHME GBD 2023,2023,country,BEN,Benin,200,3 years,,,,,458086.5312391292,399632.65036786406,520650.8190257821,,,,,
IHME GBD 2023,2023,country,BEN,Benin,200,4 years,,,,,447393.606216417,390304.19018491096,508497.48162946786,,,,,
IHME GBD 2023,2023,country,BEN,Benin,200,2-4 years,3.0,,,,1374719.572882441,1199299.2348792737,1562475.2590212764,0.0202269082085566,0.0073232522532137,9363.798402999326,0.3620549506481539,3390.209568677183
IHME GBD 2023,2023,country,BEN,Benin,200,1-4 years,4.0,,,,1855139.2213595444,,,0.02902129399398523,0.00968586874106533,13695.486683917821,0.3337504090297545,4570.874282619129
IHME GBD 2023,2023,country,BEN,Benin,200,<5 years,5.0,,,,2350071.209650138,,,0.0665624180505896,0.014152870551414232,33422.353162292085,0.2126255470565626,7106.44612504999
IHME GBD 2023,2023,country,BWA,Botswana,193,live births,,49044.378940759954,43403.24306722942,55706.78166151409,,,,,,,,
IHME GBD 2023,2023,country,BWA,Botswana,193,0-27 days,0.07665982203969883,,,,3794.084263290177,3508.6812740533965,4064.665898734108,0.0074857204958234,1.4853966016549016e-07,371.8804681020046,1.9843067911547957e-05,0.007379249383526321
IHME GBD 2023,2023,country,BWA,Botswana,193,1-5 months,0.42334017796030116,,,,20882.12485062043,19311.305532861137,22371.36944866353,0.00782351672901,2.4517985485473525e-06,387.42856204556233,0.0003133882924357991,0.12141557550031583
IHME GBD 2023,2023,country,BWA,Botswana,193,6-11 months,0.5,,,,24449.86582916867,22610.66977820071,26193.55000256763,0.0040868153348695,2.330131213768058e-06,200.25365235266705,0.0005701581850021281,0.11417625896544377
IHME GBD 2023,2023,country,BWA,Botswana,193,1-11 months,0.9233401779603012,,,,45331.9906797891,,,0.011878358795738841,4.761832620706645e-06,587.6822143982293,0.0004008830430694576,0.2355918344657596
IHME GBD 2023,2023,country,BWA,Botswana,193,<1 year,1.0,,,,49126.07494307928,,,0.019275161217668257,4.880667931170235e-06,959.562682500234,0.00025321022615865086,0.24297108384928592
IHME GBD 2023,2023,country,BWA,Botswana,193,12-23 months,1.0,,,,49477.59223121048,45755.73163373909,53006.17169721823,0.0029918758778351,1.214286563108412e-05,148.2527022856939,0.004058612765670817,0.6017003100419125
IHME GBD 2023,2023,country,BWA,Botswana,193,2 years,,,,,50043.247034616805,46278.83609810041,53612.16714442187,,,,,
IHME GBD 2023,2023,country,BWA,Botswana,193,3 years,,,,,50671.131692791554,46859.48929120917,54284.83047536436,,,,,
IHME GBD 2023,2023,country,BWA,Botswana,193,4 years,,,,,51313.47005036513,47453.50893084422,54972.978296102025,,,,,
IHME GBD 2023,2023,country,BWA,Botswana,193,2-4 years,3.0,,,,152027.8487777735,140591.8343201538,162869.97591588824,0.0023653136190349,1.04259307875424e-05,120.00649624523571,0.004407842877003519,0.5289697796687117
IHME GBD 2023,2023,country,BWA,Botswana,193,1-4 years,4.0,,,,201505.441008984,,,0.0053501127721097275,2.2549879076395594e-05,268.2591985309296,0.004214841824259982,1.130670089710624
IHME GBD 2023,2023,country,BWA,Botswana,193,<5 years,5.0,,,,250631.51595206326,,,0.024522149703562812,2.743446343269628e-05,1227.8218810311637,0.0011187625784989943,1.3736411735599101
IHME GBD 2023,2023,country,BFA,Burkina Faso,201,live births,,1016626.7132996928,964904.6707643978,1074501.737952735,,,,,,,,
IHME GBD 2023,2023,country,BFA,Burkina Faso,201,0-27 days,0.07665982203969883,,,,75868.80562738795,68180.72817306443,82759.38199839582,0.0202257561595268,0.000754119109485,20222.257825648103,0.03728508855426858,753.9886737965404
IHME GBD 2023,2023,country,BFA,Burkina Faso,201,1-5 months,0.42334017796030116,,,,414292.69851525646,372310.8282510936,451919.69758903375,0.0088149293766995,0.0017467573241178,8664.785856589306,0.19815896979674083,1717.0050388511074
IHME GBD 2023,2023,country,BFA,Burkina Faso,201,6-11 months,0.5,,,,477728.4361908089,429318.37899805495,521116.8123086821,0.0068591002257286,0.0020601610043949,6576.153568546604,0.30035441043231903,1975.1767279932062
IHME GBD 2023,2023,country,BFA,Burkina Faso,201,1-11 months,0.9233401779603012,,,,892021.1347060653,,,0.015613567118350491,0.0037824523949421527,15240.93942513591,0.24225421175515163,3692.1817668443136
IHME GBD 2023,2023,country,BFA,Burkina Faso,201,<1 year,1.0,,,,967889.9403334532,,,0.035523527076561257,0.004453734245059358,35463.19725078401,0.12537421285506226,4446.1704406408535
IHME GBD 2023,2023,country,BFA,Burkina Faso,201,12-23 months,1.0,,,,922953.0209322014,829426.6466476544,1006777.6999289928,0.0083149840226218,0.0025392499695384,7706.423604002285,0.3053824231808624,2353.4063142484124
IHME GBD 2023,2023,country,BFA,Burkina Faso,201,2 years,,,,,883506.9574974275,793977.8043164274,963749.0558751456,,,,,
IHME GBD 2023,2023,country,BFA,Burkina Faso,201,3 years,,,,,845820.9677232711,760110.6806220867,922640.3393490852,,,,,
IHME GBD 2023,2023,country,BFA,Burkina Faso,201,4 years,,,,,809824.6614367777,727762.018298242,883374.7671832863,,,,,
IHME GBD 2023,2023,country,BFA,Burkina Faso,201,2-4 years,3.0,,,,2539152.586657476,2281850.5032367567,2769764.162407517,0.013012094340592,0.0050308595410108,11085.511297987383,0.38662950093412213,4285.985700740434
IHME GBD 2023,2023,country,BFA,Burkina Faso,201,1-4 years,4.0,,,,3462105.6075896774,,,0.021218883006670963,0.007496858792681187,18791.93490198967,0.3533107181148161,6639.392014988847
IHME GBD 2023,2023,country,BFA,Burkina Faso,201,<5 years,5.0,,,,4429995.547923131,,,0.055988640518210286,0.011439757800657934,54255.13215277368,0.20432283575339102,11085.5624556297
IHME GBD 2023,2023,country,BDI,Burundi,175,live births,,506532.0350826018,464726.5723079784,552200.1696942459,,,,,,,,
IHME GBD 2023,2023,country,BDI,Burundi,175,0-27 days,0.07665982203969883,,,,38190.86946037933,32169.216239367837,44620.04875007057,0.0260205218961685,0.0014203749455966,13134.703100515473,0.05458672009978974,716.9803617416785
IHME GBD 2023,2023,country,BDI,Burundi,175,1-5 months,0.42334017796030116,,,,208300.22573924583,175456.99009200762,243366.18564754553,0.015200246946421,0.0040870307227836,7536.551745226069,0.26887923184339574,2026.422244004389
IHME GBD 2023,2023,country,BDI,Burundi,175,6-11 months,0.5,,,,240334.88483510027,202440.66158652765,280793.6668949106,0.0112057034685904,0.0046801504943827,5416.648583707205,0.41765789247423574,2262.3060317447053
IHME GBD 2023,2023,country,BDI,Burundi,175,1-11 months,0.9233401779603012,,,,448635.1105743461,,,0.026235620955080474,0.008686459451303426,12953.200328933275,0.3310941054597494,4288.728275749094
IHME GBD 2023,2023,country,BDI,Burundi,175,<1 year,1.0,,,,486825.9800347254,,,0.05157347830172776,0.009895843355084694,26087.903429448746,0.1918785329387639,5005.708637490773
IHME GBD 2023,2023,country,BDI,Burundi,175,12-23 months,1.0,,,,473051.5873122358,398464.3193423739,552686.6810159438,0.0108456638681472,0.0039449089186451,5158.58348197095,0.3637314383521478,1876.3389897569243
IHME GBD 2023,2023,country,BDI,Burundi,175,2 years,,,,,463334.89492875064,390279.6829925775,541334.247987669,,,,,
IHME GBD 2023,2023,country,BDI,Burundi,175,3 years,,,,,456871.4261908816,384835.32609725697,533782.697204635,,,,,
IHME GBD 2023,2023,country,BDI,Burundi,175,4 years,,,,,447081.02422651264,376588.60214694584,522344.1460769595,,,,,
IHME GBD 2023,2023,country,BDI,Burundi,175,2-4 years,3.0,,,,1367287.3453461449,1151703.6112367804,1597461.0912692633,0.0186431065427798,0.0078123404095481,8577.02989233012,0.4190471363568806,3594.179814828301
IHME GBD 2023,2023,country,BDI,Burundi,175,1-4 years,4.0,,,,1840338.9326583806,,,0.029286573543905958,0.011664040543945353,13735.613374301069,0.39827262572928895,5470.518804585226
IHME GBD 2023,2023,country,BDI,Burundi,175,<5 years,5.0,,,,2327164.912693106,,,0.07934964138043521,0.02087422099472466,39823.516803749815,0.26306635583448895,10476.227442075999
IHME GBD 2023,2023,country,CPV,Cabo Verde,203,live births,,6739.86131824489,5893.514138699894,7676.759045605813,,,,,,,,
IHME GBD 2023,2023,country,CPV,Cabo Verde,203,0-27 days,0.07665982203969883,,,,513.0192706940098,471.89722568469494,555.5848855445737,0.0121451868600377,2.160129292895676e-10,81.77504864953858,1.7785887675415895e-08,1.4544418299323633e-06
IHME GBD 2023,2023,country,CPV,Cabo Verde,203,1-5 months,0.42334017796030116,,,,2868.7592735549033,2638.8083638972093,3106.7825005809186,0.0051256038935536,1.7734795460420274e-09,34.82290954554554,3.4600401881864254e-07,1.2048866649716827e-05
IHME GBD 2023,2023,country,CPV,Cabo Verde,203,6-11 months,0.5,,,,3443.3058977247824,3167.301099863041,3728.999712806921,0.0039257475153239,1.715719268846959e-09,27.08830492559131,4.3704269369075836e-07,1.1838745752197064e-05
IHME GBD 2023,2023,country,CPV,Cabo Verde,203,1-11 months,0.9233401779603012,,,,6312.065171279686,,,0.009031229582127875,3.4845789024401283e-09,61.91121447113685,3.8583659852207147e-07,2.3887612401913892e-05
IHME GBD 2023,2023,country,CPV,Cabo Verde,203,<1 year,1.0,,,,6825.084441973695,,,0.0210667304713148,3.715555088542956e-09,143.68626312067542,1.763707516741711e-07,2.5342054231846253e-05
IHME GBD 2023,2023,country,CPV,Cabo Verde,203,12-23 months,1.0,,,,7145.364980914622,6572.614526617536,7738.221567632837,0.0022079156694112,9.780429212072054e-10,15.793805423444283,4.4297114004722236e-07,6.996199994107117e-06
IHME GBD 2023,2023,country,CPV,Cabo Verde,203,2 years,,,,,7543.978398610166,6939.27632019257,8169.908256024319,,,,,
IHME GBD 2023,2023,country,CPV,Cabo Verde,203,3 years,,,,,7975.579312255981,7336.281433620208,8637.319439008643,,,,,
IHME GBD 2023,2023,country,CPV,Cabo Verde,203,4 years,,,,,8394.288465736827,7721.428150680374,9090.76922228564,,,,,
IHME GBD 2023,2023,country,CPV,Cabo Verde,203,2-4 years,3.0,,,,23913.846176602972,21996.985904493155,25897.996917318596,0.002356742419596,4.5888854188296775e-10,18.8084305956237,1.947130658265284e-07,3.6622471846593685e-06
IHME GBD 2023,2023,country,CPV,Cabo Verde,203,1-4 years,4.0,,,,31059.211157517595,,,0.0045594546004903425,1.4044383142329401e-09,34.60223601906799,3.0802770008542275e-07,1.0658447178766486e-05
IHME GBD 2023,2023,country,CPV,Cabo Verde,203,<5 years,5.0,,,,37884.29559949129,,,0.025530132270640382,5.1551141394820185e-09,178.2884991397434,2.0192273525391768e-07,3.600050141061274e-05
IHME GBD 2023,2023,country,CMR,Cameroon,202,live births,,1090796.6102869548,978952.9525265855,1218923.5494741204,,,,,,,,
IHME GBD 2023,2023,country,CMR,Cameroon,202,0-27 days,0.07665982203969883,,,,82628.8656859504,67825.74476921506,97163.45644430636,0.0231326707512398,0.0005332789950623,25226.79372098363,0.02305306640971055,581.5549509539047
IHME GBD 2023,2023,country,CMR,Cameroon,202,1-5 months,0.42334017796030116,,,,451605.4961042869,370699.49902933615,531043.8499484231,0.0103376560085489,0.0015187433996054,11085.27139961626,0.14691371025979674,1628.5783505544348
IHME GBD 2023,2023,country,CMR,Cameroon,202,6-11 months,0.5,,,,523007.4017822898,429309.615365173,615005.500574891,0.0098449856569977,0.002376307443396,10349.02775593554,0.24137236215341243,2497.9692754413904
IHME GBD 2023,2023,country,CMR,Cameroon,202,1-11 months,0.9233401779603012,,,,974612.8978865767,,,0.020080867590415385,0.0038659839485212155,21434.299155551802,0.19252076291596348,4126.547625995825
IHME GBD 2023,2023,country,CMR,Cameroon,202,<1 year,1.0,,,,1057241.763572527,,,0.04274901424328681,0.004313373984904901,46661.09287653543,0.10089996368939108,4708.10257694973
IHME GBD 2023,2023,country,CMR,Cameroon,202,12-23 months,1.0,,,,1038069.0905247624,852097.0075317803,1220667.6205229978,0.0098593912641639,0.0023112248982089,10285.517526064306,0.23441862040809244,2411.1168286432508
IHME GBD 2023,2023,country,CMR,Cameroon,202,2 years,,,,,1025831.8597093776,842052.1002578397,1206277.8351440155,,,,,
IHME GBD 2023,2023,country,CMR,Cameroon,202,3 years,,,,,1013620.8515468064,832028.7177978023,1191918.88503747,,,,,
IHME GBD 2023,2023,country,CMR,Cameroon,202,4 years,,,,,1000794.2676118342,821500.0411542081,1176836.0780892095,,,,,
IHME GBD 2023,2023,country,CMR,Cameroon,202,2-4 years,3.0,,,,3040246.9788680184,2495580.85920985,3575032.7982706954,0.0168640657873387,0.0055930207198699,17236.055310558117,0.3316531606553066,5716.392220976281
IHME GBD 2023,2023,country,CMR,Cameroon,202,1-4 years,4.0,,,,4078316.069392781,,,0.026557187628600598,0.007842712481049632,27521.57283662242,0.2953141195042608,8127.509049619532
IHME GBD 2023,2023,country,CMR,Cameroon,202,<5 years,5.0,,,,5135557.832965308,,,0.06817090827969075,0.011795414663204573,74182.66571315785,0.17302710145522038,12835.611626569262
IHME GBD 2023,2023,country,CAF,Central African Republic,169,live births,,286568.249941908,270362.50271908066,303616.6772022575,,,,,,,,
IHME GBD 2023,2023,country,CAF,Central African Republic,169,0-27 days,0.07665982203969883,,,,21135.123172584823,17214.085355663294,25157.348681273415,0.0333579519908209,0.0007073803526652,9353.683827505556,0.021205748867911604,198.35187023592903
IHME GBD 2023,2023,country,CAF,Central African Republic,169,1-5 months,0.42334017796030116,,,,114200.23232061628,93013.53631823872,135933.67970993512,0.02350237707262,0.0021840038777959,6415.691293114702,0.09292693547752834,596.1905308390102
IHME GBD 2023,2023,country,CAF,Central African Republic,169,6-11 months,0.5,,,,130519.61192749708,106305.30619392663,155358.8006179082,0.0183442502343907,0.0030358783426196,4833.034832295405,0.1654948173857832,799.8422169898574
IHME GBD 2023,2023,country,CAF,Central African Republic,169,1-11 months,0.9233401779603012,,,,244719.84424811337,,,0.041415493820887606,0.0051399051765388505,11248.726125410107,0.12410585272187619,1396.0327478288677
IHME GBD 2023,2023,country,CAF,Central African Republic,169,<1 year,1.0,,,,265854.9674206982,,,0.07339190975715515,0.00567967205169839,20602.409952915663,0.07738825805857526,1594.3846180647965
IHME GBD 2023,2023,country,CAF,Central African Republic,169,12-23 months,1.0,,,,251142.10835179745,204549.63305711152,298936.96557925554,0.0088374332073846,0.0016179792859486,2229.316901380263,0.18308249103332505,408.148891607392
IHME GBD 2023,2023,country,CAF,Central African Republic,169,2 years,,,,,241930.84318837704,197047.26349616927,287972.70444769884,,,,,
IHME GBD 2023,2023,country,CAF,Central African Republic,169,3 years,,,,,231263.91679871667,188359.2904072604,275275.7551869417,,,,,
IHME GBD 2023,2023,country,CAF,Central African Republic,169,4 years,,,,,220990.65020199656,179991.9444195722,263047.3831183744,,,,,
IHME GBD 2023,2023,country,CAF,Central African Republic,169,2-4 years,3.0,,,,694185.4101890903,565398.4983230018,826295.842753015,0.0289667612752361,0.0063636836337794,6801.762821252261,0.2196891662589756,1494.273603292207
IHME GBD 2023,2023,country,CAF,Central African Republic,169,1-4 years,4.0,,,,945327.5185408877,,,0.03754820266461656,0.0079096351251557,9031.079722632525,0.21065282926602827,1902.422494899599
IHME GBD 2023,2023,country,CAF,Central African Republic,169,<5 years,5.0,,,,1211182.485961586,,,0.10818437812026682,0.012765958618593934,29633.48967554819,0.11800186718642709,3496.807112964396
IHME GBD 2023,2023,country,TCD,Chad,204,live births,,937762.540787924,899722.5613896962,977982.3320782924,,,,,,,,
IHME GBD 2023,2023,country,TCD,Chad,204,0-27 days,0.07665982203969883,,,,70660.90395557409,59874.87472439564,82411.59712742502,0.0309236486546738,0.0002752445352553,28953.779317772965,0.0089007781173875,257.7111653673004
IHME GBD 2023,2023,country,TCD,Chad,204,1-5 months,0.42334017796030116,,,,380509.2535273258,322426.4425027172,443786.7837731999,0.0182389374146279,0.0007217520212222,16544.979549709824,0.039572043305732496,654.7186472335757
IHME GBD 2023,2023,country,TCD,Chad,204,6-11 months,0.5,,,,431450.6825388882,365591.92029318894,503199.6173174137,0.0185399115423989,0.0011082460948394,16148.275670092504,0.059776234223391705,965.2831087593471
IHME GBD 2023,2023,country,TCD,Chad,204,1-11 months,0.9233401779603012,,,,811959.936066214,,,0.03644070067073224,0.0018056935193299986,32693.255219802326,0.04955155872675801,1620.0017559929229
IHME GBD 2023,2023,country,TCD,Chad,204,<1 year,1.0,,,,882620.8400217881,,,0.0662374699011341,0.0020175334311621908,61647.034537575295,0.0304590956474267,1877.7129213602232
IHME GBD 2023,2023,country,TCD,Chad,204,12-23 months,1.0,,,,831802.7969439512,704832.3114254778,970129.06931263,0.0140562464975491,0.0009077969626002,11774.976384380188,0.06458317039036608,760.4653061749624
IHME GBD 2023,2023,country,TCD,Chad,204,2 years,,,,,793993.7813020977,672794.6505935136,926032.5294945154,,,,,
IHME GBD 2023,2023,country,TCD,Chad,204,3 years,,,,,759650.9275648354,643694.0596006549,885978.563751581,,,,,
IHME GBD 2023,2023,country,TCD,Chad,204,4 years,,,,,728707.569889754,617474.0488078053,849889.419914815,,,,,
IHME GBD 2023,2023,country,TCD,Chad,204,2-4 years,3.0,,,,2282352.2787566874,1933962.7590019736,2661900.5131609114,0.0264267416560815,0.0028352667099143,20375.475130339535,0.10728779002771344,2186.0396974987652
IHME GBD 2023,2023,country,TCD,Chad,204,1-4 years,4.0,,,,3114155.075700639,,,0.04011152735878565,0.003676116835048058,32150.451514719723,0.09164739108950626,2946.5050036737275
IHME GBD 2023,2023,country,TCD,Chad,204,<5 years,5.0,,,,3996775.915722427,,,0.10369211117380372,0.00533312098716997,93797.48605229502,0.05143227316715396,4824.21792503395
IHME GBD 2023,2023,country,COM,Comoros,176,live births,,22757.385485639516,19894.05391136168,25685.178674497805,,,,,,,,
IHME GBD 2023,2023,country,COM,Comoros,176,0-27 days,0.07665982203969883,,,,1709.751095906863,1528.4700194348568,1898.7234727926063,0.0204290199511903,6.691822339846224e-06,460.34873279230493,0.00032756453103646434,0.15079391677034198
IHME GBD 2023,2023,country,COM,Comoros,176,1-5 months,0.42334017796030116,,,,9379.604718799344,8385.1062538611,10416.297253872768,0.0092283042476654,3.544859004987882e-05,205.4133199072958,0.0038412896994425272,0.789052069888188
IHME GBD 2023,2023,country,COM,Comoros,176,6-11 months,0.5,,,,10908.373371474096,9751.782992866663,12114.034972685846,0.0065880152572966,4.99652687330988e-05,144.2045947308081,0.007584267306873559,1.093686193317819
IHME GBD 2023,2023,country,COM,Comoros,176,1-11 months,0.9233401779603012,,,,20287.978090273442,,,0.01575552329577934,8.484555660284929e-05,349.6179146381039,0.005385130979786505,1.882738263206007
IHME GBD 2023,2023,country,COM,Comoros,176,<1 year,1.0,,,,21997.729186180302,,,0.03586267334721882,9.00381522410964e-05,809.9666474304088,0.002510636933542461,2.033532179976349
IHME GBD 2023,2023,country,COM,Comoros,176,12-23 months,1.0,,,,21525.67235227859,19243.353560293835,23904.824193860688,0.0044811878170328,4.3529866805479454e-05,96.67735754224863,0.009713912601481313,0.9391154017075634
IHME GBD 2023,2023,country,COM,Comoros,176,2 years,,,,,21249.00160180534,18996.01758936491,23597.574062881788,,,,,
IHME GBD 2023,2023,country,COM,Comoros,176,3 years,,,,,21065.53203195807,18832.000886780836,23393.82628950931,,,,,
IHME GBD 2023,2023,country,COM,Comoros,176,4 years,,,,,20975.236059299983,18751.27879371477,23293.55024161263,,,,,
IHME GBD 2023,2023,country,COM,Comoros,176,2-4 years,3.0,,,,63289.76969306339,56579.29726986052,70284.95059400372,0.0054108226044874,5.541622764541586e-05,114.45984646981894,0.010241738030638277,1.172267762570963
IHME GBD 2023,2023,country,COM,Comoros,176,1-4 years,4.0,,,,84815.44204534197,,,0.009867763509184835,9.867815499339494e-05,211.13720401206757,0.010000052686867303,2.1113831642785263
IHME GBD 2023,2023,country,COM,Comoros,176,<5 years,5.0,,,,106813.17123152228,,,0.045376552477006116,0.00018419474999103436,1021.1038514424764,0.004059249544891544,4.144915344254875
IHME GBD 2023,2023,country,COG,Congo,170,live births,,147889.18708467315,132502.73205020477,165925.3721367503,,,,,,,,
IHME GBD 2023,2023,country,COG,Congo,170,0-27 days,0.07665982203969883,,,,11364.052597886515,10550.120972351877,12172.769835527964,0.018051358958561,0.000455936247832,2700.38035224152,0.0252577243009047,68.20546244449623
IHME GBD 2023,2023,country,COG,Congo,170,1-5 months,0.42334017796030116,,,,62498.576615221005,58022.21858890486,66946.25721168217,0.0096309485921601,0.0012996574365933,1428.7277440540838,0.13494594267186336,192.80101224282305
IHME GBD 2023,2023,country,COG,Congo,170,6-11 months,0.5,,,,73043.96837908181,67812.31396652269,78242.10661586597,0.0076783565980351,0.0017074419138581,1126.043910150136,0.2223707497897449,250.39922859626188
IHME GBD 2023,2023,country,COG,Congo,170,1-11 months,0.9233401779603012,,,,135542.54499430282,,,0.01723535533252718,0.0029899790150531547,2554.77165420422,0.17347939496265327,443.2002408390849
IHME GBD 2023,2023,country,COG,Congo,170,<1 year,1.0,,,,146906.59759218933,,,0.03497559270520245,0.003403653702733067,5255.15200644574,0.09731511146705428,511.40570328358115
IHME GBD 2023,2023,country,COG,Congo,170,12-23 months,1.0,,,,148932.28521813542,138265.25460049027,159530.9783568524,0.0056999470655829,0.0013982437379021,851.3347351010799,0.24530819704360007,208.83938894823677
IHME GBD 2023,2023,country,COG,Congo,170,2 years,,,,,152903.86544931983,141952.3769126652,163785.1941501278,,,,,
IHME GBD 2023,2023,country,COG,Congo,170,3 years,,,,,157865.06996860437,146558.2432967019,169099.4603593024,,,,,
IHME GBD 2023,2023,country,COG,Congo,170,4 years,,,,,163417.37785680784,151712.87624051495,175046.89551915528,,,,,
IHME GBD 2023,2023,country,COG,Congo,170,2-4 years,3.0,,,,474186.313274732,440223.4964498821,507931.5500285855,0.0097899147271273,0.0028731470974524,1555.0388538648695,0.29348029860679703,456.3732671774333
IHME GBD 2023,2023,country,COG,Congo,170,1-4 years,4.0,,,,623118.5984928674,,,0.015434059796988975,0.004266557761203361,2406.3735889659492,0.2764378146335627,665.21265612567
IHME GBD 2023,2023,country,COG,Congo,170,<5 years,5.0,,,,770025.1960850568,,,0.049869837112944126,0.007658757410270831,7661.525595411689,0.15357494336557473,1176.6183594092513
IHME GBD 2023,2023,country,CIV,Côte d'Ivoire,205,live births,,1130523.4477338237,1055839.897974013,1207453.6761475413,,,,,,,,
IHME GBD 2023,2023,country,CIV,Côte d'Ivoire,205,0-27 days,0.07665982203969883,,,,84733.69921931732,77701.85076546643,91610.6516563768,0.0262371128585785,0.0005831006591139,29387.65973717891,0.022224269196724863,653.1192610608167
IHME GBD 2023,2023,country,CIV,Côte d'Ivoire,205,1-5 months,0.42334017796030116,,,,460638.7910865405,422411.4718413165,498024.0473205151,0.0131320841532802,0.0023512605398444,14383.745818624859,0.17904702044245505,2575.3668316264025
IHME GBD 2023,2023,country,CIV,Côte d'Ivoire,205,6-11 months,0.5,,,,528818.8694918072,484933.4474688844,571737.5930554027,0.0095209689969424,0.0028858086675687,10117.979404968108,0.30310031137539256,3066.7627081356427
IHME GBD 2023,2023,country,CIV,Côte d'Ivoire,205,1-11 months,0.9233401779603012,,,,989457.6605783477,,,0.022528022984133922,0.005187635678357399,24501.725223592966,0.23027478629664738,5642.129539762045
IHME GBD 2023,2023,country,CIV,Côte d'Ivoire,205,<1 year,1.0,,,,1074191.359797665,,,0.04817406556119719,0.00562759676466244,53889.38496077187,0.11681797454926257,6295.248800822862
IHME GBD 2023,2023,country,CIV,Côte d'Ivoire,205,12-23 months,1.0,,,,1027264.124746651,942013.9148083434,1110636.4617420568,0.0090814892579541,0.0023826411543964,9371.707347683878,0.2623623820630018,2458.7834637356787
IHME GBD 2023,2023,country,CIV,Côte d'Ivoire,205,2 years,,,,,990069.8733121188,907906.3259632149,1070423.540045233,,,,,
IHME GBD 2023,2023,country,CIV,Côte d'Ivoire,205,3 years,,,,,955474.4665418732,876181.9098359959,1033020.3841847,,,,,
IHME GBD 2023,2023,country,CIV,Côte d'Ivoire,205,4 years,,,,,923275.1195344304,846654.7101625581,998207.7513191546,,,,,
IHME GBD 2023,2023,country,CIV,Côte d'Ivoire,205,2-4 years,3.0,,,,2868819.4593884223,2630742.9459617687,3101651.6755490876,0.0137296261267289,0.0051593718195751,13220.236428150216,0.3757838539776994,4967.951395466664
IHME GBD 2023,2023,country,CIV,Côte d'Ivoire,205,1-4 years,4.0,,,,3896083.5841350732,,,0.022686429932497365,0.007457795649737498,22591.943775834094,0.32873377044902585,7426.734859202343
IHME GBD 2023,2023,country,CIV,Côte d'Ivoire,205,<5 years,5.0,,,,4970274.943932738,,,0.06976759793077691,0.012517432092509087,76481.32873660597,0.17941612530402473,13721.983660025204
IHME GBD 2023,2023,country,COD,Democratic Republic of the Congo,171,live births,,3118726.2717850474,2901029.2727059466,3364117.673526443,,,,,,,,
IHME GBD 2023,2023,country,COD,Democratic Republic of the Congo,171,0-27 days,0.07665982203969883,,,,235781.88476819076,157800.96684657675,310537.6589551655,0.018807991131056,0.0007391301724876,58398.4761379446,0.0392987303820629,2294.985968468419
IHME GBD 2023,2023,country,COD,Democratic Republic of the Congo,171,1-5 months,0.42334017796030116,,,,1289532.6770443916,863041.2952119727,1698385.1794604757,0.0125810245735952,0.0034750581057307,38566.057037813705,0.27621423719528226,10652.49402632946
IHME GBD 2023,2023,country,COD,Democratic Republic of the Congo,171,6-11 months,0.5,,,,1493352.9407219426,999451.4129903712,1966827.632502526,0.012162957065697,0.005087869349404,36549.90622741175,0.418308584164392,15289.139525329903
IHME GBD 2023,2023,country,COD,Democratic Republic of the Congo,171,1-11 months,0.9233401779603012,,,,2782885.617766334,,,0.024590959177561156,0.008492597630887765,75115.96326522547,0.34535446826478894,25941.63355165936
IHME GBD 2023,2023,country,COD,Democratic Republic of the Congo,171,<1 year,1.0,,,,3018667.502534525,,,0.04293644376650141,0.009080516171895613,133514.43940317005,0.21148738403389017,28236.61952012778
IHME GBD 2023,2023,country,COD,Democratic Republic of the Congo,171,12-23 months,1.0,,,,2954327.2239155695,1977232.8683069984,3891010.7992572295,0.0083582340300302,0.003227254671697,24796.731747305148,0.38611681129073855,9574.434992701288
IHME GBD 2023,2023,country,COD,Democratic Republic of the Congo,171,2 years,,,,,2918902.9673015643,1953524.5925460889,3844355.112668095,,,,,
IHME GBD 2023,2023,country,COD,Democratic Republic of the Congo,171,3 years,,,,,2879127.2495076978,1926904.028667487,3791968.313321265,,,,,
IHME GBD 2023,2023,country,COD,Democratic Republic of the Congo,171,4 years,,,,,2835202.399920064,1897506.588994233,3734116.88010233,,,,,
IHME GBD 2023,2023,country,COD,Democratic Republic of the Congo,171,2-4 years,3.0,,,,8633232.616729327,5777935.210207809,11370440.30609169,0.0177876384408471,0.0078496107511371,51649.004424643725,0.4412958345899052,22792.49051331086
IHME GBD 2023,2023,country,COD,Democratic Republic of the Congo,171,1-4 years,4.0,,,,11587559.840644896,,,0.02599719922594712,0.011007146413222063,76445.73617194887,0.4233973943714721,32366.925506012147
IHME GBD 2023,2023,country,COD,Democratic Republic of the Congo,171,<5 years,5.0,,,,14606227.343179421,,,0.06781741570979705,0.01957502557457464,209960.17557511892,0.28864304795009743,60603.54502613993
IHME GBD 2023,2023,country,DJI,Djibouti,177,live births,,35512.35854731489,32043.908963856113,39678.245348508666,,,,,,,,
IHME GBD 2023,2023,country,DJI,Djibouti,177,0-27 days,0.07665982203969883,,,,2676.7326928346124,2289.5925367709815,3110.495614057436,0.0208433572139502,1.5709011475512243e-05,735.479804963799,0.0007536699253514878,0.5543090097045932
IHME GBD 2023,2023,country,DJI,Djibouti,177,1-5 months,0.42334017796030116,,,,14724.187644390844,12594.60469506649,17110.23338678452,0.0132795286104532,0.0001178842684472,464.96922712926266,0.00887714254814779,4.127598109728572
IHME GBD 2023,2023,country,DJI,Djibouti,177,6-11 months,0.5,,,,17218.355061842467,14728.03666596947,20008.57913250504,0.0056760029854019,0.0001001729601099,196.01970143771845,0.01764850377414082,3.459454440629531
IHME GBD 2023,2023,country,DJI,Djibouti,177,1-11 months,0.9233401779603012,,,,31942.54270623331,,,0.01888015695181755,0.00021671277197184242,660.9889285669811,0.011478335298000792,7.587052550358103
IHME GBD 2023,2023,country,DJI,Djibouti,177,<1 year,1.0,,,,34619.27539906792,,,0.03932998831016554,0.0002292923910845579,1396.4687335307801,0.005829963367298871,8.141361560062697
IHME GBD 2023,2023,country,DJI,Djibouti,177,12-23 months,1.0,,,,34318.44963296624,29354.917046266783,39879.73373297465,0.0030527137025436,7.920806873219191e-05,104.92463548872345,0.025946772757037027,2.7224556736408503
IHME GBD 2023,2023,country,DJI,Djibouti,177,2 years,,,,,34113.178883602464,29179.334935651543,39641.198982269234,,,,,
IHME GBD 2023,2023,country,DJI,Djibouti,177,3 years,,,,,33807.68695066998,28918.026792496898,39286.20226554062,,,,,
IHME GBD 2023,2023,country,DJI,Djibouti,177,4 years,,,,,33345.55388917744,28522.732779231817,38749.180819681846,,,,,
IHME GBD 2023,2023,country,DJI,Djibouti,177,2-4 years,3.0,,,,101266.41972344989,86620.09450738026,117676.5820674917,0.0051816654528201,0.0001296069119741,175.36430250376353,0.025012597427254195,4.3863167016378615
IHME GBD 2023,2023,country,DJI,Djibouti,177,1-4 years,4.0,,,,135584.86935641614,,,0.008218561014233794,0.00020844161714328452,280.288937992487,0.02536230086778972,7.108772375278711
IHME GBD 2023,2023,country,DJI,Djibouti,177,<5 years,5.0,,,,170204.14475548407,,,0.04722531341578318,0.0004295148708488705,1676.7576715232672,0.00909501366496643,15.250133935341408
IHME GBD 2023,2023,country,GNQ,Equatorial Guinea,172,live births,,40678.440894069776,35493.75706904023,46665.54832147993,,,,,,,,
IHME GBD 2023,2023,country,GNQ,Equatorial Guinea,172,0-27 days,0.07665982203969883,,,,3108.102007213035,2734.1678188816923,3487.36256307902,0.0172819421763066,0.0011267531729376,706.805690111142,0.0651982955065299,46.08252624956304
IHME GBD 2023,2023,country,GNQ,Equatorial Guinea,172,1-5 months,0.42334017796030116,,,,17068.922956651575,15015.369425694942,19151.727572957607,0.0127764384622396,0.0040070217451484,518.4605182345394,0.3136258791517713,162.6026358367904
IHME GBD 2023,2023,country,GNQ,Equatorial Guinea,172,6-11 months,0.5,,,,19889.212421051063,17496.35128394694,22316.15778546923,0.0082176137118711,0.0038242685822985,328.2342352399675,0.46537458639288326,152.75187146478424
IHME GBD 2023,2023,country,GNQ,Equatorial Guinea,172,1-11 months,0.9233401779603012,,,,36958.13537770264,,,0.020889060338214582,0.007780205680876307,846.694753474507,0.37245359795544025,315.35450730157464
IHME GBD 2023,2023,country,GNQ,Equatorial Guinea,172,<1 year,1.0,,,,40066.23738491567,,,0.03780999898163884,0.008796865122840008,1553.500443585649,0.23265975561416735,361.4370335511377
IHME GBD 2023,2023,country,GNQ,Equatorial Guinea,172,12-23 months,1.0,,,,40197.98338317422,35361.78423203299,45103.06998818711,0.006181377227975,0.0027090902102184,249.2500494895527,0.4382664429470339,109.23793259415842
IHME GBD 2023,2023,country,GNQ,Equatorial Guinea,172,2 years,,,,,40649.45175857766,35758.9366743937,45609.627979894656,,,,,
IHME GBD 2023,2023,country,GNQ,Equatorial Guinea,172,3 years,,,,,41110.07362993201,36164.14136021398,46126.456406429126,,,,,
IHME GBD 2023,2023,country,GNQ,Equatorial Guinea,172,4 years,,,,,41535.11556706829,36538.046715796314,46603.3633212819,,,,,
IHME GBD 2023,2023,country,GNQ,Equatorial Guinea,172,2-4 years,3.0,,,,123294.64095557795,108461.124750404,138339.44770760566,0.0074761739326262,0.003598731796523,308.4117052617485,0.4813600952778866,148.45708782961074
IHME GBD 2023,2023,country,GNQ,Equatorial Guinea,172,1-4 years,4.0,,,,163492.62433875218,,,0.013611338109301707,0.006289787711254456,557.6617547513013,0.46209914563478116,257.69502042376917
IHME GBD 2023,2023,country,GNQ,Equatorial Guinea,172,<5 years,5.0,,,,203558.86172366785,,,0.050906692410889076,0.014929201109346578,2111.16219833695,0.2932659813929137,619.1320539749069
IHME GBD 2023,2023,country,ERI,Eritrea,178,live births,,207826.1149765639,187190.41431246075,231272.5166205411,,,,,,,,
IHME GBD 2023,2023,country,ERI,Eritrea,178,0-27 days,0.07665982203969883,,,,15765.28124497248,11087.103173931238,20646.40373345614,0.0171170324684669,2.726741229640178e-06,3550.635507234446,0.00015929988066935063,0.5656158126028065
IHME GBD 2023,2023,country,ERI,Eritrea,178,1-5 months,0.42334017796030116,,,,86457.41931896376,60802.10769768986,113225.6860676863,0.0093536276869384,2.0606930061082913e-05,1919.2517017326675,0.0022030949649470073,4.228293760553215
IHME GBD 2023,2023,country,ERI,Eritrea,178,6-11 months,0.5,,,,100495.52083241474,70674.55319531682,131610.154254093,0.0069997316476184,2.8583134110148927e-05,1411.8303568409472,0.0040834614166778945,5.765154789054591
IHME GBD 2023,2023,country,ERI,Eritrea,178,1-11 months,0.9233401779603012,,,,186952.9401513785,,,0.01628788645081647,4.8864648893635566e-05,3331.0820585736146,0.0030000607531977305,9.993448549607805
IHME GBD 2023,2023,country,ERI,Eritrea,178,<1 year,1.0,,,,202718.221396351,,,0.03312611863806203,5.082754638281204e-05,6881.7175658080605,0.0015343646787647196,10.559064362210613
IHME GBD 2023,2023,country,ERI,Eritrea,178,12-23 months,1.0,,,,199214.15453405576,140099.4914525176,260893.27554755067,0.0084210861736092,7.438336043649812e-05,1684.7030752151247,0.008832988869014043,14.880963510968925
IHME GBD 2023,2023,country,ERI,Eritrea,178,2 years,,,,,196706.1659124575,138335.7215473297,257608.7831978221,,,,,
IHME GBD 2023,2023,country,ERI,Eritrea,178,3 years,,,,,194058.7375232995,136473.8891296207,254141.6788354816,,,,,
IHME GBD 2023,2023,country,ERI,Eritrea,178,4 years,,,,,190756.48993663135,134151.54808601065,249817.01530155796,,,,,
IHME GBD 2023,2023,country,ERI,Eritrea,178,2-4 years,3.0,,,,581521.3933723883,408961.15876296104,761567.4773348616,0.0167130504155742,0.0001185706946447,3267.0432743591914,0.007094497515199791,23.17803039199147
IHME GBD 2023,2023,country,ERI,Eritrea,178,1-4 years,4.0,,,,780735.5479064441,,,0.02499339455140992,0.00019209858173130517,4951.746349574316,0.007685974041508042,38.058993902960395
IHME GBD 2023,2023,country,ERI,Eritrea,178,<5 years,5.0,,,,983453.7693027951,,,0.05729157903639415,0.00023538376823664442,11833.463915382377,0.0041085229661259335,48.61805826517101
IHME GBD 2023,2023,country,SWZ,Eswatini,197,live births,,27836.086903325075,25502.857487926736,30511.735980104095,,,,,,,,
IHME GBD 2023,2023,country,SWZ,Eswatini,197,0-27 days,0.07665982203969883,,,,2081.3624248608553,1858.765817424025,2301.1578710276904,0.019107956029388,2.053097371712216e-07,523.8136301201331,1.0744725226259448e-05,0.00562823352541033
IHME GBD 2023,2023,country,SWZ,Eswatini,197,1-5 months,0.42334017796030116,,,,11466.299289655824,10240.006698204166,12677.160184495346,0.0115360924418358,6.0854083488230064e-06,314.2748794595021,0.0005275103662271453,0.1657832567596739
IHME GBD 2023,2023,country,SWZ,Eswatini,197,6-11 months,0.5,,,,13443.876989671022,12006.08731260462,14863.573485515246,0.0085813011935733,8.596066458030497e-06,231.72760565017387,0.0010017206323521492,0.2321263236653416
IHME GBD 2023,2023,country,SWZ,Eswatini,197,1-11 months,0.9233401779603012,,,,24910.176279326846,,,0.02001839895156876,1.458878474884461e-05,546.002485109676,0.0007287688083417553,0.3979095804250155
IHME GBD 2023,2023,country,SWZ,Eswatini,197,<1 year,1.0,,,,26991.538704187704,,,0.038743844294011454,1.461429306202082e-05,1069.816115229809,0.0003772029680668451,0.40353781395042587
IHME GBD 2023,2023,country,SWZ,Eswatini,197,12-23 months,1.0,,,,26751.801284243786,23890.76173746951,29576.837437872808,0.0045115004721818,1.6030174225276483e-05,120.96383395788895,0.0035531802166750425,0.4298063017523357
IHME GBD 2023,2023,country,SWZ,Eswatini,197,2 years,,,,,26747.75671352626,23887.14972367216,29572.365753542203,,,,,
IHME GBD 2023,2023,country,SWZ,Eswatini,197,3 years,,,,,26699.11156341681,23843.707053079623,29518.58359204807,,,,,
IHME GBD 2023,2023,country,SWZ,Eswatini,197,4 years,,,,,26580.207479438566,23737.519469307113,29387.123032620435,,,,,
IHME GBD 2023,2023,country,SWZ,Eswatini,197,2-4 years,3.0,,,,80027.07575638164,71468.3762460589,88478.07237821071,0.0066552229801008,2.1475866900057165e-05,178.12607189182464,0.0032269192128152996,0.5747984436910483
IHME GBD 2023,2023,country,SWZ,Eswatini,197,1-4 years,4.0,,,,106778.87704062543,,,0.011136698410665447,3.7406745774790624e-05,299.0899058497136,0.003358872117697535,1.004604745443384
IHME GBD 2023,2023,country,SWZ,Eswatini,197,<5 years,5.0,,,,133770.41574481313,,,0.049449064195504766,5.0866407732632695e-05,1368.9060210795226,0.001028662696861648,1.4081425593938097
IHME GBD 2023,2023,country,ETH,Ethiopia,179,live births,,3658772.3284683153,3383358.437987812,3957466.966713981,,,,,,,,
IHME GBD 2023,2023,country,ETH,Ethiopia,179,0-27 days,0.07665982203969883,,,,274588.2665505476,228852.6942198818,319174.82500709133,0.0267001945169734,0.0003389075395693,96937.54624692135,0.012693073803408261,1230.4354288334741
IHME GBD 2023,2023,country,ETH,Ethiopia,179,1-5 months,0.42334017796030116,,,,1495236.1396573638,1246188.7878684406,1738026.6797800877,0.0100907992237894,0.0006588852267305,35821.71057711069,0.06529564330020123,2339.0016362460647
IHME GBD 2023,2023,country,ETH,Ethiopia,179,6-11 months,0.5,,,,1722211.038737613,1435358.623227151,2001856.8667178273,0.0055097703233713,0.0006555896858194,19030.449522924468,0.11898675395570027,2264.371415050587
IHME GBD 2023,2023,country,ETH,Ethiopia,179,1-11 months,0.9233401779603012,,,,3217447.178394977,,,0.015544971561058385,0.0013045849614098089,54852.16010003515,0.08392327745892549,4603.373051296652
IHME GBD 2023,2023,country,ETH,Ethiopia,179,<1 year,1.0,,,,3492035.4449455244,,,0.041830112313590684,0.0016076772912520618,151789.70634695652,0.03843349210252358,5833.808480130127
IHME GBD 2023,2023,country,ETH,Ethiopia,179,12-23 months,1.0,,,,3342766.3661420364,2785993.3661746015,3885551.5691038086,0.0045612488200168,0.0004428563246534,15282.068357163162,0.09709102531524885,1483.751685734692
IHME GBD 2023,2023,country,ETH,Ethiopia,179,2 years,,,,,3239199.6373808123,2699676.768578168,3765168.083879994,,,,,
IHME GBD 2023,2023,country,ETH,Ethiopia,179,3 years,,,,,3186942.819531252,2656123.8749805535,3704426.010294376,,,,,
IHME GBD 2023,2023,country,ETH,Ethiopia,179,4 years,,,,,3141090.8191672456,2617909.008954069,3651128.74316693,,,,,
IHME GBD 2023,2023,country,ETH,Ethiopia,179,2-4 years,3.0,,,,9567233.27607931,7973709.652512792,11120722.8373413,0.0075943329760063,0.0009310072769771,24311.349919088083,0.12259236985243399,2980.3860008927873
IHME GBD 2023,2023,country,ETH,Ethiopia,179,1-4 years,4.0,,,,12909999.642221346,,,0.012120942153697523,0.0013666300365434353,39593.41827625124,0.11274948920753174,4464.1376866274795
IHME GBD 2023,2023,country,ETH,Ethiopia,179,<5 years,5.0,,,,16402035.087166872,,,0.05344403409565257,0.002875717423544715,191383.12462320775,0.05380801565985532,10297.946166757605
IHME GBD 2023,2023,country,GAB,Gabon,173,live births,,48615.75694329843,44349.01147192889,53558.768756492034,,,,,,,,
IHME GBD 2023,2023,country,GAB,Gabon,173,0-27 days,0.07665982203969883,,,,3668.8838887514985,3173.414113439277,4139.5956945931175,0.0154420356311668,0.0004833855757764,744.8103167762451,0.0313032288826467,23.314967820203396
IHME GBD 2023,2023,country,GAB,Gabon,173,1-5 months,0.42334017796030116,,,,20209.278429558984,17480.086951623412,22802.095818383714,0.005732196597061,0.0008743026133865,274.42906766663214,0.1525248826662314,41.85726134605635
IHME GBD 2023,2023,country,GAB,Gabon,173,6-11 months,0.5,,,,23656.205344947797,20461.51859486108,26691.2578227382,0.0054267233734111,0.0014434595768635,257.4505549476698,0.2659910000085702,68.47953056329203
IHME GBD 2023,2023,country,GAB,Gabon,173,1-11 months,0.9233401779603012,,,,43865.48377450678,,,0.011127812925217917,0.002308430567617898,531.879622614302,0.20744692448832588,110.33679190934838
IHME GBD 2023,2023,country,GAB,Gabon,173,<1 year,1.0,,,,47534.36766325828,,,0.026398012472696464,0.002763506401579984,1276.6899393905471,0.1046861540973316,133.65175972955177
IHME GBD 2023,2023,country,GAB,Gabon,173,12-23 months,1.0,,,,47242.26220552743,40862.36200972728,53303.367225227135,0.0040429281140834,0.0009269558973274,191.38420755411155,0.229278352513462,43.88025580510117
IHME GBD 2023,2023,country,GAB,Gabon,173,2 years,,,,,47214.28657610011,40838.164389974525,53271.80236827271,,,,,
IHME GBD 2023,2023,country,GAB,Gabon,173,3 years,,,,,47225.06796447496,40847.48979003314,53283.966991153,,,,,
IHME GBD 2023,2023,country,GAB,Gabon,173,4 years,,,,,47223.217163294285,40845.88893299705,53281.87873520613,,,,,
IHME GBD 2023,2023,country,GAB,Gabon,173,2-4 years,3.0,,,,141662.57170386935,122531.54311300472,159837.64809463185,0.0056260887738,0.0014846857809555,266.41888766098907,0.2638930597521849,70.30609544063203
IHME GBD 2023,2023,country,GAB,Gabon,173,1-4 years,4.0,,,,188904.83390939678,,,0.009646271015407382,0.0024059961627374135,457.8030952151006,0.24942240985086023,114.1863512457332
IHME GBD 2023,2023,country,GAB,Gabon,173,<5 years,5.0,,,,236439.20157265506,,,0.035789641105524184,0.005113907560945152,1734.4930346056476,0.14288792519229296,247.83811097528496
IHME GBD 2023,2023,country,GMB,Gambia,206,live births,,79358.73128343206,72991.99833405248,86427.67067426998,,,,,,,,
IHME GBD 2023,2023,country,GMB,Gambia,206,0-27 days,0.07665982203969883,,,,5890.633806477249,5121.321744939276,6675.770241460638,0.0261935982856493,0.0001483882708001,2039.5780069674436,0.005665058659825197,11.554329050759932
IHME GBD 2023,2023,country,GMB,Gambia,206,1-5 months,0.42334017796030116,,,,32325.04707537635,28103.421793301382,36633.50912805466,0.0084527612735949,0.0003750605610433,648.1720099886654,0.04437136562875973,28.760277245535175
IHME GBD 2023,2023,country,GMB,Gambia,206,6-11 months,0.5,,,,37614.78813528229,32702.326903547106,42628.296295765336,0.0057265634029895,0.0004549335730973,432.04518946210493,0.07944268509448549,34.322829933025325
IHME GBD 2023,2023,country,GMB,Gambia,206,1-11 months,0.9233401779603012,,,,69939.83521065864,,,0.014130919403220865,0.0008252250600140602,1080.2171994507703,0.05839853985905308,63.083107178560496
IHME GBD 2023,2023,country,GMB,Gambia,206,<1 year,1.0,,,,75830.46901713588,,,0.03995437806261526,0.000955861570206814,3119.795206418214,0.023923825536936588,74.63743622932043
IHME GBD 2023,2023,country,GMB,Gambia,206,12-23 months,1.0,,,,73916.11483284147,64262.72938212757,83768.0657084614,0.0055970947387698,0.0003688942582212,414.87763829521265,0.06590816761881008,27.343824926056932
IHME GBD 2023,2023,country,GMB,Gambia,206,2 years,,,,,72516.4563599253,63045.86518579065,82181.85296995648,,,,,
IHME GBD 2023,2023,country,GMB,Gambia,206,3 years,,,,,71123.82031819093,61835.10629674241,80603.59865131711,,,,,
IHME GBD 2023,2023,country,GMB,Gambia,206,4 years,,,,,69757.87630248177,60647.55347647901,79055.59402038153,,,,,
IHME GBD 2023,2023,country,GMB,Gambia,206,2-4 years,3.0,,,,213398.152980598,185528.52495901208,241841.04564165513,0.0096551844559792,0.0009798075625994,690.1365953298956,0.10147994241504431,70.03502195259254
IHME GBD 2023,2023,country,GMB,Gambia,206,1-4 years,4.0,,,,287314.2678134395,,,0.015198238212628667,0.0013393374191005333,1105.0142336251083,0.08812451814234877,97.37884687864948
IHME GBD 2023,2023,country,GMB,Gambia,206,<5 years,5.0,,,,363144.7368305754,,,0.054545380119810805,0.0022208560367222145,4224.809440043322,0.04071574956199824,172.0162831079699
IHME GBD 2023,2023,country,GHA,Ghana,207,live births,,907801.9001178954,799167.603935272,1028155.555754666,,,,,,,,
IHME GBD 2023,2023,country,GHA,Ghana,207,0-27 days,0.07665982203969883,,,,67858.98000418078,62120.19018835264,73400.03141549618,0.02016512838124,0.0004934918265666,18032.52557303639,0.024472535817114102,441.301627959159
IHME GBD 2023,2023,country,GHA,Ghana,207,1-5 months,0.42334017796030116,,,,373590.69642051915,341996.3741396046,404096.3900741473,0.0072433728334822,0.0014819549485211,6415.419362046954,0.20459459737745692,1312.5601413855381
IHME GBD 2023,2023,country,GHA,Ghana,207,6-11 months,0.5,,,,437388.1912677354,400398.5563298667,473103.2941821538,0.0041759994994285,0.0013425920015924,3660.7146378901084,0.3215019546281407,1176.926911417516
IHME GBD 2023,2023,country,GHA,Ghana,207,1-11 months,0.9233401779603012,,,,810978.8876882545,,,0.011389124011583873,0.0028138844491134725,10076.133999937063,0.24706768020538472,2489.487052803054
IHME GBD 2023,2023,country,GHA,Ghana,207,<1 year,1.0,,,,878837.8676924354,,,0.03132458924498038,0.0032661020832521572,28108.65957297345,0.10426639780362115,2930.7886807622135
IHME GBD 2023,2023,country,GHA,Ghana,207,12-23 months,1.0,,,,867191.1825762575,793853.3881290378,938002.015951566,0.0042093924345957,0.0013368914332144,3658.052505368747,0.3175972433044972,1161.7873915682235
IHME GBD 2023,2023,country,GHA,Ghana,207,2 years,,,,,859582.5674943934,786888.2286773892,929772.1164452248,,,,,
IHME GBD 2023,2023,country,GHA,Ghana,207,3 years,,,,,849761.2492296038,777897.4929122557,919148.8346167516,,,,,
IHME GBD 2023,2023,country,GHA,Ghana,207,4 years,,,,,836442.4878842548,765705.0905537853,904742.5246323708,,,,,
IHME GBD 2023,2023,country,GHA,Ghana,207,2-4 years,3.0,,,,2545786.304608252,2330490.81214343,2753663.475694347,0.0084781691256786,0.0033498995054923,7225.207344071653,0.39512062755933414,2854.8284600359016
IHME GBD 2023,2023,country,GHA,Ghana,207,1-4 years,4.0,,,,3412977.4871845096,,,0.012651873619297427,0.004669346945196302,10883.259849440401,0.36906367275707863,4016.615851604125
IHME GBD 2023,2023,country,GHA,Ghana,207,<5 years,5.0,,,,4291815.354876945,,,0.043580148119974016,0.007764914450347942,38991.91942241385,0.1781754946993643,6947.404532366339
IHME GBD 2023,2023,country,GIN,Guinea,208,live births,,511422.77537331905,475608.7252728973,548944.2946537499,,,,,,,,
IHME GBD 2023,2023,country,GIN,Guinea,208,0-27 days,0.07665982203969883,,,,38643.54557589381,34190.322852181795,43440.595620364445,0.0261683492123167,0.0008417774326873,13366.903721396784,0.03216776976864476,429.98348142953256
IHME GBD 2023,2023,country,GIN,Guinea,208,1-5 months,0.42334017796030116,,,,210113.16095989896,185900.0436334891,236195.7404206019,0.0134517196194661,0.0022593610440738,6721.699359657124,0.1679607595154049,1128.9817296822214
IHME GBD 2023,2023,country,GIN,Guinea,208,6-11 months,0.5,,,,241749.0131035271,213890.228860418,271758.7365069206,0.011017218015605,0.0028212323024584,5356.363758251079,0.2560748365388024,1371.6299738365105
IHME GBD 2023,2023,country,GIN,Guinea,208,1-11 months,0.9233401779603012,,,,451862.1740634261,,,0.02432073710733862,0.0050353040264080095,12078.063117908203,0.2070374760511942,2500.6117035187317
IHME GBD 2023,2023,country,GIN,Guinea,208,<1 year,1.0,,,,490505.71963931987,,,0.049852652777929496,0.005741722719096633,25444.966839304987,0.11517386536426359,2930.5951849482644
IHME GBD 2023,2023,country,GIN,Guinea,208,12-23 months,1.0,,,,476659.3803707284,421729.88690671365,535829.9059456673,0.0123187702506204,0.0025724184284647,5908.3242194517,0.20882104107227323,1233.78241449843
IHME GBD 2023,2023,country,GIN,Guinea,208,2 years,,,,,466968.2696242971,413155.5648490754,524935.7807619133,,,,,
IHME GBD 2023,2023,country,GIN,Guinea,208,3 years,,,,,458140.63124199235,405345.2099291172,515012.3158330709,,,,,
IHME GBD 2023,2023,country,GIN,Guinea,208,4 years,,,,,449969.4466776487,398115.66009935347,505826.7941862051,,,,,
IHME GBD 2023,2023,country,GIN,Guinea,208,2-4 years,3.0,,,,1375078.347543938,1216616.434877546,1545774.8907811893,0.0203324456804632,0.0058434093908041,9415.617584475738,0.287393335884765,2705.985747017736
IHME GBD 2023,2023,country,GIN,Guinea,208,1-4 years,4.0,,,,1851737.7279146665,,,0.032400745204112846,0.008330195063247047,15323.941803927439,0.25709887259598085,3939.7681615161655
IHME GBD 2023,2023,country,GIN,Guinea,208,<5 years,5.0,,,,2342243.447553986,,,0.08063813488163551,0.013589112503996565,40768.908643232426,0.16851967774234003,6870.36334646443
IHME GBD 2023,2023,country,GNB,Guinea-Bissau,209,live births,,72780.31302686046,65334.81823827828,80402.44505898743,,,,,,,,
IHME GBD 2023,2023,country,GNB,Guinea-Bissau,209,0-27 days,0.07665982203969883,,,,5389.807198310403,4561.506053157429,6236.245616510448,0.0319518388886799,0.000228862628811,2283.1461715997934,0.007162737318761422,16.35357628750511
IHME GBD 2023,2023,country,GNB,Guinea-Bissau,209,1-5 months,0.42334017796030116,,,,29508.177594098655,24973.3850879342,34142.26824849992,0.0119888243203468,0.0006520701993076,840.709462992856,0.05438983689175767,45.726050565538614
IHME GBD 2023,2023,country,GNB,Guinea-Bissau,209,6-11 months,0.5,,,,34323.38791343568,29048.597838729336,39713.679829967026,0.0074138299835095,0.0006018073572449,510.8314823066918,0.0811736118286356,41.466036454609934
IHME GBD 2023,2023,country,GNB,Guinea-Bissau,209,1-11 months,0.9233401779603012,,,,63831.56550753434,,,0.01931377119864297,0.00124599112213066,1351.5409452995477,0.06451309323878737,87.19208702014855
IHME GBD 2023,2023,country,GNB,Guinea-Bissau,209,<1 year,1.0,,,,69221.37270584474,,,0.050648499581651074,0.001442884164729252,3634.687116899341,0.02848819168676775,103.54566330765365
IHME GBD 2023,2023,country,GNB,Guinea-Bissau,209,12-23 months,1.0,,,,67710.18695675384,57304.54101595238,78343.68486029116,0.0073344976421911,0.0005129453782396,498.4503909334769,0.06993599333769275,34.85962321949399
IHME GBD 2023,2023,country,GNB,Guinea-Bissau,209,2 years,,,,,66671.5092073449,56425.48641030823,77141.8887062935,,,,,
IHME GBD 2023,2023,country,GNB,Guinea-Bissau,209,3 years,,,,,65595.64576796768,55514.960781000285,75897.06706223109,,,,,
IHME GBD 2023,2023,country,GNB,Guinea-Bissau,209,4 years,,,,,64512.451292092504,54598.23074286456,74643.76308428499,,,,,
IHME GBD 2023,2023,country,GNB,Guinea-Bissau,209,2-4 years,3.0,,,,196779.6062674051,166538.67793417306,227682.7188528096,0.0162314807282242,0.0017269497118917,1073.4100731258327,0.1063950813118845,114.20555201121887
IHME GBD 2023,2023,country,GNB,Guinea-Bissau,209,1-4 years,4.0,,,,264489.79322415893,,,0.0234469286132849,0.002223556481174687,1571.8604640593096,0.09483359282779716,149.06517523071287
IHME GBD 2023,2023,country,GNB,Guinea-Bissau,209,<5 years,5.0,,,,333711.1659300037,,,0.07290787644087493,0.003537338229873617,5206.5475809586505,0.04851791606826242,252.61083853836652
IHME GBD 2023,2023,country,KEN,Kenya,180,live births,,1185574.7290795904,1026684.3289287174,1359621.626364319,,,,,,,,
IHME GBD 2023,2023,country,KEN,Kenya,180,0-27 days,0.07665982203969883,,,,89589.34875146254,81342.14981540765,97781.76416716231,0.0159675430346664,0.0001432385377793,18811.233232305174,0.008970606026758242,168.74816220447173
IHME GBD 2023,2023,country,KEN,Kenya,180,1-5 months,0.42334017796030116,,,,494110.2726850968,448624.667845093,539293.7311141873,0.0061453262206683,0.000345775359734,7194.774840844461,0.05626639617129995,404.82405155825603
IHME GBD 2023,2023,country,KEN,Kenya,180,6-11 months,0.5,,,,580279.2821887294,526861.3397058797,633342.3862637719,0.005164687787312,0.0004801587967821,6009.454514694853,0.09296956884048208,558.696395197669
IHME GBD 2023,2023,country,KEN,Kenya,180,1-11 months,0.9233401779603012,,,,1074389.5548738262,,,0.011278275316699449,0.0008229824383672808,13204.229355539315,0.07297059304348708,963.5204467559249
IHME GBD 2023,2023,country,KEN,Kenya,180,<1 year,1.0,,,,1163978.9036252887,,,0.027065732004889598,0.0009572149283673531,32015.46258784449,0.03536630482391631,1132.2686089603967
IHME GBD 2023,2023,country,KEN,Kenya,180,12-23 months,1.0,,,,1170812.335911226,1063032.5341198957,1277876.1907475854,0.0032698248243558,0.0002928106437337,3834.6239370640988,0.08954933657382935,343.3880295742156
IHME GBD 2023,2023,country,KEN,Kenya,180,2 years,,,,,1187599.6826871105,1078274.5120500557,1296198.6409752988,,,,,
IHME GBD 2023,2023,country,KEN,Kenya,180,3 years,,,,,1203255.6882514614,1092489.295033457,1313286.2955372273,,,,,
IHME GBD 2023,2023,country,KEN,Kenya,180,4 years,,,,,1217322.4792186448,1105261.1594818628,1328639.4112380429,,,,,
IHME GBD 2023,2023,country,KEN,Kenya,180,2-4 years,3.0,,,,3608177.8501572167,3276024.9665653757,3938124.3477505688,0.0043830290107025,0.0004685496764266,5283.169349744719,0.10690088413343679,564.7754745143848
IHME GBD 2023,2023,country,KEN,Kenya,180,1-4 years,4.0,,,,4778990.186068443,,,0.007638522097993206,0.000760823016749883,9117.793286808817,0.09960343204999914,908.1635040886003
IHME GBD 2023,2023,country,KEN,Kenya,180,<5 years,5.0,,,,5942969.089693732,,,0.03449751191086514,0.0017112632984298815,41133.2558746533,0.04960541220629049,2040.432113048997
IHME GBD 2023,2023,country,LSO,Lesotho,194,live births,,41318.936064835965,37112.1483318995,46032.37920406385,,,,,,,,
IHME GBD 2023,2023,country,LSO,Lesotho,194,0-27 days,0.07665982203969883,,,,3147.6950156447665,2813.3939138744513,3515.170194419052,0.0294085005521103,0.0,1225.6412148562479,0.0,0.0
IHME GBD 2023,2023,country,LSO,Lesotho,194,1-5 months,0.42334017796030116,,,,17176.178875641603,15351.981965270092,19181.398368513153,0.0141207368340215,0.0,577.004100849086,0.0,0.0
IHME GBD 2023,2023,country,LSO,Lesotho,194,6-11 months,0.5,,,,19946.608674225277,17828.178132755256,22275.25981484419,0.0087562325621897,0.0,350.85261387012673,0.0,0.0
IHME GBD 2023,2023,country,LSO,Lesotho,194,1-11 months,0.9233401779603012,,,,37122.78754986688,,,0.02275332494054305,0.0,927.8567147192127,0.0,0.0
IHME GBD 2023,2023,country,LSO,Lesotho,194,<1 year,1.0,,,,40270.482565511644,,,0.05149268432357712,0.0,2153.4979295754606,0.0,0.0
IHME GBD 2023,2023,country,LSO,Lesotho,194,12-23 months,1.0,,,,40269.60610653464,35992.77063729094,44970.84959728551,0.0053660180007159,0.0,216.6692781731267,0.0,0.0
IHME GBD 2023,2023,country,LSO,Lesotho,194,2 years,,,,,40552.92233394241,36245.99725102869,45287.24135481893,,,,,
IHME GBD 2023,2023,country,LSO,Lesotho,194,3 years,,,,,40795.55034864959,36462.85694566869,45558.19478626344,,,,,
IHME GBD 2023,2023,country,LSO,Lesotho,194,4 years,,,,,40947.90530692444,36599.03103821219,45728.33630430693,,,,,
IHME GBD 2023,2023,country,LSO,Lesotho,194,2-4 years,3.0,,,,122296.37798951643,109307.88523490955,136573.7724453893,0.0063083563227106,0.0,257.97760868631184,0.0,0.0
IHME GBD 2023,2023,country,LSO,Lesotho,194,1-4 years,4.0,,,,162565.98409605108,,,0.011640523569843908,0.0,474.64688685943855,0.0,0.0
IHME GBD 2023,2023,country,LSO,Lesotho,194,<5 years,5.0,,,,202836.46666156274,,,0.06253380608787784,0.0,2628.144816434899,0.0,0.0
IHME GBD 2023,2023,country,LBR,Liberia,210,live births,,179129.6672998822,157819.56321084665,202964.559478487,,,,,,,,
IHME GBD 2023,2023,country,LBR,Liberia,210,0-27 days,0.07665982203969883,,,,12994.635900291169,12110.329768150876,13926.402843986883,0.031057384336544,0.0007340756279266,5348.033812573071,0.023636105989223378,126.40669402792751
IHME GBD 2023,2023,country,LBR,Liberia,210,1-5 months,0.42334017796030116,,,,71117.04488168759,66277.41417782434,76216.41912060691,0.0167023581420843,0.0028535790014525,2829.530459592053,0.17084886919425138,483.42207937199265
IHME GBD 2023,2023,country,LBR,Liberia,210,6-11 months,0.5,,,,82604.4514119882,76983.08398882944,88527.51826960479,0.0129147317315727,0.0035251665582606,2147.5260643548245,0.2729570099890352,586.1822933998133
IHME GBD 2023,2023,country,LBR,Liberia,210,1-11 months,0.9233401779603012,,,,153721.4962936758,,,0.02940138339896725,0.006318563612401402,4977.056523946878,0.21490701735563053,1069.6043727718059
IHME GBD 2023,2023,country,LBR,Liberia,210,<1 year,1.0,,,,166716.13219396694,,,0.05954563767126353,0.006897493320962257,10325.090336519948,0.11583540945587954,1196.0110667997333
IHME GBD 2023,2023,country,LBR,Liberia,210,12-23 months,1.0,,,,158908.1404822607,148094.1827728088,170302.4845425054,0.0121422206248116,0.0027244208020466,1941.3075904233785,0.2243758276372838,435.5824972997867
IHME GBD 2023,2023,country,LBR,Liberia,210,2 years,,,,,152613.88853816345,142228.26492241834,163556.90976475558,,,,,
IHME GBD 2023,2023,country,LBR,Liberia,210,3 years,,,,,146326.82518935282,136369.04647170007,156819.03903309163,,,,,
IHME GBD 2023,2023,country,LBR,Liberia,210,4 years,,,,,139792.16312700164,130279.07880306196,149815.81577790357,,,,,
IHME GBD 2023,2023,country,LBR,Liberia,210,2-4 years,3.0,,,,438732.8768545179,408876.3901971804,470191.7645757508,0.0137585629595748,0.0047959549259598,2026.0814705271798,0.34857964018852855,706.2507499890091
IHME GBD 2023,2023,country,LBR,Liberia,210,1-4 years,4.0,,,,597641.0173367786,,,0.025733724077450892,0.007406286924920219,3967.3890609505584,0.2878047072638802,1141.833247288796
IHME GBD 2023,2023,country,LBR,Liberia,210,<5 years,5.0,,,,764357.1495307456,,,0.08374703073886625,0.013698639276632882,14292.479397470506,0.1635716413558226,2337.8443140885292
IHME GBD 2023,2023,country,MDG,Madagascar,181,live births,,1006233.9656772858,921929.0429069452,1094735.3306535846,,,,,,,,
IHME GBD 2023,2023,country,MDG,Madagascar,181,0-27 days,0.07665982203969883,,,,75333.1932091927,68061.19765089973,82529.81856856753,0.0211231431869185,0.0002977394973785,20979.968633948392,0.01409541632813857,295.7213924467912
IHME GBD 2023,2023,country,MDG,Madagascar,181,1-5 months,0.42334017796030116,,,,412588.33674556063,372760.73320981825,452003.1492699693,0.0104224930942402,0.0009620014786688,10211.091808558456,0.09230051485478388,942.4890311594119
IHME GBD 2023,2023,country,MDG,Madagascar,181,6-11 months,0.5,,,,479140.43305680976,432888.48285323713,524913.0074605417,0.0087584429846358,0.0012370275992709,8430.019377598399,0.14123830016829628,1190.6416072777968
IHME GBD 2023,2023,country,MDG,Madagascar,181,1-11 months,0.9233401779603012,,,,891728.7698023703,,,0.019089651267352292,0.002184457760528279,18641.111186156857,0.11443151736691,2133.1306384372087
IHME GBD 2023,2023,country,MDG,Madagascar,181,<1 year,1.0,,,,967061.963011563,,,0.039809561017162265,0.0024404063080600367,39621.079820105246,0.06130201503623603,2428.8520308839998
IHME GBD 2023,2023,country,MDG,Madagascar,181,12-23 months,1.0,,,,943678.6543504768,852584.3214202862,1033828.8450657516,0.0075238789961192,0.0007988689896886,7126.968980484651,0.10617780935879681,756.7259537159578
IHME GBD 2023,2023,country,MDG,Madagascar,181,2 years,,,,,926427.2976319212,836998.257039512,1014929.455840468,,,,,
IHME GBD 2023,2023,country,MDG,Madagascar,181,3 years,,,,,906701.4428301378,819176.560582693,993319.1782383968,,,,,
IHME GBD 2023,2023,country,MDG,Madagascar,181,4 years,,,,,884423.8714053675,799049.4675001936,968913.416986128,,,,,
IHME GBD 2023,2023,country,MDG,Madagascar,181,2-4 years,3.0,,,,2717552.6118674264,2455224.2851223988,2977162.0510649933,0.0127225027777323,0.0018614391224262,11598.629466997882,0.14631076565251014,1697.0043578362256
IHME GBD 2023,2023,country,MDG,Madagascar,181,1-4 years,4.0,,,,3661231.2662179032,,,0.020150659202424093,0.0026404647852198942,18725.59844748253,0.13103614917482453,2453.7303115521836
IHME GBD 2023,2023,country,MDG,Madagascar,181,<5 years,5.0,,,,4628293.229229466,,,0.05915803132253139,0.004950478205871309,58346.67826758778,0.08368226756703838,4882.582342436183
IHME GBD 2023,2023,country,MWI,Malawi,182,live births,,622310.4502293245,552555.0968600733,696059.5355125974,,,,,,,,
IHME GBD 2023,2023,country,MWI,Malawi,182,0-27 days,0.07665982203969883,,,,46723.61653592231,41745.38848760762,51348.55400085597,0.0209138509347204,0.0004940023996283,12882.024344512889,0.023620824360384797,304.28403444794003
IHME GBD 2023,2023,country,MWI,Malawi,182,1-5 months,0.42334017796030116,,,,256211.76304256488,228913.34995619708,281572.8859543848,0.0094820559749061,0.0012473992799266,5766.061568358337,0.13155367182262948,758.546571272889
IHME GBD 2023,2023,country,MWI,Malawi,182,6-11 months,0.5,,,,298003.5368988695,266252.36530995026,327501.4187982017,0.0075530054047168,0.0016104331662751,4518.731213807983,0.21321753129812346,963.4727140079111
IHME GBD 2023,2023,country,MWI,Malawi,182,1-11 months,0.9233401779603012,,,,554215.2999414344,,,0.016963443359596653,0.002840249407906988,10284.792782166322,0.16743354209982295,1722.0192852808
IHME GBD 2023,2023,country,MWI,Malawi,182,<1 year,1.0,,,,600938.9164773567,,,0.03752252336855488,0.0032819361093303803,23166.81712667921,0.08746576228614601,2026.30331972874
IHME GBD 2023,2023,country,MWI,Malawi,182,12-23 months,1.0,,,,590155.6314169228,527276.7377222996,648572.1901561902,0.0068680647494374,0.0014005302733091,4067.210062619492,0.20391920059050475,829.3822246030236
IHME GBD 2023,2023,country,MWI,Malawi,182,2 years,,,,,584112.1597839326,521877.17557712534,641930.5054471169,,,,,
IHME GBD 2023,2023,country,MWI,Malawi,182,3 years,,,,,577953.4622027525,516374.66438117815,635162.1891486762,,,,,
IHME GBD 2023,2023,country,MWI,Malawi,182,4 years,,,,,571756.567761327,510838.0260587762,628351.8950735484,,,,,
IHME GBD 2023,2023,country,MWI,Malawi,182,2-4 years,3.0,,,,1733822.189748012,1549089.8660170797,1905444.5896693417,0.0113277307584808,0.0028930505251224,6584.119354965683,0.25539541738811566,1681.5539107946315
IHME GBD 2023,2023,country,MWI,Malawi,182,1-4 years,4.0,,,,2323977.821164935,,,0.018117995919604724,0.004271122305203924,10651.329417585175,0.23573922436875716,2510.936135397655
IHME GBD 2023,2023,country,MWI,Malawi,182,<5 years,5.0,,,,2924916.7376422915,,,0.05496068636287488,0.007373845704999367,33818.14654426438,0.13416582275399475,4537.239455126395
IHME GBD 2023,2023,country,MLI,Mali,211,live births,,1058854.386240175,1000429.800641937,1121520.813431253,,,,,,,,
IHME GBD 2023,2023,country,MLI,Mali,211,0-27 days,0.07665982203969883,,,,79050.41698232669,72991.13545012836,84955.19091119041,0.0314138720140247,0.0007259922045309,32913.21230969022,0.023110560971496327,760.6427998508993
IHME GBD 2023,2023,country,MLI,Mali,211,1-5 months,0.42334017796030116,,,,428554.9676105248,395705.865734758,460566.4394841952,0.0116437809322109,0.0018764410528614,11856.372616199527,0.16115392962010192,1910.7010381407222
IHME GBD 2023,2023,country,MLI,Mali,211,6-11 months,0.5,,,,491199.6691949733,453548.7977917215,527890.468703057,0.0101770178386493,0.0022917310517095,10049.117794890726,0.22518689541902778,2262.929637931549
IHME GBD 2023,2023,country,MLI,Mali,211,1-11 months,0.9233401779603012,,,,919754.636805498,,,0.021702299804603697,0.004134916977706829,21905.490411090253,0.19052897687966192,4173.630676072271
IHME GBD 2023,2023,country,MLI,Mali,211,<1 year,1.0,,,,998805.0537878247,,,0.052434418550156625,0.004719662229062836,54818.70272078048,0.09001076696498883,4934.273475923171
IHME GBD 2023,2023,country,MLI,Mali,211,12-23 months,1.0,,,,955140.9913257096,881928.6239490852,1026486.4925800551,0.0114008583359653,0.0023302584029663,10951.977413401162,0.20439324253466387,2238.5101756914646
IHME GBD 2023,2023,country,MLI,Mali,211,2 years,,,,,917971.6829841428,847608.3746282823,986540.7743063528,,,,,
IHME GBD 2023,2023,country,MLI,Mali,211,3 years,,,,,881518.0133054627,813948.9096596703,947364.1502582072,,,,,
IHME GBD 2023,2023,country,MLI,Mali,211,4 years,,,,,846765.4803539618,781860.1878447663,910015.7315622976,,,,,
IHME GBD 2023,2023,country,MLI,Mali,211,2-4 years,3.0,,,,2646255.176643567,2443417.472132719,2843920.6561268577,0.0252932560992871,0.0081022356220737,22597.809616547427,0.32033185408271986,7238.798252676954
IHME GBD 2023,2023,country,MLI,Mali,211,1-4 years,4.0,,,,3601396.1679692767,,,0.03640574960560916,0.010284074747488456,33549.78702994859,0.2824849057881767,9477.308428368418
IHME GBD 2023,2023,country,MLI,Mali,211,<5 years,5.0,,,,4600201.221757102,,,0.08693125384331302,0.014177190176494247,88368.48975072906,0.1630850764219685,14411.58190429159
IHME GBD 2023,2023,country,MRT,Mauritania,212,live births,,138186.94919089266,123144.24730318002,155092.11150688722,,,,,,,,
IHME GBD 2023,2023,country,MRT,Mauritania,212,0-27 days,0.07665982203969883,,,,10367.177036391811,9013.90639141977,11679.465409807945,0.0215753968509366,0.0002640145388576,2949.709246947629,0.012236833495191954,36.09510091412618
IHME GBD 2023,2023,country,MRT,Mauritania,212,1-5 months,0.42334017796030116,,,,57051.62301068996,49604.43788041182,64273.27855864091,0.007926896659714,0.0004412420023325,1072.5282209765812,0.05566390244179365,59.70110625851092
IHME GBD 2023,2023,country,MRT,Mauritania,212,6-11 months,0.5,,,,66738.36652439117,58026.730560829325,75186.1804416525,0.0036018297299755,0.0003539599737337,481.62835865297546,0.09827226722794241,47.330710766100495
IHME GBD 2023,2023,country,MRT,Mauritania,212,1-11 months,0.9233401779603012,,,,123789.98953508113,,,0.011500175057634121,0.000791995252378679,1554.1565796295567,0.06886810404272338,107.03181702461141
IHME GBD 2023,2023,country,MRT,Mauritania,212,<1 year,1.0,,,,134157.16657147295,,,0.03282745106784701,0.0010432131142539805,4503.8658265771855,0.031778681570429936,143.1269179387376
IHME GBD 2023,2023,country,MRT,Mauritania,212,12-23 months,1.0,,,,133347.42905373318,115941.03571372762,150226.68945006668,0.0033082799731079,0.0002485788523505,441.8819673261733,0.0751383964994285,33.202302466901514
IHME GBD 2023,2023,country,MRT,Mauritania,212,2 years,,,,,133185.156804844,115799.94553495692,150043.8766061054,,,,,
IHME GBD 2023,2023,country,MRT,Mauritania,212,3 years,,,,,132821.8079359784,115484.0261019342,149634.53464824051,,,,,
IHME GBD 2023,2023,country,MRT,Mauritania,212,4 years,,,,,132281.53303794947,115014.27552862272,149025.8711749376,,,,,
IHME GBD 2023,2023,country,MRT,Mauritania,212,2-4 years,3.0,,,,398288.4977787719,346298.24716551387,448704.2824292835,0.0056499341618407,0.000584023970621,752.2282901570335,0.10336827897313586,77.75654374843722
IHME GBD 2023,2023,country,MRT,Mauritania,212,1-4 years,4.0,,,,531635.926832505,,,0.008939522570911573,0.0008306763165027719,1194.1102574832069,0.09292177629325757,110.95884621533874
IHME GBD 2023,2023,country,MRT,Mauritania,212,<5 years,5.0,,,,665793.093403978,,,0.041473511898992066,0.001849398594790046,5697.976084060392,0.04459228336616924,254.08576415407634
IHME GBD 2023,2023,country,MOZ,Mozambique,184,live births,,1207555.5064074984,1132482.7680913687,1290641.2635959657,,,,,,,,
IHME GBD 2023,2023,country,MOZ,Mozambique,184,0-27 days,0.07665982203969883,,,,90807.98833654833,81102.22841389693,100293.4009430213,0.021966590634503,0.0002873919978604,26310.744194870415,0.013083140786034972,344.227170486842
IHME GBD 2023,2023,country,MOZ,Mozambique,184,1-5 months,0.42334017796030116,,,,496457.24856196454,443394.7927728944,548315.0413657418,0.0129276037463997,0.0013733259070935,15259.237498512208,0.1062320546045486,1621.0201511657244
IHME GBD 2023,2023,country,MOZ,Mozambique,184,6-11 months,0.5,,,,573693.4835965678,512375.8470870848,633619.0419228952,0.0101448025840987,0.0019362011796725,11699.459474812476,0.19085646700581105,2232.9175012403707
IHME GBD 2023,2023,country,MOZ,Mozambique,184,1-11 months,0.9233401779603012,,,,1070150.7321585324,,,0.02294125834260563,0.0032796161998344393,26958.696973324684,0.1429571190410101,3853.9376524060954
IHME GBD 2023,2023,country,MOZ,Mozambique,184,<1 year,1.0,,,,1160958.7204950806,,,0.044403907746456306,0.0034994721065603443,53269.4411681951,0.07881000308671308,4198.164822892937
IHME GBD 2023,2023,country,MOZ,Mozambique,184,12-23 months,1.0,,,,1132083.7478469166,1011084.1169750668,1250336.3559061617,0.0075433373169705,0.0011810121904784,8572.061357516426,0.15656361910549021,1342.072949327093
IHME GBD 2023,2023,country,MOZ,Mozambique,184,2 years,,,,,1116129.4434867466,996835.0441775522,1232715.5334072504,,,,,
IHME GBD 2023,2023,country,MOZ,Mozambique,184,3 years,,,,,1100993.923696681,983317.2424327588,1215999.022199446,,,,,
IHME GBD 2023,2023,country,MOZ,Mozambique,184,4 years,,,,,1086053.5465578877,969973.7260583022,1199498.0374064825,,,,,
IHME GBD 2023,2023,country,MOZ,Mozambique,184,2-4 years,3.0,,,,3303176.9137413152,2950126.012668613,3648212.593013179,0.0105697830187145,0.0022580855739891,11699.89660701903,0.2136359440861757,2499.5184573511547
IHME GBD 2023,2023,country,MOZ,Mozambique,184,1-4 years,4.0,,,,4435260.661588232,,,0.018033388897007674,0.003417376453780503,20271.957964535457,0.18950273147758473,3841.591406678248
IHME GBD 2023,2023,country,MOZ,Mozambique,184,<5 years,5.0,,,,5596219.382083313,,,0.06163654370652527,0.006738283362537026,73541.39913273056,0.10932286201219399,8039.756229571185
IHME GBD 2023,2023,country,NAM,Namibia,195,live births,,63915.04471461403,57129.54977998245,71977.4190845809,,,,,,,,
IHME GBD 2023,2023,country,NAM,Namibia,195,0-27 days,0.07665982203969883,,,,5010.870801261473,4681.103045061517,5360.814740461795,0.0146326756382664,1.188915170919608e-06,963.5319805004376,8.125070221678638e-05,0.07828765002399148
IHME GBD 2023,2023,country,NAM,Namibia,195,1-5 months,0.42334017796030116,,,,27498.350477348595,25688.67114300368,29418.751435427952,0.008985900435929,2.5705480817868236e-05,586.3235876235169,0.0028606460756106407,1.6772642699731652
IHME GBD 2023,2023,country,NAM,Namibia,195,6-11 months,0.5,,,,31992.5630814093,29887.117508997824,34226.82614542696,0.0045702350810879,2.6391497296376315e-05,293.09734146391617,0.005774647655563065,1.6925338757363706
IHME GBD 2023,2023,country,NAM,Namibia,195,1-11 months,0.9233401779603012,,,,59490.91355875789,,,0.01351506783960943,5.178754455197472e-05,879.420929087433,0.003831837558387818,3.369798145709536
IHME GBD 2023,2023,country,NAM,Namibia,195,<1 year,1.0,,,,64501.78436001937,,,0.027949981873949592,5.229321649467795e-05,1842.9529095878706,0.0018709570807778284,3.4480857957335274
IHME GBD 2023,2023,country,NAM,Namibia,195,12-23 months,1.0,,,,65799.14889342368,61468.87606240423,70394.36083822107,0.0048096545926517,0.0001359933875604,317.23468631926056,0.028275083987979885,8.969837399577546
IHME GBD 2023,2023,country,NAM,Namibia,195,2 years,,,,,67757.22312524631,63298.088511213326,72489.18100445457,,,,,
IHME GBD 2023,2023,country,NAM,Namibia,195,3 years,,,,,70001.23999051972,65394.42557473455,74889.91316585336,,,,,
IHME GBD 2023,2023,country,NAM,Namibia,195,4 years,,,,,72580.84779884823,67804.2681840453,77649.67291859264,,,,,
IHME GBD 2023,2023,country,NAM,Namibia,195,2-4 years,3.0,,,,210339.3109146143,196496.78226999316,225028.76708890055,0.0058447140282145,0.0001432542823004,410.9932829150102,0.02451005842353637,10.073469375927912
IHME GBD 2023,2023,country,NAM,Namibia,195,1-4 years,4.0,,,,276138.45980803797,,,0.010626257565197639,0.0002778787567063295,728.2279692342707,0.0261501996353277,19.043306775505457
IHME GBD 2023,2023,country,NAM,Namibia,195,<5 years,5.0,,,,340640.24416805734,,,0.038279235732812,0.0003348474334439188,2571.1808788221415,0.008747495268221774,22.491392571238986
IHME GBD 2023,2023,country,NER,Niger,213,live births,,1261422.0018996082,1207353.352801345,1322030.3698388482,,,,,,,,
IHME GBD 2023,2023,country,NER,Niger,213,0-27 days,0.07665982203969883,,,,95047.23833531256,83002.8376306289,107749.60329820184,0.0295108098074683,0.0007711138003033,37139.94316269734,0.02612987597880673,970.4621087012124
IHME GBD 2023,2023,country,NER,Niger,213,1-5 months,0.42334017796030116,,,,515377.7846219369,450069.03224788146,584254.2383589518,0.0144325770984766,0.0016020609460016,17698.36298948934,0.11100311019095142,1964.5733371217416
IHME GBD 2023,2023,country,NER,Niger,213,6-11 months,0.5,,,,588770.25704746,514161.1992454663,667455.0754103772,0.0154646017137966,0.002552237968515,18352.47048716674,0.1650374200221429,3028.8443802345187
IHME GBD 2023,2023,country,NER,Niger,213,1-11 months,0.9233401779603012,,,,1104148.041669397,,,0.029673984755741567,0.004110157434219287,36050.83347665608,0.13851046524595992,4993.41771735626
IHME GBD 2023,2023,country,NER,Niger,213,<1 year,1.0,,,,1199195.2800047095,,,0.05830909124285355,0.004751260048141372,73190.77663935343,0.08148403528281181,5963.879826057473
IHME GBD 2023,2023,country,NER,Niger,213,12-23 months,1.0,,,,1134535.1674401828,990766.6959986712,1286157.4556040645,0.0232967641166606,0.0046509398303623,26743.743392777895,0.1996388771879352,5339.09090273644
IHME GBD 2023,2023,country,NER,Niger,213,2 years,,,,,1080935.5350806816,943959.2173205222,1225394.626248716,,,,,
IHME GBD 2023,2023,country,NER,Niger,213,3 years,,,,,1034457.8267661897,903371.1713737076,1172705.513752583,,,,,
IHME GBD 2023,2023,country,NER,Niger,213,4 years,,,,,993709.51324092,867786.4904245577,1126511.487557639,,,,,
IHME GBD 2023,2023,country,NER,Niger,213,2-4 years,3.0,,,,3109102.875087791,2715116.8791187876,3524611.6275589378,0.0403761345235513,0.0112374315730966,42712.72895640863,0.2783186579324931,11887.749399781987
IHME GBD 2023,2023,country,NER,Niger,213,1-4 years,4.0,,,,4243638.042527974,,,0.06273226535827414,0.015559078665976252,69456.47234918653,0.24802354222529396,17226.840302518427
IHME GBD 2023,2023,country,NER,Niger,213,<5 years,5.0,,,,5442833.322532684,,,0.11738349521648117,0.019083493054241382,142647.24898853994,0.16257390375918856,23190.7201285759
IHME GBD 2023,2023,country,NGA,Nigeria,214,live births,,8496788.296585036,7888219.970969551,9176528.058178524,,,,,,,,
IHME GBD 2023,2023,country,NGA,Nigeria,214,0-27 days,0.07665982203969883,,,,636965.1054441202,556995.1651545736,716535.4234510633,0.0284703613959728,0.000615815448885,239992.5117880868,0.02163005380648623,5191.050943130098
IHME GBD 2023,2023,country,NGA,Nigeria,214,1-5 months,0.42334017796030116,,,,3471118.297161329,3035325.000810504,3904733.866341164,0.0118275095493313,0.0016825472877155,97556.06913467095,0.14225710667979358,13878.044134152204
IHME GBD 2023,2023,country,NGA,Nigeria,214,6-11 months,0.5,,,,4010234.536196798,3506756.0667080646,4511197.0451322235,0.0108651092140117,0.0028108036003454,87620.14029866282,0.2586999858888278,22667.329058841184
IHME GBD 2023,2023,country,NGA,Nigeria,214,1-11 months,0.9233401779603012,,,,7481352.833358128,,,0.022564111580359758,0.0044531307828150814,185176.20943333377,0.1973545808331835,36545.373192993386
IHME GBD 2023,2023,country,NGA,Nigeria,214,<1 year,1.0,,,,8118317.938802248,,,0.050392064565060624,0.004946705801264687,425168.72122142056,0.09816438052221597,41736.42413612349
IHME GBD 2023,2023,country,NGA,Nigeria,214,12-23 months,1.0,,,,7897235.532685672,6905750.3655963065,8883766.093529176,0.0114713061386363,0.003132482219173,91115.21665005632,0.27307110291674136,24880.932703128714
IHME GBD 2023,2023,country,NGA,Nigeria,214,2 years,,,,,7742806.298610195,6770709.472455716,8710045.405086841,,,,,
IHME GBD 2023,2023,country,NGA,Nigeria,214,3 years,,,,,7588585.324454006,6635850.692537886,8536558.992601201,,,,,
IHME GBD 2023,2023,country,NGA,Nigeria,214,4 years,,,,,7435554.568005121,6502032.70041641,8364411.481009203,,,,,
IHME GBD 2023,2023,country,NGA,Nigeria,214,2-4 years,3.0,,,,22766946.191069324,19908592.86541001,25611015.878697246,0.0258514831280293,0.0085485313629727,198766.86603461512,0.33067856573784005,65727.94217653193
IHME GBD 2023,2023,country,NGA,Nigeria,214,1-4 years,4.0,,,,30664181.723754995,,,0.03702623898956625,0.011573346737402282,289882.08268467145,0.31257149127848427,90608.87487966064
IHME GBD 2023,2023,country,NGA,Nigeria,214,<5 years,5.0,,,,38782499.662557244,,,0.08555247492886331,0.015834494296279086,715050.803906092,0.18508516918353832,132345.2990157841
IHME GBD 2023,2023,country,RWA,Rwanda,185,live births,,365576.78651421296,333649.8606831423,402099.32041243627,,,,,,,,
IHME GBD 2023,2023,country,RWA,Rwanda,185,0-27 days,0.07665982203969883,,,,27573.742474322866,25445.11890977944,29633.215895954672,0.0201619127126384,0.0003455164855408,7326.135944265527,0.01713708865152534,125.54864115000463
IHME GBD 2023,2023,country,RWA,Rwanda,185,1-5 months,0.42334017796030116,,,,151678.20023134883,139969.0246799835,163006.9932781506,0.0094582076831623,0.000816328252386,3404.900997591766,0.08630897943161521,293.87353016783385
IHME GBD 2023,2023,country,RWA,Rwanda,185,6-11 months,0.5,,,,177246.69137724352,163563.69262020878,190485.1863078295,0.0070377689993256,0.0011183833785996,2503.6630110133965,0.15891163502336747,397.8611826276661
IHME GBD 2023,2023,country,RWA,Rwanda,185,1-11 months,0.9233401779603012,,,,328924.89160859236,,,0.016429412001666144,0.0019234444402768452,5908.564008605163,0.1170732367099799,691.7347127955
IHME GBD 2023,2023,country,RWA,Rwanda,185,<1 year,1.0,,,,356498.63408291526,,,0.03626007634360706,0.002239171036287473,13234.69995287069,0.061753070100257976,817.2833539455046
IHME GBD 2023,2023,country,RWA,Rwanda,185,12-23 months,1.0,,,,353210.87612983474,325943.8849013813,379592.0760085989,0.0067501273232558,0.0009400343502247,2392.3016706740086,0.1392617213287307,333.15604859566065
IHME GBD 2023,2023,country,RWA,Rwanda,185,2 years,,,,,352810.65642369573,325574.5611499092,379161.9640290996,,,,,
IHME GBD 2023,2023,country,RWA,Rwanda,185,3 years,,,,,353039.2923583194,325785.54696545325,379407.6767037061,,,,,
IHME GBD 2023,2023,country,RWA,Rwanda,185,4 years,,,,,354469.9172591513,327105.73122230044,380945.1544904794,,,,,
IHME GBD 2023,2023,country,RWA,Rwanda,185,2-4 years,3.0,,,,1060319.8660411662,978465.8393376628,1139514.7952232852,0.0098307707331627,0.0016459054830394,3491.778868443392,0.16742384983988826,584.6070609443614
IHME GBD 2023,2023,country,RWA,Rwanda,185,1-4 years,4.0,,,,1413530.742171001,,,0.016514539102283954,0.0025758374071143896,5884.080539117401,0.1559739203837758,917.763109540022
IHME GBD 2023,2023,country,RWA,Rwanda,185,<5 years,5.0,,,,1770029.3762539162,,,0.05217579699726271,0.004735000336322488,19118.78049198809,0.09075089617837365,1735.0464634855266
IHME GBD 2023,2023,country,STP,Sao Tome and Principe,215,live births,,4271.629399863982,3720.695542659345,4854.928109156413,,,,,,,,
IHME GBD 2023,2023,country,STP,Sao Tome and Principe,215,0-27 days,0.07665982203969883,,,,324.9188633834303,281.03532059204895,370.02099273101146,0.0114451496583868,2.9498073839196037e-05,48.78943750018878,0.0025773427800990247,0.12574710448620416
IHME GBD 2023,2023,country,STP,Sao Tome and Principe,215,1-5 months,0.42334017796030116,,,,1801.6934023092435,1558.3566852781844,2051.787250445544,0.0067776614284674,0.0001516768990946,28.943243220749586,0.022378943046273993,0.6477191916116108
IHME GBD 2023,2023,country,STP,Sao Tome and Principe,215,6-11 months,0.5,,,,2132.256380556491,1844.2738265613864,2428.235820089912,0.0057215817089317,0.0001325588056035,24.469828218639538,0.023168209832006507,0.5669221147225948
IHME GBD 2023,2023,country,STP,Sao Tome and Principe,215,1-11 months,0.9233401779603012,,,,3933.9497828657345,,,0.012460464193740584,0.0002833575021610619,53.41307143938913,0.022740525373316695,1.2146413063342056
IHME GBD 2023,2023,country,STP,Sao Tome and Principe,215,<1 year,1.0,,,,4258.868646249165,,,0.023763001974617115,0.0003116523535827284,102.20250893957791,0.013115024520707676,1.3403884108204098
IHME GBD 2023,2023,country,STP,Sao Tome and Principe,215,12-23 months,1.0,,,,4326.610157812596,3742.258175213371,4927.188803638838,0.0051868211631496,5.036630339109696e-05,22.499754807479782,0.00971043762775753,0.21848246569787005
IHME GBD 2023,2023,country,STP,Sao Tome and Principe,215,2 years,,,,,4429.84093377865,3831.546602227071,5044.749088706916,,,,,
IHME GBD 2023,2023,country,STP,Sao Tome and Principe,215,3 years,,,,,4539.5949688618475,3926.477256959414,5169.738129339482,,,,,
IHME GBD 2023,2023,country,STP,Sao Tome and Principe,215,4 years,,,,,4659.717923352397,4030.376404808757,5306.535403611376,,,,,
IHME GBD 2023,2023,country,STP,Sao Tome and Principe,215,2-4 years,3.0,,,,13629.153825992897,11788.40026399524,15521.022621657772,0.0062483614892617,6.649219482770921e-05,28.475682748529177,0.010641540977099559,0.3030251448193602
IHME GBD 2023,2023,country,STP,Sao Tome and Principe,215,1-4 years,4.0,,,,17955.763983805493,,,0.01140277351880381,0.000116656834274874,50.975437556008956,0.010230566632100547,0.5215076105172303
IHME GBD 2023,2023,country,STP,Sao Tome and Principe,215,<5 years,5.0,,,,22214.632630054657,,,0.03489481136377737,0.00042415055123758556,153.17794649558687,0.012155118043649204,1.86189602133764
IHME GBD 2023,2023,country,SEN,Senegal,216,live births,,556655.0549225612,512870.88330069673,603582.6231712206,,,,,,,,
IHME GBD 2023,2023,country,SEN,Senegal,216,0-27 days,0.07665982203969883,,,,42704.42445428984,39628.13493593058,45643.97575426658,0.0221142327931591,0.0002354291344173,12457.29736805976,0.010646045766965451,132.62095791306245
IHME GBD 2023,2023,country,SEN,Senegal,216,1-5 months,0.42334017796030116,,,,233645.6258383721,216814.5457111496,249728.58005081496,0.0068810902187244,0.0004874582502827,3810.8682137924916,0.07084026437500537,269.9629117633646
IHME GBD 2023,2023,country,SEN,Senegal,216,6-11 months,0.5,,,,271258.9569792219,251718.3333370639,289931.018008217,0.003909337139255,0.0004076540959712,2125.041894054816,0.10427703762814543,221.5930735477395
IHME GBD 2023,2023,country,SEN,Senegal,216,1-11 months,0.9233401779603012,,,,504904.582817594,,,0.010763526856428784,0.0008913335871343155,5935.910107847308,0.08281055076310273,491.5559853111041
IHME GBD 2023,2023,country,SEN,Senegal,216,<1 year,1.0,,,,547609.0072718838,,,0.03263973251100938,0.001107635440586557,18393.207475907067,0.03393518743491393,624.1769432241665
IHME GBD 2023,2023,country,SEN,Senegal,216,12-23 months,1.0,,,,545476.9854121982,506182.57612854417,583024.7946161869,0.0038895364469754,0.0003406884103701,2125.789468779969,0.08759100602721637,186.20003817249935
IHME GBD 2023,2023,country,SEN,Senegal,216,2 years,,,,,543673.4642143899,504508.9748026894,581097.1283643403,,,,,
IHME GBD 2023,2023,country,SEN,Senegal,216,3 years,,,,,539279.0676065597,500431.1364062607,576400.24426426,,,,,
IHME GBD 2023,2023,country,SEN,Senegal,216,4 years,,,,,532860.5931858933,494475.0282587961,569539.9553227742,,,,,
IHME GBD 2023,2023,country,SEN,Senegal,216,2-4 years,3.0,,,,1615813.125006843,1499415.139467746,1727037.327951375,0.0068205726689433,0.0007906190583224,3686.17553264308,0.11591681471592462,427.2897262277626
IHME GBD 2023,2023,country,SEN,Senegal,216,1-4 years,4.0,,,,2161290.110419041,,,0.010683580249933655,0.0011277196488413625,5811.965001423048,0.10555634183104168,613.489764400262
IHME GBD 2023,2023,country,SEN,Senegal,216,<5 years,5.0,,,,2708899.117690925,,,0.04297460355932525,0.0021973913281778815,24205.172477330118,0.05113232342316884,1237.6667076244285
IHME GBD 2023,2023,country,SLE,Sierra Leone,217,live births,,265106.9004738848,240090.49147538593,291924.99305777083,,,,,,,,
IHME GBD 2023,2023,country,SLE,Sierra Leone,217,0-27 days,0.07665982203969883,,,,18819.256456272364,17369.61841440097,20309.16503082398,0.0283931767632653,0.0006066538354409,7071.122298540543,0.021366183872238643,151.082899213704
IHME GBD 2023,2023,country,SLE,Sierra Leone,217,1-5 months,0.42334017796030116,,,,102833.27591165062,94912.07939264036,110974.52101801267,0.0219588618423074,0.0035116219461223,5393.448388061066,0.1599182130358221,862.5106283196609
IHME GBD 2023,2023,country,SLE,Sierra Leone,217,6-11 months,0.5,,,,119063.35729631578,109891.96561404034,128489.52763215598,0.0202301133411944,0.0056350168677544,4866.725307414852,0.27854598601184627,1355.6067994026755
IHME GBD 2023,2023,country,SLE,Sierra Leone,217,1-11 months,0.9233401779603012,,,,221896.6332079664,,,0.04174474491958835,0.009024676284261226,10260.173695475918,0.21618712251434735,2218.1174277223363
IHME GBD 2023,2023,country,SLE,Sierra Leone,217,<1 year,1.0,,,,240715.88966423876,,,0.0689526557614143,0.009425876439329815,17331.295994016462,0.1367007018836903,2369.2003269360403
IHME GBD 2023,2023,country,SLE,Sierra Leone,217,12-23 months,1.0,,,,225195.6934905805,207848.98030304915,243024.29343890023,0.015558429113508,0.0039873610623396,3531.233246817551,0.25628301117352065,904.99508965045
IHME GBD 2023,2023,country,SLE,Sierra Leone,217,2 years,,,,,215982.6212820651,199345.58650223305,233081.8281582768,,,,,
IHME GBD 2023,2023,country,SLE,Sierra Leone,217,3 years,,,,,209497.4155818789,193359.93299818144,226083.19284396683,,,,,
IHME GBD 2023,2023,country,SLE,Sierra Leone,217,4 years,,,,,205310.30117620455,189495.34994980253,221564.587251585,,,,,
IHME GBD 2023,2023,country,SLE,Sierra Leone,217,2-4 years,3.0,,,,630790.3380401486,582200.869450217,680729.6082538286,0.020965988527955,0.0087600975562219,4455.250294663804,0.41782420821902216,1861.5114267854692
IHME GBD 2023,2023,country,SLE,Sierra Leone,217,1-4 years,4.0,,,,855986.0315307291,,,0.03619821979515614,0.012539011747353382,7986.483541481355,0.3463985748003908,2766.5065164359194
IHME GBD 2023,2023,country,SLE,Sierra Leone,217,<5 years,5.0,,,,1096701.9211949678,,,0.10265491216785905,0.020823529732812127,25317.779535497815,0.20284981296133156,5135.70684337196
IHME GBD 2023,2023,country,SOM,Somalia,187,live births,,937576.4409311552,890621.3619573759,987908.4337053732,,,,,,,,
IHME GBD 2023,2023,country,SOM,Somalia,187,0-27 days,0.07665982203969883,,,,70990.23978804749,50386.41238814984,90359.27722651113,0.0247114304596001,8.554444694859568e-05,23171.322707542444,0.003461735939910458,80.21300059196298
IHME GBD 2023,2023,country,SOM,Somalia,187,1-5 months,0.42334017796030116,,,,384389.62731087033,272826.43835601886,489266.82035276334,0.0153784522114169,0.0002032403017181,14071.998656357011,0.013215913989524592,185.97432390311988
IHME GBD 2023,2023,country,SOM,Somalia,187,6-11 months,0.5,,,,439001.2376583555,311587.8670871362,558778.7089434743,0.0131048943358932,0.0002461715404944,11582.188195878618,0.018784702431377635,217.56795876379442
IHME GBD 2023,2023,country,SOM,Somalia,187,1-11 months,0.9233401779603012,,,,823390.8649692258,,,0.028281813556029878,0.00044487504772991086,25654.18685223563,0.015730074977283782,403.5422826669143
IHME GBD 2023,2023,country,SOM,Somalia,187,<1 year,1.0,,,,894381.1047572733,,,0.052294359946668756,0.0005181240940838512,48825.509559778075,0.009907838906762575,483.7552832588773
IHME GBD 2023,2023,country,SOM,Somalia,187,12-23 months,1.0,,,,853839.125733772,606025.4259009091,1086801.3194401097,0.0131621020426558,0.0002416190258692,11312.933096625056,0.018357176162755767,207.67350577221626
IHME GBD 2023,2023,country,SOM,Somalia,187,2 years,,,,,819706.5890563582,581799.3340604448,1043356.0324078804,,,,,
IHME GBD 2023,2023,country,SOM,Somalia,187,3 years,,,,,788912.606109799,559942.8319771793,1004160.1929476355,,,,,
IHME GBD 2023,2023,country,SOM,Somalia,187,4 years,,,,,759581.8641468543,539124.8876427502,966826.8263862338,,,,,
IHME GBD 2023,2023,country,SOM,Somalia,187,2-4 years,3.0,,,,2368201.0593130114,1680867.0536803743,3014343.0517417495,0.0190164753030211,0.0005536884679686,15156.182035036441,0.029116250995295478,441.2912002625092
IHME GBD 2023,2023,country,SOM,Somalia,187,1-4 years,4.0,,,,3222040.185046783,,,0.031928280557246835,0.0007828114805864042,26469.1151316615,0.02451780888052638,648.9647060347255
IHME GBD 2023,2023,country,SOM,Somalia,187,<5 years,5.0,,,,4116421.2898040568,,,0.08255297150797669,0.0012419133687945956,75294.62469143957,0.015043836049857946,1132.7199892936028
IHME GBD 2023,2023,country,ZAF,South Africa,196,live births,,1059268.518544958,976281.836475902,1150600.1627078974,,,,,,,,
IHME GBD 2023,2023,country,ZAF,South Africa,196,0-27 days,0.07665982203969883,,,,80868.79581987386,75226.96569990991,86874.46014049108,0.012474238165319,1.0947051024046432e-08,13241.89478480273,8.775727125750678e-07,0.011620725525932974
IHME GBD 2023,2023,country,ZAF,South Africa,196,1-5 months,0.42334017796030116,,,,444641.17947084,413620.6854288305,477662.1443554059,0.0097275490100201,2.757967334006371e-07,10267.023196741682,2.83521299267211e-05,0.2910919756346796
IHME GBD 2023,2023,country,ZAF,South Africa,196,6-11 months,0.5,,,,520507.1550975311,484193.853835732,559162.2533749682,0.0048352406824251,1.647272400360741e-07,5045.763338205768,3.406805386851098e-05,0.1718993372137519
IHME GBD 2023,2023,country,ZAF,South Africa,196,1-11 months,0.9233401779603012,,,,965148.3345683711,,,0.014515754651731716,4.388925743758536e-07,15312.78653494745,3.023560158641109e-05,0.4629913128484315
IHME GBD 2023,2023,country,ZAF,South Africa,196,<1 year,1.0,,,,1046017.130388245,,,0.02680891983637579,4.4559545062604695e-07,28554.68131975018,1.662116390162945e-05,0.47461203837436444
IHME GBD 2023,2023,country,ZAF,South Africa,196,12-23 months,1.0,,,,1044962.3675818208,972060.32792757,1122565.7638454705,0.0043439779658322,1.3763172534978793e-06,4549.181441093754,0.0003168333873521871,1.441332565661438
IHME GBD 2023,2023,country,ZAF,South Africa,196,2 years,,,,,1046497.6879475698,973488.5363152628,1124215.1036997973,,,,,
IHME GBD 2023,2023,country,ZAF,South Africa,196,3 years,,,,,1045464.127853996,972527.0827790772,1123104.7869918302,,,,,
IHME GBD 2023,2023,country,ZAF,South Africa,196,4 years,,,,,1042639.4441425536,969899.4637757344,1120070.3301285703,,,,,
IHME GBD 2023,2023,country,ZAF,South Africa,196,2-4 years,3.0,,,,3134601.259944119,2915915.082870074,3367390.220820198,0.003944888865567,7.4859987982867e-07,4130.03616957564,0.00018976450423301687,0.7837342661839494
IHME GBD 2023,2023,country,ZAF,South Africa,196,1-4 years,4.0,,,,4179563.6275259396,,,0.008271730321089521,2.1206004509900255e-06,8679.217610669395,0.0002563672132278495,2.2250668318453872
IHME GBD 2023,2023,country,ZAF,South Africa,196,<5 years,5.0,,,,5225580.757914185,,,0.03485889400237907,2.527476903595719e-06,37233.89893041957,7.250594076287165e-05,2.699678870219752
IHME GBD 2023,2023,country,SSD,South Sudan,435,live births,,312559.2659456455,279542.73949270847,349552.5128731525,,,,,,,,
IHME GBD 2023,2023,country,SSD,South Sudan,435,0-27 days,0.07665982203969883,,,,23119.822338159003,19462.122426294947,26770.65160871697,0.0255532386713818,0.0006105816090913,7806.771246361909,0.02389449012485127,186.53881845316747
IHME GBD 2023,2023,country,SSD,South Sudan,435,1-5 months,0.42334017796030116,,,,126295.68700515536,106314.92260001018,146238.91944525216,0.0300962843350445,0.0031638515920794,9116.553887286114,0.1051243255432489,958.3715786796366
IHME GBD 2023,2023,country,SSD,South Sudan,435,6-11 months,0.5,,,,146185.36646327347,123057.93087108857,169269.3593679464,0.0159311917329279,0.0029604748381747,4695.31529359795,0.18582883740302658,872.5249822499574
IHME GBD 2023,2023,country,SSD,South Sudan,435,1-11 months,0.9233401779603012,,,,272481.05346842884,,,0.045548006391782137,0.006037827839792446,13811.869180884063,0.1325596511921497,1830.896560929594
IHME GBD 2023,2023,country,SSD,South Sudan,435,<1 year,1.0,,,,295600.87580658786,,,0.06993734598482904,0.006526500896518272,21618.640427245973,0.09331925317746566,2017.4353793827613
IHME GBD 2023,2023,country,SSD,South Sudan,435,12-23 months,1.0,,,,284846.8754357062,239782.32537399072,329826.7760273845,0.015227834579263,0.0019500626424899,4370.966389665508,0.12805909023634007,559.741979314185
IHME GBD 2023,2023,country,SSD,South Sudan,435,2 years,,,,,280014.7333326941,235714.65825204845,324231.59493682557,,,,,
IHME GBD 2023,2023,country,SSD,South Sudan,435,3 years,,,,,275364.4760473148,231800.10063659283,318847.01992336113,,,,,
IHME GBD 2023,2023,country,SSD,South Sudan,435,4 years,,,,,261287.3240870133,219950.04180578768,302546.9582161305,,,,,
IHME GBD 2023,2023,country,SSD,South Sudan,435,2-4 years,3.0,,,,816666.5334670221,687464.8006944288,945625.5730763172,0.0230235553028331,0.0038319219685294,6340.799609616536,0.16643484979306708,1055.3300305944665
IHME GBD 2023,2023,country,SSD,South Sudan,435,1-4 years,4.0,,,,1101513.4089027285,,,0.03790079099051802,0.005714511191365309,10711.765999282045,0.15077551264813865,1615.0720099086516
IHME GBD 2023,2023,country,SSD,South Sudan,435,<5 years,5.0,,,,1397114.2847093162,,,0.10518745624274461,0.011818416602057244,32330.406426528018,0.11235576012774269,3632.507389291413
IHME GBD 2023,2023,country,TGO,Togo,218,live births,,236626.88693025569,218493.8711894832,257008.35071920787,,,,,,,,
IHME GBD 2023,2023,country,TGO,Togo,218,0-27 days,0.07665982203969883,,,,17726.51459272622,16447.868198824806,19073.86603118244,0.0230039928057451,0.0003526989690731,5381.490446016425,0.015332076133540422,82.50942123024423
IHME GBD 2023,2023,country,TGO,Togo,218,1-5 months,0.42334017796030116,,,,97561.01636217214,90523.75920119388,104976.403918774,0.0087059309716458,0.0009059150838633,2015.1130238119356,0.10405723257096336,209.6870845755758
IHME GBD 2023,2023,country,TGO,Togo,218,6-11 months,0.5,,,,114233.68778102809,105993.79988996984,122916.32659007418,0.0077150207163445,0.0013986636851289,1769.4650761270918,0.18129098242935235,320.78806202550925
IHME GBD 2023,2023,country,TGO,Togo,218,1-11 months,0.9233401779603012,,,,211794.70414320024,,,0.016353785250188935,0.0022922704721607947,3784.578099939027,0.1401675781534622,530.475146601085
IHME GBD 2023,2023,country,TGO,Togo,218,<1 year,1.0,,,,229521.21873592644,,,0.038981575697692006,0.0026069087540238553,9166.068545955453,0.06687540735245864,612.9845678313293
IHME GBD 2023,2023,country,TGO,Togo,218,12-23 months,1.0,,,,228234.35946838296,211771.39156952736,245581.92607129776,0.0075401297396135,0.0014037181054234,1727.4374479165301,0.18616630666826606,321.5906496790756
IHME GBD 2023,2023,country,TGO,Togo,218,2 years,,,,,228356.38428002968,211884.61450506005,245713.2257070866,,,,,
IHME GBD 2023,2023,country,TGO,Togo,218,3 years,,,,,228136.35796056513,211680.45909233665,245476.475695185,,,,,
IHME GBD 2023,2023,country,TGO,Togo,218,4 years,,,,,227527.64223910903,211115.65116550535,244821.49289744475,,,,,
IHME GBD 2023,2023,country,TGO,Togo,218,2-4 years,3.0,,,,684020.3844797038,634680.724762902,736011.1942997164,0.0163402436743203,0.0043053043851031,3756.461608297874,0.26347859131802004,989.7472128945478
IHME GBD 2023,2023,country,TGO,Togo,218,1-4 years,4.0,,,,912254.7439480869,,,0.02375716585665255,0.0056809344548321315,5483.8990562144045,0.23912509131392623,1311.3378625736234
IHME GBD 2023,2023,country,TGO,Togo,218,<5 years,5.0,,,,1141775.9626840132,,,0.061812649795140784,0.008119299080629897,14649.967602169858,0.1313533574040078,1924.3224304049527
IHME GBD 2023,2023,country,UGA,Uganda,190,live births,,1621338.9916090188,1515340.703146933,1740901.2524787372,,,,,,,,
IHME GBD 2023,2023,country,UGA,Uganda,190,0-27 days,0.07665982203969883,,,,121756.98588183222,106909.2337037886,137172.7396004629,0.0201085942195673,0.0005888350123282,32263.490510919924,0.029282753727021632,944.7638470053674
IHME GBD 2023,2023,country,UGA,Uganda,190,1-5 months,0.42334017796030116,,,,667322.7797941054,585945.5743271252,751813.0745367988,0.0091324752970305,0.0023021172736057,14461.909777779,0.25208031762804245,3645.562810290623
IHME GBD 2023,2023,country,UGA,Uganda,190,6-11 months,0.5,,,,775378.9823821923,680824.7776185516,873550.3632227712,0.0078970780953525,0.0032323626773124,12295.068463535768,0.40931122097104167,5032.509484732374
IHME GBD 2023,2023,country,UGA,Uganda,190,1-11 months,0.9233401779603012,,,,1442701.7621762976,,,0.01695743352175849,0.00549979271622847,26756.97824131477,0.3243293101619153,8678.072295022997
IHME GBD 2023,2023,country,UGA,Uganda,190,<1 year,1.0,,,,1564458.74805813,,,0.03672503759163148,0.005987736568776761,59020.468752234694,0.16304235370316364,9622.836142028365
IHME GBD 2023,2023,country,UGA,Uganda,190,12-23 months,1.0,,,,1527102.9553479964,1340879.1746988045,1720450.7365215975,0.0077211167428003,0.0027758464318486,11836.69548283887,0.3595135942526695,4255.452937109739
IHME GBD 2023,2023,country,UGA,Uganda,190,2 years,,,,,1499739.7412782442,1316852.7894636353,1689623.043054673,,,,,
IHME GBD 2023,2023,country,UGA,Uganda,190,3 years,,,,,1472304.9360580733,1292763.5433176465,1658714.6942219555,,,,,
IHME GBD 2023,2023,country,UGA,Uganda,190,4 years,,,,,1443070.7773198986,1267094.3672450187,1625779.174218839,,,,,
IHME GBD 2023,2023,country,UGA,Uganda,190,2-4 years,3.0,,,,4415115.454656216,3876710.7000263007,4974116.911495468,0.0101522316030631,0.0041704751287099,15017.451516549996,0.41079393100642003,6169.077942181897
IHME GBD 2023,2023,country,UGA,Uganda,190,1-4 years,4.0,,,,5942218.4100042125,,,0.017794961780456253,0.006907839172117524,26854.146999388868,0.38819072821523143,10424.530879291637
IHME GBD 2023,2023,country,UGA,Uganda,190,<5 years,5.0,,,,7506677.158062343,,,0.05386647873175876,0.012575090553011058,85874.61575162355,0.233449277715586,20047.367021320002
IHME GBD 2023,2023,country,TZA,United Republic of Tanzania,189,live births,,2066736.290133123,1858193.5803400113,2281606.4282548972,,,,,,,,
IHME GBD 2023,2023,country,TZA,United Republic of Tanzania,189,0-27 days,0.07665982203969883,,,,155505.23369335415,143735.66329413006,167713.822123443,0.0208336969985017,0.0002959254930221,42707.809453739304,0.014204175717991006,606.6292300113905
IHME GBD 2023,2023,country,TZA,United Republic of Tanzania,189,1-5 months,0.42334017796030116,,,,854650.7356394988,789965.6330165662,921748.664339896,0.0071084539317474,0.0009213191843727,14401.990117378107,0.1296089407371627,1866.626683620462
IHME GBD 2023,2023,country,TZA,United Republic of Tanzania,189,6-11 months,0.5,,,,996725.9860331734,921287.7748377464,1074978.126183319,0.0054971685498958,0.001195428690626,10988.57225163586,0.2174626227621599,2389.603742252227
IHME GBD 2023,2023,country,TZA,United Republic of Tanzania,189,1-11 months,0.9233401779603012,,,,1851376.7216726723,,,0.012566546112251276,0.0021065352997604024,25390.56236901397,0.1676304118047771,4256.230425872689
IHME GBD 2023,2023,country,TZA,United Republic of Tanzania,189,<1 year,1.0,,,,2006881.9553660264,,,0.033138435496732566,0.0023663937436802936,68098.37182275327,0.07140933807552921,4862.85965588408
IHME GBD 2023,2023,country,TZA,United Republic of Tanzania,189,12-23 months,1.0,,,,1985385.6452620137,1835119.730948167,2141256.6448568404,0.0048991429638911,0.0009487876029666,9750.59243817229,0.19366399591920339,1888.3386941560138
IHME GBD 2023,2023,country,TZA,United Republic of Tanzania,189,2 years,,,,,1975314.8585617903,1825811.1618931557,2130395.2089477764,,,,,
IHME GBD 2023,2023,country,TZA,United Republic of Tanzania,189,3 years,,,,,1962636.5835187496,1814092.4548795363,2116721.5729234507,,,,,
IHME GBD 2023,2023,country,TZA,United Republic of Tanzania,189,4 years,,,,,1944124.0711193471,1796981.080646203,2096755.6583502225,,,,,
IHME GBD 2023,2023,country,TZA,United Republic of Tanzania,189,2-4 years,3.0,,,,5882075.513199887,5436884.697418896,6343872.440221449,0.0060362326857874,0.0013189241724216,11871.056541229811,0.21850121442917042,2593.840270816061
IHME GBD 2023,2023,country,TZA,United Republic of Tanzania,189,1-4 years,4.0,,,,7867461.1584619,,,0.010905803282787452,0.002260778635191081,21621.648979402104,0.20730051483316694,4482.178964972075
IHME GBD 2023,2023,country,TZA,United Republic of Tanzania,189,<5 years,5.0,,,,9874343.113827927,,,0.0436828375208933,0.00454990759087659,89720.02080215537,0.10415778482110713,9345.038620856154
IHME GBD 2023,2023,country,ZMB,Zambia,191,live births,,662743.0504279736,602083.9112122336,732558.6022625149,,,,,,,,
IHME GBD 2023,2023,country,ZMB,Zambia,191,0-27 days,0.07665982203969883,,,,50481.68690370856,46628.20685121914,54255.11481343825,0.0177980975196249,0.0003481716319838,11825.878503557109,0.019562294880106815,231.34132250290048
IHME GBD 2023,2023,country,ZMB,Zambia,191,1-5 months,0.42334017796030116,,,,277072.5255192256,255922.41117740935,297783.26767029124,0.0090253872183816,0.000708573868355,5933.856878228237,0.07850897154992746,465.86100083416204
IHME GBD 2023,2023,country,ZMB,Zambia,191,6-11 months,0.5,,,,322654.45564926194,298024.8803527217,346772.3764799963,0.007548244196193,0.0012203677415173,4889.4258375886575,0.1616757102443505,790.5013949792246
IHME GBD 2023,2023,country,ZMB,Zambia,191,1-11 months,0.9233401779603012,,,,599726.9811684876,,,0.016505505587885105,0.0019159525893379975,10823.282715816895,0.11607960623419435,1256.3623958133867
IHME GBD 2023,2023,country,ZMB,Zambia,191,<1 year,1.0,,,,650208.6680721961,,,0.03400983650944622,0.002233926446298244,22649.161219374004,0.06568471582266416,1487.7037183162872
IHME GBD 2023,2023,country,ZMB,Zambia,191,12-23 months,1.0,,,,646293.7410898845,596959.4142856098,694603.1972529477,0.0075721580464844,0.0011635881643064,4912.460878752464,0.15366665053255596,754.8814091101076
IHME GBD 2023,2023,country,ZMB,Zambia,191,2 years,,,,,646260.059933948,596928.3041543459,694566.9984827703,,,,,
IHME GBD 2023,2023,country,ZMB,Zambia,191,3 years,,,,,644979.861926454,595745.829059609,693191.1076569941,,,,,
IHME GBD 2023,2023,country,ZMB,Zambia,191,4 years,,,,,641363.2256697657,592405.265900455,689304.1334415852,,,,,
IHME GBD 2023,2023,country,ZMB,Zambia,191,2-4 years,3.0,,,,1932603.147530168,1785079.3991144097,2077062.2395813495,0.0099679062831202,0.0018471442880208,6453.55359738756,0.18530915475688023,1195.9025623101124
IHME GBD 2023,2023,country,ZMB,Zambia,191,1-4 years,4.0,,,,2578896.8886200525,,,0.01746458576783616,0.0029975004919190248,11366.014476140024,0.17163307116275286,1950.78397142022
IHME GBD 2023,2023,country,ZMB,Zambia,191,<5 years,5.0,,,,3229105.5566922487,,,0.05088045457061319,0.005143345965792673,34015.17569551403,0.10108687135753881,3438.4876897365075
IHME GBD 2023,2023,country,ZWE,Zimbabwe,198,live births,,464244.13426854386,432151.6512594251,499981.8075111148,,,,,,,,
IHME GBD 2023,2023,country,ZWE,Zimbabwe,198,0-27 days,0.07665982203969883,,,,34959.6427841916,32545.18913624022,37581.24467621223,0.0228629354770718,1.3534246267207616e-05,10547.359456255375,0.0005919732521128137,6.243754678522333
IHME GBD 2023,2023,country,ZWE,Zimbabwe,198,1-5 months,0.42334017796030116,,,,191571.08341787956,178340.41329760436,205936.87994060185,0.0103263173343688,7.719643995778797e-05,4697.188336901469,0.007475698979427755,35.11476605635426
IHME GBD 2023,2023,country,ZWE,Zimbabwe,198,6-11 months,0.5,,,,223325.61480923707,207901.84893480505,240072.66391196157,0.0075297378808705,0.0001013418711673,3375.8924865375598,0.013458884329129403,45.43574648388606
IHME GBD 2023,2023,country,ZWE,Zimbabwe,198,1-11 months,0.9233401779603012,,,,414896.6982271166,,,0.017778300752436915,0.00017738596565831214,8073.080823439028,0.009977667052009873,80.55051254024032
IHME GBD 2023,2023,country,ZWE,Zimbabwe,198,<1 year,1.0,,,,449856.34101130825,,,0.040234772086513604,0.0001875437695085579,18620.440279694405,0.004661236034972376,86.79426721876266
IHME GBD 2023,2023,country,ZWE,Zimbabwe,198,12-23 months,1.0,,,,443259.1503967098,412645.88929247693,476498.8786888117,0.0067558940415453,0.0002073972569097,3004.773285446001,0.03069871369123209,92.24267479696958
IHME GBD 2023,2023,country,ZWE,Zimbabwe,198,2 years,,,,,439177.2830491545,408845.9321340102,472110.9146449203,,,,,
IHME GBD 2023,2023,country,ZWE,Zimbabwe,198,3 years,,,,,435049.01028839446,405002.7745069626,467673.0652747197,,,,,
IHME GBD 2023,2023,country,ZWE,Zimbabwe,198,4 years,,,,,430795.575769197,401043.0992963083,463100.6683435792,,,,,
IHME GBD 2023,2023,country,ZWE,Zimbabwe,198,2-4 years,3.0,,,,1305021.869106746,1214891.805937281,1402884.6482632193,0.0077412406788117,0.0002442422830356,3380.598086373366,0.031550793105310324,106.66055079537408
IHME GBD 2023,2023,country,ZWE,Zimbabwe,198,1-4 years,4.0,,,,1748281.0195034558,,,0.014444835718580795,0.000449954160889876,6385.371371819367,0.031149828883902598,198.90322559234366
IHME GBD 2023,2023,country,ZWE,Zimbabwe,198,<5 years,5.0,,,,2198137.360514764,,,0.05409842313213009,0.0006180876697496952,25005.81165151377,0.011425243731043264,285.6974928111063
IHME GBD 2023,2023,nigeria_state,NGA,Abia,25318,live births,,151337.19518783715,138427.5064875342,165554.82944387724,,,,,,,,
IHME GBD 2023,2023,nigeria_state,NGA,Abia,25318,0-27 days,0.07665982203969883,,,,11345.997665582474,9314.859285380424,13345.781088971866,0.0231010289584407,0.0007488572022274,3459.1667425758665,0.032416616747877845,112.13448256108688
IHME GBD 2023,2023,nigeria_state,NGA,Abia,25318,1-5 months,0.42334017796030116,,,,62103.36611143962,50985.1370017884,73050.06077181624,0.0098051857074946,0.0024594455980974,1445.5043237721068,0.2508311082999194,362.57745158408306
IHME GBD 2023,2023,nigeria_state,NGA,Abia,25318,6-11 months,0.5,,,,71883.27091778947,59010.72585210828,84547.70064380641,0.0146619181890732,0.0063215895641764,2123.4988806843767,0.431157061624281,915.5615377583256
IHME GBD 2023,2023,nigeria_state,NGA,Abia,25318,1-11 months,0.9233401779603012,,,,133986.63702922908,,,0.024323341065895843,0.008710726437167558,3569.003204456483,0.35812211873232375,1278.1389893424086
IHME GBD 2023,2023,nigeria_state,NGA,Abia,25318,<1 year,1.0,,,,145332.63469481157,,,0.04686247581800718,0.009270074208294404,7028.16994703235,0.19781443567546905,1390.2734719034956
IHME GBD 2023,2023,nigeria_state,NGA,Abia,25318,12-23 months,1.0,,,,142311.48381079003,116804.050956718,167403.77803353846,0.0145909256242345,0.0055392674624173,2091.75397269227,0.37963783827511033,794.1089563962676
IHME GBD 2023,2023,nigeria_state,NGA,Abia,25318,2 years,,,,,140651.9735055462,115413.42213955612,165473.61760384534,,,,,
IHME GBD 2023,2023,nigeria_state,NGA,Abia,25318,3 years,,,,,139440.75521903834,114393.1190943868,164070.55592960474,,,,,
IHME GBD 2023,2023,nigeria_state,NGA,Abia,25318,4 years,,,,,138303.5307833914,113436.34845192965,162733.60472016947,,,,,
IHME GBD 2023,2023,nigeria_state,NGA,Abia,25318,2-4 years,3.0,,,,418396.25950797595,343242.8896858726,492297.2384197553,0.0227335920500041,0.0102373757995301,3207.1446369250357,0.4503193238011964,1444.2392042327156
IHME GBD 2023,2023,nigeria_state,NGA,Abia,25318,1-4 years,4.0,,,,560707.743318766,,,0.036992813523465284,0.015626416394617454,5298.898609617306,0.42241762402595584,2238.3481606289834
IHME GBD 2023,2023,nigeria_state,NGA,Abia,25318,<5 years,5.0,,,,706040.3780135775,,,0.08212171451228911,0.024173519309195618,12327.068556649656,0.29436208745469106,3628.6216325324785
IHME GBD 2023,2023,nigeria_state,NGA,Adamawa,25319,live births,,119497.19215675553,109824.0021248895,129961.62271418556,,,,,,,,
IHME GBD 2023,2023,nigeria_state,NGA,Adamawa,25319,0-27 days,0.07665982203969883,,,,8793.059746385232,7360.737688094336,10514.003943565784,0.033172745461127,0.0006977531642765,3869.533379691225,0.021033928744129782,81.39148938145692
IHME GBD 2023,2023,nigeria_state,NGA,Adamawa,25319,1-5 months,0.42334017796030116,,,,48434.6233350225,40541.985502567884,57908.42558617331,0.0137025493270607,0.001980946576613,1578.5575245109808,0.14456773913602308,228.20849241470984
IHME GBD 2023,2023,nigeria_state,NGA,Adamawa,25319,6-11 months,0.5,,,,56796.96057493932,47539.100853622505,67896.19359358013,0.0130883326365014,0.0034599490633629,1496.5703357549487,0.26435369267080056,395.6238945984005
IHME GBD 2023,2023,nigeria_state,NGA,Adamawa,25319,1-11 months,0.9233401779603012,,,,105231.58390996183,,,0.026611538440001525,0.0053985200946023975,3075.1278602659295,0.20286388578300052,623.8323870131103
IHME GBD 2023,2023,nigeria_state,NGA,Adamawa,25319,<1 year,1.0,,,,114024.64365634706,,,0.05890150611012934,0.00598139304844191,6944.661239957155,0.10154906798577235,705.2238763945672
IHME GBD 2023,2023,nigeria_state,NGA,Adamawa,25319,12-23 months,1.0,,,,112331.9426040165,94015.5423206645,134280.43241682812,0.0120848564650897,0.0034606229755134,1365.7847825851736,0.2863602878122983,391.10652343074753
IHME GBD 2023,2023,nigeria_state,NGA,Adamawa,25319,2 years,,,,,112013.02499711265,93736.5920431806,133887.78115502087,,,,,
IHME GBD 2023,2023,nigeria_state,NGA,Adamawa,25319,3 years,,,,,112074.00602278802,93773.38890819742,133953.12052632772,,,,,
IHME GBD 2023,2023,nigeria_state,NGA,Adamawa,25319,4 years,,,,,112381.23703308972,94016.08159804404,134306.19676623197,,,,,
IHME GBD 2023,2023,nigeria_state,NGA,Adamawa,25319,2-4 years,3.0,,,,336468.2680529904,281526.0625494221,402155.184909191,0.0209619617095746,0.0080718521872492,2376.0024124715624,0.3850714116876902,914.9306031437822
IHME GBD 2023,2023,nigeria_state,NGA,Adamawa,25319,1-4 years,4.0,,,,448800.2106570069,,,0.032793495876177414,0.01144627443833214,3741.787195056736,0.3490409952495245,1306.0371265745298
IHME GBD 2023,2023,nigeria_state,NGA,Adamawa,25319,<5 years,5.0,,,,562824.8543133539,,,0.08976341568858359,0.01689407463720363,10686.44843501389,0.188206682060922,2011.2610029690968
IHME GBD 2023,2023,nigeria_state,NGA,Akwa Ibom,25320,live births,,60624.67020739969,54519.976051661295,67646.99245720157,,,,,,,,
IHME GBD 2023,2023,nigeria_state,NGA,Akwa Ibom,25320,0-27 days,0.07665982203969883,,,,4303.062801901999,3499.986119425958,5123.9526513485025,0.0241701895861302,0.0009419460775414,1373.3842465338123,0.03897139797703223,53.52270404705575
IHME GBD 2023,2023,nigeria_state,NGA,Akwa Ibom,25320,1-5 months,0.42334017796030116,,,,24046.82151974386,19561.133320404297,28637.43279832574,0.0092634233012396,0.0025262270873121,528.6388009166303,0.27270988328624135,144.16502569855282
IHME GBD 2023,2023,nigeria_state,NGA,Akwa Ibom,25320,6-11 months,0.5,,,,28907.06164886072,23516.43780106801,34431.44866633583,0.0074572414582193,0.0032300009157638,432.74944865349886,0.43313615817062273,187.43943364023167
IHME GBD 2023,2023,nigeria_state,NGA,Akwa Ibom,25320,1-11 months,0.9233401779603012,,,,52953.883168604574,,,0.016651585175171957,0.005743506748304426,961.3882495701291,0.3449225216628731,331.6044593387845
IHME GBD 2023,2023,nigeria_state,NGA,Akwa Ibom,25320,<1 year,1.0,,,,57256.94597050658,,,0.0404193027907086,0.00666727548649604,2334.7724961039416,0.16495275836446843,385.1271633858403
IHME GBD 2023,2023,nigeria_state,NGA,Akwa Ibom,25320,12-23 months,1.0,,,,57050.10681827255,46410.83357475415,67958.98312478638,0.0077947878918637,0.0033508708574592,446.43568685824334,0.4298860859263255,191.91649004132094
IHME GBD 2023,2023,nigeria_state,NGA,Akwa Ibom,25320,2 years,,,,,57300.08076953988,46613.63221805627,68266.96071358526,,,,,
IHME GBD 2023,2023,nigeria_state,NGA,Akwa Ibom,25320,3 years,,,,,57568.000854248625,46833.995801437755,68591.2351710193,,,,,
IHME GBD 2023,2023,nigeria_state,NGA,Akwa Ibom,25320,4 years,,,,,57785.34629915315,47015.72277683944,68851.57456894316,,,,,
IHME GBD 2023,2023,nigeria_state,NGA,Akwa Ibom,25320,2-4 years,3.0,,,,172653.42792294166,140463.35079633346,205710.82281753563,0.0102319743524335,0.0049905883638599,591.8951339162418,0.48774441686056164,288.6935469345814
IHME GBD 2023,2023,nigeria_state,NGA,Akwa Ibom,25320,1-4 years,4.0,,,,229703.53474121421,,,0.017947006174505065,0.008307093585743613,1038.3308207744851,0.462867929334331,480.6100369759023
IHME GBD 2023,2023,nigeria_state,NGA,Akwa Ibom,25320,<5 years,5.0,,,,286960.48071172077,,,0.05764090348845963,0.014794054532133682,3373.1033168784265,0.25665896328456445,865.7372003617426
IHME GBD 2023,2023,nigeria_state,NGA,Anambra,25321,live births,,179407.8569736837,162209.48297533987,198285.6839979238,,,,,,,,
IHME GBD 2023,2023,nigeria_state,NGA,Anambra,25321,0-27 days,0.07665982203969883,,,,13419.360433504791,11233.97425787974,15865.27157449654,0.0145981803778546,0.0006846433330562,2574.2584287141085,0.04689922410431385,120.73072295068182
IHME GBD 2023,2023,nigeria_state,NGA,Anambra,25321,1-5 months,0.42334017796030116,,,,74314.56621868604,62204.10477009471,87851.84663603165,0.0092989225765888,0.0025039610189176,1640.0013056351347,0.26927431627634313,441.6102302672109
IHME GBD 2023,2023,nigeria_state,NGA,Anambra,25321,6-11 months,0.5,,,,87567.93625192916,73281.05289544901,103503.52698615578,0.0092010952062077,0.0037767736687903,1618.9011429239583,0.41047001298739144,664.5103731613
IHME GBD 2023,2023,nigeria_state,NGA,Anambra,25321,1-11 months,0.9233401779603012,,,,161882.5024706152,,,0.018414457510854132,0.006250144389170203,3258.902448559093,0.33941507022328227,1106.120603428511
IHME GBD 2023,2023,nigeria_state,NGA,Anambra,25321,<1 year,1.0,,,,175301.86290412,,,0.0327438203164051,0.006886797781014136,5833.160877273202,0.2103235882211263,1226.8513263791926
IHME GBD 2023,2023,nigeria_state,NGA,Anambra,25321,12-23 months,1.0,,,,174416.58947951728,145956.3938726972,206148.25823724683,0.0076932952410659,0.0031478978496604,1347.0265237078659,0.4091741901256166,551.1684869158908
IHME GBD 2023,2023,nigeria_state,NGA,Anambra,25321,2 years,,,,,175222.41556964768,146620.3772584756,207071.4070795547,,,,,
IHME GBD 2023,2023,nigeria_state,NGA,Anambra,25321,3 years,,,,,176130.2667680029,147376.968145626,208113.05343619932,,,,,
IHME GBD 2023,2023,nigeria_state,NGA,Anambra,25321,4 years,,,,,176856.60095904695,147989.04603344476,208940.49838913968,,,,,
IHME GBD 2023,2023,nigeria_state,NGA,Anambra,25321,2-4 years,3.0,,,,528209.2832966975,441986.3914375463,624124.9589048937,0.0104501387130288,0.0043956798559854,1849.634817907654,0.42063363718847563,778.0186209269403
IHME GBD 2023,2023,nigeria_state,NGA,Anambra,25321,1-4 years,4.0,,,,702625.8727762148,,,0.018063037951665306,0.007510697758710851,3196.6613416155196,0.4158047931255334,1329.1871078428312
IHME GBD 2023,2023,nigeria_state,NGA,Anambra,25321,<5 years,5.0,,,,877927.7356803347,,,0.05021540539901259,0.014214289393364417,9029.822218888721,0.283066307648368,2556.0384342220236
IHME GBD 2023,2023,nigeria_state,NGA,Bauchi,25322,live births,,340084.73827937257,321213.65992921556,358646.5146443228,,,,,,,,
IHME GBD 2023,2023,nigeria_state,NGA,Bauchi,25322,0-27 days,0.07665982203969883,,,,25284.24571425157,21093.450330237043,29580.04525018421,0.0336805609050773,0.000379892225945,11300.038219396853,0.011279272545836128,127.45621085494189
IHME GBD 2023,2023,nigeria_state,NGA,Bauchi,25322,1-5 months,0.42334017796030116,,,,137293.88889261527,114539.34401803126,160609.02779959716,0.0120573418594652,0.0010732660897886,3934.0942606788503,0.08901349089194725,350.1874636409988
IHME GBD 2023,2023,nigeria_state,NGA,Bauchi,25322,6-11 months,0.5,,,,157665.67601124092,131533.26880270845,184432.3235434587,0.0094194276338563,0.0016346695239654,2984.3183062258126,0.1735423411598703,517.9055856286863
IHME GBD 2023,2023,nigeria_state,NGA,Bauchi,25322,1-11 months,0.9233401779603012,,,,294959.5649038562,,,0.02136319623421956,0.0026805632046033876,6918.4125669046625,0.12547575630605604,868.093049269685
IHME GBD 2023,2023,nigeria_state,NGA,Bauchi,25322,<1 year,1.0,,,,320243.8106181078,,,0.05432423270740305,0.00296855371036037,18218.450786301517,0.05464511070684353,995.5492601246269
IHME GBD 2023,2023,nigeria_state,NGA,Bauchi,25322,12-23 months,1.0,,,,306587.54795430857,255708.01910326563,358652.2231896186,0.0141014010287846,0.0029707105817213,4354.085984382895,0.21066776100171275,917.2655455388829
IHME GBD 2023,2023,nigeria_state,NGA,Bauchi,25322,2 years,,,,,295057.13558129757,246017.17766298488,345157.8031159613,,,,,
IHME GBD 2023,2023,nigeria_state,NGA,Bauchi,25322,3 years,,,,,284174.8167309766,236873.72441586765,332411.29323026416,,,,,
IHME GBD 2023,2023,nigeria_state,NGA,Bauchi,25322,4 years,,,,,273903.6210274599,228248.02180551196,320374.6595386653,,,,,
IHME GBD 2023,2023,nigeria_state,NGA,Bauchi,25322,2-4 years,3.0,,,,853135.5733397341,711136.5558480017,997943.7558848908,0.0342981130352379,0.0098211072323421,9924.83837929798,0.28634540979708967,2841.9319128899633
IHME GBD 2023,2023,nigeria_state,NGA,Bauchi,25322,1-4 years,4.0,,,,1159723.1212940426,,,0.04791586261758196,0.012614758954014555,14278.924363680875,0.2632689523862557,3759.1974584288464
IHME GBD 2023,2023,nigeria_state,NGA,Bauchi,25322,<5 years,5.0,,,,1479966.9319121505,,,0.09963710285377159,0.014578075480056182,32497.375149982392,0.14631171584195007,4754.746718553473
IHME GBD 2023,2023,nigeria_state,NGA,Bayelsa,25323,live births,,20795.56974025951,18881.28052569832,22965.050664609913,,,,,,,,
IHME GBD 2023,2023,nigeria_state,NGA,Bayelsa,25323,0-27 days,0.07665982203969883,,,,1460.80512938302,1218.017152776601,1722.4240411865944,0.0266712771533585,0.0006274853427837,515.1400273848707,0.023526632758367395,12.119510243419176
IHME GBD 2023,2023,nigeria_state,NGA,Bayelsa,25323,1-5 months,0.42334017796030116,,,,8164.679425891277,6807.890808644176,9625.813046762198,0.0128077794188926,0.0019073177813969,248.61058746676284,0.1489186937888264,37.0227639476231
IHME GBD 2023,2023,nigeria_state,NGA,Bayelsa,25323,6-11 months,0.5,,,,9846.146202272696,8210.15270628736,11605.70867874426,0.0119899384205989,0.0034470828516343,237.53625869554975,0.2874979612666032,68.291190101867
IHME GBD 2023,2023,nigeria_state,NGA,Bayelsa,25323,1-11 months,0.9233401779603012,,,,18010.825628163973,,,0.024644153352954334,0.005338661053321095,486.1468461623126,0.21662992340863263,105.31395404949009
IHME GBD 2023,2023,nigeria_state,NGA,Bayelsa,25323,<1 year,1.0,,,,19471.63075754699,,,0.05065813946202635,0.00594131509043373,1001.2868735471833,0.11728253649914197,117.43346429290928
IHME GBD 2023,2023,nigeria_state,NGA,Bayelsa,25323,12-23 months,1.0,,,,19327.97583135474,16117.907014638804,22783.989157825843,0.0096667906393795,0.002470930316778,187.7484273664505,0.25561020290562597,47.990413614350594
IHME GBD 2023,2023,nigeria_state,NGA,Bayelsa,25323,2 years,,,,,19349.49655381603,16137.310702928817,22809.256607910826,,,,,
IHME GBD 2023,2023,nigeria_state,NGA,Bayelsa,25323,3 years,,,,,19335.82780683834,16127.24541350006,22793.19387667788,,,,,
IHME GBD 2023,2023,nigeria_state,NGA,Bayelsa,25323,4 years,,,,,19221.85617466921,16032.986307945548,22659.43557534007,,,,,
IHME GBD 2023,2023,nigeria_state,NGA,Bayelsa,25323,2-4 years,3.0,,,,57907.18053532358,48297.54242437442,68261.97110191797,0.0169923001198918,0.0056916851931678,330.81070918456413,0.33495672469349264,110.8072716419931
IHME GBD 2023,2023,nigeria_state,NGA,Bayelsa,25323,1-4 years,4.0,,,,77235.15636667832,,,0.026494829751530835,0.008113477015923909,518.5591365510146,0.3062286903525063,158.7976852563437
IHME GBD 2023,2023,nigeria_state,NGA,Bayelsa,25323,<5 years,5.0,,,,96706.78712422532,,,0.07581079043298145,0.01377856812492928,1519.846010098198,0.18174943232005825,276.23114954925296
IHME GBD 2023,2023,nigeria_state,NGA,Benue,25324,live births,,338584.8356705153,309343.2146773021,371832.45939506614,,,,,,,,
IHME GBD 2023,2023,nigeria_state,NGA,Benue,25324,0-27 days,0.07665982203969883,,,,25456.890923240506,21090.914748935167,30059.772288277574,0.030188355546378,0.000749983068961,10179.262431146775,0.02484345554393681,252.88805367826103
IHME GBD 2023,2023,nigeria_state,NGA,Benue,25324,1-5 months,0.42334017796030116,,,,139711.8899700517,115774.03632706772,164947.28262631665,0.0125844913845743,0.0022566037160547,4179.522553337805,0.17931624307207034,749.4562820995219
IHME GBD 2023,2023,nigeria_state,NGA,Benue,25324,6-11 months,0.5,,,,162620.66217352613,134794.15018852337,192003.05406484177,0.0097160924935548,0.0031227031284048,3175.5267494617096,0.32139495692082537,1020.5982828441748
IHME GBD 2023,2023,nigeria_state,NGA,Benue,25324,1-11 months,0.9233401779603012,,,,302332.55214357784,,,0.022178311795852168,0.005337397537505377,7355.049302799514,0.2406584228157342,1770.0545649436967
IHME GBD 2023,2023,nigeria_state,NGA,Benue,25324,<1 year,1.0,,,,327789.44306681835,,,0.0516971405803186,0.005964325861639065,17534.31173394629,0.11537051749260033,2022.9426186219578
IHME GBD 2023,2023,nigeria_state,NGA,Benue,25324,12-23 months,1.0,,,,323934.1160535547,268543.01159411104,382451.79103599774,0.0074770459673084,0.0024827004197643,2431.1706324067345,0.33204295260712796,807.2530750760707
IHME GBD 2023,2023,nigeria_state,NGA,Benue,25324,2 years,,,,,322599.8040749193,267539.8051605607,380856.8537854624,,,,,
IHME GBD 2023,2023,nigeria_state,NGA,Benue,25324,3 years,,,,,320868.9369994791,266221.04381205223,378782.079277813,,,,,
IHME GBD 2023,2023,nigeria_state,NGA,Benue,25324,4 years,,,,,318050.376564503,264001.6926596935,375409.226190709,,,,,
IHME GBD 2023,2023,nigeria_state,NGA,Benue,25324,2-4 years,3.0,,,,961519.1176389012,797762.5416323064,1135053.570268051,0.0120792709725789,0.0049800055265918,3895.0556874595495,0.41227699402529244,1605.841850386942
IHME GBD 2023,2023,nigeria_state,NGA,Benue,25324,1-4 years,4.0,,,,1285453.233692456,,,0.01946599967557372,0.007425169866067083,6326.226319866284,0.3814430283477461,2413.0949254630127
IHME GBD 2023,2023,nigeria_state,NGA,Benue,25324,<5 years,5.0,,,,1613242.6767592742,,,0.07015680373412769,0.013043218666557388,23860.538053812576,0.1859152351921148,4436.03754408497
IHME GBD 2023,2023,nigeria_state,NGA,Borno,25325,live births,,186397.609365873,172305.91180636227,201052.4409494798,,,,,,,,
IHME GBD 2023,2023,nigeria_state,NGA,Borno,25325,0-27 days,0.07665982203969883,,,,13903.109280953526,11524.031869631544,16452.586739882117,0.0232926755707616,0.0006254383720815,4274.361345667681,0.026851289375557558,114.77211338822052
IHME GBD 2023,2023,nigeria_state,NGA,Borno,25325,1-5 months,0.42334017796030116,,,,75909.7868195565,62923.13504348776,89838.95089820272,0.0126411413526776,0.0016291238205417,2281.1514990844908,0.12887474121920367,293.98280912631225
IHME GBD 2023,2023,nigeria_state,NGA,Borno,25325,6-11 months,0.5,,,,88033.74831923073,72971.48277185312,104200.29746410472,0.0091845766277343,0.0023927319157016,1624.5774154599994,0.260516299518517,423.22889655699544
IHME GBD 2023,2023,nigeria_state,NGA,Borno,25325,1-11 months,0.9233401779603012,,,,163943.53513878724,,,0.021709614448996217,0.003986551537335118,3905.72891454449,0.18363069259940004,717.2117056833076
IHME GBD 2023,2023,nigeria_state,NGA,Borno,25325,<1 year,1.0,,,,177846.64441974077,,,0.04449661501363111,0.004525679120542625,8180.090260212171,0.1017083910575271,831.9838190715282
IHME GBD 2023,2023,nigeria_state,NGA,Borno,25325,12-23 months,1.0,,,,173060.65816864482,143420.2722465926,204880.11180273475,0.0097244551646075,0.0028523677108115,1691.1567925462127,0.2933190253365344,496.0484620809149
IHME GBD 2023,2023,nigeria_state,NGA,Borno,25325,2 years,,,,,170377.96550606433,141165.63305971792,201765.91899825187,,,,,
IHME GBD 2023,2023,nigeria_state,NGA,Borno,25325,3 years,,,,,168530.45279734448,139610.16560684124,199638.82008202243,,,,,
IHME GBD 2023,2023,nigeria_state,NGA,Borno,25325,4 years,,,,,167239.11588035896,138533.6575619102,198165.76300010577,,,,,
IHME GBD 2023,2023,nigeria_state,NGA,Borno,25325,2-4 years,3.0,,,,506147.53418376774,419297.4264528476,599570.5020803801,0.0187456680567093,0.0067230520766515,3192.7103454058138,0.35864563782485404,1145.051638218078
IHME GBD 2023,2023,nigeria_state,NGA,Borno,25325,1-4 years,4.0,,,,679208.1923524125,,,0.028287831812768727,0.009505410838150406,4883.8671379520265,0.3360247226109354,1641.1001002989929
IHME GBD 2023,2023,nigeria_state,NGA,Borno,25325,<5 years,5.0,,,,857054.8367721534,,,0.07152573406465679,0.013540241853615676,13063.957398164199,0.18930587753738767,2473.0839193705215
IHME GBD 2023,2023,nigeria_state,NGA,Cross River,25326,live births,,60368.146182160155,54504.00140524281,66884.10853789105,,,,,,,,
IHME GBD 2023,2023,nigeria_state,NGA,Cross River,25326,0-27 days,0.07665982203969883,,,,4355.203565090873,3622.231453776475,5189.954098473482,0.019552258274697,0.0008573375834343,1121.8073907630596,0.0438485197663228,49.189593547881024
IHME GBD 2023,2023,nigeria_state,NGA,Cross River,25326,1-5 months,0.42334017796030116,,,,24228.179225795953,20151.386443393098,28869.999640760485,0.0115273716322686,0.0028894300878106,663.5548499577168,0.2506581881790131,166.32545644779816
IHME GBD 2023,2023,nigeria_state,NGA,Cross River,25326,6-11 months,0.5,,,,28925.665223984935,24060.97610335063,34464.684561653805,0.0088843116517905,0.0033977945124494,516.2659941162871,0.3824488205301336,197.4453205295909
IHME GBD 2023,2023,nigeria_state,NGA,Cross River,25326,1-11 months,0.9233401779603012,,,,53153.84444978089,,,0.020309270521951972,0.006261899130467514,1179.8208440740038,0.30832713187305893,363.77077697738906
IHME GBD 2023,2023,nigeria_state,NGA,Cross River,25326,<1 year,1.0,,,,57509.04801487176,,,0.0394644366940331,0.007080747513028614,2301.6282348370632,0.17942097002233914,412.9603705252701
IHME GBD 2023,2023,nigeria_state,NGA,Cross River,25326,12-23 months,1.0,,,,57164.59827837752,47552.25199564203,68100.99307515383,0.008553569940327,0.0032268264839138,491.06457395119855,0.3772490908971792,185.25366409490027
IHME GBD 2023,2023,nigeria_state,NGA,Cross River,25326,2 years,,,,,57348.14516592158,47710.26270868551,68304.53872934579,,,,,
IHME GBD 2023,2023,nigeria_state,NGA,Cross River,25326,3 years,,,,,57597.213648642144,47923.56447362841,68584.15929598725,,,,,
IHME GBD 2023,2023,nigeria_state,NGA,Cross River,25326,4 years,,,,,57919.863012107104,48197.76610399081,68950.64398148163,,,,,
IHME GBD 2023,2023,nigeria_state,NGA,Cross River,25326,2-4 years,3.0,,,,172865.22182667084,143831.59328630476,205839.34200681464,0.0110459607087086,0.0045417127904289,640.0288936009342,0.4111650321957264,263.1575006436233
IHME GBD 2023,2023,nigeria_state,NGA,Cross River,25326,1-4 years,4.0,,,,230029.82010504836,,,0.019505048251555523,0.007732589441692619,1131.0934675521328,0.3964404159357025,448.41116473852355
IHME GBD 2023,2023,nigeria_state,NGA,Cross River,25326,<5 years,5.0,,,,287538.86811992014,,,0.05819972920365102,0.014604035643551885,3432.7217023891963,0.25092961502363376,861.3715352637937
IHME GBD 2023,2023,nigeria_state,NGA,Delta,25327,live births,,127050.9720351842,115385.07987865587,140283.58167663327,,,,,,,,
IHME GBD 2023,2023,nigeria_state,NGA,Delta,25327,0-27 days,0.07665982203969883,,,,9242.482303070596,7674.144121120259,10899.10309068477,0.0272753638570947,0.0010374447716675,3334.130370043456,0.03803596451006267,126.81686442689501
IHME GBD 2023,2023,nigeria_state,NGA,Delta,25327,1-5 months,0.42334017796030116,,,,50880.00544262539,42248.08954444457,60003.426280838095,0.0108703503397393,0.0019902680647736,1313.6281013151058,0.18309143703470848,240.51405679895836
IHME GBD 2023,2023,nigeria_state,NGA,Delta,25327,6-11 months,0.5,,,,60093.61273156896,49897.606978616896,70856.51088471014,0.0132049759052202,0.0040230550662693,1597.6411928999014,0.30466205278563996,486.74064544378257
IHME GBD 2023,2023,nigeria_state,NGA,Delta,25327,1-11 months,0.9233401779603012,,,,110973.61817419436,,,0.023931783530641848,0.005978320913252241,2911.269294215007,0.24980674363854666,727.2547022427409
IHME GBD 2023,2023,nigeria_state,NGA,Delta,25327,<1 year,1.0,,,,120216.10047726495,,,0.050554399284189144,0.006913420648767448,6245.399664258463,0.13675210756444722,854.071566669636
IHME GBD 2023,2023,nigeria_state,NGA,Delta,25327,12-23 months,1.0,,,,118701.31368936576,98572.97100193656,139941.66683194318,0.0097011120482415,0.0030522724305679,1157.1567173052827,0.31463119025835584,364.0775952812129
IHME GBD 2023,2023,nigeria_state,NGA,Delta,25327,2 years,,,,,118655.7904411224,98552.49311524068,139901.7068222745,,,,,
IHME GBD 2023,2023,nigeria_state,NGA,Delta,25327,3 years,,,,,118538.60725097374,98477.97035249864,139778.66579452666,,,,,
IHME GBD 2023,2023,nigeria_state,NGA,Delta,25327,4 years,,,,,118152.40661032952,98170.75840371686,139314.15038635358,,,,,
IHME GBD 2023,2023,nigeria_state,NGA,Delta,25327,2-4 years,3.0,,,,355346.80430242565,295211.8787800007,419018.2841751547,0.0138033696505903,0.0057392848284279,1646.3835747259952,0.41578867868560343,684.547651145002
IHME GBD 2023,2023,nigeria_state,NGA,Delta,25327,1-4 years,4.0,,,,474048.1179917914,,,0.02337057366320816,0.008741437972681095,2803.540292031278,0.37403608908593333,1048.6252464262147
IHME GBD 2023,2023,nigeria_state,NGA,Delta,25327,<5 years,5.0,,,,594264.2184690563,,,0.07274348763492688,0.01529558188749474,9048.939956289742,0.21026737079555086,1902.6968130958508
IHME GBD 2023,2023,nigeria_state,NGA,Ebonyi,25328,live births,,97631.37153656538,86507.03723768613,109700.585859416,,,,,,,,
IHME GBD 2023,2023,nigeria_state,NGA,Ebonyi,25328,0-27 days,0.07665982203969883,,,,7101.073032811157,5848.073133306283,8445.114490052389,0.0292123983624453,0.0007638319792328,2746.283520317958,0.02614752714774568,71.80852290292039
IHME GBD 2023,2023,nigeria_state,NGA,Ebonyi,25328,1-5 months,0.42334017796030116,,,,39251.33781684636,32329.878764793488,46672.289528857415,0.0129197848014671,0.0020456638627512,1205.7047499021003,0.15833575358924754,190.90617018188428
IHME GBD 2023,2023,nigeria_state,NGA,Ebonyi,25328,6-11 months,0.5,,,,46167.56527497405,38033.23043313776,54899.9268003936,0.0147956434720768,0.0039922572539526,1376.3650709725066,0.26982653789184774,371.3798219757788
IHME GBD 2023,2023,nigeria_state,NGA,Ebonyi,25328,1-11 months,0.9233401779603012,,,,85418.90309182041,,,0.027524271743885387,0.00599383964012463,2582.069820874607,0.21776560324275185,562.285992157663
IHME GBD 2023,2023,nigeria_state,NGA,Ebonyi,25328,<1 year,1.0,,,,92519.97612463156,,,0.055932620115512144,0.006656196644097849,5328.353341192565,0.11900384123524806,634.0945150605835
IHME GBD 2023,2023,nigeria_state,NGA,Ebonyi,25328,12-23 months,1.0,,,,90894.0234076902,74878.30611700057,108079.87454715456,0.0128494946621866,0.0039542604424276,1175.5109079403728,0.3077366500695291,361.74778892976093
IHME GBD 2023,2023,nigeria_state,NGA,Ebonyi,25328,2 years,,,,,90334.1146953188,74435.3570280532,107412.42957939542,,,,,
IHME GBD 2023,2023,nigeria_state,NGA,Ebonyi,25328,3 years,,,,,90040.35065483465,74183.08398415023,107061.12595238198,,,,,
IHME GBD 2023,2023,nigeria_state,NGA,Ebonyi,25328,4 years,,,,,89931.77427058967,74070.38248161304,106926.9124439241,,,,,
IHME GBD 2023,2023,nigeria_state,NGA,Ebonyi,25328,2-4 years,3.0,,,,270306.2396207431,222700.46000476857,321400.46797570144,0.0255208823730527,0.0057694799964214,2329.3360046514895,0.2260689858636451,526.5906283072371
IHME GBD 2023,2023,nigeria_state,NGA,Ebonyi,25328,1-4 years,4.0,,,,361200.2630284333,,,0.03804244659341249,0.009642237631892382,3504.8469125918623,0.253459976823942,888.3384172369981
IHME GBD 2023,2023,nigeria_state,NGA,Ebonyi,25328,<5 years,5.0,,,,453720.23915306485,,,0.09184725299535068,0.01583019502374367,8833.200253784427,0.1723534946063656,1522.4329322975814
IHME GBD 2023,2023,nigeria_state,NGA,Edo,25329,live births,,106454.15119762757,96599.78070313224,117387.28656701728,,,,,,,,
IHME GBD 2023,2023,nigeria_state,NGA,Edo,25329,0-27 days,0.07665982203969883,,,,7691.225379299915,6373.927706445105,8966.624271768389,0.0273739474507088,0.0005467723178581,2784.6990772458607,0.019974185997202326,55.62209731514651
IHME GBD 2023,2023,nigeria_state,NGA,Edo,25329,1-5 months,0.42334017796030116,,,,42487.62607122309,35210.564607762106,49536.66814019294,0.0080145050204621,0.0017667379223886,807.5991457257824,0.22044254983656286,178.02921492962136
IHME GBD 2023,2023,nigeria_state,NGA,Edo,25329,6-11 months,0.5,,,,50127.56055499985,41542.264717907165,58448.61537761268,0.008980896987974,0.0036681005486536,904.44840075683,0.4084336512895564,369.407162724112
IHME GBD 2023,2023,nigeria_state,NGA,Edo,25329,1-11 months,0.9233401779603012,,,,92615.18662622295,,,0.01692342456443774,0.005411355695165034,1712.0475464826122,0.3197553588850012,547.4363776537334
IHME GBD 2023,2023,nigeria_state,NGA,Edo,25329,<1 year,1.0,,,,100306.41200552286,,,0.04383411108043345,0.005878590543726145,4496.746623728473,0.1341099522456203,603.0584749688799
IHME GBD 2023,2023,nigeria_state,NGA,Edo,25329,12-23 months,1.0,,,,98005.28363677658,81215.69459939752,114279.40224138038,0.0090300634928059,0.0034897010444349,889.0139284139069,0.3864536553054235,343.56268225298845
IHME GBD 2023,2023,nigeria_state,NGA,Edo,25329,2 years,,,,,96227.37687120074,79740.8810002589,112219.45356416688,,,,,
IHME GBD 2023,2023,nigeria_state,NGA,Edo,25329,3 years,,,,,94324.56748735144,78162.02546696801,110011.52053114044,,,,,
IHME GBD 2023,2023,nigeria_state,NGA,Edo,25329,4 years,,,,,92241.59160560487,76434.22091544491,107560.78342782782,,,,,
IHME GBD 2023,2023,nigeria_state,NGA,Edo,25329,2-4 years,3.0,,,,282793.5359641571,234337.1273826718,329821.4721829368,0.0145944867483892,0.0064743673865525,1385.88005554971,0.4436173397647628,614.8004234760041
IHME GBD 2023,2023,nigeria_state,NGA,Edo,25329,1-4 years,4.0,,,,380798.8196009337,,,0.023492761099212167,0.009896986693842485,2274.893983963617,0.4212781397659716,958.3631057289925
IHME GBD 2023,2023,nigeria_state,NGA,Edo,25329,<5 years,5.0,,,,481105.2316064565,,,0.06629708788003663,0.01528694591909145,6771.64060769209,0.23058246459863968,1561.4215806978723
IHME GBD 2023,2023,nigeria_state,NGA,Ekiti,25330,live births,,46257.66992147264,41398.12658760588,51431.8358956357,,,,,,,,
IHME GBD 2023,2023,nigeria_state,NGA,Ekiti,25330,0-27 days,0.07665982203969883,,,,3300.281833327456,2745.0164234132953,3915.61874110863,0.0273709352086489,0.0011326219251452,1194.7727253943976,0.04138046129995969,49.44024652543024
IHME GBD 2023,2023,nigeria_state,NGA,Ekiti,25330,1-5 months,0.42334017796030116,,,,18330.912253106264,15247.865930914137,21750.099801955257,0.0106611478378436,0.0028695355305764,464.11322626554005,0.26915821581523186,124.91988791788377
IHME GBD 2023,2023,nigeria_state,NGA,Ekiti,25330,6-11 months,0.5,,,,21903.551333100604,18221.850573162457,25989.844510321866,0.0108446433617865,0.0047721827873544,477.6671771675187,0.4400497672583907,210.19733013953905
IHME GBD 2023,2023,nigeria_state,NGA,Ekiti,25330,1-11 months,0.9233401779603012,,,,40234.46358620687,,,0.021390174853501365,0.007611345346045663,941.7804034330587,0.3558337132900884,335.1172180574228
IHME GBD 2023,2023,nigeria_state,NGA,Ekiti,25330,<1 year,1.0,,,,43534.74541953432,,,0.04817564097213334,0.008671117088983729,2136.5531288274565,0.17998965688903734,384.5574645828531
IHME GBD 2023,2023,nigeria_state,NGA,Ekiti,25330,12-23 months,1.0,,,,43182.44186050728,35919.31030430756,51241.799618033474,0.0113089938844755,0.0043496121767895,491.1323414312824,0.38461530894984924,188.89701723485553
IHME GBD 2023,2023,nigeria_state,NGA,Ekiti,25330,2 years,,,,,43088.42899191951,35837.980933976294,51136.02308362148,,,,,
IHME GBD 2023,2023,nigeria_state,NGA,Ekiti,25330,3 years,,,,,42859.26678924187,35644.98825791462,50871.613586511405,,,,,
IHME GBD 2023,2023,nigeria_state,NGA,Ekiti,25330,4 years,,,,,42447.068306920606,35300.37319101916,50390.753764002526,,,,,
IHME GBD 2023,2023,nigeria_state,NGA,Ekiti,25330,2-4 years,3.0,,,,128394.76408808198,106783.34238291008,152398.39043413542,0.018337162025072,0.0083639083775122,792.0832106588872,0.45611792959436204,361.28335411218654
IHME GBD 2023,2023,nigeria_state,NGA,Ekiti,25330,1-4 years,4.0,,,,171577.20594858925,,,0.02943878105634723,0.012621916456049367,1283.2155520901697,0.4287513274374512,550.1803713470421
IHME GBD 2023,2023,nigeria_state,NGA,Ekiti,25330,<5 years,5.0,,,,215111.95136812358,,,0.07619618988165278,0.02082698225570278,3419.7686809176257,0.27333364421568923,934.7378359298951
IHME GBD 2023,2023,nigeria_state,NGA,Enugu,25331,live births,,119350.61698125214,103499.2237772254,136440.8517007136,,,,,,,,
IHME GBD 2023,2023,nigeria_state,NGA,Enugu,25331,0-27 days,0.07665982203969883,,,,9027.358827119397,7465.928664358114,10764.148534068896,0.0153911944339146,0.0006430463102557,1826.5392625325912,0.041780143381123375,76.31307227986301
IHME GBD 2023,2023,nigeria_state,NGA,Enugu,25331,1-5 months,0.42334017796030116,,,,49653.836846668586,41064.29796765855,59203.331509021664,0.0085243058053057,0.0020229394896949,1004.1069753957564,0.23731427941449282,238.2889233211098
IHME GBD 2023,2023,nigeria_state,NGA,Enugu,25331,6-11 months,0.5,,,,58203.59235323539,48133.998106538354,69392.41971475392,0.0090728322962184,0.0037610475249717,1060.9631463516214,0.4145395177798362,439.8111510707789
IHME GBD 2023,2023,nigeria_state,NGA,Enugu,25331,1-11 months,0.9233401779603012,,,,107857.42919990397,,,0.01751979850451091,0.005752916835185833,2065.070121747378,0.32836660956486463,678.1000743918887
IHME GBD 2023,2023,nigeria_state,NGA,Enugu,25331,<1 year,1.0,,,,116884.78802702337,,,0.032641342313199484,0.006327731109284182,3891.609384279969,0.19385633864466958,754.4131466717517
IHME GBD 2023,2023,nigeria_state,NGA,Enugu,25331,12-23 months,1.0,,,,116725.52130545824,96510.5364059913,139141.8054339135,0.0114890698358645,0.0043817584031009,1348.830995512867,0.38138495680674855,514.4238509632785
IHME GBD 2023,2023,nigeria_state,NGA,Enugu,25331,2 years,,,,,117679.32021040207,97276.86252427944,140248.38604363572,,,,,
IHME GBD 2023,2023,nigeria_state,NGA,Enugu,25331,3 years,,,,,119107.55162675962,98439.23737212596,141915.90136363043,,,,,
IHME GBD 2023,2023,nigeria_state,NGA,Enugu,25331,4 years,,,,,120806.62493275212,99829.0912438886,143904.5461203525,,,,,
IHME GBD 2023,2023,nigeria_state,NGA,Enugu,25331,2-4 years,3.0,,,,357593.4967699138,295545.191140294,426068.8335276186,0.0106540359057192,0.0040566939134764,1276.7514040102972,0.3807659322134181,486.14343855277116
IHME GBD 2023,2023,nigeria_state,NGA,Enugu,25331,1-4 years,4.0,,,,474319.0180753721,,,0.022020700779029068,0.008391735447235843,2625.582399523164,0.3810839414896155,1000.5672895160496
IHME GBD 2023,2023,nigeria_state,NGA,Enugu,25331,<5 years,5.0,,,,591203.8061023954,,,0.05394325786012377,0.014526097335976568,6517.191783803133,0.26928476165905857,1754.9804361878014
IHME GBD 2023,2023,nigeria_state,NGA,Federal Capital Territory,25332,live births,,221333.46918730187,200889.32302873663,245221.16305833097,,,,,,,,
IHME GBD 2023,2023,nigeria_state,NGA,Federal Capital Territory,25332,0-27 days,0.07665982203969883,,,,16834.89592266279,13945.050471034732,20010.12085477216,0.027133476555947,0.0008083682345167,6040.9848817437605,0.029792283817737512,179.9747361355716
IHME GBD 2023,2023,nigeria_state,NGA,Federal Capital Territory,25332,1-5 months,0.42334017796030116,,,,91694.9016478125,75949.7312896365,108992.77448082404,0.0111423366312815,0.0019868510879911,2426.9610839069433,0.17831547849785157,432.7647269725311
IHME GBD 2023,2023,nigeria_state,NGA,Federal Capital Territory,25332,6-11 months,0.5,,,,104949.97625768288,86917.8030972922,124755.49515782112,0.0110915161716918,0.0035226629254029,2341.1161161165182,0.3175997646195186,743.5379274255678
IHME GBD 2023,2023,nigeria_state,NGA,Federal Capital Territory,25332,1-11 months,0.9233401779603012,,,,196644.87790549538,,,0.022110267396037053,0.005454686477660671,4768.077200023461,0.24670377702615867,1176.3026543980989
IHME GBD 2023,2023,nigeria_state,NGA,Federal Capital Territory,25332,<1 year,1.0,,,,213479.77382815816,,,0.0486438155299479,0.006103629222728313,10809.062081767222,0.12547595529323913,1356.2773905336703
IHME GBD 2023,2023,nigeria_state,NGA,Federal Capital Territory,25332,12-23 months,1.0,,,,206064.18488304343,170645.24839739143,244977.5798369661,0.0093521426793275,0.0029872647200471,1936.209691310323,0.3194203534394655,618.4647839312618
IHME GBD 2023,2023,nigeria_state,NGA,Federal Capital Territory,25332,2 years,,,,,201202.66118389793,166602.86663656568,239187.68571286343,,,,,
IHME GBD 2023,2023,nigeria_state,NGA,Federal Capital Territory,25332,3 years,,,,,197362.7289474861,163413.1499926185,234593.2064520216,,,,,
IHME GBD 2023,2023,nigeria_state,NGA,Federal Capital Territory,25332,4 years,,,,,194814.41434582573,161300.2839985861,231534.8462980196,,,,,
IHME GBD 2023,2023,nigeria_state,NGA,Federal Capital Territory,25332,2-4 years,3.0,,,,593379.8044772097,491316.3006277703,705315.7384629047,0.0179586585578408,0.006974530304263,3584.384344520362,0.3883658838882429,1392.0525941548306
IHME GBD 2023,2023,nigeria_state,NGA,Federal Capital Territory,25332,1-4 years,4.0,,,,799443.9893602531,,,0.0271428493000061,0.00988501778146468,5520.594035830685,0.3641849708631164,2010.5173780860923
IHME GBD 2023,2023,nigeria_state,NGA,Federal Capital Territory,25332,<5 years,5.0,,,,1012923.7631884112,,,0.07446633307564732,0.015353223535871131,16329.656117597908,0.20617670968536098,3366.7947686197626
IHME GBD 2023,2023,nigeria_state,NGA,Gombe,25333,live births,,149947.64475223512,140006.459846514,160993.62857367168,,,,,,,,
IHME GBD 2023,2023,nigeria_state,NGA,Gombe,25333,0-27 days,0.07665982203969883,,,,11159.157699835225,9215.101691970229,13353.308806474048,0.0300575818779732,0.0005243776939874,4442.503892450976,0.017445771124112764,77.5029061256798
IHME GBD 2023,2023,nigeria_state,NGA,Gombe,25333,1-5 months,0.42334017796030116,,,,60875.93425914441,50276.54589957939,72841.29453385549,0.0150684468947492,0.0014587946804694,2183.3202678127477,0.09681121688644212,211.36989197978482
IHME GBD 2023,2023,nigeria_state,NGA,Gombe,25333,6-11 months,0.5,,,,70335.15980192441,58096.42227824071,84162.58304679063,0.011352468566033,0.0021774142547064,1606.0892682665185,0.19180094990276414,308.0494472821536
IHME GBD 2023,2023,nigeria_state,NGA,Gombe,25333,1-11 months,0.9233401779603012,,,,131211.0940610688,,,0.02624985139107061,0.003598101586924587,3789.409536079266,0.137071312645547,519.4193392619384
IHME GBD 2023,2023,nigeria_state,NGA,Gombe,25333,<1 year,1.0,,,,142370.25176090404,,,0.0555184262115721,0.004025817803153865,8231.913428530243,0.07251318306127948,596.9222453876182
IHME GBD 2023,2023,nigeria_state,NGA,Gombe,25333,12-23 months,1.0,,,,137956.16446901142,113965.20714623286,165071.54855556932,0.0139829092321579,0.0031235456463865,1942.6422969186822,0.22338310250938112,433.95346335164555
IHME GBD 2023,2023,nigeria_state,NGA,Gombe,25333,2 years,,,,,134613.655051595,111228.3475367579,161061.85663646262,,,,,
IHME GBD 2023,2023,nigeria_state,NGA,Gombe,25333,3 years,,,,,131152.9271614272,108394.51016861334,156906.95170714348,,,,,
IHME GBD 2023,2023,nigeria_state,NGA,Gombe,25333,4 years,,,,,127758.3424108161,105612.65602811985,152851.37506939558,,,,,
IHME GBD 2023,2023,nigeria_state,NGA,Gombe,25333,2-4 years,3.0,,,,393524.9246238383,325235.51373349107,470796.9467547519,0.0351060406707456,0.0105058169122953,4687.809310051024,0.29925952091344654,1402.8715682594639
IHME GBD 2023,2023,nigeria_state,NGA,Gombe,25333,1-4 years,4.0,,,,531481.0890928498,,,0.048598065322704054,0.013463056238700404,6630.4516069697065,0.277028646085027,1836.8250316111094
IHME GBD 2023,2023,nigeria_state,NGA,Gombe,25333,<5 years,5.0,,,,673851.3408537537,,,0.10141840343063246,0.016607502412791957,14862.365035499948,0.16375235510536362,2433.7472769987276
IHME GBD 2023,2023,nigeria_state,NGA,Imo,25334,live births,,334966.0985238922,305417.56804896874,368153.4245221753,,,,,,,,
IHME GBD 2023,2023,nigeria_state,NGA,Imo,25334,0-27 days,0.07665982203969883,,,,25644.33174096565,21193.9782199528,30359.553076440523,0.0173553354548395,0.0007149465966989,5856.697527240146,0.04119462850829188,241.26447892008946
IHME GBD 2023,2023,nigeria_state,NGA,Imo,25334,1-5 months,0.42334017796030116,,,,140255.43930691978,115933.7546868108,166041.1580792078,0.0089845751623466,0.0027436833195069,2990.102595438007,0.3053770790415762,913.1087966294943
IHME GBD 2023,2023,nigeria_state,NGA,Imo,25334,6-11 months,0.5,,,,161896.89496341624,133854.52736822618,191667.929692696,0.010702439318427,0.0053249056074416,3484.060798189459,0.4975413033431927,1733.4641504581077
IHME GBD 2023,2023,nigeria_state,NGA,Imo,25334,1-11 months,0.9233401779603012,,,,302152.334270336,,,0.019590857610296775,0.008008545754759826,6474.163393627467,0.4087899526435539,2646.572947087602
IHME GBD 2023,2023,nigeria_state,NGA,Imo,25334,<1 year,1.0,,,,327796.6660113017,,,0.03660618715946151,0.008573020000869257,12330.860920867612,0.23419592877903456,2887.8374260076916
IHME GBD 2023,2023,nigeria_state,NGA,Imo,25334,12-23 months,1.0,,,,323037.3230822904,267134.2743643342,382411.3514872048,0.0091478138813042,0.0040192277870873,2968.684592822987,0.43936484052234354,1304.33563268681
IHME GBD 2023,2023,nigeria_state,NGA,Imo,25334,2 years,,,,,320822.4567960503,265356.2564964391,379751.4131499521,,,,,
IHME GBD 2023,2023,nigeria_state,NGA,Imo,25334,3 years,,,,,318567.9900328792,263469.3726640332,377032.025437233,,,,,
IHME GBD 2023,2023,nigeria_state,NGA,Imo,25334,4 years,,,,,316194.7822173075,261473.4344776154,374162.1719502244,,,,,
IHME GBD 2023,2023,nigeria_state,NGA,Imo,25334,2-4 years,3.0,,,,955585.229046237,790299.0636380876,1130947.4369398518,0.017464009271793,0.0078871394512582,5611.930394299492,0.45162249564291723,2534.474010047877
IHME GBD 2023,2023,nigeria_state,NGA,Imo,25334,1-4 years,4.0,,,,1278622.5521285273,,,0.026452065646657474,0.011834168626262154,8580.614987122479,0.44738164438048483,3838.8096427346873
IHME GBD 2023,2023,nigeria_state,NGA,Imo,25334,<5 years,5.0,,,,1606419.218139829,,,0.06208994354030306,0.019972628357340202,20911.47590799009,0.3216725160069733,6726.647068742379
IHME GBD 2023,2023,nigeria_state,NGA,Jigawa,25335,live births,,298219.91780886584,285354.0495351339,311742.60252263385,,,,,,,,
IHME GBD 2023,2023,nigeria_state,NGA,Jigawa,25335,0-27 days,0.07665982203969883,,,,22204.83395633769,18603.84606936776,26284.09380575092,0.0383638610852385,0.0004233172801982,11331.018626831627,0.01103427205248333,125.02954216021625
IHME GBD 2023,2023,nigeria_state,NGA,Jigawa,25335,1-5 months,0.42334017796030116,,,,119699.36550673311,100285.48056727026,141707.7461347557,0.0142647958392607,0.0011726408509865,4062.4127980625144,0.08220523197107842,333.95158642700676
IHME GBD 2023,2023,nigeria_state,NGA,Jigawa,25335,6-11 months,0.5,,,,136251.7997117274,114161.99886752851,161322.74100816445,0.0109496866265107,0.0016864537093827,3000.2852519570265,0.1540184451762814,462.09926959174896
IHME GBD 2023,2023,nigeria_state,NGA,Jigawa,25335,1-11 months,0.9233401779603012,,,,255951.1652184605,,,0.02505828742154037,0.0028243698103766505,7062.6980500195405,0.11271200472977225,796.0508560187557
IHME GBD 2023,2023,nigeria_state,NGA,Jigawa,25335,<1 year,1.0,,,,278155.9991747982,,,0.0624608158491049,0.0031277764110219965,18393.716676851167,0.05007581743053424,921.080398178972
IHME GBD 2023,2023,nigeria_state,NGA,Jigawa,25335,12-23 months,1.0,,,,264629.88459611166,221716.5729980204,313398.18513513874,0.0168954883523248,0.0034099539479708,4509.252325586626,0.20182630278938304,910.085725217576
IHME GBD 2023,2023,nigeria_state,NGA,Jigawa,25335,2 years,,,,,253247.54499548752,212114.91156698568,300009.64975145354,,,,,
IHME GBD 2023,2023,nigeria_state,NGA,Jigawa,25335,3 years,,,,,242162.3346067083,202738.3035389298,286966.5280923577,,,,,
IHME GBD 2023,2023,nigeria_state,NGA,Jigawa,25335,4 years,,,,,232241.02389841425,194354.9411534504,275291.57358293474,,,,,
IHME GBD 2023,2023,nigeria_state,NGA,Jigawa,25335,2-4 years,3.0,,,,727650.90350061,609191.5734414798,862267.751426746,0.0568065453017512,0.0150687182033172,14185.280099098449,0.26526376711122884,3762.8408366148
IHME GBD 2023,2023,nigeria_state,NGA,Jigawa,25335,1-4 years,4.0,,,,992280.7880967217,,,0.07274225932959444,0.018182815599074125,18694.532424685076,0.24996220582987355,4672.926561832376
IHME GBD 2023,2023,nigeria_state,NGA,Jigawa,25335,<5 years,5.0,,,,1270436.78727152,,,0.1306595343142657,0.019707329465589913,37088.24910153625,0.15082963190569265,5594.006960011348
IHME GBD 2023,2023,nigeria_state,NGA,Kaduna,25336,live births,,467227.6493881443,434773.4704430059,501515.5616673883,,,,,,,,
IHME GBD 2023,2023,nigeria_state,NGA,Kaduna,25336,0-27 days,0.07665982203969883,,,,35153.56990247257,29408.7996667441,41371.737846838834,0.0292132164716645,0.0006074948008142,13595.750028068176,0.02079520416395923,282.72639759583217
IHME GBD 2023,2023,nigeria_state,NGA,Kaduna,25336,1-5 months,0.42334017796030116,,,,190481.6343976822,159359.10348155076,224189.30259116815,0.0099244100408768,0.0011995822150171,4487.788108478281,0.12087189163650473,542.4474379355813
IHME GBD 2023,2023,nigeria_state,NGA,Kaduna,25336,6-11 months,0.5,,,,219073.15011857892,183297.266638995,257833.6109168832,0.0096755321974427,0.0020567163849825,4259.940626436156,0.21256881203145622,905.5305182860711
IHME GBD 2023,2023,nigeria_state,NGA,Kaduna,25336,1-11 months,0.9233401779603012,,,,409554.78451626113,,,0.019503918289428435,0.003228408721720259,8747.728734914437,0.1655261611442522,1447.9779562216524
IHME GBD 2023,2023,nigeria_state,NGA,Kaduna,25336,<1 year,1.0,,,,444708.35441873374,,,0.04814736257405816,0.0037294483511585447,22343.478762982613,0.07745903725094123,1730.7043538174846
IHME GBD 2023,2023,nigeria_state,NGA,Kaduna,25336,12-23 months,1.0,,,,430160.2524350842,359862.03505461937,506315.6246207091,0.0116058317134633,0.002721041061357,5021.563907010701,0.23445463699085584,1177.3289429445776
IHME GBD 2023,2023,nigeria_state,NGA,Kaduna,25336,2 years,,,,,417610.69622062275,349308.9850706178,491569.2009755551,,,,,
IHME GBD 2023,2023,nigeria_state,NGA,Kaduna,25336,3 years,,,,,404150.2293953233,337988.4802350351,475734.4117312421,,,,,
IHME GBD 2023,2023,nigeria_state,NGA,Kaduna,25336,4 years,,,,,390184.1293080274,326243.9618923043,459333.754559547,,,,,
IHME GBD 2023,2023,nigeria_state,NGA,Kaduna,25336,2-4 years,3.0,,,,1211945.0549239735,1013541.4271979572,1426637.3672663444,0.028564456564834,0.0089859151108409,11707.534596666905,0.31458379368937667,3683.000648169101
IHME GBD 2023,2023,nigeria_state,NGA,Kaduna,25336,1-4 years,4.0,,,,1642105.3073590577,,,0.03983877400241931,0.011574417600271933,16729.098503677604,0.29053147066144774,4860.329591113679
IHME GBD 2023,2023,nigeria_state,NGA,Kaduna,25336,<5 years,5.0,,,,2086813.6617777916,,,0.08606800468007703,0.014518549328020068,39072.57726666022,0.16868695146340268,6591.033944931163
IHME GBD 2023,2023,nigeria_state,NGA,Kano,25337,live births,,796843.6403075962,744314.0905973559,854277.9740797713,,,,,,,,
IHME GBD 2023,2023,nigeria_state,NGA,Kano,25337,0-27 days,0.07665982203969883,,,,59867.461926194,49968.45940303001,70385.59762029198,0.0341409568845635,0.000577282209764,27128.140022916366,0.01690878822511892,458.7039745888656
IHME GBD 2023,2023,nigeria_state,NGA,Kano,25337,1-5 months,0.42334017796030116,,,,324157.1758753283,270581.053328472,381106.42996910046,0.0112127186941956,0.0014992905759022,8634.22460831017,0.13371338537890243,1154.5114024989807
IHME GBD 2023,2023,nigeria_state,NGA,Kano,25337,6-11 months,0.5,,,,372531.6125057436,311015.29717326985,437956.9325015014,0.0107135652025737,0.0026135972312276,8025.350676888546,0.24395214681661156,1957.8015265831077
IHME GBD 2023,2023,nigeria_state,NGA,Kano,25337,1-11 months,0.9233401779603012,,,,696688.7883810719,,,0.021806155703940955,0.004073788147003355,16659.575285198716,0.18681826371931815,3112.3129290820884
IHME GBD 2023,2023,nigeria_state,NGA,Kano,25337,<1 year,1.0,,,,756556.2503072659,,,0.05520262956679811,0.004501936717250659,43787.71530811508,0.08155293964399063,3571.016903670954
IHME GBD 2023,2023,nigeria_state,NGA,Kano,25337,12-23 months,1.0,,,,732093.0593198529,611244.7764352042,860789.2892614026,0.0138720486402302,0.0039287273069843,10226.728510602745,0.28321175976781354,2896.3297781554743
IHME GBD 2023,2023,nigeria_state,NGA,Kano,25337,2 years,,,,,711739.6002156159,594129.8879426656,836818.8511700565,,,,,
IHME GBD 2023,2023,nigeria_state,NGA,Kano,25337,3 years,,,,,689112.7347378054,575108.9808708429,810022.7301636203,,,,,
IHME GBD 2023,2023,nigeria_state,NGA,Kano,25337,4 years,,,,,666068.6458165471,555782.7257785915,782825.7298817133,,,,,
IHME GBD 2023,2023,nigeria_state,NGA,Kano,25337,2-4 years,3.0,,,,2066920.9807699688,1725021.5945921,2429597.7269030856,0.045502755488433,0.0162127844633063,32085.863457220923,0.35630335546223485,11432.300812710919
IHME GBD 2023,2023,nigeria_state,NGA,Kano,25337,1-4 years,4.0,,,,2799014.0400898214,,,0.05874358769126309,0.019892781993841254,42312.59196782367,0.3386375053970342,14328.630590866393
IHME GBD 2023,2023,nigeria_state,NGA,Kano,25337,<5 years,5.0,,,,3555570.2903970876,,,0.11070341674731565,0.023014460678603983,86100.30727593874,0.20789295718970696,17899.64749453735
IHME GBD 2023,2023,nigeria_state,NGA,Katsina,25338,live births,,514640.140444188,490090.52612175833,540936.9443486097,,,,,,,,
IHME GBD 2023,2023,nigeria_state,NGA,Katsina,25338,0-27 days,0.07665982203969883,,,,38730.21619681603,32285.09456862999,45752.745375768616,0.0258944099740914,0.0004783141504928,13254.784193819994,0.018471714589032004,244.8385905674556
IHME GBD 2023,2023,nigeria_state,NGA,Katsina,25338,1-5 months,0.42334017796030116,,,,209744.4416783059,174828.7085277373,247791.17644783153,0.0093337714016536,0.000923182246397,4646.146100403662,0.09890774121952955,459.5398161668518
IHME GBD 2023,2023,nigeria_state,NGA,Katsina,25338,6-11 months,0.5,,,,239641.20487850107,199723.15568277013,283157.5565406749,0.0096561640026498,0.0018685041251553,4650.518949689056,0.19350376864379618,899.8929429142211
IHME GBD 2023,2023,nigeria_state,NGA,Katsina,25338,1-11 months,0.9233401779603012,,,,449385.646556807,,,0.018899806976885758,0.0027636810196180273,9296.665050092717,0.14622800238108127,1359.4327590810728
IHME GBD 2023,2023,nigeria_state,NGA,Katsina,25338,<1 year,1.0,,,,488115.86275362305,,,0.0443048176006865,0.003151768596307438,22551.449243912713,0.07113828172624283,1604.2713496485285
IHME GBD 2023,2023,nigeria_state,NGA,Katsina,25338,12-23 months,1.0,,,,465865.44407925906,388267.33806322847,550485.8376760676,0.0142708473769885,0.0033330279328042,6696.189260305381,0.23355501216968036,1563.9285641811061
IHME GBD 2023,2023,nigeria_state,NGA,Katsina,25338,2 years,,,,,446890.2166886385,372427.4836404197,528160.3114344137,,,,,
IHME GBD 2023,2023,nigeria_state,NGA,Katsina,25338,3 years,,,,,428857.0871058473,357371.090171394,506948.94640562544,,,,,
IHME GBD 2023,2023,nigeria_state,NGA,Katsina,25338,4 years,,,,,411882.9934945085,343199.36621850607,486996.4687438481,,,,,
IHME GBD 2023,2023,nigeria_state,NGA,Katsina,25338,2-4 years,3.0,,,,1287630.2972889943,1072997.9400303198,1522107.9218301866,0.0331416880544268,0.0103660295705358,14465.804282059476,0.31277916663485067,4524.602208045418
IHME GBD 2023,2023,nigeria_state,NGA,Katsina,25338,1-4 years,4.0,,,,1753495.7413682532,,,0.04693957545937488,0.013505015444197868,21161.993542364857,0.28771064314133277,6088.530772226524
IHME GBD 2023,2023,nigeria_state,NGA,Katsina,25338,<5 years,5.0,,,,2241611.6041218764,,,0.08916474373108008,0.01569143691391479,43713.44278627757,0.17598252691938418,7692.802121875053
IHME GBD 2023,2023,nigeria_state,NGA,Kebbi,25339,live births,,240028.05582865377,228344.46378296491,252334.36561354625,,,,,,,,
IHME GBD 2023,2023,nigeria_state,NGA,Kebbi,25339,0-27 days,0.07665982203969883,,,,17964.86217270496,14817.078915626293,21318.690634488692,0.0326935809019545,0.0005143128880056,7789.624905554907,0.015731310973490002,122.54101175612693
IHME GBD 2023,2023,nigeria_state,NGA,Kebbi,25339,1-5 months,0.42334017796030116,,,,96758.47623657994,79808.83786070382,114826.776472431,0.0169528920149796,0.0013657542971378,3907.9668664801993,0.08056172928672097,314.83256875885303
IHME GBD 2023,2023,nigeria_state,NGA,Kebbi,25339,6-11 months,0.5,,,,110379.58721126278,91049.44921445427,130996.76030112169,0.0173729963574829,0.0026020898170859,3868.9541620832256,0.14977783702608832,579.4835859499075
IHME GBD 2023,2023,nigeria_state,NGA,Kebbi,25339,1-11 months,0.9233401779603012,,,,207138.06344784272,,,0.03403136584123745,0.003913476828019756,7776.921028563425,0.11499617283293424,894.3161547087605
IHME GBD 2023,2023,nigeria_state,NGA,Kebbi,25339,<1 year,1.0,,,,225102.92562054767,,,0.06561233953085743,0.00428601039324005,15566.545934118332,0.06532323681621416,1016.8571664648874
IHME GBD 2023,2023,nigeria_state,NGA,Kebbi,25339,12-23 months,1.0,,,,213860.6062549675,176414.25893280024,253794.4487991376,0.0184717267823583,0.0034094246706744,3987.3154225402036,0.18457530856999368,735.9599744812529
IHME GBD 2023,2023,nigeria_state,NGA,Kebbi,25339,2 years,,,,,205168.5976263571,169264.947893365,243458.7862562509,,,,,
IHME GBD 2023,2023,nigeria_state,NGA,Kebbi,25339,3 years,,,,,196867.14484952003,162441.40115194488,233581.37339910143,,,,,
IHME GBD 2023,2023,nigeria_state,NGA,Kebbi,25339,4 years,,,,,189080.6416966415,156043.64729692056,224328.83674021304,,,,,
IHME GBD 2023,2023,nigeria_state,NGA,Kebbi,25339,2-4 years,3.0,,,,591116.3841725186,487749.9963422304,701351.8841515284,0.0433674526461579,0.011380081518231,8735.897090898043,0.2624106518564264,2292.3924501732145
IHME GBD 2023,2023,nigeria_state,NGA,Kebbi,25339,1-4 years,4.0,,,,804976.9904274861,,,0.061038107691989585,0.014528162697127329,12723.212513438246,0.2380179079344878,3028.3524246544675
IHME GBD 2023,2023,nigeria_state,NGA,Kebbi,25339,<5 years,5.0,,,,1030079.9160480339,,,0.12264559417663912,0.01753734075855016,28289.758447556578,0.1429920159487521,4045.2095911193546
IHME GBD 2023,2023,nigeria_state,NGA,Kogi,25340,live births,,77827.12883968247,70563.43521429008,86282.32458769048,,,,,,,,
IHME GBD 2023,2023,nigeria_state,NGA,Kogi,25340,0-27 days,0.07665982203969883,,,,5702.337230515406,4698.365231707393,6712.016609451576,0.0239332543436084,0.000707204164313,1801.92400025099,0.029549018038237056,53.24508478694878
IHME GBD 2023,2023,nigeria_state,NGA,Kogi,25340,1-5 months,0.42334017796030116,,,,31591.4215504908,26028.70402218675,37185.23115638607,0.0113116661216713,0.0020674774987502,848.9345558229797,0.18277391469230617,155.16309208534014
IHME GBD 2023,2023,nigeria_state,NGA,Kogi,25340,6-11 months,0.5,,,,37491.76313505638,30886.65337964777,44130.220774099995,0.0096330340420732,0.0031115087029218,725.8204275277059,0.3230040181869998,234.4429145736551
IHME GBD 2023,2023,nigeria_state,NGA,Kogi,25340,1-11 months,0.9233401779603012,,,,69083.18468554718,,,0.020835734498921843,0.005154914510357353,1574.7549833506855,0.24740738132481466,389.6060066589952
IHME GBD 2023,2023,nigeria_state,NGA,Kogi,25340,<1 year,1.0,,,,74785.52191606259,,,0.04427032190933167,0.005806048034598573,3376.6789836016756,0.13114989419976922,442.851091445944
IHME GBD 2023,2023,nigeria_state,NGA,Kogi,25340,12-23 months,1.0,,,,75058.16625598371,61845.970046741306,88355.61969848108,0.0085104546711027,0.0024066971613492,641.5127929042372,0.2827930180418156,181.41533881782348
IHME GBD 2023,2023,nigeria_state,NGA,Kogi,25340,2 years,,,,,76080.30626938332,62697.90239698745,89568.33119495258,,,,,
IHME GBD 2023,2023,nigeria_state,NGA,Kogi,25340,3 years,,,,,77144.33769949074,63581.18152902553,90830.01184273705,,,,,
IHME GBD 2023,2023,nigeria_state,NGA,Kogi,25340,4 years,,,,,78153.80447915396,64403.87181393922,92026.7969057717,,,,,
IHME GBD 2023,2023,nigeria_state,NGA,Kogi,25340,2-4 years,3.0,,,,231378.44844802804,190700.7993283795,272425.1399434613,0.0144880369296264,0.0056373896972055,1125.5800571820828,0.38910652454768907,437.97054415030937
IHME GBD 2023,2023,nigeria_state,NGA,Kogi,25340,1-4 years,4.0,,,,306436.61470401176,,,0.022875191819166196,0.008018011550602758,1767.0928500863201,0.3505112269215942,619.3858829681328
IHME GBD 2023,2023,nigeria_state,NGA,Kogi,25340,<5 years,5.0,,,,381222.13662007434,,,0.06613282162292566,0.01365704596189977,5143.771833687995,0.20650934931778875,1062.236974414077
IHME GBD 2023,2023,nigeria_state,NGA,Kwara,25341,live births,,98129.13390937248,89674.92549900326,106916.95759184456,,,,,,,,
IHME GBD 2023,2023,nigeria_state,NGA,Kwara,25341,0-27 days,0.07665982203969883,,,,7206.164464821228,6007.002241298644,8559.01834045967,0.0174741916277687,0.000716051361899,1657.1272156323087,0.04097765305269423,67.90518410635795
IHME GBD 2023,2023,nigeria_state,NGA,Kwara,25341,1-5 months,0.42334017796030116,,,,39920.89821080766,33275.98969874222,47414.314789256634,0.0076057745675273,0.0014307426360075,719.9645220590781,0.18811267982041258,135.43445562015575
IHME GBD 2023,2023,nigeria_state,NGA,Kwara,25341,6-11 months,0.5,,,,47270.2948604706,39402.692444280896,56140.07382258167,0.0074440062069474,0.0025416259225987,706.3932085649614,0.34143253672016444,241.18562512223093
IHME GBD 2023,2023,nigeria_state,NGA,Kwara,25341,1-11 months,0.9233401779603012,,,,87191.19307127826,,,0.014993163341385451,0.003958843049664621,1426.3577306240395,0.26404321486560967,376.6200807423867
IHME GBD 2023,2023,nigeria_state,NGA,Kwara,25341,<1 year,1.0,,,,94397.35753609949,,,0.032205361559820345,0.004642830150447097,3083.484946256348,0.1441632674057455,444.52526484874465
IHME GBD 2023,2023,nigeria_state,NGA,Kwara,25341,12-23 months,1.0,,,,93398.65801541696,77845.86930646644,110932.89888571596,0.0056638215536041,0.0018479723922946,530.4970749051909,0.3262765916625086,173.0887774869962
IHME GBD 2023,2023,nigeria_state,NGA,Kwara,25341,2 years,,,,,92687.8982493456,77243.51566980382,110093.65572562272,,,,,
IHME GBD 2023,2023,nigeria_state,NGA,Kwara,25341,3 years,,,,,91514.93605879066,76254.07309591438,108706.5267221566,,,,,
IHME GBD 2023,2023,nigeria_state,NGA,Kwara,25341,4 years,,,,,89865.21098584014,74871.09661567485,106752.97352700902,,,,,
IHME GBD 2023,2023,nigeria_state,NGA,Kwara,25341,2-4 years,3.0,,,,274068.0452939764,228365.3983590809,325553.1559747883,0.0098442150682651,0.0039440202116313,903.7841178729036,0.40064344229390914,362.09518007516425
IHME GBD 2023,2023,nigeria_state,NGA,Kwara,25341,1-4 years,4.0,,,,367466.7033093934,,,0.015452280744387203,0.005765823887103133,1434.2811927780945,0.37313740168728665,535.1839575621605
IHME GBD 2023,2023,nigeria_state,NGA,Kwara,25341,<5 years,5.0,,,,461864.0608454928,,,0.0471599960159107,0.01022697536874363,4517.766139034443,0.21685700239018857,979.7092224109051
IHME GBD 2023,2023,nigeria_state,NGA,Lagos,25342,live births,,128337.36798767145,116351.27890496326,142658.9330286955,,,,,,,,
IHME GBD 2023,2023,nigeria_state,NGA,Lagos,25342,0-27 days,0.07665982203969883,,,,9146.89800482764,7605.972854387702,10889.475155979597,0.0298357213337433,0.000934437463376,3614.1263356668273,0.03131941919296516,113.19233772308448
IHME GBD 2023,2023,nigeria_state,NGA,Lagos,25342,1-5 months,0.42334017796030116,,,,51074.06814565823,42469.554356374385,60799.919055959894,0.0088488248241514,0.0019160424387311,1072.321914595451,0.2165307232098866,232.19063968116325
IHME GBD 2023,2023,nigeria_state,NGA,Lagos,25342,6-11 months,0.5,,,,61287.87397865372,50964.45416757619,72955.16790338448,0.0085943471512573,0.0034413336767381,1058.0115299050096,0.4004182768245118,423.6471536650294
IHME GBD 2023,2023,nigeria_state,NGA,Lagos,25342,1-11 months,0.9233401779603012,,,,112361.94212431196,,,0.017367122102989296,0.005346587909137961,2130.3334445004607,0.30785687331683387,655.8377933461927
IHME GBD 2023,2023,nigeria_state,NGA,Lagos,25342,<1 year,1.0,,,,121508.8401291396,,,0.046684682821298784,0.006249835340991022,5744.459780167288,0.13387335981084747,769.0301310692771
IHME GBD 2023,2023,nigeria_state,NGA,Lagos,25342,12-23 months,1.0,,,,120804.96445322076,100455.14350969304,143816.11337097274,0.0070284901873467,0.0024971055340911,852.0744256773759,0.35528334927273664,302.7278557843016
IHME GBD 2023,2023,nigeria_state,NGA,Lagos,25342,2 years,,,,,121176.11793344955,100759.00538872216,144265.6263180925,,,,,
IHME GBD 2023,2023,nigeria_state,NGA,Lagos,25342,3 years,,,,,121588.27645336663,101094.72472484296,144760.65560602632,,,,,
IHME GBD 2023,2023,nigeria_state,NGA,Lagos,25342,4 years,,,,,121988.952508968,101418.93266518367,145238.97778217276,,,,,
IHME GBD 2023,2023,nigeria_state,NGA,Lagos,25342,2-4 years,3.0,,,,364753.3468957842,303271.7884541708,434265.25970629154,0.0115062901576789,0.0048015718985098,1407.0967947742067,0.4172997406384191,587.1811275124273
IHME GBD 2023,2023,nigeria_state,NGA,Lagos,25342,1-4 years,4.0,,,,485558.311349005,,,0.01845390849755968,0.007269169684992522,2259.1712204515825,0.3939094900114947,889.9089832967289
IHME GBD 2023,2023,nigeria_state,NGA,Lagos,25342,<5 years,5.0,,,,607067.1514781446,,,0.06427707645383662,0.013322922593272805,8003.6310006188705,0.2072733131047309,1658.939114366006
IHME GBD 2023,2023,nigeria_state,NGA,Nasarawa,25343,live births,,232218.831327796,207910.8608822251,256830.87087032117,,,,,,,,
IHME GBD 2023,2023,nigeria_state,NGA,Nasarawa,25343,0-27 days,0.07665982203969883,,,,17498.795070061125,14356.953643717745,20720.69075034597,0.0315204981834476,0.0006027988242878,7310.879614263412,0.01912402592051507,139.8134512449387
IHME GBD 2023,2023,nigeria_state,NGA,Nasarawa,25343,1-5 months,0.42334017796030116,,,,95315.08164828565,78187.57834083782,112836.88677676472,0.0134087306407675,0.0018399792788772,3039.4000843890053,0.13722248049960692,417.07401881057393
IHME GBD 2023,2023,nigeria_state,NGA,Nasarawa,25343,6-11 months,0.5,,,,109884.69635633344,90117.1130850138,130049.95437563882,0.0099778043770251,0.002631369334655,2203.829071827951,0.26372228149852217,581.1988308552377
IHME GBD 2023,2023,nigeria_state,NGA,Nasarawa,25343,1-11 months,0.9233401779603012,,,,205199.7780046191,,,0.02325274532651489,0.004427154268496921,5243.229156216956,0.19039275605227904,998.2728496658117
IHME GBD 2023,2023,nigeria_state,NGA,Nasarawa,25343,<1 year,1.0,,,,222698.57307468023,,,0.054040305393137866,0.004898996208283626,12554.108770480369,0.09065448784280389,1138.0863009107502
IHME GBD 2023,2023,nigeria_state,NGA,Nasarawa,25343,12-23 months,1.0,,,,216790.36138742627,177785.768353913,256553.91004662585,0.0107305430513369,0.0027617117131951,2338.849431621695,0.25736924030615793,601.947901406965
IHME GBD 2023,2023,nigeria_state,NGA,Nasarawa,25343,2 years,,,,,212577.8654804399,174317.89204944213,251573.02033419075,,,,,
IHME GBD 2023,2023,nigeria_state,NGA,Nasarawa,25343,3 years,,,,,208090.35773537224,170627.2561276211,246287.71566241665,,,,,
IHME GBD 2023,2023,nigeria_state,NGA,Nasarawa,25343,4 years,,,,,203365.18520621175,166738.7925422554,240724.0723035219,,,,,
IHME GBD 2023,2023,nigeria_state,NGA,Nasarawa,25343,2-4 years,3.0,,,,624033.4084220239,511683.9407193186,738584.8083001293,0.0203829318648716,0.0069504814696573,4283.683672257607,0.3409951775208509,1460.7154742646533
IHME GBD 2023,2023,nigeria_state,NGA,Nasarawa,25343,1-4 years,4.0,,,,840823.7698094501,,,0.03089475498832006,0.009622523378165848,6622.533103879303,0.3114613914822661,2062.6633756716183
IHME GBD 2023,2023,nigeria_state,NGA,Nasarawa,25343,<5 years,5.0,,,,1063522.3428841303,,,0.08326549838684294,0.01389774178285615,19176.64187435967,0.16690876836272175,3200.7496765823685
IHME GBD 2023,2023,nigeria_state,NGA,Niger,25344,live births,,503518.42040520546,468301.4875090499,543781.8390935537,,,,,,,,
IHME GBD 2023,2023,nigeria_state,NGA,Niger,25344,0-27 days,0.07665982203969883,,,,38314.48268742073,31985.87785084485,45209.46012590769,0.0216874391428928,0.000487083566075,10958.621287158685,0.022459247625583417,246.12238912328658
IHME GBD 2023,2023,nigeria_state,NGA,Niger,25344,1-5 months,0.42334017796030116,,,,208740.24143407107,174265.89555359792,246319.9993176374,0.0114448689265662,0.0013936710786481,5675.768477494619,0.12177256791583393,691.1529024002629
IHME GBD 2023,2023,nigeria_state,NGA,Niger,25344,6-11 months,0.5,,,,240411.80330289577,200698.58975348476,283691.3707979416,0.0080185605824523,0.0018886108047937,3871.054185409077,0.23552990407364488,911.7490209532814
IHME GBD 2023,2023,nigeria_state,NGA,Niger,25344,1-11 months,0.9233401779603012,,,,449152.04473696684,,,0.01937165813417252,0.0032524819176193054,9546.822662903696,0.16789899424674307,1602.9019233535441
IHME GBD 2023,2023,nigeria_state,NGA,Niger,25344,<1 year,1.0,,,,487466.5274243876,,,0.04063897562018359,0.003664512416257345,20505.44395006238,0.09017236188496205,1849.0243124768308
IHME GBD 2023,2023,nigeria_state,NGA,Niger,25344,12-23 months,1.0,,,,474168.4575009629,395916.3954622623,559414.9464042938,0.0075269772196576,0.002283785022338,3582.5550612721427,0.30341330333425515,1086.9948655174358
IHME GBD 2023,2023,nigeria_state,NGA,Niger,25344,2 years,,,,,463532.04369140416,387032.24261288025,546734.0960239852,,,,,
IHME GBD 2023,2023,nigeria_state,NGA,Niger,25344,3 years,,,,,451698.3422156408,377086.5239911005,532643.5697357976,,,,,
IHME GBD 2023,2023,nigeria_state,NGA,Niger,25344,4 years,,,,,438735.8289776452,366172.4046320071,517207.4587294927,,,,,
IHME GBD 2023,2023,nigeria_state,NGA,Niger,25344,2-4 years,3.0,,,,1353966.21488469,1130315.37715815,1596620.9249576407,0.0153435961901033,0.0055518057280831,6978.579846557219,0.36183210632615864,2525.0742450450794
IHME GBD 2023,2023,nigeria_state,NGA,Niger,25344,1-4 years,4.0,,,,1828134.672385653,,,0.022755082510770297,0.007782585050070902,10561.13490782936,0.34201524193055755,3612.069110562515
IHME GBD 2023,2023,nigeria_state,NGA,Niger,25344,<5 years,5.0,,,,2315601.19981004,,,0.062469314887563354,0.010981278828118684,31066.57885789174,0.17578676583669212,5461.093423039346
IHME GBD 2023,2023,nigeria_state,NGA,Ogun,25345,live births,,448097.700741288,407638.58476952807,493199.07702092314,,,,,,,,
IHME GBD 2023,2023,nigeria_state,NGA,Ogun,25345,0-27 days,0.07665982203969883,,,,33940.81182390546,28529.7347371136,39835.25594245626,0.0309161028140051,0.0009029316186334,13904.027800702348,0.02920586802500763,406.0792009633499
IHME GBD 2023,2023,nigeria_state,NGA,Ogun,25345,1-5 months,0.42334017796030116,,,,183954.14126018272,154622.94056468422,215894.21107673936,0.0102310902136079,0.0019943170635229,4468.617456793152,0.19492713111554338,871.0547809055248
IHME GBD 2023,2023,nigeria_state,NGA,Ogun,25345,6-11 months,0.5,,,,211275.4213340089,177583.8373322778,247975.52265670188,0.0066082369273542,0.0023660863723145,2801.5830735383297,0.3580510805416644,1003.1098467076362
IHME GBD 2023,2023,nigeria_state,NGA,Ogun,25345,1-11 months,0.9233401779603012,,,,395229.56259419164,,,0.016771717672805497,0.004323534113749324,7270.200530331482,0.2577871985503142,1874.164627613161
IHME GBD 2023,2023,nigeria_state,NGA,Ogun,25345,<1 year,1.0,,,,429170.3744180971,,,0.04716930433887068,0.005079642735282888,21174.22833103383,0.10768958343735675,2280.243828576511
IHME GBD 2023,2023,nigeria_state,NGA,Ogun,25345,12-23 months,1.0,,,,418039.24570993497,351301.54836957325,490627.1685938656,0.0063998241645391,0.0022213674036816,2683.9753417770225,0.34709819310193146,931.6029914609435
IHME GBD 2023,2023,nigeria_state,NGA,Ogun,25345,2 years,,,,,409582.7008132349,344116.9623093819,480687.21715001407,,,,,
IHME GBD 2023,2023,nigeria_state,NGA,Ogun,25345,3 years,,,,,400528.1455533118,336447.65578509367,470051.4598279385,,,,,
IHME GBD 2023,2023,nigeria_state,NGA,Ogun,25345,4 years,,,,,390301.6162660239,327809.5869451914,458035.5564449124,,,,,
IHME GBD 2023,2023,nigeria_state,NGA,Ogun,25345,2-4 years,3.0,,,,1200412.4626325706,1008374.2050396672,1408774.233422865,0.0129825078317726,0.0052732104815121,5228.803478509196,0.4061781090250349,2123.8255093643897
IHME GBD 2023,2023,nigeria_state,NGA,Ogun,25345,1-4 years,4.0,,,,1618451.7083425056,,,0.01929924622897361,0.007452181883471229,7912.778820286218,0.38613849448085713,3055.4285008253332
IHME GBD 2023,2023,nigeria_state,NGA,Ogun,25345,<5 years,5.0,,,,2047622.0827606027,,,0.06555821854895905,0.012025890833553314,29087.00715132005,0.18343834075619897,5335.672329401844
IHME GBD 2023,2023,nigeria_state,NGA,Ondo,25346,live births,,100550.3406838426,90971.39028682224,111738.0264688815,,,,,,,,
IHME GBD 2023,2023,nigeria_state,NGA,Ondo,25346,0-27 days,0.07665982203969883,,,,7467.851614794947,6174.615294639026,8948.990458804103,0.0193959857825348,0.0007616275799984,1908.033321787326,0.03926727873167503,74.92327627594672
IHME GBD 2023,2023,nigeria_state,NGA,Ondo,25346,1-5 months,0.42334017796030116,,,,41203.55332141098,34069.375381057966,49377.49999930446,0.0082292966485088,0.0021642519465459,804.2684402395995,0.2629935508447221,211.51741293095844
IHME GBD 2023,2023,nigeria_state,NGA,Ondo,25346,6-11 months,0.5,,,,48700.24695898884,40268.36728100171,58365.16269927989,0.0082345427010863,0.0031097247403018,805.3690187486734,0.37764389027839584,304.14268934994334
IHME GBD 2023,2023,nigeria_state,NGA,Ondo,25346,1-11 months,0.9233401779603012,,,,89903.80028039982,,,0.016396074854942988,0.0052526123752235695,1609.637458988273,0.32035791625091564,515.6601022809018
IHME GBD 2023,2023,nigeria_state,NGA,Ondo,25346,<1 year,1.0,,,,97371.65189519478,,,0.03547404260270193,0.005955753462168512,3517.670780775599,0.16789046370809974,590.5833785568485
IHME GBD 2023,2023,nigeria_state,NGA,Ondo,25346,12-23 months,1.0,,,,97102.5921612588,80283.97607581288,116377.02959102493,0.0087722926143408,0.0033800402078537,855.5705202953507,0.38530864808682574,329.65872051794366
IHME GBD 2023,2023,nigeria_state,NGA,Ondo,25346,2 years,,,,,97310.60525391257,80453.73229181675,116634.38991171062,,,,,
IHME GBD 2023,2023,nigeria_state,NGA,Ondo,25346,3 years,,,,,97539.67809784749,80645.9792139896,116914.89826089804,,,,,
IHME GBD 2023,2023,nigeria_state,NGA,Ondo,25346,4 years,,,,,97811.24366643108,80876.92620897369,117220.55124044584,,,,,
IHME GBD 2023,2023,nigeria_state,NGA,Ondo,25346,2-4 years,3.0,,,,292661.5270181911,241976.63771478005,350799.3898149812,0.0159790097308974,0.0074434405410712,1571.4022269794689,0.465826147328666,732.0002452975319
IHME GBD 2023,2023,nigeria_state,NGA,Ondo,25346,1-4 years,4.0,,,,389764.1191794499,,,0.02461112979619129,0.01076593325422133,2426.9727472748195,0.4374416511300273,1061.6589658154755
IHME GBD 2023,2023,nigeria_state,NGA,Ondo,25346,<5 years,5.0,,,,487135.7710746447,,,0.0592121161320025,0.016457297247774748,5944.643528050418,0.27793800192998064,1652.2423443723242
IHME GBD 2023,2023,nigeria_state,NGA,Osun,25347,live births,,118831.72803868508,106308.02712514313,132095.12511152588,,,,,,,,
IHME GBD 2023,2023,nigeria_state,NGA,Osun,25347,0-27 days,0.07665982203969883,,,,8749.732894863113,7270.967490890971,10263.079607024622,0.021579253945651,0.0006468837670449,2489.9577398642564,0.02997711453204667,74.64174834786688
IHME GBD 2023,2023,nigeria_state,NGA,Osun,25347,1-5 months,0.42334017796030116,,,,48467.66895231061,40284.19939442848,56842.64719960547,0.0077612148620551,0.0015296162569431,892.0375854184518,0.19708464256304217,175.8069086749948
IHME GBD 2023,2023,nigeria_state,NGA,Osun,25347,6-11 months,0.5,,,,57306.737001909016,47643.81783378753,67198.58396596016,0.0075710745841459,0.0027233567836698,871.0487240803271,0.3597054491277376,313.3209725074569
IHME GBD 2023,2023,nigeria_state,NGA,Osun,25347,1-11 months,0.9233401779603012,,,,105774.40595421963,,,0.015273528709616735,0.004237290423994046,1763.086309498779,0.2774270769089597,489.1278811824517
IHME GBD 2023,2023,nigeria_state,NGA,Osun,25347,<1 year,1.0,,,,114524.13884908274,,,0.03652319130059667,0.004841394960836611,4253.044049363036,0.13255673418542477,563.7696295303185
IHME GBD 2023,2023,nigeria_state,NGA,Osun,25347,12-23 months,1.0,,,,113545.86597111754,94416.3269497973,133128.14994897431,0.006100961492295,0.0020033080458116,694.8607772483765,0.3283593984885184,228.1640668505413
IHME GBD 2023,2023,nigeria_state,NGA,Osun,25347,2 years,,,,,113307.41070531998,94253.9471754104,132816.9675933,,,,,
IHME GBD 2023,2023,nigeria_state,NGA,Osun,25347,3 years,,,,,112991.05333024162,94028.80554092216,132412.0664479548,,,,,
IHME GBD 2023,2023,nigeria_state,NGA,Osun,25347,4 years,,,,,112750.09370040256,93863.7697135728,132113.3965891109,,,,,
IHME GBD 2023,2023,nigeria_state,NGA,Osun,25347,2-4 years,3.0,,,,339048.55773596413,282146.52242990537,397326.6881346889,0.0115821418946554,0.0042127744279254,1316.6088810823458,0.3637301689309636,478.89037073208857
IHME GBD 2023,2023,nigeria_state,NGA,Osun,25347,1-4 years,4.0,,,,452594.4237070817,,,0.017612441185252847,0.0061909731748231046,2011.4696583307223,0.351511361185234,707.0544375826298
IHME GBD 2023,2023,nigeria_state,NGA,Osun,25347,<5 years,5.0,,,,567118.5625561643,,,0.05349236992716999,0.010851503290170424,6264.513707693757,0.20286076883385007,1270.8240671129483
IHME GBD 2023,2023,nigeria_state,NGA,Oyo,25348,live births,,173411.81526292444,157113.15505321897,191102.4231352436,,,,,,,,
IHME GBD 2023,2023,nigeria_state,NGA,Oyo,25348,0-27 days,0.07665982203969883,,,,12484.957325390242,10349.497842092713,14726.592761656637,0.0184685487905716,0.0005484276059353,3035.943104403,0.02969521927003157,90.15299617658742
IHME GBD 2023,2023,nigeria_state,NGA,Oyo,25348,1-5 months,0.42334017796030116,,,,69417.78637683237,57551.4191751544,81884.48135483099,0.0067081310014014,0.0015528003320357,1103.6809533630083,0.23148032316472406,255.4804237552199
IHME GBD 2023,2023,nigeria_state,NGA,Oyo,25348,6-11 months,0.5,,,,82582.74140388689,68476.35473062746,97420.00600478548,0.0053829998719881,0.0022175660317959,891.4873695188271,0.4119572885995421,367.2547195677141
IHME GBD 2023,2023,nigeria_state,NGA,Oyo,25348,1-11 months,0.9233401779603012,,,,152000.52778071928,,,0.012055021005067723,0.003762632529424155,1995.1683228818354,0.31212160707496145,622.735143322934
IHME GBD 2023,2023,nigeria_state,NGA,Oyo,25348,<1 year,1.0,,,,164485.48510610953,,,0.030300931052035907,0.004293519369426244,5031.111427284835,0.14169595521843756,712.8881394995215
IHME GBD 2023,2023,nigeria_state,NGA,Oyo,25348,12-23 months,1.0,,,,162827.6350153194,135005.29397552606,192088.725407711,0.0054599194580508,0.0019831423327528,891.4616477865346,0.36321823938787273,323.795130190837
IHME GBD 2023,2023,nigeria_state,NGA,Oyo,25348,2 years,,,,,161667.10406915686,134044.72829075644,190733.2201694195,,,,,
IHME GBD 2023,2023,nigeria_state,NGA,Oyo,25348,3 years,,,,,159835.36980430887,132526.91761626082,188585.35583274244,,,,,
IHME GBD 2023,2023,nigeria_state,NGA,Oyo,25348,4 years,,,,,157275.54111229663,130403.63267895165,185573.63453363616,,,,,
IHME GBD 2023,2023,nigeria_state,NGA,Oyo,25348,2-4 years,3.0,,,,478778.0149857624,396975.2785859689,564892.2105357981,0.0129329421168895,0.0056520362123397,2077.465802749159,0.4370263286772577,907.907252728017
IHME GBD 2023,2023,nigeria_state,NGA,Oyo,25348,1-4 years,4.0,,,,641605.6500010819,,,0.018322248752626447,0.0076012492137421716,2968.927450535694,0.41486442610667823,1231.702382918854
IHME GBD 2023,2023,nigeria_state,NGA,Oyo,25348,<5 years,5.0,,,,806091.1351071913,,,0.04806799860849076,0.011684015034581403,8000.038877820529,0.24307263403551674,1944.5905224183755
IHME GBD 2023,2023,nigeria_state,NGA,Plateau,25349,live births,,450251.99601097155,410061.51909355866,495134.63490170566,,,,,,,,
IHME GBD 2023,2023,nigeria_state,NGA,Plateau,25349,0-27 days,0.07665982203969883,,,,34985.2826076464,29039.34970548143,41134.36879183194,0.027429291495811,0.0006898701438019,12692.804160430069,0.025150855387834455,319.23488190508016
IHME GBD 2023,2023,nigeria_state,NGA,Plateau,25349,1-5 months,0.42334017796030116,,,,189003.9198255697,156861.99779890274,222240.85556405483,0.0125496798123246,0.0017911534481407,5638.368487449745,0.14272503162843017,804.7363207040088
IHME GBD 2023,2023,nigeria_state,NGA,Plateau,25349,6-11 months,0.5,,,,215496.8642423787,178816.3308411391,253420.30531771036,0.0115157051006765,0.0030279885983321,4991.995336845794,0.2629442636694664,1312.616538088327
IHME GBD 2023,2023,nigeria_state,NGA,Plateau,25349,1-11 months,0.9233401779603012,,,,404500.7840679484,,,0.02392086650117442,0.004764551421588613,10630.363824295539,0.19917971706228502,2117.3528587923356
IHME GBD 2023,2023,nigeria_state,NGA,Plateau,25349,<1 year,1.0,,,,439486.0666755948,,,0.05069402557689229,0.005296040457632119,23323.16798472561,0.10447070236312418,2436.587740697416
IHME GBD 2023,2023,nigeria_state,NGA,Plateau,25349,12-23 months,1.0,,,,433494.3652920951,359769.35178391973,509731.90363914904,0.0083660442813244,0.002381006172748,3641.8884867657357,0.2846035823720348,1036.4945099329973
IHME GBD 2023,2023,nigeria_state,NGA,Plateau,25349,2 years,,,,,432953.27094643493,359372.082535737,509062.8816878523,,,,,
IHME GBD 2023,2023,nigeria_state,NGA,Plateau,25349,3 years,,,,,432746.0893329591,359262.59024654905,508767.4318390933,,,,,
IHME GBD 2023,2023,nigeria_state,NGA,Plateau,25349,4 years,,,,,432612.1136388717,359221.88721693575,508541.07268362894,,,,,
IHME GBD 2023,2023,nigeria_state,NGA,Plateau,25349,2-4 years,3.0,,,,1298311.4739182657,1077853.7968278646,1526371.3862105743,0.0153639126361832,0.005645711528323,6700.65498873283,0.36746574014140865,2462.2611448669318
IHME GBD 2023,2023,nigeria_state,NGA,Plateau,25349,1-4 years,4.0,,,,1731805.8392103608,,,0.02360142174405888,0.007984071614875512,10342.543475498565,0.33828773967336606,3498.7556547999293
IHME GBD 2023,2023,nigeria_state,NGA,Plateau,25349,<5 years,5.0,,,,2171291.9058859553,,,0.07309899624340688,0.012887523410381572,33665.71146022417,0.1763023307114693,5935.343395497344
IHME GBD 2023,2023,nigeria_state,NGA,Rivers,25350,live births,,90004.14320717264,81111.39758379383,100041.50511599598,,,,,,,,
IHME GBD 2023,2023,nigeria_state,NGA,Rivers,25350,0-27 days,0.07665982203969883,,,,6580.792342449781,5434.038096300313,7741.181946567014,0.0286245243011302,0.0007079229087141,2493.100743272173,0.0247313423016832,61.657727874444916
IHME GBD 2023,2023,nigeria_state,NGA,Rivers,25350,1-5 months,0.42334017796030116,,,,36377.156890410275,30043.74677440295,42790.02258992201,0.0135045540716413,0.003145178263054,1168.3383317075186,0.23289760227319709,272.10319609854827
IHME GBD 2023,2023,nigeria_state,NGA,Rivers,25350,6-11 months,0.5,,,,43142.88619535315,35640.21022334178,50742.40846305189,0.0194756013098461,0.0073107705195689,1697.0469765202884,0.3753809909773036,637.0391757812228
IHME GBD 2023,2023,nigeria_state,NGA,Rivers,25350,1-11 months,0.9233401779603012,,,,79520.04308576343,,,0.032717146070520786,0.010380643641286309,2865.385308227807,0.31728450944074266,909.142371879771
IHME GBD 2023,2023,nigeria_state,NGA,Rivers,25350,<1 year,1.0,,,,86100.8354282132,,,0.06040515762889176,0.010943638275475592,5358.48605149998,0.18117059378785985,970.8000997542159
IHME GBD 2023,2023,nigeria_state,NGA,Rivers,25350,12-23 months,1.0,,,,85426.60561235345,70580.87916178713,100470.82848952289,0.0141360196295303,0.0052866029789977,1216.2087462330765,0.37398101569935066,454.83898221867975
IHME GBD 2023,2023,nigeria_state,NGA,Rivers,25350,2 years,,,,,86041.1465883111,71096.36392553929,101182.183244239,,,,,
IHME GBD 2023,2023,nigeria_state,NGA,Rivers,25350,3 years,,,,,86829.13515254227,71748.18771113167,102096.69515919198,,,,,
IHME GBD 2023,2023,nigeria_state,NGA,Rivers,25350,4 years,,,,,87555.8632653106,72347.28647299581,102937.1146929348,,,,,
IHME GBD 2023,2023,nigeria_state,NGA,Rivers,25350,2-4 years,3.0,,,,260426.14500616395,215191.83810966677,306216.1407638765,0.0178496219905749,0.0086035232575527,1563.498564241073,0.4820003057821393,753.606786054133
IHME GBD 2023,2023,nigeria_state,NGA,Rivers,25350,1-4 years,4.0,,,,345852.7506185174,,,0.0317333190132667,0.013795695298686723,2779.7073104741494,0.4347384934087473,1208.4457682728128
IHME GBD 2023,2023,nigeria_state,NGA,Rivers,25350,<5 years,5.0,,,,431953.58604673063,,,0.09022162050507421,0.024159550522733157,8138.193361974129,0.2677800552404663,2179.2458680270283
IHME GBD 2023,2023,nigeria_state,NGA,Sokoto,25351,live births,,355141.2074502978,335635.4842255547,375806.81954521034,,,,,,,,
IHME GBD 2023,2023,nigeria_state,NGA,Sokoto,25351,0-27 days,0.07665982203969883,,,,26605.28021425209,21968.201630654017,31324.782339283985,0.0390082043298138,0.000424160446132,13809.167611728391,0.01087362141937449,150.1556607266223
IHME GBD 2023,2023,nigeria_state,NGA,Sokoto,25351,1-5 months,0.42334017796030116,,,,143222.75798734743,118259.56726905958,168650.63254233132,0.0185327440732649,0.0014149019768581,6328.751350157777,0.076346059237888,483.17522548100925
IHME GBD 2023,2023,nigeria_state,NGA,Sokoto,25351,6-11 months,0.5,,,,162805.48413768024,134437.1579814238,191763.80823423708,0.0202481567929151,0.0026326398949173,6660.685138191824,0.13001874303138888,866.0139093955537
IHME GBD 2023,2023,nigeria_state,NGA,Sokoto,25351,1-11 months,0.9233401779603012,,,,306028.2421250277,,,0.038405646958381556,0.003989124673778452,12989.436488349602,0.10386818058556033,1349.189134876563
IHME GBD 2023,2023,nigeria_state,NGA,Sokoto,25351,<1 year,1.0,,,,332633.52233927976,,,0.07591571596422408,0.004247379199691888,26798.60410007799,0.055948615457878326,1499.344795603185
IHME GBD 2023,2023,nigeria_state,NGA,Sokoto,25351,12-23 months,1.0,,,,315017.849186201,260144.72580856935,371079.5923285606,0.0221388027548715,0.0039218631264193,7052.475999408176,0.1771488354561684,1249.3379103777359
IHME GBD 2023,2023,nigeria_state,NGA,Sokoto,25351,2 years,,,,,301482.06122402736,249008.305063955,355198.22074953595,,,,,
IHME GBD 2023,2023,nigeria_state,NGA,Sokoto,25351,3 years,,,,,288102.19313074043,237988.815520888,339478.4149025462,,,,,
IHME GBD 2023,2023,nigeria_state,NGA,Sokoto,25351,4 years,,,,,275696.2331303292,227764.6457669508,324879.5019763836,,,,,
IHME GBD 2023,2023,nigeria_state,NGA,Sokoto,25351,2-4 years,3.0,,,,865280.4874850969,714761.7663517938,1019556.1376284658,0.0608598093926577,0.0135732223850032,18110.468608217434,0.22302439853912379,4039.0763686093755
IHME GBD 2023,2023,nigeria_state,NGA,Sokoto,25351,1-4 years,4.0,,,,1180298.336671298,,,0.08165124883168595,0.017160377569156168,25162.94460762561,0.21016674961739024,5288.414278987111
IHME GBD 2023,2023,nigeria_state,NGA,Sokoto,25351,<5 years,5.0,,,,1512931.8590105777,,,0.15136835178147967,0.019773311784646423,51961.5487077036,0.13063042275304568,6787.759074590296
IHME GBD 2023,2023,nigeria_state,NGA,Taraba,25352,live births,,363517.0939008618,329943.6833109161,397066.03904552973,,,,,,,,
IHME GBD 2023,2023,nigeria_state,NGA,Taraba,25352,0-27 days,0.07665982203969883,,,,27741.111056495243,22973.157122639615,32708.616909567965,0.0353542686368558,0.0005021284390623,13025.383955178313,0.014202766976173443,184.99649309058597
IHME GBD 2023,2023,nigeria_state,NGA,Taraba,25352,1-5 months,0.42334017796030116,,,,150091.8928883222,124277.6431820604,176978.35320157866,0.0153797576506431,0.0015296653638504,5495.136840391219,0.0994596533051636,546.5444050097428
IHME GBD 2023,2023,nigeria_state,NGA,Taraba,25352,6-11 months,0.5,,,,170913.9346361673,141514.22857408694,201548.89012213895,0.0145059486628002,0.0024973419942421,4994.853292868282,0.17215985333288902,859.9132103195011
IHME GBD 2023,2023,nigeria_state,NGA,Taraba,25352,1-11 months,0.9233401779603012,,,,321005.8275244895,,,0.02966260833851675,0.003977048677668529,10489.9901332595,0.13407616188979415,1406.457615329244
IHME GBD 2023,2023,nigeria_state,NGA,Taraba,25352,<1 year,1.0,,,,348746.9385809848,,,0.06396817715170278,0.0043291855767780335,23515.374088437813,0.0676771758949957,1591.45410841983
IHME GBD 2023,2023,nigeria_state,NGA,Taraba,25352,12-23 months,1.0,,,,337359.6649935372,279386.27570037055,397735.12668983574,0.0134701569288512,0.0029970365935918,4575.171415884821,0.2224945566278122,1017.950735673533
IHME GBD 2023,2023,nigeria_state,NGA,Taraba,25352,2 years,,,,,329691.50244140613,273108.8159170903,388635.8232217658,,,,,
IHME GBD 2023,2023,nigeria_state,NGA,Taraba,25352,3 years,,,,,321970.73736524145,266795.3028171263,379495.05053328606,,,,,
IHME GBD 2023,2023,nigeria_state,NGA,Taraba,25352,4 years,,,,,314152.7267043744,260405.35328872057,370262.312442737,,,,,
IHME GBD 2023,2023,nigeria_state,NGA,Taraba,25352,2-4 years,3.0,,,,965814.966511022,800309.472022937,1138393.1861977887,0.0272631569740052,0.0081760662844021,8898.920187188382,0.29989433330108445,2668.7357366364213
IHME GBD 2023,2023,nigeria_state,NGA,Taraba,25352,1-4 years,4.0,,,,1303174.6315045592,,,0.04036607490004063,0.01104468239181984,13474.091603073202,0.2736129886091235,3686.6864723099543
IHME GBD 2023,2023,nigeria_state,NGA,Taraba,25352,<5 years,5.0,,,,1651921.570085544,,,0.1017521078216187,0.014519321093933304,36989.46569151102,0.142693074421486,5278.140580729784
IHME GBD 2023,2023,nigeria_state,NGA,Yobe,25353,live births,,201021.98348618875,189228.2128399259,213576.67572092867,,,,,,,,
IHME GBD 2023,2023,nigeria_state,NGA,Yobe,25353,0-27 days,0.07665982203969883,,,,15035.744472574876,12459.61528931092,17895.984459302268,0.0273781591484942,0.0004852578577264,5444.718360869057,0.017724269009265704,96.50365290773138
IHME GBD 2023,2023,nigeria_state,NGA,Yobe,25353,1-5 months,0.42334017796030116,,,,82104.07141460323,68033.72026790597,97714.29592225284,0.0132841669132586,0.0013938984627109,2593.6432801003148,0.10492930959183328,272.14919870842385
IHME GBD 2023,2023,nigeria_state,NGA,Yobe,25353,6-11 months,0.5,,,,94695.0098059664,78467.34604515349,112676.06228225502,0.0092893893256186,0.0018578421101847,1767.5400804173767,0.19999615099144125,353.5012128065779
IHME GBD 2023,2023,nigeria_state,NGA,Yobe,25353,1-11 months,0.9233401779603012,,,,176799.0812205696,,,0.022450154440553538,0.003220673657399341,4361.183360517692,0.1434588642108215,625.6504115150017
IHME GBD 2023,2023,nigeria_state,NGA,Yobe,25353,<1 year,1.0,,,,191834.82569314452,,,0.04921366968786589,0.003624332835473715,9805.901721386748,0.07364484011171656,722.1540644227332
IHME GBD 2023,2023,nigeria_state,NGA,Yobe,25353,12-23 months,1.0,,,,184673.1676242682,153017.39817652316,219730.33968845196,0.0101196654579935,0.0026709366723185,1878.350928349751,0.2639352736911607,495.76306636203736
IHME GBD 2023,2023,nigeria_state,NGA,Yobe,25353,2 years,,,,,179548.36987660415,148766.33104855454,213581.98575612012,,,,,
IHME GBD 2023,2023,nigeria_state,NGA,Yobe,25353,3 years,,,,,175033.6727098289,145020.48654878626,208165.65265951457,,,,,
IHME GBD 2023,2023,nigeria_state,NGA,Yobe,25353,4 years,,,,,171180.85275859377,141826.28899475478,203548.19897516555,,,,,
IHME GBD 2023,2023,nigeria_state,NGA,Yobe,25353,2-4 years,3.0,,,,525762.8953450267,435613.1065920956,625295.8373908002,0.024241606939206,0.0080405300961411,4300.788031741941,0.33168304874777643,1426.4984863861157
IHME GBD 2023,2023,nigeria_state,NGA,Yobe,25353,1-4 years,4.0,,,,710436.062969295,,,0.0341159554448105,0.01061309511088501,6179.138960091692,0.31108890173261755,1922.261552748153
IHME GBD 2023,2023,nigeria_state,NGA,Yobe,25353,<5 years,5.0,,,,902270.8886624394,,,0.08165065377032954,0.0135075204552124,15985.04068147844,0.16543064668173915,2644.4156171708864
IHME GBD 2023,2023,nigeria_state,NGA,Zamfara,25354,live births,,178880.19365624,168585.26221315123,189698.12823567615,,,,,,,,
IHME GBD 2023,2023,nigeria_state,NGA,Zamfara,25354,0-27 days,0.07665982203969883,,,,13261.377480190567,10832.940360164324,15673.170219175106,0.0326521912461118,0.0004538481933868,5742.776226137857,0.013899471247303927,79.8215530349037
IHME GBD 2023,2023,nigeria_state,NGA,Zamfara,25354,1-5 months,0.42334017796030116,,,,72154.74839724752,58936.76784765602,85270.22483029104,0.0178632289357498,0.0014356297446917,3072.1578625407847,0.08036787469137589,246.902798128803
IHME GBD 2023,2023,nigeria_state,NGA,Zamfara,25354,6-11 months,0.5,,,,83166.38382655846,67925.79710662762,98263.7786651713,0.0161562774887333,0.0023889460667131,2709.2635698707095,0.14786488214126361,400.6049384485516
IHME GBD 2023,2023,nigeria_state,NGA,Zamfara,25354,1-11 months,0.9233401779603012,,,,155321.132223806,,,0.033730903140952284,0.003777794267524597,5781.421432411495,0.11199801712210969,647.5077365773545
IHME GBD 2023,2023,nigeria_state,NGA,Zamfara,25354,<1 year,1.0,,,,168582.50970399653,,,0.06528170648680165,0.004120139085647918,11524.19765854935,0.0631132258541818,727.3292896122583
IHME GBD 2023,2023,nigeria_state,NGA,Zamfara,25354,12-23 months,1.0,,,,162167.41148832053,132407.91867799687,191625.33701106743,0.0178587902342818,0.0040931094033091,2922.2864046607365,0.22919298281761277,669.7675377315516
IHME GBD 2023,2023,nigeria_state,NGA,Zamfara,25354,2 years,,,,,157967.39335567033,128931.35745641292,186658.4489741852,,,,,
IHME GBD 2023,2023,nigeria_state,NGA,Zamfara,25354,3 years,,,,,154149.20232080642,125767.23269406756,182142.0542041484,,,,,
IHME GBD 2023,2023,nigeria_state,NGA,Zamfara,25354,4 years,,,,,150643.3149566042,122863.46394721804,177994.88956620992,,,,,
IHME GBD 2023,2023,nigeria_state,NGA,Zamfara,25354,2-4 years,3.0,,,,462759.910633081,377562.05409769854,546795.3927445435,0.0367892613709407,0.0106799544840274,5781.8851502786665,0.29030086731948745,1678.486273867562
IHME GBD 2023,2023,nigeria_state,NGA,Zamfara,25354,1-4 years,4.0,,,,624927.3221214016,,,0.05399103990352472,0.014565965806786586,8704.171554939403,0.26978487231981746,2348.2538115991138
IHME GBD 2023,2023,nigeria_state,NGA,Zamfara,25354,<5 years,5.0,,,,793509.8318253981,,,0.11574811917042738,0.017598697925692495,20228.369213488753,0.15204305738895157,3075.5831012113717
