population_group_id,population_group_name,measure_id,measure_name,location_id,location_name,sex_id,sex_name,age_id,age_name,cause_id,cause_name,metric_id,metric_name,year,val,upper,lower
1,All Population,27,Probability of death,166,Sub-Saharan Africa,3,Both,1,<5 years,294,All causes,8,Probability of death,2023,0.06772741837357521,,
1,All Population,27,Probability of death,166,Sub-Saharan Africa,3,Both,22,All ages,294,All causes,8,Probability of death,2023,1.0,,
1,All Population,27,Probability of death,166,Sub-Saharan Africa,3,Both,28,<1 year,294,All causes,8,Probability of death,2023,0.043877961330711424,,
1,All Population,27,Probability of death,166,Sub-Saharan Africa,3,Both,34,2-4 years,294,All causes,8,Probability of death,2023,0.01624854953699761,,
1,All Population,27,Probability of death,166,Sub-Saharan Africa,3,Both,42,<28 days,294,All causes,8,Probability of death,2023,0.023827117575474288,,
1,All Population,27,Probability of death,166,Sub-Saharan Africa,3,Both,238,12-23 months,294,All causes,8,Probability of death,2023,0.00883902094279959,,
1,All Population,27,Probability of death,166,Sub-Saharan Africa,3,Both,388,1-5 months,294,All causes,8,Probability of death,2023,0.011293371915600285,,
1,All Population,27,Probability of death,166,Sub-Saharan Africa,3,Both,389,6-11 months,294,All causes,8,Probability of death,2023,0.009352506167070477,,
1,All Population,27,Probability of death,167,Central Sub-Saharan Africa,3,Both,1,<5 years,294,All causes,8,Probability of death,2023,0.06625145949286915,,
1,All Population,27,Probability of death,167,Central Sub-Saharan Africa,3,Both,22,All ages,294,All causes,8,Probability of death,2023,1.0,,
1,All Population,27,Probability of death,167,Central Sub-Saharan Africa,3,Both,28,<1 year,294,All causes,8,Probability of death,2023,0.0428476055708088,,
1,All Population,27,Probability of death,167,Central Sub-Saharan Africa,3,Both,34,2-4 years,294,All causes,8,Probability of death,2023,0.016727891516037457,,
1,All Population,27,Probability of death,167,Central Sub-Saharan Africa,3,Both,42,<28 days,294,All causes,8,Probability of death,2023,0.01943730866179627,,
1,All Population,27,Probability of death,167,Central Sub-Saharan Africa,3,Both,238,12-23 months,294,All causes,8,Probability of death,2023,0.007855066902079714,,
1,All Population,27,Probability of death,167,Central Sub-Saharan Africa,3,Both,388,1-5 months,294,All causes,8,Probability of death,2023,0.012571493142288065,,
1,All Population,27,Probability of death,167,Central Sub-Saharan Africa,3,Both,389,6-11 months,294,All causes,8,Probability of death,2023,0.01144676395954071,,
1,All Population,27,Probability of death,168,Angola,3,Both,1,<5 years,294,All causes,8,Probability of death,2023,0.05690638581577934,,
1,All Population,27,Probability of death,168,Angola,3,Both,22,All ages,294,All causes,8,Probability of death,2023,1.0,,
1,All Population,27,Probability of death,168,Angola,3,Both,28,<1 year,294,All causes,8,Probability of death,2023,0.03750305292569034,,
1,All Population,27,Probability of death,168,Angola,3,Both,34,2-4 years,294,All causes,8,Probability of death,2023,0.013375508225356065,,
1,All Population,27,Probability of death,168,Angola,3,Both,42,<28 days,294,All causes,8,Probability of death,2023,0.018253320344651436,,
1,All Population,27,Probability of death,168,Angola,3,Both,238,12-23 months,294,All causes,8,Probability of death,2023,0.0068758178699515555,,
1,All Population,27,Probability of death,168,Angola,3,Both,388,1-5 months,294,All causes,8,Probability of death,2023,0.010743231432173508,,
1,All Population,27,Probability of death,168,Angola,3,Both,389,6-11 months,294,All causes,8,Probability of death,2023,0.008960674790077597,,
1,All Population,27,Probability of death,169,Central African Republic,3,Both,1,<5 years,294,All causes,8,Probability of death,2023,0.10818419709035698,,
1,All Population,27,Probability of death,169,Central African Republic,3,Both,22,All ages,294,All causes,8,Probability of death,2023,1.0,,
1,All Population,27,Probability of death,169,Central African Republic,3,Both,28,<1 year,294,All causes,8,Probability of death,2023,0.07339185694132089,,
1,All Population,27,Probability of death,169,Central African Republic,3,Both,34,2-4 years,294,All causes,8,Probability of death,2023,0.02896676127523619,,
1,All Population,27,Probability of death,169,Central African Republic,3,Both,42,<28 days,294,All causes,8,Probability of death,2023,0.03335795199082092,,
1,All Population,27,Probability of death,169,Central African Republic,3,Both,238,12-23 months,294,All causes,8,Probability of death,2023,0.008837433207384626,,
1,All Population,27,Probability of death,169,Central African Republic,3,Both,388,1-5 months,294,All causes,8,Probability of death,2023,0.023502377072620036,,
1,All Population,27,Probability of death,169,Central African Republic,3,Both,389,6-11 months,294,All causes,8,Probability of death,2023,0.018344250234390725,,
1,All Population,27,Probability of death,170,Congo,3,Both,1,<5 years,294,All causes,8,Probability of death,2023,0.04986981121435685,,
1,All Population,27,Probability of death,170,Congo,3,Both,22,All ages,294,All causes,8,Probability of death,2023,1.0,,
1,All Population,27,Probability of death,170,Congo,3,Both,28,<1 year,294,All causes,8,Probability of death,2023,0.03497559328691746,,
1,All Population,27,Probability of death,170,Congo,3,Both,34,2-4 years,294,All causes,8,Probability of death,2023,0.009789914727127398,,
1,All Population,27,Probability of death,170,Congo,3,Both,42,<28 days,294,All causes,8,Probability of death,2023,0.018051358958561026,,
1,All Population,27,Probability of death,170,Congo,3,Both,238,12-23 months,294,All causes,8,Probability of death,2023,0.005699947065582931,,
1,All Population,27,Probability of death,170,Congo,3,Both,388,1-5 months,294,All causes,8,Probability of death,2023,0.009630948592160106,,
1,All Population,27,Probability of death,170,Congo,3,Both,389,6-11 months,294,All causes,8,Probability of death,2023,0.0076783565980351,,
1,All Population,27,Probability of death,171,Democratic Republic of the Congo,3,Both,1,<5 years,294,All causes,8,Probability of death,2023,0.06781735768108366,,
1,All Population,27,Probability of death,171,Democratic Republic of the Congo,3,Both,22,All ages,294,All causes,8,Probability of death,2023,1.0,,
1,All Population,27,Probability of death,171,Democratic Republic of the Congo,3,Both,28,<1 year,294,All causes,8,Probability of death,2023,0.04293642882571869,,
1,All Population,27,Probability of death,171,Democratic Republic of the Congo,3,Both,34,2-4 years,294,All causes,8,Probability of death,2023,0.017787638440847176,,
1,All Population,27,Probability of death,171,Democratic Republic of the Congo,3,Both,42,<28 days,294,All causes,8,Probability of death,2023,0.018807991131056023,,
1,All Population,27,Probability of death,171,Democratic Republic of the Congo,3,Both,238,12-23 months,294,All causes,8,Probability of death,2023,0.008358234030030295,,
1,All Population,27,Probability of death,171,Democratic Republic of the Congo,3,Both,388,1-5 months,294,All causes,8,Probability of death,2023,0.012581024573595286,,
1,All Population,27,Probability of death,171,Democratic Republic of the Congo,3,Both,389,6-11 months,294,All causes,8,Probability of death,2023,0.01216295706569709,,
1,All Population,27,Probability of death,172,Equatorial Guinea,3,Both,1,<5 years,294,All causes,8,Probability of death,2023,0.05090667050926889,,
1,All Population,27,Probability of death,172,Equatorial Guinea,3,Both,22,All ages,294,All causes,8,Probability of death,2023,1.0,,
1,All Population,27,Probability of death,172,Equatorial Guinea,3,Both,28,<1 year,294,All causes,8,Probability of death,2023,0.03780999195900603,,
1,All Population,27,Probability of death,172,Equatorial Guinea,3,Both,34,2-4 years,294,All causes,8,Probability of death,2023,0.0074761739326262185,,
1,All Population,27,Probability of death,172,Equatorial Guinea,3,Both,42,<28 days,294,All causes,8,Probability of death,2023,0.01728194217630663,,
1,All Population,27,Probability of death,172,Equatorial Guinea,3,Both,238,12-23 months,294,All causes,8,Probability of death,2023,0.006181377227975029,,
1,All Population,27,Probability of death,172,Equatorial Guinea,3,Both,388,1-5 months,294,All causes,8,Probability of death,2023,0.012776438462239659,,
1,All Population,27,Probability of death,172,Equatorial Guinea,3,Both,389,6-11 months,294,All causes,8,Probability of death,2023,0.008217613711871113,,
1,All Population,27,Probability of death,173,Gabon,3,Both,1,<5 years,294,All causes,8,Probability of death,2023,0.035789639526634276,,
1,All Population,27,Probability of death,173,Gabon,3,Both,22,All ages,294,All causes,8,Probability of death,2023,1.0,,
1,All Population,27,Probability of death,173,Gabon,3,Both,28,<1 year,294,All causes,8,Probability of death,2023,0.026398018829217107,,
1,All Population,27,Probability of death,173,Gabon,3,Both,34,2-4 years,294,All causes,8,Probability of death,2023,0.00562608877380008,,
1,All Population,27,Probability of death,173,Gabon,3,Both,42,<28 days,294,All causes,8,Probability of death,2023,0.015442035631166862,,
1,All Population,27,Probability of death,173,Gabon,3,Both,238,12-23 months,294,All causes,8,Probability of death,2023,0.0040429281140834765,,
1,All Population,27,Probability of death,173,Gabon,3,Both,388,1-5 months,294,All causes,8,Probability of death,2023,0.0057321965970610405,,
1,All Population,27,Probability of death,173,Gabon,3,Both,389,6-11 months,294,All causes,8,Probability of death,2023,0.0054267233734111775,,
1,All Population,27,Probability of death,174,Eastern Sub-Saharan Africa,3,Both,1,<5 years,294,All causes,8,Probability of death,2023,0.055431994383983274,,
1,All Population,27,Probability of death,174,Eastern Sub-Saharan Africa,3,Both,22,All ages,294,All causes,8,Probability of death,2023,1.0,,
1,All Population,27,Probability of death,174,Eastern Sub-Saharan Africa,3,Both,28,<1 year,294,All causes,8,Probability of death,2023,0.0396724335212969,,
1,All Population,27,Probability of death,174,Eastern Sub-Saharan Africa,3,Both,34,2-4 years,294,All causes,8,Probability of death,2023,0.009823009172858903,,
1,All Population,27,Probability of death,174,Eastern Sub-Saharan Africa,3,Both,42,<28 days,294,All causes,8,Probability of death,2023,0.022285775209395675,,
1,All Population,27,Probability of death,174,Eastern Sub-Saharan Africa,3,Both,238,12-23 months,294,All causes,8,Probability of death,2023,0.006652953556259219,,
1,All Population,27,Probability of death,174,Eastern Sub-Saharan Africa,3,Both,388,1-5 months,294,All causes,8,Probability of death,2023,0.010344107913025168,,
1,All Population,27,Probability of death,174,Eastern Sub-Saharan Africa,3,Both,389,6-11 months,294,All causes,8,Probability of death,2023,0.007516611890441037,,
1,All Population,27,Probability of death,175,Burundi,3,Both,1,<5 years,294,All causes,8,Probability of death,2023,0.07934956251001224,,
1,All Population,27,Probability of death,175,Burundi,3,Both,22,All ages,294,All causes,8,Probability of death,2023,1.0,,
1,All Population,27,Probability of death,175,Burundi,3,Both,28,<1 year,294,All causes,8,Probability of death,2023,0.051573442632887545,,
1,All Population,27,Probability of death,175,Burundi,3,Both,34,2-4 years,294,All causes,8,Probability of death,2023,0.018643106542779828,,
1,All Population,27,Probability of death,175,Burundi,3,Both,42,<28 days,294,All causes,8,Probability of death,2023,0.026020521896168547,,
1,All Population,27,Probability of death,175,Burundi,3,Both,238,12-23 months,294,All causes,8,Probability of death,2023,0.010845663868147282,,
1,All Population,27,Probability of death,175,Burundi,3,Both,388,1-5 months,294,All causes,8,Probability of death,2023,0.015200246946421025,,
1,All Population,27,Probability of death,175,Burundi,3,Both,389,6-11 months,294,All causes,8,Probability of death,2023,0.01120570346859047,,
1,All Population,27,Probability of death,176,Comoros,3,Both,1,<5 years,294,All causes,8,Probability of death,2023,0.04537654452286932,,
1,All Population,27,Probability of death,176,Comoros,3,Both,22,All ages,294,All causes,8,Probability of death,2023,1.0,,
1,All Population,27,Probability of death,176,Comoros,3,Both,28,<1 year,294,All causes,8,Probability of death,2023,0.03586266293012563,,
1,All Population,27,Probability of death,176,Comoros,3,Both,34,2-4 years,294,All causes,8,Probability of death,2023,0.005410822604487496,,
1,All Population,27,Probability of death,176,Comoros,3,Both,42,<28 days,294,All causes,8,Probability of death,2023,0.020429019951190397,,
1,All Population,27,Probability of death,176,Comoros,3,Both,238,12-23 months,294,All causes,8,Probability of death,2023,0.0044811878170328105,,
1,All Population,27,Probability of death,176,Comoros,3,Both,388,1-5 months,294,All causes,8,Probability of death,2023,0.009228304247665435,,
1,All Population,27,Probability of death,176,Comoros,3,Both,389,6-11 months,294,All causes,8,Probability of death,2023,0.006588015257296689,,
1,All Population,27,Probability of death,177,Djibouti,3,Both,1,<5 years,294,All causes,8,Probability of death,2023,0.04722528938090498,,
1,All Population,27,Probability of death,177,Djibouti,3,Both,22,All ages,294,All causes,8,Probability of death,2023,1.0,,
1,All Population,27,Probability of death,177,Djibouti,3,Both,28,<1 year,294,All causes,8,Probability of death,2023,0.03932996890852947,,
1,All Population,27,Probability of death,177,Djibouti,3,Both,34,2-4 years,294,All causes,8,Probability of death,2023,0.005181665452820151,,
1,All Population,27,Probability of death,177,Djibouti,3,Both,42,<28 days,294,All causes,8,Probability of death,2023,0.020843357213950253,,
1,All Population,27,Probability of death,177,Djibouti,3,Both,238,12-23 months,294,All causes,8,Probability of death,2023,0.0030527137025436247,,
1,All Population,27,Probability of death,177,Djibouti,3,Both,388,1-5 months,294,All causes,8,Probability of death,2023,0.013279528610453235,,
1,All Population,27,Probability of death,177,Djibouti,3,Both,389,6-11 months,294,All causes,8,Probability of death,2023,0.005676002985401946,,
1,All Population,27,Probability of death,178,Eritrea,3,Both,1,<5 years,294,All causes,8,Probability of death,2023,0.057291552870645246,,
1,All Population,27,Probability of death,178,Eritrea,3,Both,22,All ages,294,All causes,8,Probability of death,2023,1.0,,
1,All Population,27,Probability of death,178,Eritrea,3,Both,28,<1 year,294,All causes,8,Probability of death,2023,0.033126111415733406,,
1,All Population,27,Probability of death,178,Eritrea,3,Both,34,2-4 years,294,All causes,8,Probability of death,2023,0.016713050415574242,,
1,All Population,27,Probability of death,178,Eritrea,3,Both,42,<28 days,294,All causes,8,Probability of death,2023,0.017117032468466964,,
1,All Population,27,Probability of death,178,Eritrea,3,Both,238,12-23 months,294,All causes,8,Probability of death,2023,0.008421086173609205,,
1,All Population,27,Probability of death,178,Eritrea,3,Both,388,1-5 months,294,All causes,8,Probability of death,2023,0.009353627686938443,,
1,All Population,27,Probability of death,178,Eritrea,3,Both,389,6-11 months,294,All causes,8,Probability of death,2023,0.006999731647618406,,
1,All Population,27,Probability of death,179,Ethiopia,3,Both,1,<5 years,294,All causes,8,Probability of death,2023,0.05344403516005247,,
1,All Population,27,Probability of death,179,Ethiopia,3,Both,22,All ages,294,All causes,8,Probability of death,2023,1.0,,
1,All Population,27,Probability of death,179,Ethiopia,3,Both,28,<1 year,294,All causes,8,Probability of death,2023,0.04183011907054668,,
1,All Population,27,Probability of death,179,Ethiopia,3,Both,34,2-4 years,294,All causes,8,Probability of death,2023,0.007594332976006372,,
1,All Population,27,Probability of death,179,Ethiopia,3,Both,42,<28 days,294,All causes,8,Probability of death,2023,0.026700194516973474,,
1,All Population,27,Probability of death,179,Ethiopia,3,Both,238,12-23 months,294,All causes,8,Probability of death,2023,0.004561248820016809,,
1,All Population,27,Probability of death,179,Ethiopia,3,Both,388,1-5 months,294,All causes,8,Probability of death,2023,0.010090799223789445,,
1,All Population,27,Probability of death,179,Ethiopia,3,Both,389,6-11 months,294,All causes,8,Probability of death,2023,0.005509770323371315,,
1,All Population,27,Probability of death,180,Kenya,3,Both,1,<5 years,294,All causes,8,Probability of death,2023,0.03449750929164774,,
1,All Population,27,Probability of death,180,Kenya,3,Both,22,All ages,294,All causes,8,Probability of death,2023,1.0,,
1,All Population,27,Probability of death,180,Kenya,3,Both,28,<1 year,294,All causes,8,Probability of death,2023,0.027065729334895483,,
1,All Population,27,Probability of death,180,Kenya,3,Both,34,2-4 years,294,All causes,8,Probability of death,2023,0.004383029010702585,,
1,All Population,27,Probability of death,180,Kenya,3,Both,42,<28 days,294,All causes,8,Probability of death,2023,0.01596754303466641,,
1,All Population,27,Probability of death,180,Kenya,3,Both,238,12-23 months,294,All causes,8,Probability of death,2023,0.0032698248243558654,,
1,All Population,27,Probability of death,180,Kenya,3,Both,388,1-5 months,294,All causes,8,Probability of death,2023,0.006145326220668302,,
1,All Population,27,Probability of death,180,Kenya,3,Both,389,6-11 months,294,All causes,8,Probability of death,2023,0.005164687787312095,,
1,All Population,27,Probability of death,181,Madagascar,3,Both,1,<5 years,294,All causes,8,Probability of death,2023,0.059157994258826396,,
1,All Population,27,Probability of death,181,Madagascar,3,Both,22,All ages,294,All causes,8,Probability of death,2023,1.0,,
1,All Population,27,Probability of death,181,Madagascar,3,Both,28,<1 year,294,All causes,8,Probability of death,2023,0.03980954154258154,,
1,All Population,27,Probability of death,181,Madagascar,3,Both,34,2-4 years,294,All causes,8,Probability of death,2023,0.012722502777732375,,
1,All Population,27,Probability of death,181,Madagascar,3,Both,42,<28 days,294,All causes,8,Probability of death,2023,0.021123143186918547,,
1,All Population,27,Probability of death,181,Madagascar,3,Both,238,12-23 months,294,All causes,8,Probability of death,2023,0.0075238789961192,,
1,All Population,27,Probability of death,181,Madagascar,3,Both,388,1-5 months,294,All causes,8,Probability of death,2023,0.010422493094240265,,
1,All Population,27,Probability of death,181,Madagascar,3,Both,389,6-11 months,294,All causes,8,Probability of death,2023,0.008758442984635816,,
1,All Population,27,Probability of death,182,Malawi,3,Both,1,<5 years,294,All causes,8,Probability of death,2023,0.05496066615535933,,
1,All Population,27,Probability of death,182,Malawi,3,Both,22,All ages,294,All causes,8,Probability of death,2023,1.0,,
1,All Population,27,Probability of death,182,Malawi,3,Both,28,<1 year,294,All causes,8,Probability of death,2023,0.0375225161739452,,
1,All Population,27,Probability of death,182,Malawi,3,Both,34,2-4 years,294,All causes,8,Probability of death,2023,0.01132773075848089,,
1,All Population,27,Probability of death,182,Malawi,3,Both,42,<28 days,294,All causes,8,Probability of death,2023,0.020913850934720424,,
1,All Population,27,Probability of death,182,Malawi,3,Both,238,12-23 months,294,All causes,8,Probability of death,2023,0.006868064749437446,,
1,All Population,27,Probability of death,182,Malawi,3,Both,388,1-5 months,294,All causes,8,Probability of death,2023,0.009482055974906149,,
1,All Population,27,Probability of death,182,Malawi,3,Both,389,6-11 months,294,All causes,8,Probability of death,2023,0.007553005404716854,,
1,All Population,27,Probability of death,184,Mozambique,3,Both,1,<5 years,294,All causes,8,Probability of death,2023,0.06163656456524813,,
1,All Population,27,Probability of death,184,Mozambique,3,Both,22,All ages,294,All causes,8,Probability of death,2023,1.0,,
1,All Population,27,Probability of death,184,Mozambique,3,Both,28,<1 year,294,All causes,8,Probability of death,2023,0.04440392134046611,,
1,All Population,27,Probability of death,184,Mozambique,3,Both,34,2-4 years,294,All causes,8,Probability of death,2023,0.010569783018714586,,
1,All Population,27,Probability of death,184,Mozambique,3,Both,42,<28 days,294,All causes,8,Probability of death,2023,0.021966590634503014,,
1,All Population,27,Probability of death,184,Mozambique,3,Both,238,12-23 months,294,All causes,8,Probability of death,2023,0.007543337316970517,,
1,All Population,27,Probability of death,184,Mozambique,3,Both,388,1-5 months,294,All causes,8,Probability of death,2023,0.012927603746399724,,
1,All Population,27,Probability of death,184,Mozambique,3,Both,389,6-11 months,294,All causes,8,Probability of death,2023,0.010144802584098712,,
1,All Population,27,Probability of death,185,Rwanda,3,Both,1,<5 years,294,All causes,8,Probability of death,2023,0.05217577945873675,,
1,All Population,27,Probability of death,185,Rwanda,3,Both,22,All ages,294,All causes,8,Probability of death,2023,1.0,,
1,All Population,27,Probability of death,185,Rwanda,3,Both,28,<1 year,294,All causes,8,Probability of death,2023,0.036260073339985266,,
1,All Population,27,Probability of death,185,Rwanda,3,Both,34,2-4 years,294,All causes,8,Probability of death,2023,0.009830770733162764,,
1,All Population,27,Probability of death,185,Rwanda,3,Both,42,<28 days,294,All causes,8,Probability of death,2023,0.020161912712638452,,
1,All Population,27,Probability of death,185,Rwanda,3,Both,238,12-23 months,294,All causes,8,Probability of death,2023,0.006750127323255856,,
1,All Population,27,Probability of death,185,Rwanda,3,Both,388,1-5 months,294,All causes,8,Probability of death,2023,0.009458207683162306,,
1,All Population,27,Probability of death,185,Rwanda,3,Both,389,6-11 months,294,All causes,8,Probability of death,2023,0.0070377689993256845,,
1,All Population,27,Probability of death,187,Somalia,3,Both,1,<5 years,294,All causes,8,Probability of death,2023,0.08255290885499,,
1,All Population,27,Probability of death,187,Somalia,3,Both,22,All ages,294,All causes,8,Probability of death,2023,1.0,,
1,All Population,27,Probability of death,187,Somalia,3,Both,28,<1 year,294,All causes,8,Probability of death,2023,0.05229432213862051,,
1,All Population,27,Probability of death,187,Somalia,3,Both,34,2-4 years,294,All causes,8,Probability of death,2023,0.01901647530302111,,
1,All Population,27,Probability of death,187,Somalia,3,Both,42,<28 days,294,All causes,8,Probability of death,2023,0.024711430459600114,,
1,All Population,27,Probability of death,187,Somalia,3,Both,238,12-23 months,294,All causes,8,Probability of death,2023,0.013162102042655867,,
1,All Population,27,Probability of death,187,Somalia,3,Both,388,1-5 months,294,All causes,8,Probability of death,2023,0.01537845221141699,,
1,All Population,27,Probability of death,187,Somalia,3,Both,389,6-11 months,294,All causes,8,Probability of death,2023,0.013104894335893218,,
1,All Population,27,Probability of death,189,United Republic of Tanzania,3,Both,1,<5 years,294,All causes,8,Probability of death,2023,0.04368283688716801,,
1,All Population,27,Probability of death,189,United Republic of Tanzania,3,Both,22,All ages,294,All causes,8,Probability of death,2023,1.0,,
1,All Population,27,Probability of death,189,United Republic of Tanzania,3,Both,28,<1 year,294,All causes,8,Probability of death,2023,0.033138430380891815,,
1,All Population,27,Probability of death,189,United Republic of Tanzania,3,Both,34,2-4 years,294,All causes,8,Probability of death,2023,0.00603623268578746,,
1,All Population,27,Probability of death,189,United Republic of Tanzania,3,Both,42,<28 days,294,All causes,8,Probability of death,2023,0.020833696998501794,,
1,All Population,27,Probability of death,189,United Republic of Tanzania,3,Both,238,12-23 months,294,All causes,8,Probability of death,2023,0.004899142963891111,,
1,All Population,27,Probability of death,189,United Republic of Tanzania,3,Both,388,1-5 months,294,All causes,8,Probability of death,2023,0.007108453931747429,,
1,All Population,27,Probability of death,189,United Republic of Tanzania,3,Both,389,6-11 months,294,All causes,8,Probability of death,2023,0.005497168549895813,,
1,All Population,27,Probability of death,190,Uganda,3,Both,1,<5 years,294,All causes,8,Probability of death,2023,0.05386647056278604,,
1,All Population,27,Probability of death,190,Uganda,3,Both,22,All ages,294,All causes,8,Probability of death,2023,1.0,,
1,All Population,27,Probability of death,190,Uganda,3,Both,28,<1 year,294,All causes,8,Probability of death,2023,0.036725036836309566,,
1,All Population,27,Probability of death,190,Uganda,3,Both,34,2-4 years,294,All causes,8,Probability of death,2023,0.010152231603063108,,
1,All Population,27,Probability of death,190,Uganda,3,Both,42,<28 days,294,All causes,8,Probability of death,2023,0.020108594219567344,,
1,All Population,27,Probability of death,190,Uganda,3,Both,238,12-23 months,294,All causes,8,Probability of death,2023,0.0077211167428003855,,
1,All Population,27,Probability of death,190,Uganda,3,Both,388,1-5 months,294,All causes,8,Probability of death,2023,0.009132475297030592,,
1,All Population,27,Probability of death,190,Uganda,3,Both,389,6-11 months,294,All causes,8,Probability of death,2023,0.00789707809535257,,
1,All Population,27,Probability of death,191,Zambia,3,Both,1,<5 years,294,All causes,8,Probability of death,2023,0.0508804458495038,,
1,All Population,27,Probability of death,191,Zambia,3,Both,22,All ages,294,All causes,8,Probability of death,2023,1.0,,
1,All Population,27,Probability of death,191,Zambia,3,Both,28,<1 year,294,All causes,8,Probability of death,2023,0.03400982898921856,,
1,All Population,27,Probability of death,191,Zambia,3,Both,34,2-4 years,294,All causes,8,Probability of death,2023,0.009967906283120224,,
1,All Population,27,Probability of death,191,Zambia,3,Both,42,<28 days,294,All causes,8,Probability of death,2023,0.01779809751962491,,
1,All Population,27,Probability of death,191,Zambia,3,Both,238,12-23 months,294,All causes,8,Probability of death,2023,0.0075721580464844195,,
1,All Population,27,Probability of death,191,Zambia,3,Both,388,1-5 months,294,All causes,8,Probability of death,2023,0.009025387218381614,,
1,All Population,27,Probability of death,191,Zambia,3,Both,389,6-11 months,294,All causes,8,Probability of death,2023,0.007548244196193032,,
1,All Population,27,Probability of death,192,Southern Sub-Saharan Africa,3,Both,1,<5 years,294,All causes,8,Probability of death,2023,0.040785731061411146,,
1,All Population,27,Probability of death,192,Southern Sub-Saharan Africa,3,Both,22,All ages,294,All causes,8,Probability of death,2023,1.0,,
1,All Population,27,Probability of death,192,Southern Sub-Saharan Africa,3,Both,28,<1 year,294,All causes,8,Probability of death,2023,0.031061593297887158,,
1,All Population,27,Probability of death,192,Southern Sub-Saharan Africa,3,Both,34,2-4 years,294,All causes,8,Probability of death,2023,0.005070978146344024,,
1,All Population,27,Probability of death,192,Southern Sub-Saharan Africa,3,Both,42,<28 days,294,All causes,8,Probability of death,2023,0.01574367839954005,,
1,All Population,27,Probability of death,192,Southern Sub-Saharan Africa,3,Both,238,12-23 months,294,All causes,8,Probability of death,2023,0.004990197750696099,,
1,All Population,27,Probability of death,192,Southern Sub-Saharan Africa,3,Both,388,1-5 months,294,All causes,8,Probability of death,2023,0.009939287799148235,,
1,All Population,27,Probability of death,192,Southern Sub-Saharan Africa,3,Both,389,6-11 months,294,All causes,8,Probability of death,2023,0.0056801005421994785,,
1,All Population,27,Probability of death,193,Botswana,3,Both,1,<5 years,294,All causes,8,Probability of death,2023,0.024522147472954337,,
1,All Population,27,Probability of death,193,Botswana,3,Both,22,All ages,294,All causes,8,Probability of death,2023,1.0,,
1,All Population,27,Probability of death,193,Botswana,3,Both,28,<1 year,294,All causes,8,Probability of death,2023,0.019275160758630228,,
1,All Population,27,Probability of death,193,Botswana,3,Both,34,2-4 years,294,All causes,8,Probability of death,2023,0.0023653136190349643,,
1,All Population,27,Probability of death,193,Botswana,3,Both,42,<28 days,294,All causes,8,Probability of death,2023,0.007485720495823411,,
1,All Population,27,Probability of death,193,Botswana,3,Both,238,12-23 months,294,All causes,8,Probability of death,2023,0.0029918758778351294,,
1,All Population,27,Probability of death,193,Botswana,3,Both,388,1-5 months,294,All causes,8,Probability of death,2023,0.007823516729010086,,
1,All Population,27,Probability of death,193,Botswana,3,Both,389,6-11 months,294,All causes,8,Probability of death,2023,0.004086815334869569,,
1,All Population,27,Probability of death,194,Lesotho,3,Both,1,<5 years,294,All causes,8,Probability of death,2023,0.06253381514757761,,
1,All Population,27,Probability of death,194,Lesotho,3,Both,22,All ages,294,All causes,8,Probability of death,2023,1.0,,
1,All Population,27,Probability of death,194,Lesotho,3,Both,28,<1 year,294,All causes,8,Probability of death,2023,0.05149268284488173,,
1,All Population,27,Probability of death,194,Lesotho,3,Both,34,2-4 years,294,All causes,8,Probability of death,2023,0.006308356322710619,,
1,All Population,27,Probability of death,194,Lesotho,3,Both,42,<28 days,294,All causes,8,Probability of death,2023,0.029408500552110306,,
1,All Population,27,Probability of death,194,Lesotho,3,Both,238,12-23 months,294,All causes,8,Probability of death,2023,0.0053660180007159474,,
1,All Population,27,Probability of death,194,Lesotho,3,Both,388,1-5 months,294,All causes,8,Probability of death,2023,0.014120736834021586,,
1,All Population,27,Probability of death,194,Lesotho,3,Both,389,6-11 months,294,All causes,8,Probability of death,2023,0.00875623256218971,,
1,All Population,27,Probability of death,195,Namibia,3,Both,1,<5 years,294,All causes,8,Probability of death,2023,0.03827922091861646,,
1,All Population,27,Probability of death,195,Namibia,3,Both,22,All ages,294,All causes,8,Probability of death,2023,1.0,,
1,All Population,27,Probability of death,195,Namibia,3,Both,28,<1 year,294,All causes,8,Probability of death,2023,0.02794997482181283,,
1,All Population,27,Probability of death,195,Namibia,3,Both,34,2-4 years,294,All causes,8,Probability of death,2023,0.005844714028214539,,
1,All Population,27,Probability of death,195,Namibia,3,Both,42,<28 days,294,All causes,8,Probability of death,2023,0.014632675638266424,,
1,All Population,27,Probability of death,195,Namibia,3,Both,238,12-23 months,294,All causes,8,Probability of death,2023,0.004809654592651738,,
1,All Population,27,Probability of death,195,Namibia,3,Both,388,1-5 months,294,All causes,8,Probability of death,2023,0.008985900435929093,,
1,All Population,27,Probability of death,195,Namibia,3,Both,389,6-11 months,294,All causes,8,Probability of death,2023,0.004570235081087905,,
1,All Population,27,Probability of death,196,South Africa,3,Both,1,<5 years,294,All causes,8,Probability of death,2023,0.034858895050085326,,
1,All Population,27,Probability of death,196,South Africa,3,Both,22,All ages,294,All causes,8,Probability of death,2023,1.0,,
1,All Population,27,Probability of death,196,South Africa,3,Both,28,<1 year,294,All causes,8,Probability of death,2023,0.02680892290808301,,
1,All Population,27,Probability of death,196,South Africa,3,Both,34,2-4 years,294,All causes,8,Probability of death,2023,0.003944888865567025,,
1,All Population,27,Probability of death,196,South Africa,3,Both,42,<28 days,294,All causes,8,Probability of death,2023,0.012474238165319007,,
1,All Population,27,Probability of death,196,South Africa,3,Both,238,12-23 months,294,All causes,8,Probability of death,2023,0.0043439779658322065,,
1,All Population,27,Probability of death,196,South Africa,3,Both,388,1-5 months,294,All causes,8,Probability of death,2023,0.009727549010020138,,
1,All Population,27,Probability of death,196,South Africa,3,Both,389,6-11 months,294,All causes,8,Probability of death,2023,0.004835240682425129,,
1,All Population,27,Probability of death,197,Eswatini,3,Both,1,<5 years,294,All causes,8,Probability of death,2023,0.0494490656324561,,
1,All Population,27,Probability of death,197,Eswatini,3,Both,22,All ages,294,All causes,8,Probability of death,2023,1.0,,
1,All Population,27,Probability of death,197,Eswatini,3,Both,28,<1 year,294,All causes,8,Probability of death,2023,0.03874384501707828,,
1,All Population,27,Probability of death,197,Eswatini,3,Both,34,2-4 years,294,All causes,8,Probability of death,2023,0.006655222980100884,,
1,All Population,27,Probability of death,197,Eswatini,3,Both,42,<28 days,294,All causes,8,Probability of death,2023,0.019107956029388085,,
1,All Population,27,Probability of death,197,Eswatini,3,Both,238,12-23 months,294,All causes,8,Probability of death,2023,0.004511500472181862,,
1,All Population,27,Probability of death,197,Eswatini,3,Both,388,1-5 months,294,All causes,8,Probability of death,2023,0.01153609244183583,,
1,All Population,27,Probability of death,197,Eswatini,3,Both,389,6-11 months,294,All causes,8,Probability of death,2023,0.00858130119357331,,
1,All Population,27,Probability of death,198,Zimbabwe,3,Both,1,<5 years,294,All causes,8,Probability of death,2023,0.054098391105874,,
1,All Population,27,Probability of death,198,Zimbabwe,3,Both,22,All ages,294,All causes,8,Probability of death,2023,1.0,,
1,All Population,27,Probability of death,198,Zimbabwe,3,Both,28,<1 year,294,All causes,8,Probability of death,2023,0.040234759913418294,,
1,All Population,27,Probability of death,198,Zimbabwe,3,Both,34,2-4 years,294,All causes,8,Probability of death,2023,0.00774124067881177,,
1,All Population,27,Probability of death,198,Zimbabwe,3,Both,42,<28 days,294,All causes,8,Probability of death,2023,0.022862935477071855,,
1,All Population,27,Probability of death,198,Zimbabwe,3,Both,238,12-23 months,294,All causes,8,Probability of death,2023,0.006755894041545302,,
1,All Population,27,Probability of death,198,Zimbabwe,3,Both,388,1-5 months,294,All causes,8,Probability of death,2023,0.010326317334368847,,
1,All Population,27,Probability of death,198,Zimbabwe,3,Both,389,6-11 months,294,All causes,8,Probability of death,2023,0.007529737880870571,,
1,All Population,27,Probability of death,199,Western Sub-Saharan Africa,3,Both,1,<5 years,294,All causes,8,Probability of death,2023,0.08039852271050385,,
1,All Population,27,Probability of death,199,Western Sub-Saharan Africa,3,Both,22,All ages,294,All causes,8,Probability of death,2023,1.0,,
1,All Population,27,Probability of death,199,Western Sub-Saharan Africa,3,Both,28,<1 year,294,All causes,8,Probability of death,2023,0.048636846714305015,,
1,All Population,27,Probability of death,199,Western Sub-Saharan Africa,3,Both,34,2-4 years,294,All causes,8,Probability of death,2023,0.022422811294285902,,
1,All Population,27,Probability of death,199,Western Sub-Saharan Africa,3,Both,42,<28 days,294,All causes,8,Probability of death,2023,0.02694838932840904,,
1,All Population,27,Probability of death,199,Western Sub-Saharan Africa,3,Both,238,12-23 months,294,All causes,8,Probability of death,2023,0.011214089776946917,,
1,All Population,27,Probability of death,199,Western Sub-Saharan Africa,3,Both,388,1-5 months,294,All causes,8,Probability of death,2023,0.01182495035140652,,
1,All Population,27,Probability of death,199,Western Sub-Saharan Africa,3,Both,389,6-11 months,294,All causes,8,Probability of death,2023,0.010589377599474186,,
1,All Population,27,Probability of death,200,Benin,3,Both,1,<5 years,294,All causes,8,Probability of death,2023,0.06656240459305718,,
1,All Population,27,Probability of death,200,Benin,3,Both,22,All ages,294,All causes,8,Probability of death,2023,1.0,,
1,All Population,27,Probability of death,200,Benin,3,Both,28,<1 year,294,All causes,8,Probability of death,2023,0.038663175664577665,,
1,All Population,27,Probability of death,200,Benin,3,Both,34,2-4 years,294,All causes,8,Probability of death,2023,0.020226908208556656,,
1,All Population,27,Probability of death,200,Benin,3,Both,42,<28 days,294,All causes,8,Probability of death,2023,0.02061586515609526,,
1,All Population,27,Probability of death,200,Benin,3,Both,238,12-23 months,294,All causes,8,Probability of death,2023,0.008975941326729837,,
1,All Population,27,Probability of death,200,Benin,3,Both,388,1-5 months,294,All causes,8,Probability of death,2023,0.008836519294920216,,
1,All Population,27,Probability of death,200,Benin,3,Both,389,6-11 months,294,All causes,8,Probability of death,2023,0.009676191780896303,,
1,All Population,27,Probability of death,201,Burkina Faso,3,Both,1,<5 years,294,All causes,8,Probability of death,2023,0.055988624788749886,,
1,All Population,27,Probability of death,201,Burkina Faso,3,Both,22,All ages,294,All causes,8,Probability of death,2023,1.0,,
1,All Population,27,Probability of death,201,Burkina Faso,3,Both,28,<1 year,294,All causes,8,Probability of death,2023,0.03552351238254825,,
1,All Population,27,Probability of death,201,Burkina Faso,3,Both,34,2-4 years,294,All causes,8,Probability of death,2023,0.013012094340592095,,
1,All Population,27,Probability of death,201,Burkina Faso,3,Both,42,<28 days,294,All causes,8,Probability of death,2023,0.02022575615952682,,
1,All Population,27,Probability of death,201,Burkina Faso,3,Both,238,12-23 months,294,All causes,8,Probability of death,2023,0.008314984022621812,,
1,All Population,27,Probability of death,201,Burkina Faso,3,Both,388,1-5 months,294,All causes,8,Probability of death,2023,0.008814929376699573,,
1,All Population,27,Probability of death,201,Burkina Faso,3,Both,389,6-11 months,294,All causes,8,Probability of death,2023,0.006859100225728609,,
1,All Population,27,Probability of death,202,Cameroon,3,Both,1,<5 years,294,All causes,8,Probability of death,2023,0.06817087998358429,,
1,All Population,27,Probability of death,202,Cameroon,3,Both,22,All ages,294,All causes,8,Probability of death,2023,1.0,,
1,All Population,27,Probability of death,202,Cameroon,3,Both,28,<1 year,294,All causes,8,Probability of death,2023,0.042749000433328965,,
1,All Population,27,Probability of death,202,Cameroon,3,Both,34,2-4 years,294,All causes,8,Probability of death,2023,0.01686406578733875,,
1,All Population,27,Probability of death,202,Cameroon,3,Both,42,<28 days,294,All causes,8,Probability of death,2023,0.023132670751239814,,
1,All Population,27,Probability of death,202,Cameroon,3,Both,238,12-23 months,294,All causes,8,Probability of death,2023,0.00985939126416396,,
1,All Population,27,Probability of death,202,Cameroon,3,Both,388,1-5 months,294,All causes,8,Probability of death,2023,0.010337656008548926,,
1,All Population,27,Probability of death,202,Cameroon,3,Both,389,6-11 months,294,All causes,8,Probability of death,2023,0.009844985656997724,,
1,All Population,27,Probability of death,203,Cabo Verde,3,Both,1,<5 years,294,All causes,8,Probability of death,2023,0.025530131917004817,,
1,All Population,27,Probability of death,203,Cabo Verde,3,Both,22,All ages,294,All causes,8,Probability of death,2023,1.0,,
1,All Population,27,Probability of death,203,Cabo Verde,3,Both,28,<1 year,294,All causes,8,Probability of death,2023,0.021066731070168987,,
1,All Population,27,Probability of death,203,Cabo Verde,3,Both,34,2-4 years,294,All causes,8,Probability of death,2023,0.002356742419596087,,
1,All Population,27,Probability of death,203,Cabo Verde,3,Both,42,<28 days,294,All causes,8,Probability of death,2023,0.012145186860037738,,
1,All Population,27,Probability of death,203,Cabo Verde,3,Both,238,12-23 months,294,All causes,8,Probability of death,2023,0.0022079156694112443,,
1,All Population,27,Probability of death,203,Cabo Verde,3,Both,388,1-5 months,294,All causes,8,Probability of death,2023,0.005125603893553664,,
1,All Population,27,Probability of death,203,Cabo Verde,3,Both,389,6-11 months,294,All causes,8,Probability of death,2023,0.0039257475153239236,,
1,All Population,27,Probability of death,204,Chad,3,Both,1,<5 years,294,All causes,8,Probability of death,2023,0.10369213261910815,,
1,All Population,27,Probability of death,204,Chad,3,Both,22,All ages,294,All causes,8,Probability of death,2023,1.0,,
1,All Population,27,Probability of death,204,Chad,3,Both,28,<1 year,294,All causes,8,Probability of death,2023,0.06623748456202683,,
1,All Population,27,Probability of death,204,Chad,3,Both,34,2-4 years,294,All causes,8,Probability of death,2023,0.026426741656081502,,
1,All Population,27,Probability of death,204,Chad,3,Both,42,<28 days,294,All causes,8,Probability of death,2023,0.030923648654673896,,
1,All Population,27,Probability of death,204,Chad,3,Both,238,12-23 months,294,All causes,8,Probability of death,2023,0.014056246497549184,,
1,All Population,27,Probability of death,204,Chad,3,Both,388,1-5 months,294,All causes,8,Probability of death,2023,0.018238937414627964,,
1,All Population,27,Probability of death,204,Chad,3,Both,389,6-11 months,294,All causes,8,Probability of death,2023,0.01853991154239898,,
1,All Population,27,Probability of death,205,Côte d'Ivoire,3,Both,1,<5 years,294,All causes,8,Probability of death,2023,0.0697676079801729,,
1,All Population,27,Probability of death,205,Côte d'Ivoire,3,Both,22,All ages,294,All causes,8,Probability of death,2023,1.0,,
1,All Population,27,Probability of death,205,Côte d'Ivoire,3,Both,28,<1 year,294,All causes,8,Probability of death,2023,0.048174067873638315,,
1,All Population,27,Probability of death,205,Côte d'Ivoire,3,Both,34,2-4 years,294,All causes,8,Probability of death,2023,0.013729626126728962,,
1,All Population,27,Probability of death,205,Côte d'Ivoire,3,Both,42,<28 days,294,All causes,8,Probability of death,2023,0.02623711285857855,,
1,All Population,27,Probability of death,205,Côte d'Ivoire,3,Both,238,12-23 months,294,All causes,8,Probability of death,2023,0.009081489257954172,,
1,All Population,27,Probability of death,205,Côte d'Ivoire,3,Both,388,1-5 months,294,All causes,8,Probability of death,2023,0.013132084153280252,,
1,All Population,27,Probability of death,205,Côte d'Ivoire,3,Both,389,6-11 months,294,All causes,8,Probability of death,2023,0.00952096899694248,,
1,All Population,27,Probability of death,206,Gambia,3,Both,1,<5 years,294,All causes,8,Probability of death,2023,0.05454535290956486,,
1,All Population,27,Probability of death,206,Gambia,3,Both,22,All ages,294,All causes,8,Probability of death,2023,1.0,,
1,All Population,27,Probability of death,206,Gambia,3,Both,28,<1 year,294,All causes,8,Probability of death,2023,0.039954371532145205,,
1,All Population,27,Probability of death,206,Gambia,3,Both,34,2-4 years,294,All causes,8,Probability of death,2023,0.009655184455979295,,
1,All Population,27,Probability of death,206,Gambia,3,Both,42,<28 days,294,All causes,8,Probability of death,2023,0.026193598285649378,,
1,All Population,27,Probability of death,206,Gambia,3,Both,238,12-23 months,294,All causes,8,Probability of death,2023,0.005597094738769853,,
1,All Population,27,Probability of death,206,Gambia,3,Both,388,1-5 months,294,All causes,8,Probability of death,2023,0.00845276127359493,,
1,All Population,27,Probability of death,206,Gambia,3,Both,389,6-11 months,294,All causes,8,Probability of death,2023,0.005726563402989555,,
1,All Population,27,Probability of death,207,Ghana,3,Both,1,<5 years,294,All causes,8,Probability of death,2023,0.04358015492444989,,
1,All Population,27,Probability of death,207,Ghana,3,Both,22,All ages,294,All causes,8,Probability of death,2023,1.0,,
1,All Population,27,Probability of death,207,Ghana,3,Both,28,<1 year,294,All causes,8,Probability of death,2023,0.03132458989685327,,
1,All Population,27,Probability of death,207,Ghana,3,Both,34,2-4 years,294,All causes,8,Probability of death,2023,0.008478169125678694,,
1,All Population,27,Probability of death,207,Ghana,3,Both,42,<28 days,294,All causes,8,Probability of death,2023,0.02016512838124007,,
1,All Population,27,Probability of death,207,Ghana,3,Both,238,12-23 months,294,All causes,8,Probability of death,2023,0.004209392434595711,,
1,All Population,27,Probability of death,207,Ghana,3,Both,388,1-5 months,294,All causes,8,Probability of death,2023,0.007243372833482245,,
1,All Population,27,Probability of death,207,Ghana,3,Both,389,6-11 months,294,All causes,8,Probability of death,2023,0.004175999499428585,,
1,All Population,27,Probability of death,208,Guinea,3,Both,1,<5 years,294,All causes,8,Probability of death,2023,0.08063812818204341,,
1,All Population,27,Probability of death,208,Guinea,3,Both,22,All ages,294,All causes,8,Probability of death,2023,1.0,,
1,All Population,27,Probability of death,208,Guinea,3,Both,28,<1 year,294,All causes,8,Probability of death,2023,0.049852626309386694,,
1,All Population,27,Probability of death,208,Guinea,3,Both,34,2-4 years,294,All causes,8,Probability of death,2023,0.020332445680463208,,
1,All Population,27,Probability of death,208,Guinea,3,Both,42,<28 days,294,All causes,8,Probability of death,2023,0.0261683492123167,,
1,All Population,27,Probability of death,208,Guinea,3,Both,238,12-23 months,294,All causes,8,Probability of death,2023,0.01231877025062043,,
1,All Population,27,Probability of death,208,Guinea,3,Both,388,1-5 months,294,All causes,8,Probability of death,2023,0.013451719619466115,,
1,All Population,27,Probability of death,208,Guinea,3,Both,389,6-11 months,294,All causes,8,Probability of death,2023,0.011017218015605013,,
1,All Population,27,Probability of death,209,Guinea-Bissau,3,Both,1,<5 years,294,All causes,8,Probability of death,2023,0.0729078736667994,,
1,All Population,27,Probability of death,209,Guinea-Bissau,3,Both,22,All ages,294,All causes,8,Probability of death,2023,1.0,,
1,All Population,27,Probability of death,209,Guinea-Bissau,3,Both,28,<1 year,294,All causes,8,Probability of death,2023,0.05064848538617306,,
1,All Population,27,Probability of death,209,Guinea-Bissau,3,Both,34,2-4 years,294,All causes,8,Probability of death,2023,0.01623148072822425,,
1,All Population,27,Probability of death,209,Guinea-Bissau,3,Both,42,<28 days,294,All causes,8,Probability of death,2023,0.03195183888867992,,
1,All Population,27,Probability of death,209,Guinea-Bissau,3,Both,238,12-23 months,294,All causes,8,Probability of death,2023,0.007334497642191192,,
1,All Population,27,Probability of death,209,Guinea-Bissau,3,Both,388,1-5 months,294,All causes,8,Probability of death,2023,0.0119888243203468,,
1,All Population,27,Probability of death,209,Guinea-Bissau,3,Both,389,6-11 months,294,All causes,8,Probability of death,2023,0.007413829983509503,,
1,All Population,27,Probability of death,210,Liberia,3,Both,1,<5 years,294,All causes,8,Probability of death,2023,0.08374699299664279,,
1,All Population,27,Probability of death,210,Liberia,3,Both,22,All ages,294,All causes,8,Probability of death,2023,1.0,,
1,All Population,27,Probability of death,210,Liberia,3,Both,28,<1 year,294,All causes,8,Probability of death,2023,0.05954563268663404,,
1,All Population,27,Probability of death,210,Liberia,3,Both,34,2-4 years,294,All causes,8,Probability of death,2023,0.013758562959574873,,
1,All Population,27,Probability of death,210,Liberia,3,Both,42,<28 days,294,All causes,8,Probability of death,2023,0.031057384336544036,,
1,All Population,27,Probability of death,210,Liberia,3,Both,238,12-23 months,294,All causes,8,Probability of death,2023,0.012142220624811684,,
1,All Population,27,Probability of death,210,Liberia,3,Both,388,1-5 months,294,All causes,8,Probability of death,2023,0.016702358142084314,,
1,All Population,27,Probability of death,210,Liberia,3,Both,389,6-11 months,294,All causes,8,Probability of death,2023,0.012914731731572726,,
1,All Population,27,Probability of death,211,Mali,3,Both,1,<5 years,294,All causes,8,Probability of death,2023,0.08693123504351674,,
1,All Population,27,Probability of death,211,Mali,3,Both,22,All ages,294,All causes,8,Probability of death,2023,1.0,,
1,All Population,27,Probability of death,211,Mali,3,Both,28,<1 year,294,All causes,8,Probability of death,2023,0.05243439744588152,,
1,All Population,27,Probability of death,211,Mali,3,Both,34,2-4 years,294,All causes,8,Probability of death,2023,0.025293256099287145,,
1,All Population,27,Probability of death,211,Mali,3,Both,42,<28 days,294,All causes,8,Probability of death,2023,0.03141387201402479,,
1,All Population,27,Probability of death,211,Mali,3,Both,238,12-23 months,294,All causes,8,Probability of death,2023,0.011400858335965354,,
1,All Population,27,Probability of death,211,Mali,3,Both,388,1-5 months,294,All causes,8,Probability of death,2023,0.011643780932210954,,
1,All Population,27,Probability of death,211,Mali,3,Both,389,6-11 months,294,All causes,8,Probability of death,2023,0.010177017838649388,,
1,All Population,27,Probability of death,212,Mauritania,3,Both,1,<5 years,294,All causes,8,Probability of death,2023,0.04147351601975735,,
1,All Population,27,Probability of death,212,Mauritania,3,Both,22,All ages,294,All causes,8,Probability of death,2023,1.0,,
1,All Population,27,Probability of death,212,Mauritania,3,Both,28,<1 year,294,All causes,8,Probability of death,2023,0.032827458808661225,,
1,All Population,27,Probability of death,212,Mauritania,3,Both,34,2-4 years,294,All causes,8,Probability of death,2023,0.0056499341618407575,,
1,All Population,27,Probability of death,212,Mauritania,3,Both,42,<28 days,294,All causes,8,Probability of death,2023,0.02157539685093668,,
1,All Population,27,Probability of death,212,Mauritania,3,Both,238,12-23 months,294,All causes,8,Probability of death,2023,0.0033082799731079444,,
1,All Population,27,Probability of death,212,Mauritania,3,Both,388,1-5 months,294,All causes,8,Probability of death,2023,0.007926896659714069,,
1,All Population,27,Probability of death,212,Mauritania,3,Both,389,6-11 months,294,All causes,8,Probability of death,2023,0.003601829729975553,,
1,All Population,27,Probability of death,213,Niger,3,Both,1,<5 years,294,All causes,8,Probability of death,2023,0.11738355509809661,,
1,All Population,27,Probability of death,213,Niger,3,Both,22,All ages,294,All causes,8,Probability of death,2023,1.0,,
1,All Population,27,Probability of death,213,Niger,3,Both,28,<1 year,294,All causes,8,Probability of death,2023,0.058309111385921764,,
1,All Population,27,Probability of death,213,Niger,3,Both,34,2-4 years,294,All causes,8,Probability of death,2023,0.04037613452355133,,
1,All Population,27,Probability of death,213,Niger,3,Both,42,<28 days,294,All causes,8,Probability of death,2023,0.02951080980746834,,
1,All Population,27,Probability of death,213,Niger,3,Both,238,12-23 months,294,All causes,8,Probability of death,2023,0.023296764116660606,,
1,All Population,27,Probability of death,213,Niger,3,Both,388,1-5 months,294,All causes,8,Probability of death,2023,0.014432577098476618,,
1,All Population,27,Probability of death,213,Niger,3,Both,389,6-11 months,294,All causes,8,Probability of death,2023,0.015464601713796655,,
1,All Population,27,Probability of death,214,Nigeria,3,Both,1,<5 years,294,All causes,8,Probability of death,2023,0.08555242819449727,,
1,All Population,27,Probability of death,214,Nigeria,3,Both,22,All ages,294,All causes,8,Probability of death,2023,1.0,,
1,All Population,27,Probability of death,214,Nigeria,3,Both,28,<1 year,294,All causes,8,Probability of death,2023,0.050392066050223616,,
1,All Population,27,Probability of death,214,Nigeria,3,Both,34,2-4 years,294,All causes,8,Probability of death,2023,0.02585148312802938,,
1,All Population,27,Probability of death,214,Nigeria,3,Both,42,<28 days,294,All causes,8,Probability of death,2023,0.02847036139597281,,
1,All Population,27,Probability of death,214,Nigeria,3,Both,238,12-23 months,294,All causes,8,Probability of death,2023,0.011471306138636362,,
1,All Population,27,Probability of death,214,Nigeria,3,Both,388,1-5 months,294,All causes,8,Probability of death,2023,0.011827509549331343,,
1,All Population,27,Probability of death,214,Nigeria,3,Both,389,6-11 months,294,All causes,8,Probability of death,2023,0.010865109214011735,,
1,All Population,27,Probability of death,215,Sao Tome and Principe,3,Both,1,<5 years,294,All causes,8,Probability of death,2023,0.03489480225392394,,
1,All Population,27,Probability of death,215,Sao Tome and Principe,3,Both,22,All ages,294,All causes,8,Probability of death,2023,1.0,,
1,All Population,27,Probability of death,215,Sao Tome and Principe,3,Both,28,<1 year,294,All causes,8,Probability of death,2023,0.023763000933079592,,
1,All Population,27,Probability of death,215,Sao Tome and Principe,3,Both,34,2-4 years,294,All causes,8,Probability of death,2023,0.006248361489261702,,
1,All Population,27,Probability of death,215,Sao Tome and Principe,3,Both,42,<28 days,294,All causes,8,Probability of death,2023,0.011445149658386833,,
1,All Population,27,Probability of death,215,Sao Tome and Principe,3,Both,238,12-23 months,294,All causes,8,Probability of death,2023,0.0051868211631496625,,
1,All Population,27,Probability of death,215,Sao Tome and Principe,3,Both,388,1-5 months,294,All causes,8,Probability of death,2023,0.006777661428467409,,
1,All Population,27,Probability of death,215,Sao Tome and Principe,3,Both,389,6-11 months,294,All causes,8,Probability of death,2023,0.0057215817089317144,,
1,All Population,27,Probability of death,216,Senegal,3,Both,1,<5 years,294,All causes,8,Probability of death,2023,0.04297459736863796,,
1,All Population,27,Probability of death,216,Senegal,3,Both,22,All ages,294,All causes,8,Probability of death,2023,1.0,,
1,All Population,27,Probability of death,216,Senegal,3,Both,28,<1 year,294,All causes,8,Probability of death,2023,0.03263973184752211,,
1,All Population,27,Probability of death,216,Senegal,3,Both,34,2-4 years,294,All causes,8,Probability of death,2023,0.0068205726689433855,,
1,All Population,27,Probability of death,216,Senegal,3,Both,42,<28 days,294,All causes,8,Probability of death,2023,0.02211423279315916,,
1,All Population,27,Probability of death,216,Senegal,3,Both,238,12-23 months,294,All causes,8,Probability of death,2023,0.003889536446975482,,
1,All Population,27,Probability of death,216,Senegal,3,Both,388,1-5 months,294,All causes,8,Probability of death,2023,0.006881090218724441,,
1,All Population,27,Probability of death,216,Senegal,3,Both,389,6-11 months,294,All causes,8,Probability of death,2023,0.003909337139255017,,
1,All Population,27,Probability of death,217,Sierra Leone,3,Both,1,<5 years,294,All causes,8,Probability of death,2023,0.10265478683652496,,
1,All Population,27,Probability of death,217,Sierra Leone,3,Both,22,All ages,294,All causes,8,Probability of death,2023,1.0,,
1,All Population,27,Probability of death,217,Sierra Leone,3,Both,28,<1 year,294,All causes,8,Probability of death,2023,0.06895262162195592,,
1,All Population,27,Probability of death,217,Sierra Leone,3,Both,34,2-4 years,294,All causes,8,Probability of death,2023,0.020965988527955066,,
1,All Population,27,Probability of death,217,Sierra Leone,3,Both,42,<28 days,294,All causes,8,Probability of death,2023,0.02839317676326536,,
1,All Population,27,Probability of death,217,Sierra Leone,3,Both,238,12-23 months,294,All causes,8,Probability of death,2023,0.015558429113508005,,
1,All Population,27,Probability of death,217,Sierra Leone,3,Both,388,1-5 months,294,All causes,8,Probability of death,2023,0.021958861842307456,,
1,All Population,27,Probability of death,217,Sierra Leone,3,Both,389,6-11 months,294,All causes,8,Probability of death,2023,0.020230113341194456,,
1,All Population,27,Probability of death,218,Togo,3,Both,1,<5 years,294,All causes,8,Probability of death,2023,0.061812642388784034,,
1,All Population,27,Probability of death,218,Togo,3,Both,22,All ages,294,All causes,8,Probability of death,2023,1.0,,
1,All Population,27,Probability of death,218,Togo,3,Both,28,<1 year,294,All causes,8,Probability of death,2023,0.03898158779381622,,
1,All Population,27,Probability of death,218,Togo,3,Both,34,2-4 years,294,All causes,8,Probability of death,2023,0.016340243674320357,,
1,All Population,27,Probability of death,218,Togo,3,Both,42,<28 days,294,All causes,8,Probability of death,2023,0.023003992805745166,,
1,All Population,27,Probability of death,218,Togo,3,Both,238,12-23 months,294,All causes,8,Probability of death,2023,0.007540129739613522,,
1,All Population,27,Probability of death,218,Togo,3,Both,388,1-5 months,294,All causes,8,Probability of death,2023,0.008705930971645862,,
1,All Population,27,Probability of death,218,Togo,3,Both,389,6-11 months,294,All causes,8,Probability of death,2023,0.00771502071634454,,
1,All Population,27,Probability of death,242,Sub-Saharan Africa - WB,3,Both,1,<5 years,294,All causes,8,Probability of death,2023,0.06684641581238016,,
1,All Population,27,Probability of death,242,Sub-Saharan Africa - WB,3,Both,22,All ages,294,All causes,8,Probability of death,2023,1.0,,
1,All Population,27,Probability of death,242,Sub-Saharan Africa - WB,3,Both,28,<1 year,294,All causes,8,Probability of death,2023,0.04336965917994129,,
1,All Population,27,Probability of death,242,Sub-Saharan Africa - WB,3,Both,34,2-4 years,294,All causes,8,Probability of death,2023,0.015974200145348855,,
1,All Population,27,Probability of death,242,Sub-Saharan Africa - WB,3,Both,42,<28 days,294,All causes,8,Probability of death,2023,0.023581987501501644,,
1,All Population,27,Probability of death,242,Sub-Saharan Africa - WB,3,Both,238,12-23 months,294,All causes,8,Probability of death,2023,0.00870596932909322,,
1,All Population,27,Probability of death,242,Sub-Saharan Africa - WB,3,Both,388,1-5 months,294,All causes,8,Probability of death,2023,0.011146516086209205,,
1,All Population,27,Probability of death,242,Sub-Saharan Africa - WB,3,Both,389,6-11 months,294,All causes,8,Probability of death,2023,0.009221847488836074,,
1,All Population,27,Probability of death,252,Micronesia,3,Both,1,<5 years,294,All causes,8,Probability of death,2023,0.022613178048861315,,
1,All Population,27,Probability of death,252,Micronesia,3,Both,22,All ages,294,All causes,8,Probability of death,2023,1.0,,
1,All Population,27,Probability of death,252,Micronesia,3,Both,28,<1 year,294,All causes,8,Probability of death,2023,0.017359787315131325,,
1,All Population,27,Probability of death,252,Micronesia,3,Both,34,2-4 years,294,All causes,8,Probability of death,2023,0.002826106746437104,,
1,All Population,27,Probability of death,252,Micronesia,3,Both,42,<28 days,294,All causes,8,Probability of death,2023,0.008557076987964707,,
1,All Population,27,Probability of death,252,Micronesia,3,Both,238,12-23 months,294,All causes,8,Probability of death,2023,0.0025272358540480086,,
1,All Population,27,Probability of death,252,Micronesia,3,Both,388,1-5 months,294,All causes,8,Probability of death,2023,0.006071217575470355,,
1,All Population,27,Probability of death,252,Micronesia,3,Both,389,6-11 months,294,All causes,8,Probability of death,2023,0.0028246220491763103,,
1,All Population,27,Probability of death,257,Polynesia,3,Both,1,<5 years,294,All causes,8,Probability of death,2023,0.014661507524717177,,
1,All Population,27,Probability of death,257,Polynesia,3,Both,22,All ages,294,All causes,8,Probability of death,2023,1.0,,
1,All Population,27,Probability of death,257,Polynesia,3,Both,28,<1 year,294,All causes,8,Probability of death,2023,0.010977345909940817,,
1,All Population,27,Probability of death,257,Polynesia,3,Both,34,2-4 years,294,All causes,8,Probability of death,2023,0.002221109733540938,,
1,All Population,27,Probability of death,257,Polynesia,3,Both,42,<28 days,294,All causes,8,Probability of death,2023,0.005432504849034014,,
1,All Population,27,Probability of death,257,Polynesia,3,Both,238,12-23 months,294,All causes,8,Probability of death,2023,0.0015072907959177218,,
1,All Population,27,Probability of death,257,Polynesia,3,Both,388,1-5 months,294,All causes,8,Probability of death,2023,0.0038124046418842655,,
1,All Population,27,Probability of death,257,Polynesia,3,Both,389,6-11 months,294,All causes,8,Probability of death,2023,0.0017694708669357276,,
1,All Population,27,Probability of death,435,South Sudan,3,Both,1,<5 years,294,All causes,8,Probability of death,2023,0.10518738567395014,,
1,All Population,27,Probability of death,435,South Sudan,3,Both,22,All ages,294,All causes,8,Probability of death,2023,1.0,,
1,All Population,27,Probability of death,435,South Sudan,3,Both,28,<1 year,294,All causes,8,Probability of death,2023,0.06993737713374848,,
1,All Population,27,Probability of death,435,South Sudan,3,Both,34,2-4 years,294,All causes,8,Probability of death,2023,0.02302355530283317,,
1,All Population,27,Probability of death,435,South Sudan,3,Both,42,<28 days,294,All causes,8,Probability of death,2023,0.025553238671381817,,
1,All Population,27,Probability of death,435,South Sudan,3,Both,238,12-23 months,294,All causes,8,Probability of death,2023,0.01522783457926307,,
1,All Population,27,Probability of death,435,South Sudan,3,Both,388,1-5 months,294,All causes,8,Probability of death,2023,0.030096284335044507,,
1,All Population,27,Probability of death,435,South Sudan,3,Both,389,6-11 months,294,All causes,8,Probability of death,2023,0.01593119173292799,,
1,All Population,27,Probability of death,478,World Bank Regions,3,Both,1,<5 years,294,All causes,8,Probability of death,2023,0.036316869445634614,,
1,All Population,27,Probability of death,478,World Bank Regions,3,Both,22,All ages,294,All causes,8,Probability of death,2023,1.0,,
1,All Population,27,Probability of death,478,World Bank Regions,3,Both,28,<1 year,294,All causes,8,Probability of death,2023,0.02690471378843784,,
1,All Population,27,Probability of death,478,World Bank Regions,3,Both,34,2-4 years,294,All causes,8,Probability of death,2023,0.006020011076954225,,
1,All Population,27,Probability of death,478,World Bank Regions,3,Both,42,<28 days,294,All causes,8,Probability of death,2023,0.016079442156545665,,
1,All Population,27,Probability of death,478,World Bank Regions,3,Both,238,12-23 months,294,All causes,8,Probability of death,2023,0.0036744983442820985,,
1,All Population,27,Probability of death,478,World Bank Regions,3,Both,388,1-5 months,294,All causes,8,Probability of death,2023,0.0066858661763197205,,
1,All Population,27,Probability of death,478,World Bank Regions,3,Both,389,6-11 months,294,All causes,8,Probability of death,2023,0.00434536550980685,,
1,All Population,27,Probability of death,479,WHO region,3,Both,1,<5 years,294,All causes,8,Probability of death,2023,0.0363672827089041,,
1,All Population,27,Probability of death,479,WHO region,3,Both,22,All ages,294,All causes,8,Probability of death,2023,1.0,,
1,All Population,27,Probability of death,479,WHO region,3,Both,28,<1 year,294,All causes,8,Probability of death,2023,0.02694752334624606,,
1,All Population,27,Probability of death,479,WHO region,3,Both,34,2-4 years,294,All causes,8,Probability of death,2023,0.006025737418434815,,
1,All Population,27,Probability of death,479,WHO region,3,Both,42,<28 days,294,All causes,8,Probability of death,2023,0.016105670248757975,,
1,All Population,27,Probability of death,479,WHO region,3,Both,238,12-23 months,294,All causes,8,Probability of death,2023,0.003677048229346762,,
1,All Population,27,Probability of death,479,WHO region,3,Both,388,1-5 months,294,All causes,8,Probability of death,2023,0.006695812977483276,,
1,All Population,27,Probability of death,479,WHO region,3,Both,389,6-11 months,294,All causes,8,Probability of death,2023,0.004352656928436236,,
1,All Population,27,Probability of death,25318,Abia,3,Both,1,<5 years,294,All causes,8,Probability of death,2023,0.08212161559650621,,
1,All Population,27,Probability of death,25318,Abia,3,Both,22,All ages,294,All causes,8,Probability of death,2023,1.0,,
1,All Population,27,Probability of death,25318,Abia,3,Both,28,<1 year,294,All causes,8,Probability of death,2023,0.04686246200842825,,
1,All Population,27,Probability of death,25318,Abia,3,Both,34,2-4 years,294,All causes,8,Probability of death,2023,0.02273359205000414,,
1,All Population,27,Probability of death,25318,Abia,3,Both,42,<28 days,294,All causes,8,Probability of death,2023,0.023101028958440795,,
1,All Population,27,Probability of death,25318,Abia,3,Both,238,12-23 months,294,All causes,8,Probability of death,2023,0.014590925624234514,,
1,All Population,27,Probability of death,25318,Abia,3,Both,388,1-5 months,294,All causes,8,Probability of death,2023,0.009805185707494658,,
1,All Population,27,Probability of death,25318,Abia,3,Both,389,6-11 months,294,All causes,8,Probability of death,2023,0.014661918189073258,,
1,All Population,27,Probability of death,25319,Adamawa,3,Both,1,<5 years,294,All causes,8,Probability of death,2023,0.08976332001682863,,
1,All Population,27,Probability of death,25319,Adamawa,3,Both,22,All ages,294,All causes,8,Probability of death,2023,1.0,,
1,All Population,27,Probability of death,25319,Adamawa,3,Both,28,<1 year,294,All causes,8,Probability of death,2023,0.05890151367064678,,
1,All Population,27,Probability of death,25319,Adamawa,3,Both,34,2-4 years,294,All causes,8,Probability of death,2023,0.020961961709574678,,
1,All Population,27,Probability of death,25319,Adamawa,3,Both,42,<28 days,294,All causes,8,Probability of death,2023,0.03317274546112703,,
1,All Population,27,Probability of death,25319,Adamawa,3,Both,238,12-23 months,294,All causes,8,Probability of death,2023,0.012084856465089746,,
1,All Population,27,Probability of death,25319,Adamawa,3,Both,388,1-5 months,294,All causes,8,Probability of death,2023,0.013702549327060734,,
1,All Population,27,Probability of death,25319,Adamawa,3,Both,389,6-11 months,294,All causes,8,Probability of death,2023,0.013088332636501405,,
1,All Population,27,Probability of death,25320,Akwa Ibom,3,Both,1,<5 years,294,All causes,8,Probability of death,2023,0.05764087152304731,,
1,All Population,27,Probability of death,25320,Akwa Ibom,3,Both,22,All ages,294,All causes,8,Probability of death,2023,1.0,,
1,All Population,27,Probability of death,25320,Akwa Ibom,3,Both,28,<1 year,294,All causes,8,Probability of death,2023,0.04041929399876887,,
1,All Population,27,Probability of death,25320,Akwa Ibom,3,Both,34,2-4 years,294,All causes,8,Probability of death,2023,0.01023197435243355,,
1,All Population,27,Probability of death,25320,Akwa Ibom,3,Both,42,<28 days,294,All causes,8,Probability of death,2023,0.024170189586130264,,
1,All Population,27,Probability of death,25320,Akwa Ibom,3,Both,238,12-23 months,294,All causes,8,Probability of death,2023,0.007794787891863778,,
1,All Population,27,Probability of death,25320,Akwa Ibom,3,Both,388,1-5 months,294,All causes,8,Probability of death,2023,0.009263423301239658,,
1,All Population,27,Probability of death,25320,Akwa Ibom,3,Both,389,6-11 months,294,All causes,8,Probability of death,2023,0.00745724145821932,,
1,All Population,27,Probability of death,25321,Anambra,3,Both,1,<5 years,294,All causes,8,Probability of death,2023,0.050215402933012854,,
1,All Population,27,Probability of death,25321,Anambra,3,Both,22,All ages,294,All causes,8,Probability of death,2023,1.0,,
1,All Population,27,Probability of death,25321,Anambra,3,Both,28,<1 year,294,All causes,8,Probability of death,2023,0.03274381005636784,,
1,All Population,27,Probability of death,25321,Anambra,3,Both,34,2-4 years,294,All causes,8,Probability of death,2023,0.010450138713028837,,
1,All Population,27,Probability of death,25321,Anambra,3,Both,42,<28 days,294,All causes,8,Probability of death,2023,0.014598180377854653,,
1,All Population,27,Probability of death,25321,Anambra,3,Both,238,12-23 months,294,All causes,8,Probability of death,2023,0.007693295241065948,,
1,All Population,27,Probability of death,25321,Anambra,3,Both,388,1-5 months,294,All causes,8,Probability of death,2023,0.009298922576588807,,
1,All Population,27,Probability of death,25321,Anambra,3,Both,389,6-11 months,294,All causes,8,Probability of death,2023,0.00920109520620772,,
1,All Population,27,Probability of death,25322,Bauchi,3,Both,1,<5 years,294,All causes,8,Probability of death,2023,0.09963697153817752,,
1,All Population,27,Probability of death,25322,Bauchi,3,Both,22,All ages,294,All causes,8,Probability of death,2023,1.0,,
1,All Population,27,Probability of death,25322,Bauchi,3,Both,28,<1 year,294,All causes,8,Probability of death,2023,0.05432422438381135,,
1,All Population,27,Probability of death,25322,Bauchi,3,Both,34,2-4 years,294,All causes,8,Probability of death,2023,0.03429811303523792,,
1,All Population,27,Probability of death,25322,Bauchi,3,Both,42,<28 days,294,All causes,8,Probability of death,2023,0.03368056090507732,,
1,All Population,27,Probability of death,25322,Bauchi,3,Both,238,12-23 months,294,All causes,8,Probability of death,2023,0.014101401028784695,,
1,All Population,27,Probability of death,25322,Bauchi,3,Both,388,1-5 months,294,All causes,8,Probability of death,2023,0.01205734185946529,,
1,All Population,27,Probability of death,25322,Bauchi,3,Both,389,6-11 months,294,All causes,8,Probability of death,2023,0.009419427633856356,,
1,All Population,27,Probability of death,25323,Bayelsa,3,Both,1,<5 years,294,All causes,8,Probability of death,2023,0.0758107114637977,,
1,All Population,27,Probability of death,25323,Bayelsa,3,Both,22,All ages,294,All causes,8,Probability of death,2023,1.0,,
1,All Population,27,Probability of death,25323,Bayelsa,3,Both,28,<1 year,294,All causes,8,Probability of death,2023,0.050658091686110684,,
1,All Population,27,Probability of death,25323,Bayelsa,3,Both,34,2-4 years,294,All causes,8,Probability of death,2023,0.01699230011989187,,
1,All Population,27,Probability of death,25323,Bayelsa,3,Both,42,<28 days,294,All causes,8,Probability of death,2023,0.026671277153358597,,
1,All Population,27,Probability of death,25323,Bayelsa,3,Both,238,12-23 months,294,All causes,8,Probability of death,2023,0.009666790639379542,,
1,All Population,27,Probability of death,25323,Bayelsa,3,Both,388,1-5 months,294,All causes,8,Probability of death,2023,0.012807779418892606,,
1,All Population,27,Probability of death,25323,Bayelsa,3,Both,389,6-11 months,294,All causes,8,Probability of death,2023,0.011989938420598954,,
1,All Population,27,Probability of death,25324,Benue,3,Both,1,<5 years,294,All causes,8,Probability of death,2023,0.07015669041563599,,
1,All Population,27,Probability of death,25324,Benue,3,Both,22,All ages,294,All causes,8,Probability of death,2023,1.0,,
1,All Population,27,Probability of death,25324,Benue,3,Both,28,<1 year,294,All causes,8,Probability of death,2023,0.051697094385064424,,
1,All Population,27,Probability of death,25324,Benue,3,Both,34,2-4 years,294,All causes,8,Probability of death,2023,0.01207927097257893,,
1,All Population,27,Probability of death,25324,Benue,3,Both,42,<28 days,294,All causes,8,Probability of death,2023,0.030188355546378,,
1,All Population,27,Probability of death,25324,Benue,3,Both,238,12-23 months,294,All causes,8,Probability of death,2023,0.007477045967308476,,
1,All Population,27,Probability of death,25324,Benue,3,Both,388,1-5 months,294,All causes,8,Probability of death,2023,0.012584491384574327,,
1,All Population,27,Probability of death,25324,Benue,3,Both,389,6-11 months,294,All causes,8,Probability of death,2023,0.009716092493554832,,
1,All Population,27,Probability of death,25325,Borno,3,Both,1,<5 years,294,All causes,8,Probability of death,2023,0.07152566755722589,,
1,All Population,27,Probability of death,25325,Borno,3,Both,22,All ages,294,All causes,8,Probability of death,2023,1.0,,
1,All Population,27,Probability of death,25325,Borno,3,Both,28,<1 year,294,All causes,8,Probability of death,2023,0.044496649517039244,,
1,All Population,27,Probability of death,25325,Borno,3,Both,34,2-4 years,294,All causes,8,Probability of death,2023,0.01874566805670936,,
1,All Population,27,Probability of death,25325,Borno,3,Both,42,<28 days,294,All causes,8,Probability of death,2023,0.023292675570761645,,
1,All Population,27,Probability of death,25325,Borno,3,Both,238,12-23 months,294,All causes,8,Probability of death,2023,0.009724455164607593,,
1,All Population,27,Probability of death,25325,Borno,3,Both,388,1-5 months,294,All causes,8,Probability of death,2023,0.012641141352677675,,
1,All Population,27,Probability of death,25325,Borno,3,Both,389,6-11 months,294,All causes,8,Probability of death,2023,0.009184576627734333,,
1,All Population,27,Probability of death,25326,Cross River,3,Both,1,<5 years,294,All causes,8,Probability of death,2023,0.0581996571957486,,
1,All Population,27,Probability of death,25326,Cross River,3,Both,22,All ages,294,All causes,8,Probability of death,2023,1.0,,
1,All Population,27,Probability of death,25326,Cross River,3,Both,28,<1 year,294,All causes,8,Probability of death,2023,0.0394644063321391,,
1,All Population,27,Probability of death,25326,Cross River,3,Both,34,2-4 years,294,All causes,8,Probability of death,2023,0.01104596070870866,,
1,All Population,27,Probability of death,25326,Cross River,3,Both,42,<28 days,294,All causes,8,Probability of death,2023,0.019552258274697087,,
1,All Population,27,Probability of death,25326,Cross River,3,Both,238,12-23 months,294,All causes,8,Probability of death,2023,0.008553569940327023,,
1,All Population,27,Probability of death,25326,Cross River,3,Both,388,1-5 months,294,All causes,8,Probability of death,2023,0.011527371632268602,,
1,All Population,27,Probability of death,25326,Cross River,3,Both,389,6-11 months,294,All causes,8,Probability of death,2023,0.00888431165179054,,
1,All Population,27,Probability of death,25327,Delta,3,Both,1,<5 years,294,All causes,8,Probability of death,2023,0.07274340013673619,,
1,All Population,27,Probability of death,25327,Delta,3,Both,22,All ages,294,All causes,8,Probability of death,2023,1.0,,
1,All Population,27,Probability of death,25327,Delta,3,Both,28,<1 year,294,All causes,8,Probability of death,2023,0.050554411219660644,,
1,All Population,27,Probability of death,25327,Delta,3,Both,34,2-4 years,294,All causes,8,Probability of death,2023,0.013803369650590385,,
1,All Population,27,Probability of death,25327,Delta,3,Both,42,<28 days,294,All causes,8,Probability of death,2023,0.027275363857094725,,
1,All Population,27,Probability of death,25327,Delta,3,Both,238,12-23 months,294,All causes,8,Probability of death,2023,0.00970111204824156,,
1,All Population,27,Probability of death,25327,Delta,3,Both,388,1-5 months,294,All causes,8,Probability of death,2023,0.010870350339739356,,
1,All Population,27,Probability of death,25327,Delta,3,Both,389,6-11 months,294,All causes,8,Probability of death,2023,0.013204975905220254,,
1,All Population,27,Probability of death,25328,Ebonyi,3,Both,1,<5 years,294,All causes,8,Probability of death,2023,0.09184726754940398,,
1,All Population,27,Probability of death,25328,Ebonyi,3,Both,22,All ages,294,All causes,8,Probability of death,2023,1.0,,
1,All Population,27,Probability of death,25328,Ebonyi,3,Both,28,<1 year,294,All causes,8,Probability of death,2023,0.05593257901063553,,
1,All Population,27,Probability of death,25328,Ebonyi,3,Both,34,2-4 years,294,All causes,8,Probability of death,2023,0.025520882373052736,,
1,All Population,27,Probability of death,25328,Ebonyi,3,Both,42,<28 days,294,All causes,8,Probability of death,2023,0.02921239836244538,,
1,All Population,27,Probability of death,25328,Ebonyi,3,Both,238,12-23 months,294,All causes,8,Probability of death,2023,0.012849494662186644,,
1,All Population,27,Probability of death,25328,Ebonyi,3,Both,388,1-5 months,294,All causes,8,Probability of death,2023,0.01291978480146716,,
1,All Population,27,Probability of death,25328,Ebonyi,3,Both,389,6-11 months,294,All causes,8,Probability of death,2023,0.014795643472076887,,
1,All Population,27,Probability of death,25329,Edo,3,Both,1,<5 years,294,All causes,8,Probability of death,2023,0.06629708630604769,,
1,All Population,27,Probability of death,25329,Edo,3,Both,22,All ages,294,All causes,8,Probability of death,2023,1.0,,
1,All Population,27,Probability of death,25329,Edo,3,Both,28,<1 year,294,All causes,8,Probability of death,2023,0.04383412907189432,,
1,All Population,27,Probability of death,25329,Edo,3,Both,34,2-4 years,294,All causes,8,Probability of death,2023,0.01459448674838924,,
1,All Population,27,Probability of death,25329,Edo,3,Both,42,<28 days,294,All causes,8,Probability of death,2023,0.02737394745070887,,
1,All Population,27,Probability of death,25329,Edo,3,Both,238,12-23 months,294,All causes,8,Probability of death,2023,0.009030063492805968,,
1,All Population,27,Probability of death,25329,Edo,3,Both,388,1-5 months,294,All causes,8,Probability of death,2023,0.00801450502046217,,
1,All Population,27,Probability of death,25329,Edo,3,Both,389,6-11 months,294,All causes,8,Probability of death,2023,0.008980896987974097,,
1,All Population,27,Probability of death,25330,Ekiti,3,Both,1,<5 years,294,All causes,8,Probability of death,2023,0.0761960672159705,,
1,All Population,27,Probability of death,25330,Ekiti,3,Both,22,All ages,294,All causes,8,Probability of death,2023,1.0,,
1,All Population,27,Probability of death,25330,Ekiti,3,Both,28,<1 year,294,All causes,8,Probability of death,2023,0.04817563631225774,,
1,All Population,27,Probability of death,25330,Ekiti,3,Both,34,2-4 years,294,All causes,8,Probability of death,2023,0.018337162025072042,,
1,All Population,27,Probability of death,25330,Ekiti,3,Both,42,<28 days,294,All causes,8,Probability of death,2023,0.027370935208648972,,
1,All Population,27,Probability of death,25330,Ekiti,3,Both,238,12-23 months,294,All causes,8,Probability of death,2023,0.01130899388447555,,
1,All Population,27,Probability of death,25330,Ekiti,3,Both,388,1-5 months,294,All causes,8,Probability of death,2023,0.010661147837843608,,
1,All Population,27,Probability of death,25330,Ekiti,3,Both,389,6-11 months,294,All causes,8,Probability of death,2023,0.010844643361786564,,
1,All Population,27,Probability of death,25331,Enugu,3,Both,1,<5 years,294,All causes,8,Probability of death,2023,0.053943218886059574,,
1,All Population,27,Probability of death,25331,Enugu,3,Both,22,All ages,294,All causes,8,Probability of death,2023,1.0,,
1,All Population,27,Probability of death,25331,Enugu,3,Both,28,<1 year,294,All causes,8,Probability of death,2023,0.03264134786596229,,
1,All Population,27,Probability of death,25331,Enugu,3,Both,34,2-4 years,294,All causes,8,Probability of death,2023,0.010654035905719299,,
1,All Population,27,Probability of death,25331,Enugu,3,Both,42,<28 days,294,All causes,8,Probability of death,2023,0.015391194433914679,,
1,All Population,27,Probability of death,25331,Enugu,3,Both,238,12-23 months,294,All causes,8,Probability of death,2023,0.011489069835864518,,
1,All Population,27,Probability of death,25331,Enugu,3,Both,388,1-5 months,294,All causes,8,Probability of death,2023,0.008524305805305782,,
1,All Population,27,Probability of death,25331,Enugu,3,Both,389,6-11 months,294,All causes,8,Probability of death,2023,0.009072832296218475,,
1,All Population,27,Probability of death,25332,FCT (Abuja),3,Both,1,<5 years,294,All causes,8,Probability of death,2023,0.07446625205909141,,
1,All Population,27,Probability of death,25332,FCT (Abuja),3,Both,22,All ages,294,All causes,8,Probability of death,2023,1.0,,
1,All Population,27,Probability of death,25332,FCT (Abuja),3,Both,28,<1 year,294,All causes,8,Probability of death,2023,0.04864379376165184,,
1,All Population,27,Probability of death,25332,FCT (Abuja),3,Both,34,2-4 years,294,All causes,8,Probability of death,2023,0.01795865855784088,,
1,All Population,27,Probability of death,25332,FCT (Abuja),3,Both,42,<28 days,294,All causes,8,Probability of death,2023,0.027133476555947,,
1,All Population,27,Probability of death,25332,FCT (Abuja),3,Both,238,12-23 months,294,All causes,8,Probability of death,2023,0.009352142679327501,,
1,All Population,27,Probability of death,25332,FCT (Abuja),3,Both,388,1-5 months,294,All causes,8,Probability of death,2023,0.011142336631281585,,
1,All Population,27,Probability of death,25332,FCT (Abuja),3,Both,389,6-11 months,294,All causes,8,Probability of death,2023,0.011091516171691825,,
1,All Population,27,Probability of death,25333,Gombe,3,Both,1,<5 years,294,All causes,8,Probability of death,2023,0.10141834077601364,,
1,All Population,27,Probability of death,25333,Gombe,3,Both,22,All ages,294,All causes,8,Probability of death,2023,1.0,,
1,All Population,27,Probability of death,25333,Gombe,3,Both,28,<1 year,294,All causes,8,Probability of death,2023,0.055518464970860215,,
1,All Population,27,Probability of death,25333,Gombe,3,Both,34,2-4 years,294,All causes,8,Probability of death,2023,0.035106040670745624,,
1,All Population,27,Probability of death,25333,Gombe,3,Both,42,<28 days,294,All causes,8,Probability of death,2023,0.03005758187797325,,
1,All Population,27,Probability of death,25333,Gombe,3,Both,238,12-23 months,294,All causes,8,Probability of death,2023,0.013982909232157923,,
1,All Population,27,Probability of death,25333,Gombe,3,Both,388,1-5 months,294,All causes,8,Probability of death,2023,0.015068446894749232,,
1,All Population,27,Probability of death,25333,Gombe,3,Both,389,6-11 months,294,All causes,8,Probability of death,2023,0.01135246856603307,,
1,All Population,27,Probability of death,25334,Imo,3,Both,1,<5 years,294,All causes,8,Probability of death,2023,0.06208983575158589,,
1,All Population,27,Probability of death,25334,Imo,3,Both,22,All ages,294,All causes,8,Probability of death,2023,1.0,,
1,All Population,27,Probability of death,25334,Imo,3,Both,28,<1 year,294,All causes,8,Probability of death,2023,0.03660616737377931,,
1,All Population,27,Probability of death,25334,Imo,3,Both,34,2-4 years,294,All causes,8,Probability of death,2023,0.017464009271793,,
1,All Population,27,Probability of death,25334,Imo,3,Both,42,<28 days,294,All causes,8,Probability of death,2023,0.017355335454839582,,
1,All Population,27,Probability of death,25334,Imo,3,Both,238,12-23 months,294,All causes,8,Probability of death,2023,0.009147813881304244,,
1,All Population,27,Probability of death,25334,Imo,3,Both,388,1-5 months,294,All causes,8,Probability of death,2023,0.008984575162346698,,
1,All Population,27,Probability of death,25334,Imo,3,Both,389,6-11 months,294,All causes,8,Probability of death,2023,0.01070243931842704,,
1,All Population,27,Probability of death,25335,Jigawa,3,Both,1,<5 years,294,All causes,8,Probability of death,2023,0.13065926402707095,,
1,All Population,27,Probability of death,25335,Jigawa,3,Both,22,All ages,294,All causes,8,Probability of death,2023,1.0,,
1,All Population,27,Probability of death,25335,Jigawa,3,Both,28,<1 year,294,All causes,8,Probability of death,2023,0.06246083903713473,,
1,All Population,27,Probability of death,25335,Jigawa,3,Both,34,2-4 years,294,All causes,8,Probability of death,2023,0.05680654530175121,,
1,All Population,27,Probability of death,25335,Jigawa,3,Both,42,<28 days,294,All causes,8,Probability of death,2023,0.03836386108523859,,
1,All Population,27,Probability of death,25335,Jigawa,3,Both,238,12-23 months,294,All causes,8,Probability of death,2023,0.016895488352324864,,
1,All Population,27,Probability of death,25335,Jigawa,3,Both,388,1-5 months,294,All causes,8,Probability of death,2023,0.01426479583926073,,
1,All Population,27,Probability of death,25335,Jigawa,3,Both,389,6-11 months,294,All causes,8,Probability of death,2023,0.010949686626510748,,
1,All Population,27,Probability of death,25336,Kaduna,3,Both,1,<5 years,294,All causes,8,Probability of death,2023,0.08606800250227487,,
1,All Population,27,Probability of death,25336,Kaduna,3,Both,22,All ages,294,All causes,8,Probability of death,2023,1.0,,
1,All Population,27,Probability of death,25336,Kaduna,3,Both,28,<1 year,294,All causes,8,Probability of death,2023,0.048147362378718084,,
1,All Population,27,Probability of death,25336,Kaduna,3,Both,34,2-4 years,294,All causes,8,Probability of death,2023,0.028564456564834043,,
1,All Population,27,Probability of death,25336,Kaduna,3,Both,42,<28 days,294,All causes,8,Probability of death,2023,0.029213216471664527,,
1,All Population,27,Probability of death,25336,Kaduna,3,Both,238,12-23 months,294,All causes,8,Probability of death,2023,0.011605831713463393,,
1,All Population,27,Probability of death,25336,Kaduna,3,Both,388,1-5 months,294,All causes,8,Probability of death,2023,0.009924410040876852,,
1,All Population,27,Probability of death,25336,Kaduna,3,Both,389,6-11 months,294,All causes,8,Probability of death,2023,0.009675532197442797,,
1,All Population,27,Probability of death,25337,Kano,3,Both,1,<5 years,294,All causes,8,Probability of death,2023,0.11070342259466215,,
1,All Population,27,Probability of death,25337,Kano,3,Both,22,All ages,294,All causes,8,Probability of death,2023,1.0,,
1,All Population,27,Probability of death,25337,Kano,3,Both,28,<1 year,294,All causes,8,Probability of death,2023,0.055202642399358126,,
1,All Population,27,Probability of death,25337,Kano,3,Both,34,2-4 years,294,All causes,8,Probability of death,2023,0.04550275548843302,,
1,All Population,27,Probability of death,25337,Kano,3,Both,42,<28 days,294,All causes,8,Probability of death,2023,0.034140956884563534,,
1,All Population,27,Probability of death,25337,Kano,3,Both,238,12-23 months,294,All causes,8,Probability of death,2023,0.013872048640230224,,
1,All Population,27,Probability of death,25337,Kano,3,Both,388,1-5 months,294,All causes,8,Probability of death,2023,0.011212718694195602,,
1,All Population,27,Probability of death,25337,Kano,3,Both,389,6-11 months,294,All causes,8,Probability of death,2023,0.010713565202573752,,
1,All Population,27,Probability of death,25338,Katsina,3,Both,1,<5 years,294,All causes,8,Probability of death,2023,0.0891646518815592,,
1,All Population,27,Probability of death,25338,Katsina,3,Both,22,All ages,294,All causes,8,Probability of death,2023,1.0,,
1,All Population,27,Probability of death,25338,Katsina,3,Both,28,<1 year,294,All causes,8,Probability of death,2023,0.044304831949115386,,
1,All Population,27,Probability of death,25338,Katsina,3,Both,34,2-4 years,294,All causes,8,Probability of death,2023,0.033141688054426854,,
1,All Population,27,Probability of death,25338,Katsina,3,Both,42,<28 days,294,All causes,8,Probability of death,2023,0.025894409974091426,,
1,All Population,27,Probability of death,25338,Katsina,3,Both,238,12-23 months,294,All causes,8,Probability of death,2023,0.014270847376988548,,
1,All Population,27,Probability of death,25338,Katsina,3,Both,388,1-5 months,294,All causes,8,Probability of death,2023,0.009333771401653692,,
1,All Population,27,Probability of death,25338,Katsina,3,Both,389,6-11 months,294,All causes,8,Probability of death,2023,0.009656164002649865,,
1,All Population,27,Probability of death,25339,Kebbi,3,Both,1,<5 years,294,All causes,8,Probability of death,2023,0.12264514378857005,,
1,All Population,27,Probability of death,25339,Kebbi,3,Both,22,All ages,294,All causes,8,Probability of death,2023,1.0,,
1,All Population,27,Probability of death,25339,Kebbi,3,Both,28,<1 year,294,All causes,8,Probability of death,2023,0.06561228608031211,,
1,All Population,27,Probability of death,25339,Kebbi,3,Both,34,2-4 years,294,All causes,8,Probability of death,2023,0.04336745264615793,,
1,All Population,27,Probability of death,25339,Kebbi,3,Both,42,<28 days,294,All causes,8,Probability of death,2023,0.03269358090195451,,
1,All Population,27,Probability of death,25339,Kebbi,3,Both,238,12-23 months,294,All causes,8,Probability of death,2023,0.01847172678235835,,
1,All Population,27,Probability of death,25339,Kebbi,3,Both,388,1-5 months,294,All causes,8,Probability of death,2023,0.016952892014979654,,
1,All Population,27,Probability of death,25339,Kebbi,3,Both,389,6-11 months,294,All causes,8,Probability of death,2023,0.01737299635748296,,
1,All Population,27,Probability of death,25340,Kogi,3,Both,1,<5 years,294,All causes,8,Probability of death,2023,0.06613273895840244,,
1,All Population,27,Probability of death,25340,Kogi,3,Both,22,All ages,294,All causes,8,Probability of death,2023,1.0,,
1,All Population,27,Probability of death,25340,Kogi,3,Both,28,<1 year,294,All causes,8,Probability of death,2023,0.044270331736452895,,
1,All Population,27,Probability of death,25340,Kogi,3,Both,34,2-4 years,294,All causes,8,Probability of death,2023,0.014488036929626491,,
1,All Population,27,Probability of death,25340,Kogi,3,Both,42,<28 days,294,All causes,8,Probability of death,2023,0.02393325434360849,,
1,All Population,27,Probability of death,25340,Kogi,3,Both,238,12-23 months,294,All causes,8,Probability of death,2023,0.008510454671102737,,
1,All Population,27,Probability of death,25340,Kogi,3,Both,388,1-5 months,294,All causes,8,Probability of death,2023,0.011311666121671372,,
1,All Population,27,Probability of death,25340,Kogi,3,Both,389,6-11 months,294,All causes,8,Probability of death,2023,0.009633034042073243,,
1,All Population,27,Probability of death,25341,Kwara,3,Both,1,<5 years,294,All causes,8,Probability of death,2023,0.047159950193481626,,
1,All Population,27,Probability of death,25341,Kwara,3,Both,22,All ages,294,All causes,8,Probability of death,2023,1.0,,
1,All Population,27,Probability of death,25341,Kwara,3,Both,28,<1 year,294,All causes,8,Probability of death,2023,0.032205356334952584,,
1,All Population,27,Probability of death,25341,Kwara,3,Both,34,2-4 years,294,All causes,8,Probability of death,2023,0.0098442150682651,,
1,All Population,27,Probability of death,25341,Kwara,3,Both,42,<28 days,294,All causes,8,Probability of death,2023,0.017474191627768754,,
1,All Population,27,Probability of death,25341,Kwara,3,Both,238,12-23 months,294,All causes,8,Probability of death,2023,0.005663821553604199,,
1,All Population,27,Probability of death,25341,Kwara,3,Both,388,1-5 months,294,All causes,8,Probability of death,2023,0.007605774567527385,,
1,All Population,27,Probability of death,25341,Kwara,3,Both,389,6-11 months,294,All causes,8,Probability of death,2023,0.007444006206947462,,
1,All Population,27,Probability of death,25342,Lagos,3,Both,1,<5 years,294,All causes,8,Probability of death,2023,0.0642770359133169,,
1,All Population,27,Probability of death,25342,Lagos,3,Both,22,All ages,294,All causes,8,Probability of death,2023,1.0,,
1,All Population,27,Probability of death,25342,Lagos,3,Both,28,<1 year,294,All causes,8,Probability of death,2023,0.04668466912431768,,
1,All Population,27,Probability of death,25342,Lagos,3,Both,34,2-4 years,294,All causes,8,Probability of death,2023,0.011506290157678968,,
1,All Population,27,Probability of death,25342,Lagos,3,Both,42,<28 days,294,All causes,8,Probability of death,2023,0.029835721333743348,,
1,All Population,27,Probability of death,25342,Lagos,3,Both,238,12-23 months,294,All causes,8,Probability of death,2023,0.007028490187346704,,
1,All Population,27,Probability of death,25342,Lagos,3,Both,388,1-5 months,294,All causes,8,Probability of death,2023,0.008848824824151466,,
1,All Population,27,Probability of death,25342,Lagos,3,Both,389,6-11 months,294,All causes,8,Probability of death,2023,0.008594347151257382,,
1,All Population,27,Probability of death,25343,Nasarawa,3,Both,1,<5 years,294,All causes,8,Probability of death,2023,0.08326544116961321,,
1,All Population,27,Probability of death,25343,Nasarawa,3,Both,22,All ages,294,All causes,8,Probability of death,2023,1.0,,
1,All Population,27,Probability of death,25343,Nasarawa,3,Both,28,<1 year,294,All causes,8,Probability of death,2023,0.054040252557488344,,
1,All Population,27,Probability of death,25343,Nasarawa,3,Both,34,2-4 years,294,All causes,8,Probability of death,2023,0.020382931864871685,,
1,All Population,27,Probability of death,25343,Nasarawa,3,Both,42,<28 days,294,All causes,8,Probability of death,2023,0.0315204981834476,,
1,All Population,27,Probability of death,25343,Nasarawa,3,Both,238,12-23 months,294,All causes,8,Probability of death,2023,0.010730543051336984,,
1,All Population,27,Probability of death,25343,Nasarawa,3,Both,388,1-5 months,294,All causes,8,Probability of death,2023,0.013408730640767549,,
1,All Population,27,Probability of death,25343,Nasarawa,3,Both,389,6-11 months,294,All causes,8,Probability of death,2023,0.009977804377025128,,
1,All Population,27,Probability of death,25344,Niger,3,Both,1,<5 years,294,All causes,8,Probability of death,2023,0.06246932366910818,,
1,All Population,27,Probability of death,25344,Niger,3,Both,22,All ages,294,All causes,8,Probability of death,2023,1.0,,
1,All Population,27,Probability of death,25344,Niger,3,Both,28,<1 year,294,All causes,8,Probability of death,2023,0.04063897169336417,,
1,All Population,27,Probability of death,25344,Niger,3,Both,34,2-4 years,294,All causes,8,Probability of death,2023,0.01534359619010335,,
1,All Population,27,Probability of death,25344,Niger,3,Both,42,<28 days,294,All causes,8,Probability of death,2023,0.02168743914289284,,
1,All Population,27,Probability of death,25344,Niger,3,Both,238,12-23 months,294,All causes,8,Probability of death,2023,0.007526977219657625,,
1,All Population,27,Probability of death,25344,Niger,3,Both,388,1-5 months,294,All causes,8,Probability of death,2023,0.011444868926566256,,
1,All Population,27,Probability of death,25344,Niger,3,Both,389,6-11 months,294,All causes,8,Probability of death,2023,0.008018560582452388,,
1,All Population,27,Probability of death,25345,Ogun,3,Both,1,<5 years,294,All causes,8,Probability of death,2023,0.06555812184569132,,
1,All Population,27,Probability of death,25345,Ogun,3,Both,22,All ages,294,All causes,8,Probability of death,2023,1.0,,
1,All Population,27,Probability of death,25345,Ogun,3,Both,28,<1 year,294,All causes,8,Probability of death,2023,0.04716929014342075,,
1,All Population,27,Probability of death,25345,Ogun,3,Both,34,2-4 years,294,All causes,8,Probability of death,2023,0.012982507831772686,,
1,All Population,27,Probability of death,25345,Ogun,3,Both,42,<28 days,294,All causes,8,Probability of death,2023,0.030916102814005142,,
1,All Population,27,Probability of death,25345,Ogun,3,Both,238,12-23 months,294,All causes,8,Probability of death,2023,0.006399824164539182,,
1,All Population,27,Probability of death,25345,Ogun,3,Both,388,1-5 months,294,All causes,8,Probability of death,2023,0.010231090213607952,,
1,All Population,27,Probability of death,25345,Ogun,3,Both,389,6-11 months,294,All causes,8,Probability of death,2023,0.006608236927354291,,
1,All Population,27,Probability of death,25346,Ondo,3,Both,1,<5 years,294,All causes,8,Probability of death,2023,0.05921208463673866,,
1,All Population,27,Probability of death,25346,Ondo,3,Both,22,All ages,294,All causes,8,Probability of death,2023,1.0,,
1,All Population,27,Probability of death,25346,Ondo,3,Both,28,<1 year,294,All causes,8,Probability of death,2023,0.03547404544276689,,
1,All Population,27,Probability of death,25346,Ondo,3,Both,34,2-4 years,294,All causes,8,Probability of death,2023,0.0159790097308974,,
1,All Population,27,Probability of death,25346,Ondo,3,Both,42,<28 days,294,All causes,8,Probability of death,2023,0.019395985782534875,,
1,All Population,27,Probability of death,25346,Ondo,3,Both,238,12-23 months,294,All causes,8,Probability of death,2023,0.008772292614340805,,
1,All Population,27,Probability of death,25346,Ondo,3,Both,388,1-5 months,294,All causes,8,Probability of death,2023,0.00822929664850889,,
1,All Population,27,Probability of death,25346,Ondo,3,Both,389,6-11 months,294,All causes,8,Probability of death,2023,0.008234542701086372,,
1,All Population,27,Probability of death,25347,Osun,3,Both,1,<5 years,294,All causes,8,Probability of death,2023,0.05349233299628031,,
1,All Population,27,Probability of death,25347,Osun,3,Both,22,All ages,294,All causes,8,Probability of death,2023,1.0,,
1,All Population,27,Probability of death,25347,Osun,3,Both,28,<1 year,294,All causes,8,Probability of death,2023,0.03652317799577731,,
1,All Population,27,Probability of death,25347,Osun,3,Both,34,2-4 years,294,All causes,8,Probability of death,2023,0.011582141894655406,,
1,All Population,27,Probability of death,25347,Osun,3,Both,42,<28 days,294,All causes,8,Probability of death,2023,0.021579253945651078,,
1,All Population,27,Probability of death,44584,OECD Countries,3,Both,1,<5 years,294,All causes,8,Probability of death,2023,0.0076318647773230275,,
1,All Population,27,Probability of death,44584,OECD Countries,3,Both,22,All ages,294,All causes,8,Probability of death,2023,1.0,,
1,All Population,27,Probability of death,44584,OECD Countries,3,Both,28,<1 year,294,All causes,8,Probability of death,2023,0.0061982309066094254,,
1,All Population,27,Probability of death,44584,OECD Countries,3,Both,34,2-4 years,294,All causes,8,Probability of death,2023,0.0008506824414293325,,
1,All Population,27,Probability of death,44584,OECD Countries,3,Both,42,<28 days,294,All causes,8,Probability of death,2023,0.0038133113798178853,,
1,All Population,27,Probability of death,44584,OECD Countries,3,Both,238,12-23 months,294,All causes,8,Probability of death,2023,0.0005923969237346423,,
1,All Population,27,Probability of death,44584,OECD Countries,3,Both,388,1-5 months,294,All causes,8,Probability of death,2023,0.001747896303650761,,
1,All Population,27,Probability of death,44584,OECD Countries,3,Both,389,6-11 months,294,All causes,8,Probability of death,2023,0.0006472838986070407,,
1,All Population,27,Probability of death,44591,World Bank Income Levels,3,Both,1,<5 years,294,All causes,8,Probability of death,2023,0.036316869445634614,,
1,All Population,27,Probability of death,44591,World Bank Income Levels,3,Both,22,All ages,294,All causes,8,Probability of death,2023,1.0,,
1,All Population,27,Probability of death,44591,World Bank Income Levels,3,Both,28,<1 year,294,All causes,8,Probability of death,2023,0.02690471378843784,,
1,All Population,27,Probability of death,44591,World Bank Income Levels,3,Both,34,2-4 years,294,All causes,8,Probability of death,2023,0.006020011076954225,,
1,All Population,27,Probability of death,44591,World Bank Income Levels,3,Both,42,<28 days,294,All causes,8,Probability of death,2023,0.016079442156545665,,
1,All Population,27,Probability of death,44591,World Bank Income Levels,3,Both,238,12-23 months,294,All causes,8,Probability of death,2023,0.003674498344282099,,
1,All Population,27,Probability of death,44591,World Bank Income Levels,3,Both,388,1-5 months,294,All causes,8,Probability of death,2023,0.0066858661763197205,,
1,All Population,27,Probability of death,44591,World Bank Income Levels,3,Both,389,6-11 months,294,All causes,8,Probability of death,2023,0.00434536550980685,,
1,All Population,27,Probability of death,94215,Organization of Islamic Cooperation,3,Both,1,<5 years,294,All causes,8,Probability of death,2023,0.05127143547078017,,
1,All Population,27,Probability of death,94215,Organization of Islamic Cooperation,3,Both,22,All ages,294,All causes,8,Probability of death,2023,1.0,,
1,All Population,27,Probability of death,94215,Organization of Islamic Cooperation,3,Both,28,<1 year,294,All causes,8,Probability of death,2023,0.03557837415991205,,
1,All Population,27,Probability of death,94215,Organization of Islamic Cooperation,3,Both,34,2-4 years,294,All causes,8,Probability of death,2023,0.010419832730894332,,
1,All Population,27,Probability of death,94215,Organization of Islamic Cooperation,3,Both,42,<28 days,294,All causes,8,Probability of death,2023,0.021005572640765635,,
1,All Population,27,Probability of death,94215,Organization of Islamic Cooperation,3,Both,238,12-23 months,294,All causes,8,Probability of death,2023,0.005913782122490221,,
1,All Population,27,Probability of death,94215,Organization of Islamic Cooperation,3,Both,388,1-5 months,294,All causes,8,Probability of death,2023,0.008622530162559944,,
1,All Population,27,Probability of death,94215,Organization of Islamic Cooperation,3,Both,389,6-11 months,294,All causes,8,Probability of death,2023,0.006317420262842045,,
1,All Population,27,Probability of death,94366,Sahel Region,3,Both,1,<5 years,294,All causes,8,Probability of death,2023,0.08382813553732837,,
1,All Population,27,Probability of death,94366,Sahel Region,3,Both,22,All ages,294,All causes,8,Probability of death,2023,1.0,,
1,All Population,27,Probability of death,94366,Sahel Region,3,Both,28,<1 year,294,All causes,8,Probability of death,2023,0.04997004047000586,,
1,All Population,27,Probability of death,94366,Sahel Region,3,Both,34,2-4 years,294,All causes,8,Probability of death,2023,0.02410921234065206,,
1,All Population,27,Probability of death,94366,Sahel Region,3,Both,42,<28 days,294,All causes,8,Probability of death,2023,0.02713566410026813,,
1,All Population,27,Probability of death,94366,Sahel Region,3,Both,238,12-23 months,294,All causes,8,Probability of death,2023,0.0118146177181765,,
1,All Population,27,Probability of death,94366,Sahel Region,3,Both,388,1-5 months,294,All causes,8,Probability of death,2023,0.012629433409425028,,
1,All Population,27,Probability of death,94366,Sahel Region,3,Both,389,6-11 months,294,All causes,8,Probability of death,2023,0.010980525800098097,,
1,All Population,27,Probability of death,196,South Africa,3,Both,22,All ages,345,Malaria,8,Probability of death,2023,5.389008325566251e-05,,
1,All Population,27,Probability of death,196,South Africa,3,Both,28,<1 year,345,Malaria,8,Probability of death,2023,4.4549425488459063e-07,,
1,All Population,27,Probability of death,196,South Africa,3,Both,34,2-4 years,345,Malaria,8,Probability of death,2023,7.4859987982867e-07,,
1,All Population,27,Probability of death,196,South Africa,3,Both,42,<28 days,345,Malaria,8,Probability of death,2023,1.0947051024046432e-08,,
1,All Population,27,Probability of death,196,South Africa,3,Both,238,12-23 months,345,Malaria,8,Probability of death,2023,1.3763172534978793e-06,,
1,All Population,27,Probability of death,196,South Africa,3,Both,388,1-5 months,345,Malaria,8,Probability of death,2023,2.7579673340063703e-07,,
1,All Population,27,Probability of death,196,South Africa,3,Both,389,6-11 months,345,Malaria,8,Probability of death,2023,1.647272400360741e-07,,
1,All Population,27,Probability of death,197,Eswatini,3,Both,1,<5 years,345,Malaria,8,Probability of death,2023,5.083551845654525e-05,,
1,All Population,27,Probability of death,197,Eswatini,3,Both,22,All ages,345,Malaria,8,Probability of death,2023,0.0003092130620816444,,
1,All Population,27,Probability of death,197,Eswatini,3,Both,28,<1 year,345,Malaria,8,Probability of death,2023,1.4616338624561765e-05,,
1,All Population,27,Probability of death,197,Eswatini,3,Both,34,2-4 years,345,Malaria,8,Probability of death,2023,2.1475866900057165e-05,,
1,All Population,27,Probability of death,197,Eswatini,3,Both,42,<28 days,345,Malaria,8,Probability of death,2023,2.053097371712216e-07,,
1,All Population,27,Probability of death,197,Eswatini,3,Both,238,12-23 months,345,Malaria,8,Probability of death,2023,1.6030174225276483e-05,,
1,All Population,27,Probability of death,197,Eswatini,3,Both,388,1-5 months,345,Malaria,8,Probability of death,2023,6.0854083488230064e-06,,
1,All Population,27,Probability of death,197,Eswatini,3,Both,389,6-11 months,345,Malaria,8,Probability of death,2023,8.596066458030497e-06,,
1,All Population,27,Probability of death,198,Zimbabwe,3,Both,1,<5 years,345,Malaria,8,Probability of death,2023,0.0006169306330071916,,
1,All Population,27,Probability of death,198,Zimbabwe,3,Both,22,All ages,345,Malaria,8,Probability of death,2023,0.003747615962998717,,
1,All Population,27,Probability of death,198,Zimbabwe,3,Both,28,<1 year,345,Malaria,8,Probability of death,2023,0.00018701786382433058,,
1,All Population,27,Probability of death,198,Zimbabwe,3,Both,34,2-4 years,345,Malaria,8,Probability of death,2023,0.0002442422830356023,,
1,All Population,27,Probability of death,198,Zimbabwe,3,Both,42,<28 days,345,Malaria,8,Probability of death,2023,1.3534246267207615e-05,,
1,All Population,27,Probability of death,198,Zimbabwe,3,Both,238,12-23 months,345,Malaria,8,Probability of death,2023,0.0002073972569097143,,
1,All Population,27,Probability of death,198,Zimbabwe,3,Both,388,1-5 months,345,Malaria,8,Probability of death,2023,7.719643995778797e-05,,
1,All Population,27,Probability of death,198,Zimbabwe,3,Both,389,6-11 months,345,Malaria,8,Probability of death,2023,0.0001013418711673203,,
1,All Population,27,Probability of death,199,Western Sub-Saharan Africa,3,Both,1,<5 years,345,Malaria,8,Probability of death,2023,0.013527011239853497,,
1,All Population,27,Probability of death,199,Western Sub-Saharan Africa,3,Both,22,All ages,345,Malaria,8,Probability of death,2023,0.10606861999763098,,
1,All Population,27,Probability of death,199,Western Sub-Saharan Africa,3,Both,28,<1 year,345,Malaria,8,Probability of death,2023,0.004541347339403332,,
1,All Population,27,Probability of death,199,Western Sub-Saharan Africa,3,Both,34,2-4 years,345,Malaria,8,Probability of death,2023,0.007010842735375419,,
1,All Population,27,Probability of death,199,Western Sub-Saharan Africa,3,Both,42,<28 days,345,Malaria,8,Probability of death,2023,0.0005919229005559117,,
1,All Population,27,Probability of death,199,Western Sub-Saharan Africa,3,Both,238,12-23 months,345,Malaria,8,Probability of death,2023,0.002676428513457748,,
1,All Population,27,Probability of death,199,Western Sub-Saharan Africa,3,Both,388,1-5 months,345,Malaria,8,Probability of death,2023,0.0016469363783041119,,
1,All Population,27,Probability of death,199,Western Sub-Saharan Africa,3,Both,389,6-11 months,345,Malaria,8,Probability of death,2023,0.00246254242575611,,
1,All Population,27,Probability of death,200,Benin,3,Both,1,<5 years,345,Malaria,8,Probability of death,2023,0.014128591742818426,,
1,All Population,27,Probability of death,200,Benin,3,Both,22,All ages,345,Malaria,8,Probability of death,2023,0.13258632700571077,,
1,All Population,27,Probability of death,200,Benin,3,Both,28,<1 year,345,Malaria,8,Probability of death,2023,0.004950495978153065,,
1,All Population,27,Probability of death,200,Benin,3,Both,34,2-4 years,345,Malaria,8,Probability of death,2023,0.00732325225321377,,
1,All Population,27,Probability of death,200,Benin,3,Both,42,<28 days,345,Malaria,8,Probability of death,2023,0.00047943007851112895,,
1,All Population,27,Probability of death,200,Benin,3,Both,238,12-23 months,345,Malaria,8,Probability of death,2023,0.002446523505757911,,
1,All Population,27,Probability of death,200,Benin,3,Both,388,1-5 months,345,Malaria,8,Probability of death,2023,0.0015922818206698887,,
1,All Population,27,Probability of death,200,Benin,3,Both,389,6-11 months,345,Malaria,8,Probability of death,2023,0.003034363948094405,,
1,All Population,27,Probability of death,201,Burkina Faso,3,Both,1,<5 years,345,Malaria,8,Probability of death,2023,0.01144514701313513,,
1,All Population,27,Probability of death,201,Burkina Faso,3,Both,22,All ages,345,Malaria,8,Probability of death,2023,0.13407729243101704,,
1,All Population,27,Probability of death,201,Burkina Faso,3,Both,28,<1 year,345,Malaria,8,Probability of death,2023,0.004447749998139592,,
1,All Population,27,Probability of death,201,Burkina Faso,3,Both,34,2-4 years,345,Malaria,8,Probability of death,2023,0.005030859541010865,,
1,All Population,27,Probability of death,201,Burkina Faso,3,Both,42,<28 days,345,Malaria,8,Probability of death,2023,0.0007541191094850919,,
1,All Population,27,Probability of death,201,Burkina Faso,3,Both,238,12-23 months,345,Malaria,8,Probability of death,2023,0.0025392499695384967,,
1,All Population,27,Probability of death,201,Burkina Faso,3,Both,388,1-5 months,345,Malaria,8,Probability of death,2023,0.0017467573241178355,,
1,All Population,27,Probability of death,201,Burkina Faso,3,Both,389,6-11 months,345,Malaria,8,Probability of death,2023,0.0020601610043949324,,
1,All Population,27,Probability of death,202,Cameroon,3,Both,1,<5 years,345,Malaria,8,Probability of death,2023,0.011776395134302427,,
1,All Population,27,Probability of death,202,Cameroon,3,Both,22,All ages,345,Malaria,8,Probability of death,2023,0.10747605148662256,,
1,All Population,27,Probability of death,202,Cameroon,3,Both,28,<1 year,345,Malaria,8,Probability of death,2023,0.00430358558691612,,
1,All Population,27,Probability of death,202,Cameroon,3,Both,34,2-4 years,345,Malaria,8,Probability of death,2023,0.005593020719869967,,
1,All Population,27,Probability of death,202,Cameroon,3,Both,42,<28 days,345,Malaria,8,Probability of death,2023,0.0005332789950623895,,
1,All Population,27,Probability of death,202,Cameroon,3,Both,238,12-23 months,345,Malaria,8,Probability of death,2023,0.0023112248982089367,,
1,All Population,27,Probability of death,202,Cameroon,3,Both,388,1-5 months,345,Malaria,8,Probability of death,2023,0.0015187433996054882,,
1,All Population,27,Probability of death,202,Cameroon,3,Both,389,6-11 months,345,Malaria,8,Probability of death,2023,0.002376307443396002,,
1,All Population,27,Probability of death,203,Cabo Verde,3,Both,1,<5 years,345,Malaria,8,Probability of death,2023,5.156607574960238e-09,,
1,All Population,27,Probability of death,203,Cabo Verde,3,Both,22,All ages,345,Malaria,8,Probability of death,2023,1.55952227202376e-08,,
1,All Population,27,Probability of death,203,Cabo Verde,3,Both,28,<1 year,345,Malaria,8,Probability of death,2023,3.7163194452861153e-09,,
1,All Population,27,Probability of death,203,Cabo Verde,3,Both,34,2-4 years,345,Malaria,8,Probability of death,2023,4.588885418829678e-10,,
1,All Population,27,Probability of death,203,Cabo Verde,3,Both,42,<28 days,345,Malaria,8,Probability of death,2023,2.1601292928956762e-10,,
1,All Population,27,Probability of death,203,Cabo Verde,3,Both,238,12-23 months,345,Malaria,8,Probability of death,2023,9.780429212072056e-10,,
1,All Population,27,Probability of death,203,Cabo Verde,3,Both,388,1-5 months,345,Malaria,8,Probability of death,2023,1.7734795460420276e-09,,
1,All Population,27,Probability of death,203,Cabo Verde,3,Both,389,6-11 months,345,Malaria,8,Probability of death,2023,1.715719268846959e-09,,
1,All Population,27,Probability of death,204,Chad,3,Both,1,<5 years,345,Malaria,8,Probability of death,2023,0.005328000370941135,,
1,All Population,27,Probability of death,204,Chad,3,Both,22,All ages,345,Malaria,8,Probability of death,2023,0.040171943092122936,,
1,All Population,27,Probability of death,204,Chad,3,Both,28,<1 year,345,Malaria,8,Probability of death,2023,0.002010885759080269,,
1,All Population,27,Probability of death,204,Chad,3,Both,34,2-4 years,345,Malaria,8,Probability of death,2023,0.0028352667099143477,,
1,All Population,27,Probability of death,204,Chad,3,Both,42,<28 days,345,Malaria,8,Probability of death,2023,0.0002752445352553845,,
1,All Population,27,Probability of death,204,Chad,3,Both,238,12-23 months,345,Malaria,8,Probability of death,2023,0.0009077969626002456,,
1,All Population,27,Probability of death,204,Chad,3,Both,388,1-5 months,345,Malaria,8,Probability of death,2023,0.0007217520212222695,,
1,All Population,27,Probability of death,204,Chad,3,Both,389,6-11 months,345,Malaria,8,Probability of death,2023,0.0011082460948394826,,
1,All Population,27,Probability of death,205,Côte d'Ivoire,3,Both,1,<5 years,345,Malaria,8,Probability of death,2023,0.012498846303998125,,
1,All Population,27,Probability of death,205,Côte d'Ivoire,3,Both,22,All ages,345,Malaria,8,Probability of death,2023,0.11529744702291289,,
1,All Population,27,Probability of death,205,Côte d'Ivoire,3,Both,28,<1 year,345,Malaria,8,Probability of death,2023,0.005605578470803799,,
1,All Population,27,Probability of death,205,Côte d'Ivoire,3,Both,34,2-4 years,345,Malaria,8,Probability of death,2023,0.005159371819575146,,
1,All Population,27,Probability of death,205,Côte d'Ivoire,3,Both,42,<28 days,345,Malaria,8,Probability of death,2023,0.0005831006591139465,,
1,All Population,27,Probability of death,205,Côte d'Ivoire,3,Both,238,12-23 months,345,Malaria,8,Probability of death,2023,0.002382641154396475,,
1,All Population,27,Probability of death,205,Côte d'Ivoire,3,Both,388,1-5 months,345,Malaria,8,Probability of death,2023,0.0023512605398444495,,
1,All Population,27,Probability of death,205,Côte d'Ivoire,3,Both,389,6-11 months,345,Malaria,8,Probability of death,2023,0.002885808667568798,,
1,All Population,27,Probability of death,206,Gambia,3,Both,1,<5 years,345,Malaria,8,Probability of death,2023,0.002218586775753113,,
1,All Population,27,Probability of death,206,Gambia,3,Both,22,All ages,345,Malaria,8,Probability of death,2023,0.0440076813044268,,
1,All Population,27,Probability of death,206,Gambia,3,Both,28,<1 year,345,Malaria,8,Probability of death,2023,0.0009546551135538411,,
1,All Population,27,Probability of death,206,Gambia,3,Both,34,2-4 years,345,Malaria,8,Probability of death,2023,0.0009798075625994935,,
1,All Population,27,Probability of death,206,Gambia,3,Both,42,<28 days,345,Malaria,8,Probability of death,2023,0.0001483882708001909,,
1,All Population,27,Probability of death,206,Gambia,3,Both,238,12-23 months,345,Malaria,8,Probability of death,2023,0.00036889425822121246,,
1,All Population,27,Probability of death,206,Gambia,3,Both,388,1-5 months,345,Malaria,8,Probability of death,2023,0.00037506056104334614,,
1,All Population,27,Probability of death,206,Gambia,3,Both,389,6-11 months,345,Malaria,8,Probability of death,2023,0.0004549335730973159,,
1,All Population,27,Probability of death,207,Ghana,3,Both,1,<5 years,345,Malaria,8,Probability of death,2023,0.007751519682768183,,
1,All Population,27,Probability of death,207,Ghana,3,Both,22,All ages,345,Malaria,8,Probability of death,2023,0.06739355885173427,,
1,All Population,27,Probability of death,207,Ghana,3,Both,28,<1 year,345,Malaria,8,Probability of death,2023,0.0032568143899545728,,
1,All Population,27,Probability of death,207,Ghana,3,Both,34,2-4 years,345,Malaria,8,Probability of death,2023,0.003349899505492302,,
1,All Population,27,Probability of death,207,Ghana,3,Both,42,<28 days,345,Malaria,8,Probability of death,2023,0.0004934918265666127,,
1,All Population,27,Probability of death,207,Ghana,3,Both,238,12-23 months,345,Malaria,8,Probability of death,2023,0.001336891433214487,,
1,All Population,27,Probability of death,207,Ghana,3,Both,388,1-5 months,345,Malaria,8,Probability of death,2023,0.0014819549485211197,,
1,All Population,27,Probability of death,207,Ghana,3,Both,389,6-11 months,345,Malaria,8,Probability of death,2023,0.0013425920015924162,,
1,All Population,27,Probability of death,208,Guinea,3,Both,1,<5 years,345,Malaria,8,Probability of death,2023,0.013565283742389803,,
1,All Population,27,Probability of death,208,Guinea,3,Both,22,All ages,345,Malaria,8,Probability of death,2023,0.08162204167995518,,
1,All Population,27,Probability of death,208,Guinea,3,Both,28,<1 year,345,Malaria,8,Probability of death,2023,0.005722631415777207,,
1,All Population,27,Probability of death,208,Guinea,3,Both,34,2-4 years,345,Malaria,8,Probability of death,2023,0.0058434093908041876,,
1,All Population,27,Probability of death,208,Guinea,3,Both,42,<28 days,345,Malaria,8,Probability of death,2023,0.0008417774326873933,,
1,All Population,27,Probability of death,208,Guinea,3,Both,238,12-23 months,345,Malaria,8,Probability of death,2023,0.0025724184284647658,,
1,All Population,27,Probability of death,208,Guinea,3,Both,388,1-5 months,345,Malaria,8,Probability of death,2023,0.0022593610440738037,,
1,All Population,27,Probability of death,208,Guinea,3,Both,389,6-11 months,345,Malaria,8,Probability of death,2023,0.0028212323024584944,,
1,All Population,27,Probability of death,209,Guinea-Bissau,3,Both,1,<5 years,345,Malaria,8,Probability of death,2023,0.0035258436301390463,,
1,All Population,27,Probability of death,209,Guinea-Bissau,3,Both,22,All ages,345,Malaria,8,Probability of death,2023,0.02532327619939946,,
1,All Population,27,Probability of death,209,Guinea-Bissau,3,Both,28,<1 year,345,Malaria,8,Probability of death,2023,0.0014361225636682117,,
1,All Population,27,Probability of death,209,Guinea-Bissau,3,Both,34,2-4 years,345,Malaria,8,Probability of death,2023,0.0017269497118917784,,
1,All Population,27,Probability of death,209,Guinea-Bissau,3,Both,42,<28 days,345,Malaria,8,Probability of death,2023,0.00022886262881107843,,
1,All Population,27,Probability of death,209,Guinea-Bissau,3,Both,238,12-23 months,345,Malaria,8,Probability of death,2023,0.0005129453782396492,,
1,All Population,27,Probability of death,209,Guinea-Bissau,3,Both,388,1-5 months,345,Malaria,8,Probability of death,2023,0.0006520701993076929,,
1,All Population,27,Probability of death,209,Guinea-Bissau,3,Both,389,6-11 months,345,Malaria,8,Probability of death,2023,0.0006018073572449781,,
1,All Population,27,Probability of death,210,Liberia,3,Both,1,<5 years,345,Malaria,8,Probability of death,2023,0.013697298565161812,,
1,All Population,27,Probability of death,210,Liberia,3,Both,22,All ages,345,Malaria,8,Probability of death,2023,0.10075854481848366,,
1,All Population,27,Probability of death,210,Liberia,3,Both,28,<1 year,345,Malaria,8,Probability of death,2023,0.00688011399932794,,
1,All Population,27,Probability of death,210,Liberia,3,Both,34,2-4 years,345,Malaria,8,Probability of death,2023,0.004795954925959826,,
1,All Population,27,Probability of death,210,Liberia,3,Both,42,<28 days,345,Malaria,8,Probability of death,2023,0.0007340756279266449,,
1,All Population,27,Probability of death,210,Liberia,3,Both,238,12-23 months,345,Malaria,8,Probability of death,2023,0.0027244208020466803,,
1,All Population,27,Probability of death,210,Liberia,3,Both,388,1-5 months,345,Malaria,8,Probability of death,2023,0.0028535790014525223,,
1,All Population,27,Probability of death,210,Liberia,3,Both,389,6-11 months,345,Malaria,8,Probability of death,2023,0.0035251665582606046,,
1,All Population,27,Probability of death,211,Mali,3,Both,1,<5 years,345,Malaria,8,Probability of death,2023,0.0141442965905134,,
1,All Population,27,Probability of death,211,Mali,3,Both,22,All ages,345,Malaria,8,Probability of death,2023,0.09462093842835263,,
1,All Population,27,Probability of death,211,Mali,3,Both,28,<1 year,345,Malaria,8,Probability of death,2023,0.004693620248212718,,
1,All Population,27,Probability of death,211,Mali,3,Both,34,2-4 years,345,Malaria,8,Probability of death,2023,0.008102235622073793,,
1,All Population,27,Probability of death,211,Mali,3,Both,42,<28 days,345,Malaria,8,Probability of death,2023,0.0007259922045309745,,
1,All Population,27,Probability of death,211,Mali,3,Both,238,12-23 months,345,Malaria,8,Probability of death,2023,0.002330258402966399,,
1,All Population,27,Probability of death,211,Mali,3,Both,388,1-5 months,345,Malaria,8,Probability of death,2023,0.0018764410528614545,,
1,All Population,27,Probability of death,211,Mali,3,Both,389,6-11 months,345,Malaria,8,Probability of death,2023,0.002291731051709514,,
1,All Population,27,Probability of death,212,Mauritania,3,Both,1,<5 years,345,Malaria,8,Probability of death,2023,0.0018474427362161303,,
1,All Population,27,Probability of death,212,Mauritania,3,Both,22,All ages,345,Malaria,8,Probability of death,2023,0.03033845318569378,,
1,All Population,27,Probability of death,212,Mauritania,3,Both,28,<1 year,345,Malaria,8,Probability of death,2023,0.001042394833073431,,
1,All Population,27,Probability of death,212,Mauritania,3,Both,34,2-4 years,345,Malaria,8,Probability of death,2023,0.0005840239706210147,,
1,All Population,27,Probability of death,212,Mauritania,3,Both,42,<28 days,345,Malaria,8,Probability of death,2023,0.0002640145388576936,,
1,All Population,27,Probability of death,212,Mauritania,3,Both,238,12-23 months,345,Malaria,8,Probability of death,2023,0.00024857885235050577,,
1,All Population,27,Probability of death,212,Mauritania,3,Both,388,1-5 months,345,Malaria,8,Probability of death,2023,0.0004412420023325341,,
1,All Population,27,Probability of death,212,Mauritania,3,Both,389,6-11 months,345,Malaria,8,Probability of death,2023,0.0003539599737337733,,
1,All Population,27,Probability of death,213,Niger,3,Both,1,<5 years,345,Malaria,8,Probability of death,2023,0.019088981282891132,,
1,All Population,27,Probability of death,213,Niger,3,Both,22,All ages,345,Malaria,8,Probability of death,2023,0.11321023076416556,,
1,All Population,27,Probability of death,213,Niger,3,Both,28,<1 year,345,Malaria,8,Probability of death,2023,0.00474235200930631,,
1,All Population,27,Probability of death,213,Niger,3,Both,34,2-4 years,345,Malaria,8,Probability of death,2023,0.011237431573096663,,
1,All Population,27,Probability of death,213,Niger,3,Both,42,<28 days,345,Malaria,8,Probability of death,2023,0.0007711138003033358,,
1,All Population,27,Probability of death,213,Niger,3,Both,238,12-23 months,345,Malaria,8,Probability of death,2023,0.004650939830362326,,
1,All Population,27,Probability of death,213,Niger,3,Both,388,1-5 months,345,Malaria,8,Probability of death,2023,0.0016020609460016477,,
1,All Population,27,Probability of death,213,Niger,3,Both,389,6-11 months,345,Malaria,8,Probability of death,2023,0.0025522379685150986,,
1,All Population,27,Probability of death,214,Nigeria,3,Both,1,<5 years,345,Malaria,8,Probability of death,2023,0.015801314022612457,,
1,All Population,27,Probability of death,214,Nigeria,3,Both,22,All ages,345,Malaria,8,Probability of death,2023,0.12157133839725123,,
1,All Population,27,Probability of death,214,Nigeria,3,Both,28,<1 year,345,Malaria,8,Probability of death,2023,0.0049254869496131466,,
1,All Population,27,Probability of death,214,Nigeria,3,Both,34,2-4 years,345,Malaria,8,Probability of death,2023,0.00854853136297278,,
1,All Population,27,Probability of death,214,Nigeria,3,Both,42,<28 days,345,Malaria,8,Probability of death,2023,0.000615815448885013,,
1,All Population,27,Probability of death,214,Nigeria,3,Both,238,12-23 months,345,Malaria,8,Probability of death,2023,0.0031324822191730645,,
1,All Population,27,Probability of death,214,Nigeria,3,Both,388,1-5 months,345,Malaria,8,Probability of death,2023,0.00168254728771554,,
1,All Population,27,Probability of death,214,Nigeria,3,Both,389,6-11 months,345,Malaria,8,Probability of death,2023,0.0028108036003454376,,
1,All Population,27,Probability of death,215,Sao Tome and Principe,3,Both,1,<5 years,345,Malaria,8,Probability of death,2023,0.0004238607469844026,,
1,All Population,27,Probability of death,215,Sao Tome and Principe,3,Both,22,All ages,345,Malaria,8,Probability of death,2023,0.002724250794360503,,
1,All Population,27,Probability of death,215,Sao Tome and Principe,3,Both,28,<1 year,345,Malaria,8,Probability of death,2023,0.000311250403466525,,
1,All Population,27,Probability of death,215,Sao Tome and Principe,3,Both,34,2-4 years,345,Malaria,8,Probability of death,2023,6.649219482770921e-05,,
1,All Population,27,Probability of death,215,Sao Tome and Principe,3,Both,42,<28 days,345,Malaria,8,Probability of death,2023,2.9498073839196037e-05,,
1,All Population,27,Probability of death,215,Sao Tome and Principe,3,Both,238,12-23 months,345,Malaria,8,Probability of death,2023,5.036630339109696e-05,,
1,All Population,27,Probability of death,215,Sao Tome and Principe,3,Both,388,1-5 months,345,Malaria,8,Probability of death,2023,0.00015167689909462433,,
1,All Population,27,Probability of death,215,Sao Tome and Principe,3,Both,389,6-11 months,345,Malaria,8,Probability of death,2023,0.00013255880560350745,,
1,All Population,27,Probability of death,216,Senegal,3,Both,1,<5 years,345,Malaria,8,Probability of death,2023,0.002194208447220225,,
1,All Population,27,Probability of death,216,Senegal,3,Both,22,All ages,345,Malaria,8,Probability of death,2023,0.04058326621441938,,
1,All Population,27,Probability of death,216,Senegal,3,Both,28,<1 year,345,Malaria,8,Probability of death,2023,0.0011055808931170123,,
1,All Population,27,Probability of death,216,Senegal,3,Both,34,2-4 years,345,Malaria,8,Probability of death,2023,0.0007906190583224626,,
1,All Population,27,Probability of death,216,Senegal,3,Both,42,<28 days,345,Malaria,8,Probability of death,2023,0.0002354291344173831,,
1,All Population,27,Probability of death,216,Senegal,3,Both,238,12-23 months,345,Malaria,8,Probability of death,2023,0.0003406884103701547,,
1,All Population,27,Probability of death,216,Senegal,3,Both,388,1-5 months,345,Malaria,8,Probability of death,2023,0.00048745825028274307,,
1,All Population,27,Probability of death,216,Senegal,3,Both,389,6-11 months,345,Malaria,8,Probability of death,2023,0.00040765409597120844,,
1,All Population,27,Probability of death,217,Sierra Leone,3,Both,1,<5 years,345,Malaria,8,Probability of death,2023,0.02080680822527368,,
1,All Population,27,Probability of death,217,Sierra Leone,3,Both,22,All ages,345,Malaria,8,Probability of death,2023,0.13415302516495614,,
1,All Population,27,Probability of death,217,Sierra Leone,3,Both,28,<1 year,345,Malaria,8,Probability of death,2023,0.009400723281562759,,
1,All Population,27,Probability of death,217,Sierra Leone,3,Both,34,2-4 years,345,Malaria,8,Probability of death,2023,0.008760097556221948,,
1,All Population,27,Probability of death,217,Sierra Leone,3,Both,42,<28 days,345,Malaria,8,Probability of death,2023,0.0006066538354409632,,
1,All Population,27,Probability of death,217,Sierra Leone,3,Both,238,12-23 months,345,Malaria,8,Probability of death,2023,0.003987361062339674,,
1,All Population,27,Probability of death,217,Sierra Leone,3,Both,388,1-5 months,345,Malaria,8,Probability of death,2023,0.0035116219461223384,,
1,All Population,27,Probability of death,217,Sierra Leone,3,Both,389,6-11 months,345,Malaria,8,Probability of death,2023,0.0056350168677544625,,
1,All Population,27,Probability of death,218,Togo,3,Both,1,<5 years,345,Malaria,8,Probability of death,2023,0.00809878679447788,,
1,All Population,27,Probability of death,218,Togo,3,Both,22,All ages,345,Malaria,8,Probability of death,2023,0.07723309493833405,,
1,All Population,27,Probability of death,218,Togo,3,Both,28,<1 year,345,Malaria,8,Probability of death,2023,0.0025997055307232513,,
1,All Population,27,Probability of death,218,Togo,3,Both,34,2-4 years,345,Malaria,8,Probability of death,2023,0.004305304385103159,,
1,All Population,27,Probability of death,218,Togo,3,Both,42,<28 days,345,Malaria,8,Probability of death,2023,0.0003526989690731877,,
1,All Population,27,Probability of death,218,Togo,3,Both,238,12-23 months,345,Malaria,8,Probability of death,2023,0.0014037181054234503,,
1,All Population,27,Probability of death,218,Togo,3,Both,388,1-5 months,345,Malaria,8,Probability of death,2023,0.0009059150838633787,,
1,All Population,27,Probability of death,218,Togo,3,Both,389,6-11 months,345,Malaria,8,Probability of death,2023,0.001398663685128924,,
1,All Population,27,Probability of death,242,Sub-Saharan Africa - WB,3,Both,1,<5 years,345,Malaria,8,Probability of death,2023,0.010069782190818026,,
1,All Population,27,Probability of death,242,Sub-Saharan Africa - WB,3,Both,22,All ages,345,Malaria,8,Probability of death,2023,0.06935021776868058,,
1,All Population,27,Probability of death,242,Sub-Saharan Africa - WB,3,Both,28,<1 year,345,Malaria,8,Probability of death,2023,0.0039324072775358465,,
1,All Population,27,Probability of death,242,Sub-Saharan Africa - WB,3,Both,34,2-4 years,345,Malaria,8,Probability of death,2023,0.0046140017752226625,,
1,All Population,27,Probability of death,242,Sub-Saharan Africa - WB,3,Both,42,<28 days,345,Malaria,8,Probability of death,2023,0.0004761274013833323,,
1,All Population,27,Probability of death,242,Sub-Saharan Africa - WB,3,Both,238,12-23 months,345,Malaria,8,Probability of death,2023,0.0019252995933758865,,
1,All Population,27,Probability of death,242,Sub-Saharan Africa - WB,3,Both,388,1-5 months,345,Malaria,8,Probability of death,2023,0.0014754401701674703,,
1,All Population,27,Probability of death,242,Sub-Saharan Africa - WB,3,Both,389,6-11 months,345,Malaria,8,Probability of death,2023,0.0021003585997135155,,
1,All Population,27,Probability of death,252,Micronesia,3,Both,1,<5 years,345,Malaria,8,Probability of death,2023,0.0,,
1,All Population,27,Probability of death,252,Micronesia,3,Both,22,All ages,345,Malaria,8,Probability of death,2023,0.0,,
1,All Population,27,Probability of death,252,Micronesia,3,Both,28,<1 year,345,Malaria,8,Probability of death,2023,0.0,,
1,All Population,27,Probability of death,252,Micronesia,3,Both,34,2-4 years,345,Malaria,8,Probability of death,2023,0.0,,
1,All Population,27,Probability of death,252,Micronesia,3,Both,42,<28 days,345,Malaria,8,Probability of death,2023,0.0,,
1,All Population,27,Probability of death,252,Micronesia,3,Both,238,12-23 months,345,Malaria,8,Probability of death,2023,0.0,,
1,All Population,27,Probability of death,252,Micronesia,3,Both,388,1-5 months,345,Malaria,8,Probability of death,2023,0.0,,
1,All Population,27,Probability of death,252,Micronesia,3,Both,389,6-11 months,345,Malaria,8,Probability of death,2023,0.0,,
1,All Population,27,Probability of death,257,Polynesia,3,Both,1,<5 years,345,Malaria,8,Probability of death,2023,0.0,,
1,All Population,27,Probability of death,257,Polynesia,3,Both,22,All ages,345,Malaria,8,Probability of death,2023,0.0,,
1,All Population,27,Probability of death,257,Polynesia,3,Both,28,<1 year,345,Malaria,8,Probability of death,2023,0.0,,
1,All Population,27,Probability of death,257,Polynesia,3,Both,34,2-4 years,345,Malaria,8,Probability of death,2023,0.0,,
1,All Population,27,Probability of death,257,Polynesia,3,Both,42,<28 days,345,Malaria,8,Probability of death,2023,0.0,,
1,All Population,27,Probability of death,257,Polynesia,3,Both,238,12-23 months,345,Malaria,8,Probability of death,2023,0.0,,
1,All Population,27,Probability of death,257,Polynesia,3,Both,388,1-5 months,345,Malaria,8,Probability of death,2023,0.0,,
1,All Population,27,Probability of death,257,Polynesia,3,Both,389,6-11 months,345,Malaria,8,Probability of death,2023,0.0,,
1,All Population,27,Probability of death,435,South Sudan,3,Both,1,<5 years,345,Malaria,8,Probability of death,2023,0.011811820025766587,,
1,All Population,27,Probability of death,435,South Sudan,3,Both,22,All ages,345,Malaria,8,Probability of death,2023,0.04719972918849616,,
1,All Population,27,Probability of death,435,South Sudan,3,Both,28,<1 year,345,Malaria,8,Probability of death,2023,0.006514297701727734,,
1,All Population,27,Probability of death,435,South Sudan,3,Both,34,2-4 years,345,Malaria,8,Probability of death,2023,0.0038319219685294258,,
1,All Population,27,Probability of death,435,South Sudan,3,Both,42,<28 days,345,Malaria,8,Probability of death,2023,0.0006105816090913438,,
1,All Population,27,Probability of death,435,South Sudan,3,Both,238,12-23 months,345,Malaria,8,Probability of death,2023,0.001950062642489906,,
1,All Population,27,Probability of death,435,South Sudan,3,Both,388,1-5 months,345,Malaria,8,Probability of death,2023,0.0031638515920794546,,
1,All Population,27,Probability of death,435,South Sudan,3,Both,389,6-11 months,345,Malaria,8,Probability of death,2023,0.0029604748381747434,,
1,All Population,27,Probability of death,478,World Bank Regions,3,Both,1,<5 years,345,Malaria,8,Probability of death,2023,0.0031821716738200307,,
1,All Population,27,Probability of death,478,World Bank Regions,3,Both,22,All ages,345,Malaria,8,Probability of death,2023,0.011168135351794414,,
1,All Population,27,Probability of death,478,World Bank Regions,3,Both,28,<1 year,345,Malaria,8,Probability of death,2023,0.0012756956416369776,,
1,All Population,27,Probability of death,478,World Bank Regions,3,Both,34,2-4 years,345,Malaria,8,Probability of death,2023,0.001317106347367887,,
1,All Population,27,Probability of death,478,World Bank Regions,3,Both,42,<28 days,345,Malaria,8,Probability of death,2023,0.00015370603134561624,,
1,All Population,27,Probability of death,478,World Bank Regions,3,Both,238,12-23 months,345,Malaria,8,Probability of death,2023,0.000592988870943847,,
1,All Population,27,Probability of death,478,World Bank Regions,3,Both,388,1-5 months,345,Malaria,8,Probability of death,2023,0.0004800538968978666,,
1,All Population,27,Probability of death,478,World Bank Regions,3,Both,389,6-11 months,345,Malaria,8,Probability of death,2023,0.0006613601652453662,,
1,All Population,27,Probability of death,479,WHO region,3,Both,1,<5 years,345,Malaria,8,Probability of death,2023,0.0031894391075851765,,
1,All Population,27,Probability of death,479,WHO region,3,Both,22,All ages,345,Malaria,8,Probability of death,2023,0.011220850628376777,,
1,All Population,27,Probability of death,479,WHO region,3,Both,28,<1 year,345,Malaria,8,Probability of death,2023,0.0012785665275327654,,
1,All Population,27,Probability of death,479,WHO region,3,Both,34,2-4 years,345,Malaria,8,Probability of death,2023,0.001320302092694014,,
1,All Population,27,Probability of death,479,WHO region,3,Both,42,<28 days,345,Malaria,8,Probability of death,2023,0.0001540506680101797,,
1,All Population,27,Probability of death,479,WHO region,3,Both,238,12-23 months,345,Malaria,8,Probability of death,2023,0.0005943825514202055,,
1,All Population,27,Probability of death,479,WHO region,3,Both,388,1-5 months,345,Malaria,8,Probability of death,2023,0.00048114879209967327,,
1,All Population,27,Probability of death,479,WHO region,3,Both,389,6-11 months,345,Malaria,8,Probability of death,2023,0.0006628897958342575,,
1,All Population,27,Probability of death,25318,Abia,3,Both,1,<5 years,345,Malaria,8,Probability of death,2023,0.024123025838309622,,
1,All Population,27,Probability of death,25318,Abia,3,Both,22,All ages,345,Malaria,8,Probability of death,2023,0.1561730996574637,,
1,All Population,27,Probability of death,25318,Abia,3,Both,28,<1 year,345,Malaria,8,Probability of death,2023,0.009231830596028077,,
1,All Population,27,Probability of death,25318,Abia,3,Both,34,2-4 years,345,Malaria,8,Probability of death,2023,0.010237375799530109,,
1,All Population,27,Probability of death,25318,Abia,3,Both,42,<28 days,345,Malaria,8,Probability of death,2023,0.000748857202227437,,
1,All Population,27,Probability of death,25318,Abia,3,Both,238,12-23 months,345,Malaria,8,Probability of death,2023,0.00553926746241737,,
1,All Population,27,Probability of death,25318,Abia,3,Both,388,1-5 months,345,Malaria,8,Probability of death,2023,0.002459445598097492,,
1,All Population,27,Probability of death,25318,Abia,3,Both,389,6-11 months,345,Malaria,8,Probability of death,2023,0.006321589564176465,,
1,All Population,27,Probability of death,25319,Adamawa,3,Both,1,<5 years,345,Malaria,8,Probability of death,2023,0.016863375881842942,,
1,All Population,27,Probability of death,25319,Adamawa,3,Both,22,All ages,345,Malaria,8,Probability of death,2023,0.11505873412059771,,
1,All Population,27,Probability of death,25319,Adamawa,3,Both,28,<1 year,345,Malaria,8,Probability of death,2023,0.005965228442269133,,
1,All Population,27,Probability of death,25319,Adamawa,3,Both,34,2-4 years,345,Malaria,8,Probability of death,2023,0.008071852187249262,,
1,All Population,27,Probability of death,25319,Adamawa,3,Both,42,<28 days,345,Malaria,8,Probability of death,2023,0.0006977531642765031,,
1,All Population,27,Probability of death,25319,Adamawa,3,Both,238,12-23 months,345,Malaria,8,Probability of death,2023,0.0034606229755134842,,
1,All Population,27,Probability of death,25319,Adamawa,3,Both,388,1-5 months,345,Malaria,8,Probability of death,2023,0.0019809465766130966,,
1,All Population,27,Probability of death,25319,Adamawa,3,Both,389,6-11 months,345,Malaria,8,Probability of death,2023,0.0034599490633629533,,
1,All Population,27,Probability of death,25320,Akwa Ibom,3,Both,1,<5 years,345,Malaria,8,Probability of death,2023,0.014776046274512972,,
1,All Population,27,Probability of death,25320,Akwa Ibom,3,Both,22,All ages,345,Malaria,8,Probability of death,2023,0.11251564228833578,,
1,All Population,27,Probability of death,25320,Akwa Ibom,3,Both,28,<1 year,345,Malaria,8,Probability of death,2023,0.006659466255863524,,
1,All Population,27,Probability of death,25320,Akwa Ibom,3,Both,34,2-4 years,345,Malaria,8,Probability of death,2023,0.004990588363859998,,
1,All Population,27,Probability of death,25320,Akwa Ibom,3,Both,42,<28 days,345,Malaria,8,Probability of death,2023,0.0009419460775414289,,
1,All Population,27,Probability of death,25320,Akwa Ibom,3,Both,238,12-23 months,345,Malaria,8,Probability of death,2023,0.003350870857459236,,
1,All Population,27,Probability of death,25320,Akwa Ibom,3,Both,388,1-5 months,345,Malaria,8,Probability of death,2023,0.0025262270873121647,,
1,All Population,27,Probability of death,25320,Akwa Ibom,3,Both,389,6-11 months,345,Malaria,8,Probability of death,2023,0.003230000915763808,,
1,All Population,27,Probability of death,25321,Anambra,3,Both,1,<5 years,345,Malaria,8,Probability of death,2023,0.014207971676954416,,
1,All Population,27,Probability of death,25321,Anambra,3,Both,22,All ages,345,Malaria,8,Probability of death,2023,0.13430910410256794,,
1,All Population,27,Probability of death,25321,Anambra,3,Both,28,<1 year,345,Malaria,8,Probability of death,2023,0.006881951031774613,,
1,All Population,27,Probability of death,25321,Anambra,3,Both,34,2-4 years,345,Malaria,8,Probability of death,2023,0.004395679855985448,,
1,All Population,27,Probability of death,25321,Anambra,3,Both,42,<28 days,345,Malaria,8,Probability of death,2023,0.0006846433330562577,,
1,All Population,27,Probability of death,25321,Anambra,3,Both,238,12-23 months,345,Malaria,8,Probability of death,2023,0.0031478978496604173,,
1,All Population,27,Probability of death,25321,Anambra,3,Both,388,1-5 months,345,Malaria,8,Probability of death,2023,0.0025039610189176217,,
1,All Population,27,Probability of death,25321,Anambra,3,Both,389,6-11 months,345,Malaria,8,Probability of death,2023,0.0037767736687903883,,
1,All Population,27,Probability of death,25322,Bauchi,3,Both,1,<5 years,345,Malaria,8,Probability of death,2023,0.014537211931455095,,
1,All Population,27,Probability of death,25322,Bauchi,3,Both,22,All ages,345,Malaria,8,Probability of death,2023,0.10468665156651338,,
1,All Population,27,Probability of death,25322,Bauchi,3,Both,28,<1 year,345,Malaria,8,Probability of death,2023,0.0029515653081610966,,
1,All Population,27,Probability of death,25322,Bauchi,3,Both,34,2-4 years,345,Malaria,8,Probability of death,2023,0.009821107232342148,,
1,All Population,27,Probability of death,25322,Bauchi,3,Both,42,<28 days,345,Malaria,8,Probability of death,2023,0.00037989222594500397,,
1,All Population,27,Probability of death,25322,Bauchi,3,Both,238,12-23 months,345,Malaria,8,Probability of death,2023,0.002970710581721329,,
1,All Population,27,Probability of death,25322,Bauchi,3,Both,388,1-5 months,345,Malaria,8,Probability of death,2023,0.0010732660897886678,,
1,All Population,27,Probability of death,25322,Bauchi,3,Both,389,6-11 months,345,Malaria,8,Probability of death,2023,0.0016346695239654637,,
1,All Population,27,Probability of death,25323,Bayelsa,3,Both,1,<5 years,345,Malaria,8,Probability of death,2023,0.013752262914160379,,
1,All Population,27,Probability of death,25323,Bayelsa,3,Both,22,All ages,345,Malaria,8,Probability of death,2023,0.08235361443347836,,
1,All Population,27,Probability of death,25323,Bayelsa,3,Both,28,<1 year,345,Malaria,8,Probability of death,2023,0.00592191622796242,,
1,All Population,27,Probability of death,25323,Bayelsa,3,Both,34,2-4 years,345,Malaria,8,Probability of death,2023,0.005691685193167869,,
1,All Population,27,Probability of death,25323,Bayelsa,3,Both,42,<28 days,345,Malaria,8,Probability of death,2023,0.0006274853427837184,,
1,All Population,27,Probability of death,25323,Bayelsa,3,Both,238,12-23 months,345,Malaria,8,Probability of death,2023,0.0024709303167780397,,
1,All Population,27,Probability of death,25323,Bayelsa,3,Both,388,1-5 months,345,Malaria,8,Probability of death,2023,0.0019073177813969026,,
1,All Population,27,Probability of death,25323,Bayelsa,3,Both,389,6-11 months,345,Malaria,8,Probability of death,2023,0.003447082851634363,,
1,All Population,27,Probability of death,25324,Benue,3,Both,1,<5 years,345,Malaria,8,Probability of death,2023,0.013013255778601492,,
1,All Population,27,Probability of death,25324,Benue,3,Both,22,All ages,345,Malaria,8,Probability of death,2023,0.08890559954997757,,
1,All Population,27,Probability of death,25324,Benue,3,Both,28,<1 year,345,Malaria,8,Probability of death,2023,0.0059439448343911565,,
1,All Population,27,Probability of death,25324,Benue,3,Both,34,2-4 years,345,Malaria,8,Probability of death,2023,0.004980005526591899,,
1,All Population,27,Probability of death,25324,Benue,3,Both,42,<28 days,345,Malaria,8,Probability of death,2023,0.0007499830689610801,,
1,All Population,27,Probability of death,25324,Benue,3,Both,238,12-23 months,345,Malaria,8,Probability of death,2023,0.002482700419764356,,
1,All Population,27,Probability of death,25324,Benue,3,Both,388,1-5 months,345,Malaria,8,Probability of death,2023,0.002256603716054737,,
1,All Population,27,Probability of death,25324,Benue,3,Both,389,6-11 months,345,Malaria,8,Probability of death,2023,0.0031227031284048923,,
1,All Population,27,Probability of death,25325,Borno,3,Both,1,<5 years,345,Malaria,8,Probability of death,2023,0.013501046114914731,,
1,All Population,27,Probability of death,25325,Borno,3,Both,22,All ages,345,Malaria,8,Probability of death,2023,0.12701709429535102,,
1,All Population,27,Probability of death,25325,Borno,3,Both,28,<1 year,345,Malaria,8,Probability of death,2023,0.004504774215457958,,
1,All Population,27,Probability of death,25325,Borno,3,Both,34,2-4 years,345,Malaria,8,Probability of death,2023,0.006723052076651547,,
1,All Population,27,Probability of death,25325,Borno,3,Both,42,<28 days,345,Malaria,8,Probability of death,2023,0.0006254383720815343,,
1,All Population,27,Probability of death,25325,Borno,3,Both,238,12-23 months,345,Malaria,8,Probability of death,2023,0.0028523677108115778,,
1,All Population,27,Probability of death,25325,Borno,3,Both,388,1-5 months,345,Malaria,8,Probability of death,2023,0.001629123820541736,,
1,All Population,27,Probability of death,25325,Borno,3,Both,389,6-11 months,345,Malaria,8,Probability of death,2023,0.0023927319157016074,,
1,All Population,27,Probability of death,25326,Cross River,3,Both,1,<5 years,345,Malaria,8,Probability of death,2023,0.014583793205667646,,
1,All Population,27,Probability of death,25326,Cross River,3,Both,22,All ages,345,Malaria,8,Probability of death,2023,0.1017523552713475,,
1,All Population,27,Probability of death,25326,Cross River,3,Both,28,<1 year,345,Malaria,8,Probability of death,2023,0.007068769097102197,,
1,All Population,27,Probability of death,25326,Cross River,3,Both,34,2-4 years,345,Malaria,8,Probability of death,2023,0.004541712790428914,,
1,All Population,27,Probability of death,25326,Cross River,3,Both,42,<28 days,345,Malaria,8,Probability of death,2023,0.0008573375834343995,,
1,All Population,27,Probability of death,25326,Cross River,3,Both,238,12-23 months,345,Malaria,8,Probability of death,2023,0.0032268264839138347,,
1,All Population,27,Probability of death,25326,Cross River,3,Both,388,1-5 months,345,Malaria,8,Probability of death,2023,0.0028894300878106742,,
1,All Population,27,Probability of death,25326,Cross River,3,Both,389,6-11 months,345,Malaria,8,Probability of death,2023,0.0033977945124494657,,
1,All Population,27,Probability of death,25327,Delta,3,Both,1,<5 years,345,Malaria,8,Probability of death,2023,0.01524548314635485,,
1,All Population,27,Probability of death,25327,Delta,3,Both,22,All ages,345,Malaria,8,Probability of death,2023,0.1102200929282437,,
1,All Population,27,Probability of death,25327,Delta,3,Both,28,<1 year,345,Malaria,8,Probability of death,2023,0.006879857001682237,,
1,All Population,27,Probability of death,25327,Delta,3,Both,34,2-4 years,345,Malaria,8,Probability of death,2023,0.0057392848284279286,,
1,All Population,27,Probability of death,25327,Delta,3,Both,42,<28 days,345,Malaria,8,Probability of death,2023,0.0010374447716675187,,
1,All Population,27,Probability of death,25327,Delta,3,Both,238,12-23 months,345,Malaria,8,Probability of death,2023,0.0030522724305679805,,
1,All Population,27,Probability of death,25327,Delta,3,Both,388,1-5 months,345,Malaria,8,Probability of death,2023,0.0019902680647736117,,
1,All Population,27,Probability of death,25327,Delta,3,Both,389,6-11 months,345,Malaria,8,Probability of death,2023,0.00402305506626938,,
1,All Population,27,Probability of death,25328,Ebonyi,3,Both,1,<5 years,345,Malaria,8,Probability of death,2023,0.015809611310817446,,
1,All Population,27,Probability of death,25328,Ebonyi,3,Both,22,All ages,345,Malaria,8,Probability of death,2023,0.10457895516297136,,
1,All Population,27,Probability of death,25328,Ebonyi,3,Both,28,<1 year,345,Malaria,8,Probability of death,2023,0.006641419726240401,,
1,All Population,27,Probability of death,25328,Ebonyi,3,Both,34,2-4 years,345,Malaria,8,Probability of death,2023,0.005769479996421499,,
1,All Population,27,Probability of death,25328,Ebonyi,3,Both,42,<28 days,345,Malaria,8,Probability of death,2023,0.0007638319792328871,,
1,All Population,27,Probability of death,25328,Ebonyi,3,Both,238,12-23 months,345,Malaria,8,Probability of death,2023,0.003954260442427623,,
1,All Population,27,Probability of death,25328,Ebonyi,3,Both,388,1-5 months,345,Malaria,8,Probability of death,2023,0.0020456638627512694,,
1,All Population,27,Probability of death,25328,Ebonyi,3,Both,389,6-11 months,345,Malaria,8,Probability of death,2023,0.003992257253952634,,
1,All Population,27,Probability of death,25329,Edo,3,Both,1,<5 years,345,Malaria,8,Probability of death,2023,0.015261654591079848,,
1,All Population,27,Probability of death,25329,Edo,3,Both,22,All ages,345,Malaria,8,Probability of death,2023,0.1252308511225749,,
1,All Population,27,Probability of death,25329,Edo,3,Both,28,<1 year,345,Malaria,8,Probability of death,2023,0.005855939109527516,,
1,All Population,27,Probability of death,25329,Edo,3,Both,34,2-4 years,345,Malaria,8,Probability of death,2023,0.006474367386552588,,
1,All Population,27,Probability of death,25329,Edo,3,Both,42,<28 days,345,Malaria,8,Probability of death,2023,0.0005467723178581302,,
1,All Population,27,Probability of death,25329,Edo,3,Both,238,12-23 months,345,Malaria,8,Probability of death,2023,0.003489701044434966,,
1,All Population,27,Probability of death,25329,Edo,3,Both,388,1-5 months,345,Malaria,8,Probability of death,2023,0.0017667379223886448,,
1,All Population,27,Probability of death,25329,Edo,3,Both,389,6-11 months,345,Malaria,8,Probability of death,2023,0.0036681005486536916,,
1,All Population,27,Probability of death,25330,Ekiti,3,Both,1,<5 years,345,Malaria,8,Probability of death,2023,0.02078329127633729,,
1,All Population,27,Probability of death,25330,Ekiti,3,Both,22,All ages,345,Malaria,8,Probability of death,2023,0.12780850191079565,,
1,All Population,27,Probability of death,25330,Ekiti,3,Both,28,<1 year,345,Malaria,8,Probability of death,2023,0.008638150920694178,,
1,All Population,27,Probability of death,25330,Ekiti,3,Both,34,2-4 years,345,Malaria,8,Probability of death,2023,0.00836390837751225,,
1,All Population,27,Probability of death,25330,Ekiti,3,Both,42,<28 days,345,Malaria,8,Probability of death,2023,0.0011326219251452463,,
1,All Population,27,Probability of death,25330,Ekiti,3,Both,238,12-23 months,345,Malaria,8,Probability of death,2023,0.004349612176789529,,
1,All Population,27,Probability of death,25330,Ekiti,3,Both,388,1-5 months,345,Malaria,8,Probability of death,2023,0.0028695355305764303,,
1,All Population,27,Probability of death,25330,Ekiti,3,Both,389,6-11 months,345,Malaria,8,Probability of death,2023,0.004772182787354465,,
1,All Population,27,Probability of death,25331,Enugu,3,Both,1,<5 years,345,Malaria,8,Probability of death,2023,0.014504848690810283,,
1,All Population,27,Probability of death,25331,Enugu,3,Both,22,All ages,345,Malaria,8,Probability of death,2023,0.12143305470429373,,
1,All Population,27,Probability of death,25331,Enugu,3,Both,28,<1 year,345,Malaria,8,Probability of death,2023,0.006312317293831962,,
1,All Population,27,Probability of death,25331,Enugu,3,Both,34,2-4 years,345,Malaria,8,Probability of death,2023,0.004056693913476449,,
1,All Population,27,Probability of death,25331,Enugu,3,Both,42,<28 days,345,Malaria,8,Probability of death,2023,0.0006430463102557425,,
1,All Population,27,Probability of death,25331,Enugu,3,Both,238,12-23 months,345,Malaria,8,Probability of death,2023,0.004381758403100966,,
1,All Population,27,Probability of death,25331,Enugu,3,Both,388,1-5 months,345,Malaria,8,Probability of death,2023,0.002022939489694984,,
1,All Population,27,Probability of death,25331,Enugu,3,Both,389,6-11 months,345,Malaria,8,Probability of death,2023,0.003761047524971752,,
1,All Population,27,Probability of death,25332,FCT (Abuja),3,Both,1,<5 years,345,Malaria,8,Probability of death,2023,0.01534403453633362,,
1,All Population,27,Probability of death,25332,FCT (Abuja),3,Both,22,All ages,345,Malaria,8,Probability of death,2023,0.14287338271107747,,
1,All Population,27,Probability of death,25332,FCT (Abuja),3,Both,28,<1 year,345,Malaria,8,Probability of death,2023,0.006089111892451292,,
1,All Population,27,Probability of death,25332,FCT (Abuja),3,Both,34,2-4 years,345,Malaria,8,Probability of death,2023,0.0069745303042630345,,
1,All Population,27,Probability of death,25332,FCT (Abuja),3,Both,42,<28 days,345,Malaria,8,Probability of death,2023,0.0008083682345167919,,
1,All Population,27,Probability of death,25332,FCT (Abuja),3,Both,238,12-23 months,345,Malaria,8,Probability of death,2023,0.0029872647200471216,,
1,All Population,27,Probability of death,25332,FCT (Abuja),3,Both,388,1-5 months,345,Malaria,8,Probability of death,2023,0.00198685108799119,,
1,All Population,27,Probability of death,25332,FCT (Abuja),3,Both,389,6-11 months,345,Malaria,8,Probability of death,2023,0.0035226629254029337,,
1,All Population,27,Probability of death,25333,Gombe,3,Both,1,<5 years,345,Malaria,8,Probability of death,2023,0.01658781660406451,,
1,All Population,27,Probability of death,25333,Gombe,3,Both,22,All ages,345,Malaria,8,Probability of death,2023,0.11358219231794726,,
1,All Population,27,Probability of death,25333,Gombe,3,Both,28,<1 year,345,Malaria,8,Probability of death,2023,0.004010888155590127,,
1,All Population,27,Probability of death,25333,Gombe,3,Both,34,2-4 years,345,Malaria,8,Probability of death,2023,0.01050581691229535,,
1,All Population,27,Probability of death,25333,Gombe,3,Both,42,<28 days,345,Malaria,8,Probability of death,2023,0.0005243776939874358,,
1,All Population,27,Probability of death,25333,Gombe,3,Both,238,12-23 months,345,Malaria,8,Probability of death,2023,0.0031235456463865273,,
1,All Population,27,Probability of death,25333,Gombe,3,Both,388,1-5 months,345,Malaria,8,Probability of death,2023,0.0014587946804694883,,
1,All Population,27,Probability of death,25333,Gombe,3,Both,389,6-11 months,345,Malaria,8,Probability of death,2023,0.002177414254706484,,
1,All Population,27,Probability of death,25334,Imo,3,Both,1,<5 years,345,Malaria,8,Probability of death,2023,0.019945627755969884,,
1,All Population,27,Probability of death,25334,Imo,3,Both,22,All ages,345,Malaria,8,Probability of death,2023,0.17064255044084714,,
1,All Population,27,Probability of death,25334,Imo,3,Both,28,<1 year,345,Malaria,8,Probability of death,2023,0.00855099715339188,,
1,All Population,27,Probability of death,25334,Imo,3,Both,34,2-4 years,345,Malaria,8,Probability of death,2023,0.007887139451258206,,
1,All Population,27,Probability of death,25334,Imo,3,Both,42,<28 days,345,Malaria,8,Probability of death,2023,0.0007149465966989857,,
1,All Population,27,Probability of death,25334,Imo,3,Both,238,12-23 months,345,Malaria,8,Probability of death,2023,0.004019227787087319,,
1,All Population,27,Probability of death,25334,Imo,3,Both,388,1-5 months,345,Malaria,8,Probability of death,2023,0.002743683319506966,,
1,All Population,27,Probability of death,25334,Imo,3,Both,389,6-11 months,345,Malaria,8,Probability of death,2023,0.005324905607441667,,
1,All Population,27,Probability of death,25335,Jigawa,3,Both,1,<5 years,345,Malaria,8,Probability of death,2023,0.019644371033599655,,
1,All Population,27,Probability of death,25335,Jigawa,3,Both,22,All ages,345,Malaria,8,Probability of death,2023,0.11590532534514147,,
1,All Population,27,Probability of death,25335,Jigawa,3,Both,28,<1 year,345,Malaria,8,Probability of death,2023,0.0031068319559643997,,
1,All Population,27,Probability of death,25335,Jigawa,3,Both,34,2-4 years,345,Malaria,8,Probability of death,2023,0.015068718203317288,,
1,All Population,27,Probability of death,25335,Jigawa,3,Both,42,<28 days,345,Malaria,8,Probability of death,2023,0.0004233172801982306,,
1,All Population,27,Probability of death,25335,Jigawa,3,Both,238,12-23 months,345,Malaria,8,Probability of death,2023,0.0034099539479708124,,
1,All Population,27,Probability of death,25335,Jigawa,3,Both,388,1-5 months,345,Malaria,8,Probability of death,2023,0.001172640850986524,,
1,All Population,27,Probability of death,25335,Jigawa,3,Both,389,6-11 months,345,Malaria,8,Probability of death,2023,0.0016864537093827137,,
1,All Population,27,Probability of death,25336,Kaduna,3,Both,1,<5 years,345,Malaria,8,Probability of death,2023,0.014491140671882622,,
1,All Population,27,Probability of death,25336,Kaduna,3,Both,22,All ages,345,Malaria,8,Probability of death,2023,0.1224087791506299,,
1,All Population,27,Probability of death,25336,Kaduna,3,Both,28,<1 year,345,Malaria,8,Probability of death,2023,0.0037111157330478152,,
1,All Population,27,Probability of death,25336,Kaduna,3,Both,34,2-4 years,345,Malaria,8,Probability of death,2023,0.008985915110840998,,
1,All Population,27,Probability of death,25336,Kaduna,3,Both,42,<28 days,345,Malaria,8,Probability of death,2023,0.0006074948008142018,,
1,All Population,27,Probability of death,25336,Kaduna,3,Both,238,12-23 months,345,Malaria,8,Probability of death,2023,0.0027210410613570657,,
1,All Population,27,Probability of death,25336,Kaduna,3,Both,388,1-5 months,345,Malaria,8,Probability of death,2023,0.001199582215017136,,
1,All Population,27,Probability of death,25336,Kaduna,3,Both,389,6-11 months,345,Malaria,8,Probability of death,2023,0.002056716384982553,,
1,All Population,27,Probability of death,25337,Kano,3,Both,1,<5 years,345,Malaria,8,Probability of death,2023,0.022920821935481464,,
1,All Population,27,Probability of death,25337,Kano,3,Both,22,All ages,345,Malaria,8,Probability of death,2023,0.15887526873455346,,
1,All Population,27,Probability of death,25337,Kano,3,Both,28,<1 year,345,Malaria,8,Probability of death,2023,0.004466338958397356,,
1,All Population,27,Probability of death,25337,Kano,3,Both,34,2-4 years,345,Malaria,8,Probability of death,2023,0.01621278446330633,,
1,All Population,27,Probability of death,25337,Kano,3,Both,42,<28 days,345,Malaria,8,Probability of death,2023,0.0005772822097640847,,
1,All Population,27,Probability of death,25337,Kano,3,Both,238,12-23 months,345,Malaria,8,Probability of death,2023,0.003928727306984375,,
1,All Population,27,Probability of death,25337,Kano,3,Both,388,1-5 months,345,Malaria,8,Probability of death,2023,0.0014992905759022884,,
1,All Population,27,Probability of death,25337,Kano,3,Both,389,6-11 months,345,Malaria,8,Probability of death,2023,0.0026135972312276053,,
1,All Population,27,Probability of death,25338,Katsina,3,Both,1,<5 years,345,Malaria,8,Probability of death,2023,0.015673526094871614,,
1,All Population,27,Probability of death,25338,Katsina,3,Both,22,All ages,345,Malaria,8,Probability of death,2023,0.13113724237640081,,
1,All Population,27,Probability of death,25338,Katsina,3,Both,28,<1 year,345,Malaria,8,Probability of death,2023,0.0031401345043040748,,
1,All Population,27,Probability of death,25338,Katsina,3,Both,34,2-4 years,345,Malaria,8,Probability of death,2023,0.010366029570535808,,
1,All Population,27,Probability of death,25338,Katsina,3,Both,42,<28 days,345,Malaria,8,Probability of death,2023,0.0004783141504928034,,
1,All Population,27,Probability of death,25338,Katsina,3,Both,238,12-23 months,345,Malaria,8,Probability of death,2023,0.0033330279328042914,,
1,All Population,27,Probability of death,25338,Katsina,3,Both,388,1-5 months,345,Malaria,8,Probability of death,2023,0.0009231822463970729,,
1,All Population,27,Probability of death,25338,Katsina,3,Both,389,6-11 months,345,Malaria,8,Probability of death,2023,0.0018685041251553295,,
1,All Population,27,Probability of death,25339,Kebbi,3,Both,1,<5 years,345,Malaria,8,Probability of death,2023,0.017497537091345553,,
1,All Population,27,Probability of death,25339,Kebbi,3,Both,22,All ages,345,Malaria,8,Probability of death,2023,0.10837710821008863,,
1,All Population,27,Probability of death,25339,Kebbi,3,Both,28,<1 year,345,Malaria,8,Probability of death,2023,0.004258899240709464,,
1,All Population,27,Probability of death,25339,Kebbi,3,Both,34,2-4 years,345,Malaria,8,Probability of death,2023,0.011380081518231056,,
1,All Population,27,Probability of death,25339,Kebbi,3,Both,42,<28 days,345,Malaria,8,Probability of death,2023,0.0005143128880056486,,
1,All Population,27,Probability of death,25339,Kebbi,3,Both,238,12-23 months,345,Malaria,8,Probability of death,2023,0.003409424670674431,,
1,All Population,27,Probability of death,25339,Kebbi,3,Both,388,1-5 months,345,Malaria,8,Probability of death,2023,0.0013657542971378357,,
1,All Population,27,Probability of death,25339,Kebbi,3,Both,389,6-11 months,345,Malaria,8,Probability of death,2023,0.002602089817085965,,
1,All Population,27,Probability of death,25340,Kogi,3,Both,1,<5 years,345,Malaria,8,Probability of death,2023,0.013622199433970538,,
1,All Population,27,Probability of death,25340,Kogi,3,Both,22,All ages,345,Malaria,8,Probability of death,2023,0.10872438115200268,,
1,All Population,27,Probability of death,25340,Kogi,3,Both,28,<1 year,345,Malaria,8,Probability of death,2023,0.005791027805089574,,
1,All Population,27,Probability of death,25340,Kogi,3,Both,34,2-4 years,345,Malaria,8,Probability of death,2023,0.005637389697205512,,
1,All Population,27,Probability of death,25340,Kogi,3,Both,42,<28 days,345,Malaria,8,Probability of death,2023,0.0007072041643130015,,
1,All Population,27,Probability of death,25340,Kogi,3,Both,238,12-23 months,345,Malaria,8,Probability of death,2023,0.0024066971613492224,,
1,All Population,27,Probability of death,25340,Kogi,3,Both,388,1-5 months,345,Malaria,8,Probability of death,2023,0.00206747749875021,,
1,All Population,27,Probability of death,25340,Kogi,3,Both,389,6-11 months,345,Malaria,8,Probability of death,2023,0.003111508702921884,,
1,All Population,27,Probability of death,25341,Kwara,3,Both,1,<5 years,345,Malaria,8,Probability of death,2023,0.010219915270279205,,
1,All Population,27,Probability of death,25341,Kwara,3,Both,22,All ages,345,Malaria,8,Probability of death,2023,0.11198255589779564,,
1,All Population,27,Probability of death,25341,Kwara,3,Both,28,<1 year,345,Malaria,8,Probability of death,2023,0.004635980239334074,,
1,All Population,27,Probability of death,25341,Kwara,3,Both,34,2-4 years,345,Malaria,8,Probability of death,2023,0.0039440202116313725,,
1,All Population,27,Probability of death,25341,Kwara,3,Both,42,<28 days,345,Malaria,8,Probability of death,2023,0.0007160513618990426,,
1,All Population,27,Probability of death,25341,Kwara,3,Both,238,12-23 months,345,Malaria,8,Probability of death,2023,0.0018479723922946438,,
1,All Population,27,Probability of death,25341,Kwara,3,Both,388,1-5 months,345,Malaria,8,Probability of death,2023,0.0014307426360075047,,
1,All Population,27,Probability of death,25341,Kwara,3,Both,389,6-11 months,345,Malaria,8,Probability of death,2023,0.00254162592259875,,
1,All Population,27,Probability of death,25342,Lagos,3,Both,1,<5 years,345,Malaria,8,Probability of death,2023,0.01329938522824704,,
1,All Population,27,Probability of death,25342,Lagos,3,Both,22,All ages,345,Malaria,8,Probability of death,2023,0.11490986721387035,,
1,All Population,27,Probability of death,25342,Lagos,3,Both,28,<1 year,345,Malaria,8,Probability of death,2023,0.006234184226960531,,
1,All Population,27,Probability of death,25342,Lagos,3,Both,34,2-4 years,345,Malaria,8,Probability of death,2023,0.004801571898509862,,
1,All Population,27,Probability of death,25342,Lagos,3,Both,42,<28 days,345,Malaria,8,Probability of death,2023,0.0009344374633760921,,
1,All Population,27,Probability of death,25342,Lagos,3,Both,238,12-23 months,345,Malaria,8,Probability of death,2023,0.0024971055340911714,,
1,All Population,27,Probability of death,25342,Lagos,3,Both,388,1-5 months,345,Malaria,8,Probability of death,2023,0.00191604243873113,,
1,All Population,27,Probability of death,25342,Lagos,3,Both,389,6-11 months,345,Malaria,8,Probability of death,2023,0.003441333676738108,,
1,All Population,27,Probability of death,25343,Nasarawa,3,Both,1,<5 years,345,Malaria,8,Probability of death,2023,0.013869839349459807,,
1,All Population,27,Probability of death,25343,Nasarawa,3,Both,22,All ages,345,Malaria,8,Probability of death,2023,0.12426482071523537,,
1,All Population,27,Probability of death,25343,Nasarawa,3,Both,28,<1 year,345,Malaria,8,Probability of death,2023,0.00487786404153879,,
1,All Population,27,Probability of death,25343,Nasarawa,3,Both,34,2-4 years,345,Malaria,8,Probability of death,2023,0.006950481469657348,,
1,All Population,27,Probability of death,25343,Nasarawa,3,Both,42,<28 days,345,Malaria,8,Probability of death,2023,0.0006027988242878237,,
1,All Population,27,Probability of death,25343,Nasarawa,3,Both,238,12-23 months,345,Malaria,8,Probability of death,2023,0.0027617117131951935,,
1,All Population,27,Probability of death,25343,Nasarawa,3,Both,388,1-5 months,345,Malaria,8,Probability of death,2023,0.0018399792788772037,,
1,All Population,27,Probability of death,25343,Nasarawa,3,Both,389,6-11 months,345,Malaria,8,Probability of death,2023,0.0026313693346550655,,
1,All Population,27,Probability of death,25344,Niger,3,Both,1,<5 years,345,Malaria,8,Probability of death,2023,0.010968383193005317,,
1,All Population,27,Probability of death,25344,Niger,3,Both,22,All ages,345,Malaria,8,Probability of death,2023,0.11350860477168781,,
1,All Population,27,Probability of death,25344,Niger,3,Both,28,<1 year,345,Malaria,8,Probability of death,2023,0.0036539549976106808,,
1,All Population,27,Probability of death,25344,Niger,3,Both,34,2-4 years,345,Malaria,8,Probability of death,2023,0.005551805728083129,,
1,All Population,27,Probability of death,25344,Niger,3,Both,42,<28 days,345,Malaria,8,Probability of death,2023,0.00048708356607500813,,
1,All Population,27,Probability of death,25344,Niger,3,Both,238,12-23 months,345,Malaria,8,Probability of death,2023,0.002283785022338018,,
1,All Population,27,Probability of death,25344,Niger,3,Both,388,1-5 months,345,Malaria,8,Probability of death,2023,0.0013936710786481253,,
1,All Population,27,Probability of death,25344,Niger,3,Both,389,6-11 months,345,Malaria,8,Probability of death,2023,0.0018886108047937089,,
1,All Population,27,Probability of death,25345,Ogun,3,Both,1,<5 years,345,Malaria,8,Probability of death,2023,0.011987504854546433,,
1,All Population,27,Probability of death,25345,Ogun,3,Both,22,All ages,345,Malaria,8,Probability of death,2023,0.11848809487116121,,
1,All Population,27,Probability of death,25345,Ogun,3,Both,28,<1 year,345,Malaria,8,Probability of death,2023,0.005054684627443174,,
1,All Population,27,Probability of death,25345,Ogun,3,Both,34,2-4 years,345,Malaria,8,Probability of death,2023,0.0052732104815121075,,
1,All Population,27,Probability of death,25345,Ogun,3,Both,42,<28 days,345,Malaria,8,Probability of death,2023,0.0009029316186334553,,
1,All Population,27,Probability of death,25345,Ogun,3,Both,238,12-23 months,345,Malaria,8,Probability of death,2023,0.0022213674036816546,,
1,All Population,27,Probability of death,25345,Ogun,3,Both,388,1-5 months,345,Malaria,8,Probability of death,2023,0.0019943170635229584,,
1,All Population,27,Probability of death,25345,Ogun,3,Both,389,6-11 months,345,Malaria,8,Probability of death,2023,0.0023660863723145966,,
1,All Population,27,Probability of death,25346,Ondo,3,Both,1,<5 years,345,Malaria,8,Probability of death,2023,0.016423648615147515,,
1,All Population,27,Probability of death,25346,Ondo,3,Both,22,All ages,345,Malaria,8,Probability of death,2023,0.12048897359413852,,
1,All Population,27,Probability of death,25346,Ondo,3,Both,28,<1 year,345,Malaria,8,Probability of death,2023,0.005936624120736866,,
1,All Population,27,Probability of death,25346,Ondo,3,Both,34,2-4 years,345,Malaria,8,Probability of death,2023,0.007443440541071243,,
1,All Population,27,Probability of death,25346,Ondo,3,Both,42,<28 days,345,Malaria,8,Probability of death,2023,0.0007616275799984442,,
1,All Population,27,Probability of death,25346,Ondo,3,Both,238,12-23 months,345,Malaria,8,Probability of death,2023,0.003380040207853759,,
1,All Population,27,Probability of death,25346,Ondo,3,Both,388,1-5 months,345,Malaria,8,Probability of death,2023,0.0021642519465459985,,
1,All Population,27,Probability of death,25346,Ondo,3,Both,389,6-11 months,345,Malaria,8,Probability of death,2023,0.003109724740301823,,
1,All Population,27,Probability of death,25347,Osun,3,Both,1,<5 years,345,Malaria,8,Probability of death,2023,0.010837382995470098,,
1,All Population,27,Probability of death,25347,Osun,3,Both,22,All ages,345,Malaria,8,Probability of death,2023,0.11554272256469615,,
1,All Population,27,Probability of death,25347,Osun,3,Both,28,<1 year,345,Malaria,8,Probability of death,2023,0.004831977816324668,,
1,All Population,27,Probability of death,25347,Osun,3,Both,34,2-4 years,345,Malaria,8,Probability of death,2023,0.0042127744279254285,,
1,All Population,27,Probability of death,25347,Osun,3,Both,42,<28 days,345,Malaria,8,Probability of death,2023,0.0006468837670449161,,
1,All Population,27,Probability of death,44584,OECD Countries,3,Both,1,<5 years,345,Malaria,8,Probability of death,2023,1.956521179165063e-06,,
1,All Population,27,Probability of death,44584,OECD Countries,3,Both,22,All ages,345,Malaria,8,Probability of death,2023,1.106029249281484e-05,,
1,All Population,27,Probability of death,44584,OECD Countries,3,Both,28,<1 year,345,Malaria,8,Probability of death,2023,9.336808705423639e-07,,
1,All Population,27,Probability of death,44584,OECD Countries,3,Both,34,2-4 years,345,Malaria,8,Probability of death,2023,5.604831935563909e-07,,
1,All Population,27,Probability of death,44584,OECD Countries,3,Both,42,<28 days,345,Malaria,8,Probability of death,2023,6.764159316812558e-08,,
1,All Population,27,Probability of death,44584,OECD Countries,3,Both,238,12-23 months,345,Malaria,8,Probability of death,2023,4.3799835267410115e-07,,
1,All Population,27,Probability of death,44584,OECD Countries,3,Both,388,1-5 months,345,Malaria,8,Probability of death,2023,7.450942616272122e-07,,
1,All Population,27,Probability of death,44584,OECD Countries,3,Both,389,6-11 months,345,Malaria,8,Probability of death,2023,1.210738872223077e-07,,
1,All Population,27,Probability of death,44591,World Bank Income Levels,3,Both,1,<5 years,345,Malaria,8,Probability of death,2023,0.003182171673820031,,
1,All Population,27,Probability of death,44591,World Bank Income Levels,3,Both,22,All ages,345,Malaria,8,Probability of death,2023,0.011168135351794414,,
1,All Population,27,Probability of death,44591,World Bank Income Levels,3,Both,28,<1 year,345,Malaria,8,Probability of death,2023,0.0012756956416369774,,
1,All Population,27,Probability of death,44591,World Bank Income Levels,3,Both,34,2-4 years,345,Malaria,8,Probability of death,2023,0.0013171063473678866,,
1,All Population,27,Probability of death,44591,World Bank Income Levels,3,Both,42,<28 days,345,Malaria,8,Probability of death,2023,0.00015370603134561624,,
1,All Population,27,Probability of death,44591,World Bank Income Levels,3,Both,238,12-23 months,345,Malaria,8,Probability of death,2023,0.0005929888709438471,,
1,All Population,27,Probability of death,44591,World Bank Income Levels,3,Both,388,1-5 months,345,Malaria,8,Probability of death,2023,0.0004800538968978667,,
1,All Population,27,Probability of death,44591,World Bank Income Levels,3,Both,389,6-11 months,345,Malaria,8,Probability of death,2023,0.0006613601652453663,,
1,All Population,27,Probability of death,94215,Organization of Islamic Cooperation,3,Both,1,<5 years,345,Malaria,8,Probability of death,2023,0.005465056927896978,,
1,All Population,27,Probability of death,94215,Organization of Islamic Cooperation,3,Both,22,All ages,345,Malaria,8,Probability of death,2023,0.03546919745501731,,
1,All Population,27,Probability of death,94215,Organization of Islamic Cooperation,3,Both,28,<1 year,345,Malaria,8,Probability of death,2023,0.0019332072201070343,,
1,All Population,27,Probability of death,94215,Organization of Islamic Cooperation,3,Both,34,2-4 years,345,Malaria,8,Probability of death,2023,0.00258274892075286,,
1,All Population,27,Probability of death,94215,Organization of Islamic Cooperation,3,Both,42,<28 days,345,Malaria,8,Probability of death,2023,0.00024181326859911293,,
1,All Population,27,Probability of death,94215,Organization of Islamic Cooperation,3,Both,238,12-23 months,345,Malaria,8,Probability of death,2023,0.0010817984122346183,,
1,All Population,27,Probability of death,94215,Organization of Islamic Cooperation,3,Both,388,1-5 months,345,Malaria,8,Probability of death,2023,0.0007020670081375945,,
1,All Population,27,Probability of death,94215,Organization of Islamic Cooperation,3,Both,389,6-11 months,345,Malaria,8,Probability of death,2023,0.0010371479869272949,,
1,All Population,27,Probability of death,94366,Sahel Region,3,Both,1,<5 years,345,Malaria,8,Probability of death,2023,0.011767068656437056,,
1,All Population,27,Probability of death,94366,Sahel Region,3,Both,22,All ages,345,Malaria,8,Probability of death,2023,0.08554454364458808,,
1,All Population,27,Probability of death,94366,Sahel Region,3,Both,28,<1 year,345,Malaria,8,Probability of death,2023,0.0035851033028162695,,
1,All Population,27,Probability of death,94366,Sahel Region,3,Both,34,2-4 years,345,Malaria,8,Probability of death,2023,0.0065501223162496795,,
1,All Population,27,Probability of death,94366,Sahel Region,3,Both,42,<28 days,345,Malaria,8,Probability of death,2023,0.0005018975894381785,,
1,All Population,27,Probability of death,94366,Sahel Region,3,Both,238,12-23 months,345,Malaria,8,Probability of death,2023,0.0023258883502674495,,
1,All Population,27,Probability of death,94366,Sahel Region,3,Both,388,1-5 months,345,Malaria,8,Probability of death,2023,0.0013109038038886889,,
1,All Population,27,Probability of death,94366,Sahel Region,3,Both,389,6-11 months,345,Malaria,8,Probability of death,2023,0.001903887133393629,,
1,All Population,27,Probability of death,166,Sub-Saharan Africa,3,Both,1,<5 years,345,Malaria,8,Probability of death,2023,0.010257645485199324,,
1,All Population,27,Probability of death,166,Sub-Saharan Africa,3,Both,22,All ages,345,Malaria,8,Probability of death,2023,0.07095279400285567,,
1,All Population,27,Probability of death,166,Sub-Saharan Africa,3,Both,28,<1 year,345,Malaria,8,Probability of death,2023,0.004013999052476812,,
1,All Population,27,Probability of death,166,Sub-Saharan Africa,3,Both,34,2-4 years,345,Malaria,8,Probability of death,2023,0.004703608136445937,,
1,All Population,27,Probability of death,166,Sub-Saharan Africa,3,Both,42,<28 days,345,Malaria,8,Probability of death,2023,0.0004858063898906937,,
1,All Population,27,Probability of death,166,Sub-Saharan Africa,3,Both,238,12-23 months,345,Malaria,8,Probability of death,2023,0.001954988074021466,,
1,All Population,27,Probability of death,166,Sub-Saharan Africa,3,Both,388,1-5 months,345,Malaria,8,Probability of death,2023,0.0015065299505456445,,
1,All Population,27,Probability of death,166,Sub-Saharan Africa,3,Both,389,6-11 months,345,Malaria,8,Probability of death,2023,0.0021452905936608477,,
1,All Population,27,Probability of death,167,Central Sub-Saharan Africa,3,Both,1,<5 years,345,Malaria,8,Probability of death,2023,0.015351989026914698,,
1,All Population,27,Probability of death,167,Central Sub-Saharan Africa,3,Both,22,All ages,345,Malaria,8,Probability of death,2023,0.0844684394435583,,
1,All Population,27,Probability of death,167,Central Sub-Saharan Africa,3,Both,28,<1 year,345,Malaria,8,Probability of death,2023,0.007045228549171203,,
1,All Population,27,Probability of death,167,Central Sub-Saharan Africa,3,Both,34,2-4 years,345,Malaria,8,Probability of death,2023,0.0062304114670311455,,
1,All Population,27,Probability of death,167,Central Sub-Saharan Africa,3,Both,42,<28 days,345,Malaria,8,Probability of death,2023,0.00060724942019516,,
1,All Population,27,Probability of death,167,Central Sub-Saharan Africa,3,Both,238,12-23 months,345,Malaria,8,Probability of death,2023,0.002542623548382666,,
1,All Population,27,Probability of death,167,Central Sub-Saharan Africa,3,Both,388,1-5 months,345,Malaria,8,Probability of death,2023,0.0026946107861846487,,
1,All Population,27,Probability of death,167,Central Sub-Saharan Africa,3,Both,389,6-11 months,345,Malaria,8,Probability of death,2023,0.003937099295750201,,
1,All Population,27,Probability of death,168,Angola,3,Both,1,<5 years,345,Malaria,8,Probability of death,2023,0.006870666225539401,,
1,All Population,27,Probability of death,168,Angola,3,Both,22,All ages,345,Malaria,8,Probability of death,2023,0.05752851566201727,,
1,All Population,27,Probability of death,168,Angola,3,Both,28,<1 year,345,Malaria,8,Probability of death,2023,0.002898809737570114,,
1,All Population,27,Probability of death,168,Angola,3,Both,34,2-4 years,345,Malaria,8,Probability of death,2023,0.0029381283770022826,,
1,All Population,27,Probability of death,168,Angola,3,Both,42,<28 days,345,Malaria,8,Probability of death,2023,0.00026404269086762995,,
1,All Population,27,Probability of death,168,Angola,3,Both,238,12-23 months,345,Malaria,8,Probability of death,2023,0.0012412268503976687,,
1,All Population,27,Probability of death,168,Angola,3,Both,388,1-5 months,345,Malaria,8,Probability of death,2023,0.001067967164365113,,
1,All Population,27,Probability of death,168,Angola,3,Both,389,6-11 months,345,Malaria,8,Probability of death,2023,0.0016431803783442573,,
1,All Population,27,Probability of death,169,Central African Republic,3,Both,1,<5 years,345,Malaria,8,Probability of death,2023,0.012731724580351846,,
1,All Population,27,Probability of death,169,Central African Republic,3,Both,22,All ages,345,Malaria,8,Probability of death,2023,0.07199105577877055,,
1,All Population,27,Probability of death,169,Central African Republic,3,Both,28,<1 year,345,Malaria,8,Probability of death,2023,0.0056550120511887425,,
1,All Population,27,Probability of death,169,Central African Republic,3,Both,34,2-4 years,345,Malaria,8,Probability of death,2023,0.006363683633779464,,
1,All Population,27,Probability of death,169,Central African Republic,3,Both,42,<28 days,345,Malaria,8,Probability of death,2023,0.0007073803526652427,,
1,All Population,27,Probability of death,169,Central African Republic,3,Both,238,12-23 months,345,Malaria,8,Probability of death,2023,0.0016179792859486748,,
1,All Population,27,Probability of death,169,Central African Republic,3,Both,388,1-5 months,345,Malaria,8,Probability of death,2023,0.0021840038777959803,,
1,All Population,27,Probability of death,169,Central African Republic,3,Both,389,6-11 months,345,Malaria,8,Probability of death,2023,0.003035878342619637,,
1,All Population,27,Probability of death,170,Congo,3,Both,1,<5 years,345,Malaria,8,Probability of death,2023,0.007638991789347693,,
1,All Population,27,Probability of death,170,Congo,3,Both,22,All ages,345,Malaria,8,Probability of death,2023,0.059460138415469425,,
1,All Population,27,Probability of death,170,Congo,3,Both,28,<1 year,345,Malaria,8,Probability of death,2023,0.0033975497329805367,,
1,All Population,27,Probability of death,170,Congo,3,Both,34,2-4 years,345,Malaria,8,Probability of death,2023,0.002873147097452437,,
1,All Population,27,Probability of death,170,Congo,3,Both,42,<28 days,345,Malaria,8,Probability of death,2023,0.0004559362478320274,,
1,All Population,27,Probability of death,170,Congo,3,Both,238,12-23 months,345,Malaria,8,Probability of death,2023,0.0013982437379021228,,
1,All Population,27,Probability of death,170,Congo,3,Both,388,1-5 months,345,Malaria,8,Probability of death,2023,0.0012996574365933583,,
1,All Population,27,Probability of death,170,Congo,3,Both,389,6-11 months,345,Malaria,8,Probability of death,2023,0.0017074419138581032,,
1,All Population,27,Probability of death,171,Democratic Republic of the Congo,3,Both,1,<5 years,345,Malaria,8,Probability of death,2023,0.01955125243357748,,
1,All Population,27,Probability of death,171,Democratic Republic of the Congo,3,Both,22,All ages,345,Malaria,8,Probability of death,2023,0.09608198771318464,,
1,All Population,27,Probability of death,171,Democratic Republic of the Congo,3,Both,28,<1 year,345,Malaria,8,Probability of death,2023,0.009060731991459164,,
1,All Population,27,Probability of death,171,Democratic Republic of the Congo,3,Both,34,2-4 years,345,Malaria,8,Probability of death,2023,0.007849610751137192,,
1,All Population,27,Probability of death,171,Democratic Republic of the Congo,3,Both,42,<28 days,345,Malaria,8,Probability of death,2023,0.0007391301724876127,,
1,All Population,27,Probability of death,171,Democratic Republic of the Congo,3,Both,238,12-23 months,345,Malaria,8,Probability of death,2023,0.0032272546716970918,,
1,All Population,27,Probability of death,171,Democratic Republic of the Congo,3,Both,388,1-5 months,345,Malaria,8,Probability of death,2023,0.003475058105730704,,
1,All Population,27,Probability of death,171,Democratic Republic of the Congo,3,Both,389,6-11 months,345,Malaria,8,Probability of death,2023,0.005087869349404016,,
1,All Population,27,Probability of death,172,Equatorial Guinea,3,Both,1,<5 years,345,Malaria,8,Probability of death,2023,0.014905615387021613,,
1,All Population,27,Probability of death,172,Equatorial Guinea,3,Both,22,All ages,345,Malaria,8,Probability of death,2023,0.10029951664140593,,
1,All Population,27,Probability of death,172,Equatorial Guinea,3,Both,28,<1 year,345,Malaria,8,Probability of death,2023,0.008782639156938015,,
1,All Population,27,Probability of death,172,Equatorial Guinea,3,Both,34,2-4 years,345,Malaria,8,Probability of death,2023,0.0035987317965230445,,
1,All Population,27,Probability of death,172,Equatorial Guinea,3,Both,42,<28 days,345,Malaria,8,Probability of death,2023,0.0011267531729376864,,
1,All Population,27,Probability of death,172,Equatorial Guinea,3,Both,238,12-23 months,345,Malaria,8,Probability of death,2023,0.0027090902102184446,,
1,All Population,27,Probability of death,172,Equatorial Guinea,3,Both,388,1-5 months,345,Malaria,8,Probability of death,2023,0.004007021745148463,,
1,All Population,27,Probability of death,172,Equatorial Guinea,3,Both,389,6-11 months,345,Malaria,8,Probability of death,2023,0.003824268582298517,,
1,All Population,27,Probability of death,173,Gabon,3,Both,1,<5 years,345,Malaria,8,Probability of death,2023,0.005108635072546595,,
1,All Population,27,Probability of death,173,Gabon,3,Both,22,All ages,345,Malaria,8,Probability of death,2023,0.042618821526961684,,
1,All Population,27,Probability of death,173,Gabon,3,Both,28,<1 year,345,Malaria,8,Probability of death,2023,0.0027595486124900484,,
1,All Population,27,Probability of death,173,Gabon,3,Both,34,2-4 years,345,Malaria,8,Probability of death,2023,0.0014846857809555365,,
1,All Population,27,Probability of death,173,Gabon,3,Both,42,<28 days,345,Malaria,8,Probability of death,2023,0.0004833855757764752,,
1,All Population,27,Probability of death,173,Gabon,3,Both,238,12-23 months,345,Malaria,8,Probability of death,2023,0.0009269558973274411,,
1,All Population,27,Probability of death,173,Gabon,3,Both,388,1-5 months,345,Malaria,8,Probability of death,2023,0.0008743026133865666,,
1,All Population,27,Probability of death,173,Gabon,3,Both,389,6-11 months,345,Malaria,8,Probability of death,2023,0.0014434595768635895,,
1,All Population,27,Probability of death,174,Eastern Sub-Saharan Africa,3,Both,1,<5 years,345,Malaria,8,Probability of death,2023,0.005589745398408974,,
1,All Population,27,Probability of death,174,Eastern Sub-Saharan Africa,3,Both,22,All ages,345,Malaria,8,Probability of death,2023,0.03821246090174313,,
1,All Population,27,Probability of death,174,Eastern Sub-Saharan Africa,3,Both,28,<1 year,345,Malaria,8,Probability of death,2023,0.0027805682991331204,,
1,All Population,27,Probability of death,174,Eastern Sub-Saharan Africa,3,Both,34,2-4 years,345,Malaria,8,Probability of death,2023,0.0018961386407926957,,
1,All Population,27,Probability of death,174,Eastern Sub-Saharan Africa,3,Both,42,<28 days,345,Malaria,8,Probability of death,2023,0.0003658554374508241,,
1,All Population,27,Probability of death,174,Eastern Sub-Saharan Africa,3,Both,238,12-23 months,345,Malaria,8,Probability of death,2023,0.0010769706054288778,,
1,All Population,27,Probability of death,174,Eastern Sub-Saharan Africa,3,Both,388,1-5 months,345,Malaria,8,Probability of death,2023,0.0011011239851207216,,
1,All Population,27,Probability of death,174,Eastern Sub-Saharan Africa,3,Both,389,6-11 months,345,Malaria,8,Probability of death,2023,0.0013889768970085656,,
1,All Population,27,Probability of death,175,Burundi,3,Both,1,<5 years,345,Malaria,8,Probability of death,2023,0.020855451297519572,,
1,All Population,27,Probability of death,175,Burundi,3,Both,22,All ages,345,Malaria,8,Probability of death,2023,0.11356791398257549,,
1,All Population,27,Probability of death,175,Burundi,3,Both,28,<1 year,345,Malaria,8,Probability of death,2023,0.009877976385036272,,
1,All Population,27,Probability of death,175,Burundi,3,Both,34,2-4 years,345,Malaria,8,Probability of death,2023,0.007812340409548121,,
1,All Population,27,Probability of death,175,Burundi,3,Both,42,<28 days,345,Malaria,8,Probability of death,2023,0.0014203749455966247,,
1,All Population,27,Probability of death,175,Burundi,3,Both,238,12-23 months,345,Malaria,8,Probability of death,2023,0.003944908918645151,,
1,All Population,27,Probability of death,175,Burundi,3,Both,388,1-5 months,345,Malaria,8,Probability of death,2023,0.004087030722783668,,
1,All Population,27,Probability of death,175,Burundi,3,Both,389,6-11 months,345,Malaria,8,Probability of death,2023,0.004680150494382726,,
1,All Population,27,Probability of death,176,Comoros,3,Both,1,<5 years,345,Malaria,8,Probability of death,2023,0.0001839286359633469,,
1,All Population,27,Probability of death,176,Comoros,3,Both,22,All ages,345,Malaria,8,Probability of death,2023,0.006873249577524114,,
1,All Population,27,Probability of death,176,Comoros,3,Both,28,<1 year,345,Malaria,8,Probability of death,2023,8.985189346154897e-05,,
1,All Population,27,Probability of death,176,Comoros,3,Both,34,2-4 years,345,Malaria,8,Probability of death,2023,5.541622764541586e-05,,
1,All Population,27,Probability of death,176,Comoros,3,Both,42,<28 days,345,Malaria,8,Probability of death,2023,6.691822339846224e-06,,
1,All Population,27,Probability of death,176,Comoros,3,Both,238,12-23 months,345,Malaria,8,Probability of death,2023,4.3529866805479454e-05,,
1,All Population,27,Probability of death,176,Comoros,3,Both,388,1-5 months,345,Malaria,8,Probability of death,2023,3.544859004987882e-05,,
1,All Population,27,Probability of death,176,Comoros,3,Both,389,6-11 months,345,Malaria,8,Probability of death,2023,4.99652687330988e-05,,
1,All Population,27,Probability of death,177,Djibouti,3,Both,1,<5 years,345,Malaria,8,Probability of death,2023,0.00042945700851705225,,
1,All Population,27,Probability of death,177,Djibouti,3,Both,22,All ages,345,Malaria,8,Probability of death,2023,0.015130366108147471,,
1,All Population,27,Probability of death,177,Djibouti,3,Both,28,<1 year,345,Malaria,8,Probability of death,2023,0.00022907742729473313,,
1,All Population,27,Probability of death,177,Djibouti,3,Both,34,2-4 years,345,Malaria,8,Probability of death,2023,0.000129606911974104,,
1,All Population,27,Probability of death,177,Djibouti,3,Both,42,<28 days,345,Malaria,8,Probability of death,2023,1.5709011475512243e-05,,
1,All Population,27,Probability of death,177,Djibouti,3,Both,238,12-23 months,345,Malaria,8,Probability of death,2023,7.920806873219191e-05,,
1,All Population,27,Probability of death,177,Djibouti,3,Both,388,1-5 months,345,Malaria,8,Probability of death,2023,0.00011788426844729624,,
1,All Population,27,Probability of death,177,Djibouti,3,Both,389,6-11 months,345,Malaria,8,Probability of death,2023,0.00010017296010997944,,
1,All Population,27,Probability of death,178,Eritrea,3,Both,1,<5 years,345,Malaria,8,Probability of death,2023,0.00023515589492613875,,
1,All Population,27,Probability of death,178,Eritrea,3,Both,22,All ages,345,Malaria,8,Probability of death,2023,0.007922498817701738,,
1,All Population,27,Probability of death,178,Eritrea,3,Both,28,<1 year,345,Malaria,8,Probability of death,2023,5.075662663410503e-05,,
1,All Population,27,Probability of death,178,Eritrea,3,Both,34,2-4 years,345,Malaria,8,Probability of death,2023,0.00011857069464471272,,
1,All Population,27,Probability of death,178,Eritrea,3,Both,42,<28 days,345,Malaria,8,Probability of death,2023,2.7267412296401774e-06,,
1,All Population,27,Probability of death,178,Eritrea,3,Both,238,12-23 months,345,Malaria,8,Probability of death,2023,7.438336043649812e-05,,
1,All Population,27,Probability of death,178,Eritrea,3,Both,388,1-5 months,345,Malaria,8,Probability of death,2023,2.0606930061082913e-05,,
1,All Population,27,Probability of death,178,Eritrea,3,Both,389,6-11 months,345,Malaria,8,Probability of death,2023,2.8583134110148927e-05,,
1,All Population,27,Probability of death,179,Ethiopia,3,Both,1,<5 years,345,Malaria,8,Probability of death,2023,0.0028697847166851333,,
1,All Population,27,Probability of death,179,Ethiopia,3,Both,22,All ages,345,Malaria,8,Probability of death,2023,0.015427224329463047,,
1,All Population,27,Probability of death,179,Ethiopia,3,Both,28,<1 year,345,Malaria,8,Probability of death,2023,0.0016046166088401481,,
1,All Population,27,Probability of death,179,Ethiopia,3,Both,34,2-4 years,345,Malaria,8,Probability of death,2023,0.0009310072769771257,,
1,All Population,27,Probability of death,179,Ethiopia,3,Both,42,<28 days,345,Malaria,8,Probability of death,2023,0.0003389075395693075,,
1,All Population,27,Probability of death,179,Ethiopia,3,Both,238,12-23 months,345,Malaria,8,Probability of death,2023,0.0004428563246534664,,
1,All Population,27,Probability of death,179,Ethiopia,3,Both,388,1-5 months,345,Malaria,8,Probability of death,2023,0.0006588852267305903,,
1,All Population,27,Probability of death,179,Ethiopia,3,Both,389,6-11 months,345,Malaria,8,Probability of death,2023,0.00065558968581947,,
1,All Population,27,Probability of death,180,Kenya,3,Both,1,<5 years,345,Malaria,8,Probability of death,2023,0.0017083015449541332,,
1,All Population,27,Probability of death,180,Kenya,3,Both,22,All ages,345,Malaria,8,Probability of death,2023,0.01158672631397772,,
1,All Population,27,Probability of death,180,Kenya,3,Both,28,<1 year,345,Malaria,8,Probability of death,2023,0.0009557143232814531,,
1,All Population,27,Probability of death,180,Kenya,3,Both,34,2-4 years,345,Malaria,8,Probability of death,2023,0.0004685496764266763,,
1,All Population,27,Probability of death,180,Kenya,3,Both,42,<28 days,345,Malaria,8,Probability of death,2023,0.00014323853777931927,,
1,All Population,27,Probability of death,180,Kenya,3,Both,238,12-23 months,345,Malaria,8,Probability of death,2023,0.0002928106437337883,,
1,All Population,27,Probability of death,180,Kenya,3,Both,388,1-5 months,345,Malaria,8,Probability of death,2023,0.0003457753597340694,,
1,All Population,27,Probability of death,180,Kenya,3,Both,389,6-11 months,345,Malaria,8,Probability of death,2023,0.0004801587967821387,,
1,All Population,27,Probability of death,181,Madagascar,3,Both,1,<5 years,345,Malaria,8,Probability of death,2023,0.00494513080292754,,
1,All Population,27,Probability of death,181,Madagascar,3,Both,22,All ages,345,Malaria,8,Probability of death,2023,0.04149670239439304,,
1,All Population,27,Probability of death,181,Madagascar,3,Both,28,<1 year,345,Malaria,8,Probability of death,2023,0.0024345971456541647,,
1,All Population,27,Probability of death,181,Madagascar,3,Both,34,2-4 years,345,Malaria,8,Probability of death,2023,0.0018614391224262422,,
1,All Population,27,Probability of death,181,Madagascar,3,Both,42,<28 days,345,Malaria,8,Probability of death,2023,0.0002977394973785977,,
1,All Population,27,Probability of death,181,Madagascar,3,Both,238,12-23 months,345,Malaria,8,Probability of death,2023,0.0007988689896886792,,
1,All Population,27,Probability of death,181,Madagascar,3,Both,388,1-5 months,345,Malaria,8,Probability of death,2023,0.0009620014786688306,,
1,All Population,27,Probability of death,181,Madagascar,3,Both,389,6-11 months,345,Malaria,8,Probability of death,2023,0.0012370275992709234,,
1,All Population,27,Probability of death,182,Malawi,3,Both,1,<5 years,345,Malaria,8,Probability of death,2023,0.007358712795090689,,
1,All Population,27,Probability of death,182,Malawi,3,Both,22,All ages,345,Malaria,8,Probability of death,2023,0.05171025611496116,,
1,All Population,27,Probability of death,182,Malawi,3,Both,28,<1 year,345,Malaria,8,Probability of death,2023,0.0032732516023370128,,
1,All Population,27,Probability of death,182,Malawi,3,Both,34,2-4 years,345,Malaria,8,Probability of death,2023,0.002893050525122413,,
1,All Population,27,Probability of death,182,Malawi,3,Both,42,<28 days,345,Malaria,8,Probability of death,2023,0.000494002399628336,,
1,All Population,27,Probability of death,182,Malawi,3,Both,238,12-23 months,345,Malaria,8,Probability of death,2023,0.0014005302733091495,,
1,All Population,27,Probability of death,182,Malawi,3,Both,388,1-5 months,345,Malaria,8,Probability of death,2023,0.0012473992799266857,,
1,All Population,27,Probability of death,182,Malawi,3,Both,389,6-11 months,345,Malaria,8,Probability of death,2023,0.0016104331662751574,,
1,All Population,27,Probability of death,184,Mozambique,3,Both,1,<5 years,345,Malaria,8,Probability of death,2023,0.006732855638889166,,
1,All Population,27,Probability of death,184,Mozambique,3,Both,22,All ages,345,Malaria,8,Probability of death,2023,0.07018121580950229,,
1,All Population,27,Probability of death,184,Mozambique,3,Both,28,<1 year,345,Malaria,8,Probability of death,2023,0.00349225159662192,,
1,All Population,27,Probability of death,184,Mozambique,3,Both,34,2-4 years,345,Malaria,8,Probability of death,2023,0.002258085573989145,,
1,All Population,27,Probability of death,184,Mozambique,3,Both,42,<28 days,345,Malaria,8,Probability of death,2023,0.0002873919978604184,,
1,All Population,27,Probability of death,184,Mozambique,3,Both,238,12-23 months,345,Malaria,8,Probability of death,2023,0.0011810121904784713,,
1,All Population,27,Probability of death,184,Mozambique,3,Both,388,1-5 months,345,Malaria,8,Probability of death,2023,0.0013733259070935388,,
1,All Population,27,Probability of death,184,Mozambique,3,Both,389,6-11 months,345,Malaria,8,Probability of death,2023,0.0019362011796725685,,
1,All Population,27,Probability of death,185,Rwanda,3,Both,1,<5 years,345,Malaria,8,Probability of death,2023,0.004726843807213353,,
1,All Population,27,Probability of death,185,Rwanda,3,Both,22,All ages,345,Malaria,8,Probability of death,2023,0.026342579579944,,
1,All Population,27,Probability of death,185,Rwanda,3,Both,28,<1 year,345,Malaria,8,Probability of death,2023,0.002233922157762566,,
1,All Population,27,Probability of death,185,Rwanda,3,Both,34,2-4 years,345,Malaria,8,Probability of death,2023,0.0016459054830394372,,
1,All Population,27,Probability of death,185,Rwanda,3,Both,42,<28 days,345,Malaria,8,Probability of death,2023,0.0003455164855408882,,
1,All Population,27,Probability of death,185,Rwanda,3,Both,238,12-23 months,345,Malaria,8,Probability of death,2023,0.0009400343502247627,,
1,All Population,27,Probability of death,185,Rwanda,3,Both,388,1-5 months,345,Malaria,8,Probability of death,2023,0.00081632825238606,,
1,All Population,27,Probability of death,185,Rwanda,3,Both,389,6-11 months,345,Malaria,8,Probability of death,2023,0.0011183833785996073,,
1,All Population,27,Probability of death,187,Somalia,3,Both,1,<5 years,345,Malaria,8,Probability of death,2023,0.0012419427869084219,,
1,All Population,27,Probability of death,187,Somalia,3,Both,22,All ages,345,Malaria,8,Probability of death,2023,0.010664841969842258,,
1,All Population,27,Probability of death,187,Somalia,3,Both,28,<1 year,345,Malaria,8,Probability of death,2023,0.0005172762572764422,,
1,All Population,27,Probability of death,187,Somalia,3,Both,34,2-4 years,345,Malaria,8,Probability of death,2023,0.0005536884679686409,,
1,All Population,27,Probability of death,187,Somalia,3,Both,42,<28 days,345,Malaria,8,Probability of death,2023,8.554444694859568e-05,,
1,All Population,27,Probability of death,187,Somalia,3,Both,238,12-23 months,345,Malaria,8,Probability of death,2023,0.0002416190258692915,,
1,All Population,27,Probability of death,187,Somalia,3,Both,388,1-5 months,345,Malaria,8,Probability of death,2023,0.00020324030171818162,,
1,All Population,27,Probability of death,187,Somalia,3,Both,389,6-11 months,345,Malaria,8,Probability of death,2023,0.0002461715404944362,,
1,All Population,27,Probability of death,189,United Republic of Tanzania,3,Both,1,<5 years,345,Malaria,8,Probability of death,2023,0.004540611945714893,,
1,All Population,27,Probability of death,189,United Republic of Tanzania,3,Both,22,All ages,345,Malaria,8,Probability of death,2023,0.03530151103439571,,
1,All Population,27,Probability of death,189,United Republic of Tanzania,3,Both,28,<1 year,345,Malaria,8,Probability of death,2023,0.0023600329023238447,,
1,All Population,27,Probability of death,189,United Republic of Tanzania,3,Both,34,2-4 years,345,Malaria,8,Probability of death,2023,0.0013189241724216097,,
1,All Population,27,Probability of death,189,United Republic of Tanzania,3,Both,42,<28 days,345,Malaria,8,Probability of death,2023,0.0002959254930221346,,
1,All Population,27,Probability of death,189,United Republic of Tanzania,3,Both,238,12-23 months,345,Malaria,8,Probability of death,2023,0.0009487876029666884,,
1,All Population,27,Probability of death,189,United Republic of Tanzania,3,Both,388,1-5 months,345,Malaria,8,Probability of death,2023,0.000921319184372728,,
1,All Population,27,Probability of death,189,United Republic of Tanzania,3,Both,389,6-11 months,345,Malaria,8,Probability of death,2023,0.001195428690626055,,
1,All Population,27,Probability of death,190,Uganda,3,Both,1,<5 years,345,Malaria,8,Probability of death,2023,0.012557883147298561,,
1,All Population,27,Probability of death,190,Uganda,3,Both,22,All ages,345,Malaria,8,Probability of death,2023,0.08778747478734564,,
1,All Population,27,Probability of death,190,Uganda,3,Both,28,<1 year,345,Malaria,8,Probability of death,2023,0.005972024245182886,,
1,All Population,27,Probability of death,190,Uganda,3,Both,34,2-4 years,345,Malaria,8,Probability of death,2023,0.004170475128709919,,
1,All Population,27,Probability of death,190,Uganda,3,Both,42,<28 days,345,Malaria,8,Probability of death,2023,0.000588835012328266,,
1,All Population,27,Probability of death,190,Uganda,3,Both,238,12-23 months,345,Malaria,8,Probability of death,2023,0.0027758464318486968,,
1,All Population,27,Probability of death,190,Uganda,3,Both,388,1-5 months,345,Malaria,8,Probability of death,2023,0.00230211727360572,,
1,All Population,27,Probability of death,190,Uganda,3,Both,389,6-11 months,345,Malaria,8,Probability of death,2023,0.003232362677312421,,
1,All Population,27,Probability of death,191,Zambia,3,Both,1,<5 years,345,Malaria,8,Probability of death,2023,0.0051371107794276425,,
1,All Population,27,Probability of death,191,Zambia,3,Both,22,All ages,345,Malaria,8,Probability of death,2023,0.04188412356371706,,
1,All Population,27,Probability of death,191,Zambia,3,Both,28,<1 year,345,Malaria,8,Probability of death,2023,0.002230474643869061,,
1,All Population,27,Probability of death,191,Zambia,3,Both,34,2-4 years,345,Malaria,8,Probability of death,2023,0.0018471442880208689,,
1,All Population,27,Probability of death,191,Zambia,3,Both,42,<28 days,345,Malaria,8,Probability of death,2023,0.0003481716319838011,,
1,All Population,27,Probability of death,191,Zambia,3,Both,238,12-23 months,345,Malaria,8,Probability of death,2023,0.001163588164306485,,
1,All Population,27,Probability of death,191,Zambia,3,Both,388,1-5 months,345,Malaria,8,Probability of death,2023,0.0007085738683550007,,
1,All Population,27,Probability of death,191,Zambia,3,Both,389,6-11 months,345,Malaria,8,Probability of death,2023,0.0012203677415173995,,
1,All Population,27,Probability of death,192,Southern Sub-Saharan Africa,3,Both,1,<5 years,345,Malaria,8,Probability of death,2023,0.00018248346011399779,,
1,All Population,27,Probability of death,192,Southern Sub-Saharan Africa,3,Both,22,All ages,345,Malaria,8,Probability of death,2023,0.000702110255230746,,
1,All Population,27,Probability of death,192,Southern Sub-Saharan Africa,3,Both,28,<1 year,345,Malaria,8,Probability of death,2023,5.3274336582024e-05,,
1,All Population,27,Probability of death,192,Southern Sub-Saharan Africa,3,Both,34,2-4 years,345,Malaria,8,Probability of death,2023,7.099865805912852e-05,,
1,All Population,27,Probability of death,192,Southern Sub-Saharan Africa,3,Both,42,<28 days,345,Malaria,8,Probability of death,2023,3.7243715528714347e-06,,
1,All Population,27,Probability of death,192,Southern Sub-Saharan Africa,3,Both,238,12-23 months,345,Malaria,8,Probability of death,2023,6.186280353469366e-05,,
1,All Population,27,Probability of death,192,Southern Sub-Saharan Africa,3,Both,388,1-5 months,345,Malaria,8,Probability of death,2023,2.208904737337289e-05,,
1,All Population,27,Probability of death,192,Southern Sub-Saharan Africa,3,Both,389,6-11 months,345,Malaria,8,Probability of death,2023,2.847651674465057e-05,,
1,All Population,27,Probability of death,193,Botswana,3,Both,1,<5 years,345,Malaria,8,Probability of death,2023,2.7410103343468372e-05,,
1,All Population,27,Probability of death,193,Botswana,3,Both,22,All ages,345,Malaria,8,Probability of death,2023,0.000243928077044229,,
1,All Population,27,Probability of death,193,Botswana,3,Both,28,<1 year,345,Malaria,8,Probability of death,2023,4.877739441568292e-06,,
1,All Population,27,Probability of death,193,Botswana,3,Both,34,2-4 years,345,Malaria,8,Probability of death,2023,1.04259307875424e-05,,
1,All Population,27,Probability of death,193,Botswana,3,Both,42,<28 days,345,Malaria,8,Probability of death,2023,1.4853966016549014e-07,,
1,All Population,27,Probability of death,193,Botswana,3,Both,238,12-23 months,345,Malaria,8,Probability of death,2023,1.214286563108412e-05,,
1,All Population,27,Probability of death,193,Botswana,3,Both,388,1-5 months,345,Malaria,8,Probability of death,2023,2.4517985485473525e-06,,
1,All Population,27,Probability of death,193,Botswana,3,Both,389,6-11 months,345,Malaria,8,Probability of death,2023,2.330131213768058e-06,,
1,All Population,27,Probability of death,194,Lesotho,3,Both,1,<5 years,345,Malaria,8,Probability of death,2023,0.0,,
1,All Population,27,Probability of death,194,Lesotho,3,Both,22,All ages,345,Malaria,8,Probability of death,2023,0.0,,
1,All Population,27,Probability of death,194,Lesotho,3,Both,28,<1 year,345,Malaria,8,Probability of death,2023,0.0,,
1,All Population,27,Probability of death,194,Lesotho,3,Both,34,2-4 years,345,Malaria,8,Probability of death,2023,0.0,,
1,All Population,27,Probability of death,194,Lesotho,3,Both,42,<28 days,345,Malaria,8,Probability of death,2023,0.0,,
1,All Population,27,Probability of death,194,Lesotho,3,Both,238,12-23 months,345,Malaria,8,Probability of death,2023,0.0,,
1,All Population,27,Probability of death,194,Lesotho,3,Both,388,1-5 months,345,Malaria,8,Probability of death,2023,0.0,,
1,All Population,27,Probability of death,194,Lesotho,3,Both,389,6-11 months,345,Malaria,8,Probability of death,2023,0.0,,
1,All Population,27,Probability of death,195,Namibia,3,Both,1,<5 years,345,Malaria,8,Probability of death,2023,0.0003335786435807205,,
1,All Population,27,Probability of death,195,Namibia,3,Both,22,All ages,345,Malaria,8,Probability of death,2023,0.002918199846090813,,
1,All Population,27,Probability of death,195,Namibia,3,Both,28,<1 year,345,Malaria,8,Probability of death,2023,5.2237626595443834e-05,,
1,All Population,27,Probability of death,195,Namibia,3,Both,34,2-4 years,345,Malaria,8,Probability of death,2023,0.00014325428230041508,,
1,All Population,27,Probability of death,195,Namibia,3,Both,42,<28 days,345,Malaria,8,Probability of death,2023,1.188915170919608e-06,,
1,All Population,27,Probability of death,195,Namibia,3,Both,238,12-23 months,345,Malaria,8,Probability of death,2023,0.0001359933875604695,,
1,All Population,27,Probability of death,195,Namibia,3,Both,388,1-5 months,345,Malaria,8,Probability of death,2023,2.5705480817868236e-05,,
1,All Population,27,Probability of death,195,Namibia,3,Both,389,6-11 months,345,Malaria,8,Probability of death,2023,2.6391497296376315e-05,,
1,All Population,27,Probability of death,196,South Africa,3,Both,1,<5 years,345,Malaria,8,Probability of death,2023,2.5289812715102643e-06,,
1,All Population,27,Probability of death,25347,Osun,3,Both,238,12-23 months,294,All causes,8,Probability of death,2023,0.006100961492295034,,
1,All Population,27,Probability of death,25347,Osun,3,Both,388,1-5 months,294,All causes,8,Probability of death,2023,0.007761214862055118,,
1,All Population,27,Probability of death,25347,Osun,3,Both,389,6-11 months,294,All causes,8,Probability of death,2023,0.007571074584145977,,
1,All Population,27,Probability of death,25348,Oyo,3,Both,1,<5 years,294,All causes,8,Probability of death,2023,0.04806795670138053,,
1,All Population,27,Probability of death,25348,Oyo,3,Both,22,All ages,294,All causes,8,Probability of death,2023,1.0,,
1,All Population,27,Probability of death,25348,Oyo,3,Both,28,<1 year,294,All causes,8,Probability of death,2023,0.030300936959628988,,
1,All Population,27,Probability of death,25348,Oyo,3,Both,34,2-4 years,294,All causes,8,Probability of death,2023,0.012932942116889586,,
1,All Population,27,Probability of death,25348,Oyo,3,Both,42,<28 days,294,All causes,8,Probability of death,2023,0.018468548790571693,,
1,All Population,27,Probability of death,25348,Oyo,3,Both,238,12-23 months,294,All causes,8,Probability of death,2023,0.005459919458050872,,
1,All Population,27,Probability of death,25348,Oyo,3,Both,388,1-5 months,294,All causes,8,Probability of death,2023,0.006708131001401403,,
1,All Population,27,Probability of death,25348,Oyo,3,Both,389,6-11 months,294,All causes,8,Probability of death,2023,0.005382999871988147,,
1,All Population,27,Probability of death,25349,Plateau,3,Both,1,<5 years,294,All causes,8,Probability of death,2023,0.07309901817096243,,
1,All Population,27,Probability of death,25349,Plateau,3,Both,22,All ages,294,All causes,8,Probability of death,2023,1.0,,
1,All Population,27,Probability of death,25349,Plateau,3,Both,28,<1 year,294,All causes,8,Probability of death,2023,0.050694020593875955,,
1,All Population,27,Probability of death,25349,Plateau,3,Both,34,2-4 years,294,All causes,8,Probability of death,2023,0.015363912636183266,,
1,All Population,27,Probability of death,25349,Plateau,3,Both,42,<28 days,294,All causes,8,Probability of death,2023,0.02742929149581108,,
1,All Population,27,Probability of death,25349,Plateau,3,Both,238,12-23 months,294,All causes,8,Probability of death,2023,0.008366044281324436,,
1,All Population,27,Probability of death,25349,Plateau,3,Both,388,1-5 months,294,All causes,8,Probability of death,2023,0.012549679812324618,,
1,All Population,27,Probability of death,25349,Plateau,3,Both,389,6-11 months,294,All causes,8,Probability of death,2023,0.011515705100676598,,
1,All Population,27,Probability of death,25350,Rivers,3,Both,1,<5 years,294,All causes,8,Probability of death,2023,0.09022149262732437,,
1,All Population,27,Probability of death,25350,Rivers,3,Both,22,All ages,294,All causes,8,Probability of death,2023,1.0,,
1,All Population,27,Probability of death,25350,Rivers,3,Both,28,<1 year,294,All causes,8,Probability of death,2023,0.060405225740742585,,
1,All Population,27,Probability of death,25350,Rivers,3,Both,34,2-4 years,294,All causes,8,Probability of death,2023,0.017849621990574997,,
1,All Population,27,Probability of death,25350,Rivers,3,Both,42,<28 days,294,All causes,8,Probability of death,2023,0.028624524301130272,,
1,All Population,27,Probability of death,25350,Rivers,3,Both,238,12-23 months,294,All causes,8,Probability of death,2023,0.014136019629530386,,
1,All Population,27,Probability of death,25350,Rivers,3,Both,388,1-5 months,294,All causes,8,Probability of death,2023,0.013504554071641316,,
1,All Population,27,Probability of death,25350,Rivers,3,Both,389,6-11 months,294,All causes,8,Probability of death,2023,0.019475601309846144,,
1,All Population,27,Probability of death,25351,Sokoto,3,Both,1,<5 years,294,All causes,8,Probability of death,2023,0.15136832806304024,,
1,All Population,27,Probability of death,25351,Sokoto,3,Both,22,All ages,294,All causes,8,Probability of death,2023,1.0,,
1,All Population,27,Probability of death,25351,Sokoto,3,Both,28,<1 year,294,All causes,8,Probability of death,2023,0.07591570479906629,,
1,All Population,27,Probability of death,25351,Sokoto,3,Both,34,2-4 years,294,All causes,8,Probability of death,2023,0.06085980939265776,,
1,All Population,27,Probability of death,25351,Sokoto,3,Both,42,<28 days,294,All causes,8,Probability of death,2023,0.03900820432981389,,
1,All Population,27,Probability of death,25351,Sokoto,3,Both,238,12-23 months,294,All causes,8,Probability of death,2023,0.022138802754871595,,
1,All Population,27,Probability of death,25351,Sokoto,3,Both,388,1-5 months,294,All causes,8,Probability of death,2023,0.018532744073264995,,
1,All Population,27,Probability of death,25351,Sokoto,3,Both,389,6-11 months,294,All causes,8,Probability of death,2023,0.020248156792915153,,
1,All Population,27,Probability of death,25352,Taraba,3,Both,1,<5 years,294,All causes,8,Probability of death,2023,0.10175187180027456,,
1,All Population,27,Probability of death,25352,Taraba,3,Both,22,All ages,294,All causes,8,Probability of death,2023,1.0,,
1,All Population,27,Probability of death,25352,Taraba,3,Both,28,<1 year,294,All causes,8,Probability of death,2023,0.06396813727367756,,
1,All Population,27,Probability of death,25352,Taraba,3,Both,34,2-4 years,294,All causes,8,Probability of death,2023,0.027263156974005293,,
1,All Population,27,Probability of death,25352,Taraba,3,Both,42,<28 days,294,All causes,8,Probability of death,2023,0.03535426863685587,,
1,All Population,27,Probability of death,25352,Taraba,3,Both,238,12-23 months,294,All causes,8,Probability of death,2023,0.013470156928851253,,
1,All Population,27,Probability of death,25352,Taraba,3,Both,388,1-5 months,294,All causes,8,Probability of death,2023,0.015379757650643127,,
1,All Population,27,Probability of death,25352,Taraba,3,Both,389,6-11 months,294,All causes,8,Probability of death,2023,0.014505948662800219,,
1,All Population,27,Probability of death,25353,Yobe,3,Both,1,<5 years,294,All causes,8,Probability of death,2023,0.08165066625201989,,
1,All Population,27,Probability of death,25353,Yobe,3,Both,22,All ages,294,All causes,8,Probability of death,2023,1.0,,
1,All Population,27,Probability of death,25353,Yobe,3,Both,28,<1 year,294,All causes,8,Probability of death,2023,0.04921365668384592,,
1,All Population,27,Probability of death,25353,Yobe,3,Both,34,2-4 years,294,All causes,8,Probability of death,2023,0.02424160693920603,,
1,All Population,27,Probability of death,25353,Yobe,3,Both,42,<28 days,294,All causes,8,Probability of death,2023,0.027378159148494285,,
1,All Population,27,Probability of death,25353,Yobe,3,Both,238,12-23 months,294,All causes,8,Probability of death,2023,0.010119665457993565,,
1,All Population,27,Probability of death,25353,Yobe,3,Both,388,1-5 months,294,All causes,8,Probability of death,2023,0.013284166913258648,,
1,All Population,27,Probability of death,25353,Yobe,3,Both,389,6-11 months,294,All causes,8,Probability of death,2023,0.009289389325618692,,
1,All Population,27,Probability of death,25354,Zamfara,3,Both,1,<5 years,294,All causes,8,Probability of death,2023,0.11574781403807566,,
1,All Population,27,Probability of death,25354,Zamfara,3,Both,22,All ages,294,All causes,8,Probability of death,2023,1.0,,
1,All Population,27,Probability of death,25354,Zamfara,3,Both,28,<1 year,294,All causes,8,Probability of death,2023,0.06528158861845268,,
1,All Population,27,Probability of death,25354,Zamfara,3,Both,34,2-4 years,294,All causes,8,Probability of death,2023,0.03678926137094079,,
1,All Population,27,Probability of death,25354,Zamfara,3,Both,42,<28 days,294,All causes,8,Probability of death,2023,0.03265219124611185,,
1,All Population,27,Probability of death,25354,Zamfara,3,Both,238,12-23 months,294,All causes,8,Probability of death,2023,0.017858790234281836,,
1,All Population,27,Probability of death,25354,Zamfara,3,Both,388,1-5 months,294,All causes,8,Probability of death,2023,0.01786322893574985,,
1,All Population,27,Probability of death,25354,Zamfara,3,Both,389,6-11 months,294,All causes,8,Probability of death,2023,0.016156277488733363,,
1,All Population,27,Probability of death,25347,Osun,3,Both,238,12-23 months,345,Malaria,8,Probability of death,2023,0.00200330804581161,,
1,All Population,27,Probability of death,25347,Osun,3,Both,388,1-5 months,345,Malaria,8,Probability of death,2023,0.0015296162569431097,,
1,All Population,27,Probability of death,25347,Osun,3,Both,389,6-11 months,345,Malaria,8,Probability of death,2023,0.002723356783669877,,
1,All Population,27,Probability of death,25348,Oyo,3,Both,1,<5 years,345,Malaria,8,Probability of death,2023,0.011663109703143685,,
1,All Population,27,Probability of death,25348,Oyo,3,Both,22,All ages,345,Malaria,8,Probability of death,2023,0.13314387605319877,,
1,All Population,27,Probability of death,25348,Oyo,3,Both,28,<1 year,345,Malaria,8,Probability of death,2023,0.004278288717233977,,
1,All Population,27,Probability of death,25348,Oyo,3,Both,34,2-4 years,345,Malaria,8,Probability of death,2023,0.005652036212339745,,
1,All Population,27,Probability of death,25348,Oyo,3,Both,42,<28 days,345,Malaria,8,Probability of death,2023,0.0005484276059353402,,
1,All Population,27,Probability of death,25348,Oyo,3,Both,238,12-23 months,345,Malaria,8,Probability of death,2023,0.001983142332752833,,
1,All Population,27,Probability of death,25348,Oyo,3,Both,388,1-5 months,345,Malaria,8,Probability of death,2023,0.0015528003320357125,,
1,All Population,27,Probability of death,25348,Oyo,3,Both,389,6-11 months,345,Malaria,8,Probability of death,2023,0.0022175660317959372,,
1,All Population,27,Probability of death,25349,Plateau,3,Both,1,<5 years,345,Malaria,8,Probability of death,2023,0.012837288362391841,,
1,All Population,27,Probability of death,25349,Plateau,3,Both,22,All ages,345,Malaria,8,Probability of death,2023,0.1138850989189442,,
1,All Population,27,Probability of death,25349,Plateau,3,Both,28,<1 year,345,Malaria,8,Probability of death,2023,0.005272667941273757,,
1,All Population,27,Probability of death,25349,Plateau,3,Both,34,2-4 years,345,Malaria,8,Probability of death,2023,0.005645711528323032,,
1,All Population,27,Probability of death,25349,Plateau,3,Both,42,<28 days,345,Malaria,8,Probability of death,2023,0.0006898701438019264,,
1,All Population,27,Probability of death,25349,Plateau,3,Both,238,12-23 months,345,Malaria,8,Probability of death,2023,0.002381006172748099,,
1,All Population,27,Probability of death,25349,Plateau,3,Both,388,1-5 months,345,Malaria,8,Probability of death,2023,0.0017911534481407877,,
1,All Population,27,Probability of death,25349,Plateau,3,Both,389,6-11 months,345,Malaria,8,Probability of death,2023,0.0030279885983321288,,
1,All Population,27,Probability of death,25350,Rivers,3,Both,1,<5 years,345,Malaria,8,Probability of death,2023,0.024080600724289237,,
1,All Population,27,Probability of death,25350,Rivers,3,Both,22,All ages,345,Malaria,8,Probability of death,2023,0.12865632187987028,,
1,All Population,27,Probability of death,25350,Rivers,3,Both,28,<1 year,345,Malaria,8,Probability of death,2023,0.010894066835537475,,
1,All Population,27,Probability of death,25350,Rivers,3,Both,34,2-4 years,345,Malaria,8,Probability of death,2023,0.008603523257552792,,
1,All Population,27,Probability of death,25350,Rivers,3,Both,42,<28 days,345,Malaria,8,Probability of death,2023,0.0007079229087141243,,
1,All Population,27,Probability of death,25350,Rivers,3,Both,238,12-23 months,345,Malaria,8,Probability of death,2023,0.005286602978997794,,
1,All Population,27,Probability of death,25350,Rivers,3,Both,388,1-5 months,345,Malaria,8,Probability of death,2023,0.0031451782630540666,,
1,All Population,27,Probability of death,25350,Rivers,3,Both,389,6-11 months,345,Malaria,8,Probability of death,2023,0.0073107705195689906,,
1,All Population,27,Probability of death,25351,Sokoto,3,Both,1,<5 years,345,Malaria,8,Probability of death,2023,0.019733154026014013,,
1,All Population,27,Probability of death,25351,Sokoto,3,Both,22,All ages,345,Malaria,8,Probability of death,2023,0.10219307653588787,,
1,All Population,27,Probability of death,25351,Sokoto,3,Both,28,<1 year,345,Malaria,8,Probability of death,2023,0.004223165822470943,,
1,All Population,27,Probability of death,25351,Sokoto,3,Both,34,2-4 years,345,Malaria,8,Probability of death,2023,0.013573222385003208,,
1,All Population,27,Probability of death,25351,Sokoto,3,Both,42,<28 days,345,Malaria,8,Probability of death,2023,0.000424160446132024,,
1,All Population,27,Probability of death,25351,Sokoto,3,Both,238,12-23 months,345,Malaria,8,Probability of death,2023,0.0039218631264193475,,
1,All Population,27,Probability of death,25351,Sokoto,3,Both,388,1-5 months,345,Malaria,8,Probability of death,2023,0.0014149019768581535,,
1,All Population,27,Probability of death,25351,Sokoto,3,Both,389,6-11 months,345,Malaria,8,Probability of death,2023,0.0026326398949173485,,
1,All Population,27,Probability of death,25352,Taraba,3,Both,1,<5 years,345,Malaria,8,Probability of death,2023,0.014502633918863845,,
1,All Population,27,Probability of death,25352,Taraba,3,Both,22,All ages,345,Malaria,8,Probability of death,2023,0.0929364262930482,,
1,All Population,27,Probability of death,25352,Taraba,3,Both,28,<1 year,345,Malaria,8,Probability of death,2023,0.004315193488866773,,
1,All Population,27,Probability of death,25352,Taraba,3,Both,34,2-4 years,345,Malaria,8,Probability of death,2023,0.008176066284402126,,
1,All Population,27,Probability of death,25352,Taraba,3,Both,42,<28 days,345,Malaria,8,Probability of death,2023,0.0005021284390623648,,
1,All Population,27,Probability of death,25352,Taraba,3,Both,238,12-23 months,345,Malaria,8,Probability of death,2023,0.0029970365935918066,,
1,All Population,27,Probability of death,25352,Taraba,3,Both,388,1-5 months,345,Malaria,8,Probability of death,2023,0.001529665363850434,,
1,All Population,27,Probability of death,25352,Taraba,3,Both,389,6-11 months,345,Malaria,8,Probability of death,2023,0.002497341994242134,,
1,All Population,27,Probability of death,25353,Yobe,3,Both,1,<5 years,345,Malaria,8,Probability of death,2023,0.0134945455876234,,
1,All Population,27,Probability of death,25353,Yobe,3,Both,22,All ages,345,Malaria,8,Probability of death,2023,0.11976979530382009,,
1,All Population,27,Probability of death,25353,Yobe,3,Both,28,<1 year,345,Malaria,8,Probability of death,2023,0.003616094382681282,,
1,All Population,27,Probability of death,25353,Yobe,3,Both,34,2-4 years,345,Malaria,8,Probability of death,2023,0.008040530096141106,,
1,All Population,27,Probability of death,25353,Yobe,3,Both,42,<28 days,345,Malaria,8,Probability of death,2023,0.00048525785772644044,,
1,All Population,27,Probability of death,25353,Yobe,3,Both,238,12-23 months,345,Malaria,8,Probability of death,2023,0.002670936672318509,,
1,All Population,27,Probability of death,25353,Yobe,3,Both,388,1-5 months,345,Malaria,8,Probability of death,2023,0.0013938984627109323,,
1,All Population,27,Probability of death,25353,Yobe,3,Both,389,6-11 months,345,Malaria,8,Probability of death,2023,0.0018578421101847053,,
1,All Population,27,Probability of death,25354,Zamfara,3,Both,1,<5 years,345,Malaria,8,Probability of death,2023,0.017571980097565946,,
1,All Population,27,Probability of death,25354,Zamfara,3,Both,22,All ages,345,Malaria,8,Probability of death,2023,0.10903913655923944,,
1,All Population,27,Probability of death,25354,Zamfara,3,Both,28,<1 year,345,Malaria,8,Probability of death,2023,0.004102889482589947,,
1,All Population,27,Probability of death,25354,Zamfara,3,Both,34,2-4 years,345,Malaria,8,Probability of death,2023,0.010679954484027431,,
1,All Population,27,Probability of death,25354,Zamfara,3,Both,42,<28 days,345,Malaria,8,Probability of death,2023,0.0004538481933868709,,
1,All Population,27,Probability of death,25354,Zamfara,3,Both,238,12-23 months,345,Malaria,8,Probability of death,2023,0.004093109403309158,,
1,All Population,27,Probability of death,25354,Zamfara,3,Both,388,1-5 months,345,Malaria,8,Probability of death,2023,0.0014356297446917428,,
1,All Population,27,Probability of death,25354,Zamfara,3,Both,389,6-11 months,345,Malaria,8,Probability of death,2023,0.0023889460667131115,,
