igme_code,state_name,gbd_location_id,indicator_code,indicator,unit,year,value,lower,upper,igme_round
NGA-1_1,Abia,25318,MRM0,Neonatal mortality rate,"Deaths per 1,000 live births",2000,44.2843730974796,35.1252462748371,54.1137351136296,2021
NGA-1_1,Abia,25318,MRM0,Neonatal mortality rate,"Deaths per 1,000 live births",2001,44.2424504784104,35.9464488215146,54.4502427293552,2021
NGA-1_1,Abia,25318,MRM0,Neonatal mortality rate,"Deaths per 1,000 live births",2002,43.2691220736458,35.4833072869976,52.1591655556848,2021
NGA-1_1,Abia,25318,MRM0,Neonatal mortality rate,"Deaths per 1,000 live births",2003,42.485703205169,35.4445019962442,51.3006009521965,2021
NGA-1_1,Abia,25318,MRM0,Neonatal mortality rate,"Deaths per 1,000 live births",2004,41.3106489068845,34.7732961915118,49.5077852317583,2021
NGA-1_1,Abia,25318,MRM0,Neonatal mortality rate,"Deaths per 1,000 live births",2005,40.5278089585812,34.2839730940007,48.1445405632917,2021
NGA-1_1,Abia,25318,MRM0,Neonatal mortality rate,"Deaths per 1,000 live births",2006,39.3774644350437,33.3027257256577,46.1991172233342,2021
NGA-1_1,Abia,25318,MRM0,Neonatal mortality rate,"Deaths per 1,000 live births",2007,39.6855760965409,33.4228536681292,46.5438666979744,2021
NGA-1_1,Abia,25318,MRM0,Neonatal mortality rate,"Deaths per 1,000 live births",2008,37.9131142552086,32.1404755814148,44.3563519099087,2021
NGA-1_1,Abia,25318,MRM0,Neonatal mortality rate,"Deaths per 1,000 live births",2009,37.8864723070836,31.966776905126,44.2022722180447,2021
NGA-1_1,Abia,25318,MRM0,Neonatal mortality rate,"Deaths per 1,000 live births",2010,37.8276512444659,31.7559186375552,44.1197660597044,2021
NGA-1_1,Abia,25318,MRM0,Neonatal mortality rate,"Deaths per 1,000 live births",2011,37.5152861523454,31.5040495583859,43.9952082874228,2021
NGA-1_1,Abia,25318,MRM0,Neonatal mortality rate,"Deaths per 1,000 live births",2012,38.2965111710846,32.0348422942379,45.1678153760402,2021
NGA-1_1,Abia,25318,MRM0,Neonatal mortality rate,"Deaths per 1,000 live births",2013,38.6544822556075,32.1763406053993,45.7472877663829,2021
NGA-1_1,Abia,25318,MRM0,Neonatal mortality rate,"Deaths per 1,000 live births",2014,38.3193387843147,31.7495787680213,45.9712459788057,2021
NGA-1_1,Abia,25318,MRM0,Neonatal mortality rate,"Deaths per 1,000 live births",2015,38.014687903877,31.0193061541814,45.9392265556577,2021
NGA-1_1,Abia,25318,MRM0,Neonatal mortality rate,"Deaths per 1,000 live births",2016,37.1988932078374,30.6610942960822,45.312814662159,2021
NGA-1_1,Abia,25318,MRM0,Neonatal mortality rate,"Deaths per 1,000 live births",2017,36.7679240960226,30.0617951420362,45.2485217390013,2021
NGA-1_1,Abia,25318,MRM0,Neonatal mortality rate,"Deaths per 1,000 live births",2018,36.5898414721783,28.8794360878851,45.93311267676,2021
NGA-1_1,Abia,25318,MRM0,Neonatal mortality rate,"Deaths per 1,000 live births",2019,35.9728578988253,27.9424724669307,45.9452838506613,2021
NGA-1_1,Abia,25318,MRM0,Neonatal mortality rate,"Deaths per 1,000 live births",2020,35.3838726118243,27.2608003259024,46.5174363524474,2021
NGA-1_1,Abia,25318,MRM0,Neonatal mortality rate,"Deaths per 1,000 live births",2021,35.0757559850958,26.5275067542506,46.7703047106893,2021
NGA-1_1,Abia,25318,MRY0T4,Under-five mortality rate,"Deaths per 1,000 live births",2000,157.857961113688,133.609390330365,182.349233392593,2021
NGA-1_1,Abia,25318,MRY0T4,Under-five mortality rate,"Deaths per 1,000 live births",2001,155.471493541578,133.865717817648,179.401494127077,2021
NGA-1_1,Abia,25318,MRY0T4,Under-five mortality rate,"Deaths per 1,000 live births",2002,151.560064681074,131.523712378901,172.307386619553,2021
NGA-1_1,Abia,25318,MRY0T4,Under-five mortality rate,"Deaths per 1,000 live births",2003,149.421878388565,131.521295073486,167.770403209708,2021
NGA-1_1,Abia,25318,MRY0T4,Under-five mortality rate,"Deaths per 1,000 live births",2004,148.167459492655,131.230915931132,165.544611766146,2021
NGA-1_1,Abia,25318,MRY0T4,Under-five mortality rate,"Deaths per 1,000 live births",2005,147.181408052214,132.150287857155,163.661542232287,2021
NGA-1_1,Abia,25318,MRY0T4,Under-five mortality rate,"Deaths per 1,000 live births",2006,142.820801147378,128.628347238142,158.777686774674,2021
NGA-1_1,Abia,25318,MRY0T4,Under-five mortality rate,"Deaths per 1,000 live births",2007,138.812243602956,125.580174802701,154.764277769306,2021
NGA-1_1,Abia,25318,MRY0T4,Under-five mortality rate,"Deaths per 1,000 live births",2008,138.57940457605,125.109762783602,154.297093776387,2021
NGA-1_1,Abia,25318,MRY0T4,Under-five mortality rate,"Deaths per 1,000 live births",2009,135.645983008208,122.521393173885,150.363735454385,2021
NGA-1_1,Abia,25318,MRY0T4,Under-five mortality rate,"Deaths per 1,000 live births",2010,135.071435106676,121.015770531532,150.118199648699,2021
NGA-1_1,Abia,25318,MRY0T4,Under-five mortality rate,"Deaths per 1,000 live births",2011,130.720531077972,116.767857409625,146.356628160539,2021
NGA-1_1,Abia,25318,MRY0T4,Under-five mortality rate,"Deaths per 1,000 live births",2012,128.118242190422,113.790683422437,143.920476981191,2021
NGA-1_1,Abia,25318,MRY0T4,Under-five mortality rate,"Deaths per 1,000 live births",2013,120.502313541124,106.509492466963,136.650457217902,2021
NGA-1_1,Abia,25318,MRY0T4,Under-five mortality rate,"Deaths per 1,000 live births",2014,113.686051218711,99.2014508885173,130.447259923256,2021
NGA-1_1,Abia,25318,MRY0T4,Under-five mortality rate,"Deaths per 1,000 live births",2015,108.442817612909,94.269039663956,125.021096292344,2021
NGA-1_1,Abia,25318,MRY0T4,Under-five mortality rate,"Deaths per 1,000 live births",2016,104.704003190207,89.3837212353348,121.063560960724,2021
NGA-1_1,Abia,25318,MRY0T4,Under-five mortality rate,"Deaths per 1,000 live births",2017,101.391366776954,85.4954181024301,119.959467407491,2021
NGA-1_1,Abia,25318,MRY0T4,Under-five mortality rate,"Deaths per 1,000 live births",2018,99.3556495015435,82.7651304807708,120.005681311164,2021
NGA-1_1,Abia,25318,MRY0T4,Under-five mortality rate,"Deaths per 1,000 live births",2019,97.2131299363272,79.3415276827813,119.334056568566,2021
NGA-1_1,Abia,25318,MRY0T4,Under-five mortality rate,"Deaths per 1,000 live births",2020,94.9166161584195,76.5502806782176,118.962217440573,2021
NGA-1_1,Abia,25318,MRY0T4,Under-five mortality rate,"Deaths per 1,000 live births",2021,92.9703108978643,72.7492604968038,119.094013688815,2021
NGA-2_1,Adamawa,25319,MRM0,Neonatal mortality rate,"Deaths per 1,000 live births",2000,55.6715559295296,46.5899400573247,65.7088671922906,2021
NGA-2_1,Adamawa,25319,MRM0,Neonatal mortality rate,"Deaths per 1,000 live births",2001,55.6378458119854,47.0402159988929,65.3687430688224,2021
NGA-2_1,Adamawa,25319,MRM0,Neonatal mortality rate,"Deaths per 1,000 live births",2002,54.2121620279954,46.3328733027104,63.5691977174921,2021
NGA-2_1,Adamawa,25319,MRM0,Neonatal mortality rate,"Deaths per 1,000 live births",2003,53.0534103219232,46.0092519730561,61.958369790518,2021
NGA-2_1,Adamawa,25319,MRM0,Neonatal mortality rate,"Deaths per 1,000 live births",2004,52.06456335721,45.4424266221585,60.0490987257172,2021
NGA-2_1,Adamawa,25319,MRM0,Neonatal mortality rate,"Deaths per 1,000 live births",2005,51.578127125596,45.0503800460608,59.7307189156842,2021
NGA-2_1,Adamawa,25319,MRM0,Neonatal mortality rate,"Deaths per 1,000 live births",2006,50.1873148044953,43.4917671136931,57.3538040553573,2021
NGA-2_1,Adamawa,25319,MRM0,Neonatal mortality rate,"Deaths per 1,000 live births",2007,50.1704440916964,43.8722186435158,57.2678798269665,2021
NGA-2_1,Adamawa,25319,MRM0,Neonatal mortality rate,"Deaths per 1,000 live births",2008,47.1041764444107,41.168175239248,53.7964601180996,2021
NGA-2_1,Adamawa,25319,MRM0,Neonatal mortality rate,"Deaths per 1,000 live births",2009,46.5695966271738,40.2282245982529,53.1937219028983,2021
NGA-2_1,Adamawa,25319,MRM0,Neonatal mortality rate,"Deaths per 1,000 live births",2010,44.9380623884604,38.727777515847,51.33448075128,2021
NGA-2_1,Adamawa,25319,MRM0,Neonatal mortality rate,"Deaths per 1,000 live births",2011,44.0259224724182,37.3065905382873,50.713746566593,2021
NGA-2_1,Adamawa,25319,MRM0,Neonatal mortality rate,"Deaths per 1,000 live births",2012,44.4549290326113,38.4083519512456,51.4794501777882,2021
NGA-2_1,Adamawa,25319,MRM0,Neonatal mortality rate,"Deaths per 1,000 live births",2013,44.862598386048,38.4266542388676,52.5956542608073,2021
NGA-2_1,Adamawa,25319,MRM0,Neonatal mortality rate,"Deaths per 1,000 live births",2014,44.708993008773,37.9006672113637,52.5809256658768,2021
NGA-2_1,Adamawa,25319,MRM0,Neonatal mortality rate,"Deaths per 1,000 live births",2015,44.903550365671,37.6839231290169,53.6224743431492,2021
NGA-2_1,Adamawa,25319,MRM0,Neonatal mortality rate,"Deaths per 1,000 live births",2016,44.040334230408,36.5910529814507,53.2156637582444,2021
NGA-2_1,Adamawa,25319,MRM0,Neonatal mortality rate,"Deaths per 1,000 live births",2017,43.642285413087,36.0810587333452,53.2145034722447,2021
NGA-2_1,Adamawa,25319,MRM0,Neonatal mortality rate,"Deaths per 1,000 live births",2018,42.8921224138082,35.0846183652166,52.3230314252959,2021
NGA-2_1,Adamawa,25319,MRM0,Neonatal mortality rate,"Deaths per 1,000 live births",2019,42.076651508073,33.8691465347847,52.250339959967,2021
NGA-2_1,Adamawa,25319,MRM0,Neonatal mortality rate,"Deaths per 1,000 live births",2020,40.9095571053129,32.6727655414551,52.2365871625761,2021
NGA-2_1,Adamawa,25319,MRM0,Neonatal mortality rate,"Deaths per 1,000 live births",2021,40.2027108615545,31.380080873576,51.9240989776661,2021
NGA-2_1,Adamawa,25319,MRY0T4,Under-five mortality rate,"Deaths per 1,000 live births",2000,230.747968189223,200.661936360963,262.700186647288,2021
NGA-2_1,Adamawa,25319,MRY0T4,Under-five mortality rate,"Deaths per 1,000 live births",2001,224.199155300419,200.769460154106,253.314419017784,2021
NGA-2_1,Adamawa,25319,MRY0T4,Under-five mortality rate,"Deaths per 1,000 live births",2002,223.418164783089,199.775087824927,249.940888769588,2021
NGA-2_1,Adamawa,25319,MRY0T4,Under-five mortality rate,"Deaths per 1,000 live births",2003,213.401659257288,193.204922901658,238.313617930233,2021
NGA-2_1,Adamawa,25319,MRY0T4,Under-five mortality rate,"Deaths per 1,000 live births",2004,201.504128176176,183.05629484666,224.712513119735,2021
NGA-2_1,Adamawa,25319,MRY0T4,Under-five mortality rate,"Deaths per 1,000 live births",2005,191.655661391734,173.748346000932,212.222162551234,2021
NGA-2_1,Adamawa,25319,MRY0T4,Under-five mortality rate,"Deaths per 1,000 live births",2006,180.241922989152,163.846804317655,200.170015761131,2021
NGA-2_1,Adamawa,25319,MRY0T4,Under-five mortality rate,"Deaths per 1,000 live births",2007,170.434599833097,153.78808362367,189.625057736111,2021
NGA-2_1,Adamawa,25319,MRY0T4,Under-five mortality rate,"Deaths per 1,000 live births",2008,165.791498881774,150.048799926635,184.164594470246,2021
NGA-2_1,Adamawa,25319,MRY0T4,Under-five mortality rate,"Deaths per 1,000 live births",2009,161.498248590106,145.14560664863,178.271348498481,2021
NGA-2_1,Adamawa,25319,MRY0T4,Under-five mortality rate,"Deaths per 1,000 live births",2010,152.603207428897,136.306282619624,168.475167489031,2021
NGA-2_1,Adamawa,25319,MRY0T4,Under-five mortality rate,"Deaths per 1,000 live births",2011,148.183614751386,133.645922079819,163.731957699308,2021
NGA-2_1,Adamawa,25319,MRY0T4,Under-five mortality rate,"Deaths per 1,000 live births",2012,144.60109616318,129.736103845605,161.625813650902,2021
NGA-2_1,Adamawa,25319,MRY0T4,Under-five mortality rate,"Deaths per 1,000 live births",2013,144.370664493338,128.236023363998,163.136632837905,2021
NGA-2_1,Adamawa,25319,MRY0T4,Under-five mortality rate,"Deaths per 1,000 live births",2014,143.741784599681,127.307505515098,163.875795392487,2021
NGA-2_1,Adamawa,25319,MRY0T4,Under-five mortality rate,"Deaths per 1,000 live births",2015,141.983938036512,124.12813613186,162.549941306473,2021
NGA-2_1,Adamawa,25319,MRY0T4,Under-five mortality rate,"Deaths per 1,000 live births",2016,137.97504948438,118.857590213378,159.140521675772,2021
NGA-2_1,Adamawa,25319,MRY0T4,Under-five mortality rate,"Deaths per 1,000 live births",2017,137.930261208115,118.019999561256,160.9697293539,2021
NGA-2_1,Adamawa,25319,MRY0T4,Under-five mortality rate,"Deaths per 1,000 live births",2018,133.696865838348,113.15050463307,158.423965381611,2021
NGA-2_1,Adamawa,25319,MRY0T4,Under-five mortality rate,"Deaths per 1,000 live births",2019,130.474655248877,107.8028089384,157.771072665449,2021
NGA-2_1,Adamawa,25319,MRY0T4,Under-five mortality rate,"Deaths per 1,000 live births",2020,126.646670216156,101.859462236888,157.839370467498,2021
NGA-2_1,Adamawa,25319,MRY0T4,Under-five mortality rate,"Deaths per 1,000 live births",2021,122.593097460917,97.4331219698454,157.935896570239,2021
NGA-3_1,Akwa Ibom,25320,MRM0,Neonatal mortality rate,"Deaths per 1,000 live births",2000,35.6487422343308,27.8196174641572,44.9077080173358,2021
NGA-3_1,Akwa Ibom,25320,MRM0,Neonatal mortality rate,"Deaths per 1,000 live births",2001,36.4359115424215,28.9601982827234,45.8180310006819,2021
NGA-3_1,Akwa Ibom,25320,MRM0,Neonatal mortality rate,"Deaths per 1,000 live births",2002,35.82904914375,28.8138634202972,43.4649332518977,2021
NGA-3_1,Akwa Ibom,25320,MRM0,Neonatal mortality rate,"Deaths per 1,000 live births",2003,36.0340436804103,29.5118275412891,43.5672281725029,2021
NGA-3_1,Akwa Ibom,25320,MRM0,Neonatal mortality rate,"Deaths per 1,000 live births",2004,35.3784805969525,29.2312719034798,42.4163864188494,2021
NGA-3_1,Akwa Ibom,25320,MRM0,Neonatal mortality rate,"Deaths per 1,000 live births",2005,35.0203290270172,29.2738678746606,41.8186633391821,2021
NGA-3_1,Akwa Ibom,25320,MRM0,Neonatal mortality rate,"Deaths per 1,000 live births",2006,34.4282437273402,28.6291751099278,40.5541832880615,2021
NGA-3_1,Akwa Ibom,25320,MRM0,Neonatal mortality rate,"Deaths per 1,000 live births",2007,35.0667817609421,29.3112391031648,41.9516551434378,2021
NGA-3_1,Akwa Ibom,25320,MRM0,Neonatal mortality rate,"Deaths per 1,000 live births",2008,34.2260176869601,28.6003074629079,40.4889807799407,2021
NGA-3_1,Akwa Ibom,25320,MRM0,Neonatal mortality rate,"Deaths per 1,000 live births",2009,34.6790352652798,29.1505031287736,41.3597250336435,2021
NGA-3_1,Akwa Ibom,25320,MRM0,Neonatal mortality rate,"Deaths per 1,000 live births",2010,35.1984687487741,29.7928541811136,41.6247518772419,2021
NGA-3_1,Akwa Ibom,25320,MRM0,Neonatal mortality rate,"Deaths per 1,000 live births",2011,35.3882677961586,29.7817498062927,42.626730862605,2021
NGA-3_1,Akwa Ibom,25320,MRM0,Neonatal mortality rate,"Deaths per 1,000 live births",2012,36.7545870686293,30.5045209512422,44.5706979700768,2021
NGA-3_1,Akwa Ibom,25320,MRM0,Neonatal mortality rate,"Deaths per 1,000 live births",2013,37.3426997243729,30.4797739322553,45.7378078606092,2021
NGA-3_1,Akwa Ibom,25320,MRM0,Neonatal mortality rate,"Deaths per 1,000 live births",2014,37.1081101121423,29.8167836439445,45.8009599197885,2021
NGA-3_1,Akwa Ibom,25320,MRM0,Neonatal mortality rate,"Deaths per 1,000 live births",2015,37.0737875008163,29.9417532962185,47.093399354236,2021
NGA-3_1,Akwa Ibom,25320,MRM0,Neonatal mortality rate,"Deaths per 1,000 live births",2016,36.6556190578685,29.1931129193113,46.514601772811,2021
NGA-3_1,Akwa Ibom,25320,MRM0,Neonatal mortality rate,"Deaths per 1,000 live births",2017,36.4916964306563,28.782541348294,46.5332487069791,2021
NGA-3_1,Akwa Ibom,25320,MRM0,Neonatal mortality rate,"Deaths per 1,000 live births",2018,36.5519662300273,28.6201230159301,47.4634643379123,2021
NGA-3_1,Akwa Ibom,25320,MRM0,Neonatal mortality rate,"Deaths per 1,000 live births",2019,36.4544445890104,27.5835071037653,48.5298425519001,2021
NGA-3_1,Akwa Ibom,25320,MRM0,Neonatal mortality rate,"Deaths per 1,000 live births",2020,36.1371484665624,26.8137398614822,49.4060584303033,2021
NGA-3_1,Akwa Ibom,25320,MRM0,Neonatal mortality rate,"Deaths per 1,000 live births",2021,36.1442452249671,26.2382688441877,50.4474842155087,2021
NGA-3_1,Akwa Ibom,25320,MRY0T4,Under-five mortality rate,"Deaths per 1,000 live births",2000,117.837050419812,97.6542278958283,139.226893704746,2021
NGA-3_1,Akwa Ibom,25320,MRY0T4,Under-five mortality rate,"Deaths per 1,000 live births",2001,118.562498968443,100.56134607202,139.777537030201,2021
NGA-3_1,Akwa Ibom,25320,MRY0T4,Under-five mortality rate,"Deaths per 1,000 live births",2002,119.246114370394,102.1798965895,138.7474897618,2021
NGA-3_1,Akwa Ibom,25320,MRY0T4,Under-five mortality rate,"Deaths per 1,000 live births",2003,122.869812102182,106.79717023125,141.668767608751,2021
NGA-3_1,Akwa Ibom,25320,MRY0T4,Under-five mortality rate,"Deaths per 1,000 live births",2004,124.575089183703,108.543719006843,141.433372964453,2021
NGA-3_1,Akwa Ibom,25320,MRY0T4,Under-five mortality rate,"Deaths per 1,000 live births",2005,127.297892889192,112.191086805142,145.446567374911,2021
NGA-3_1,Akwa Ibom,25320,MRY0T4,Under-five mortality rate,"Deaths per 1,000 live births",2006,125.946800200632,110.989003467828,143.080989863144,2021
NGA-3_1,Akwa Ibom,25320,MRY0T4,Under-five mortality rate,"Deaths per 1,000 live births",2007,124.796205518276,110.18447981927,141.929158613528,2021
NGA-3_1,Akwa Ibom,25320,MRY0T4,Under-five mortality rate,"Deaths per 1,000 live births",2008,126.436012073914,111.45559759556,143.387520516604,2021
NGA-3_1,Akwa Ibom,25320,MRY0T4,Under-five mortality rate,"Deaths per 1,000 live births",2009,128.034788265736,112.77160972812,145.38356764127,2021
NGA-3_1,Akwa Ibom,25320,MRY0T4,Under-five mortality rate,"Deaths per 1,000 live births",2010,132.579636152608,117.44256289713,150.157922944111,2021
NGA-3_1,Akwa Ibom,25320,MRY0T4,Under-five mortality rate,"Deaths per 1,000 live births",2011,134.343210138633,117.894333415927,151.974946804284,2021
NGA-3_1,Akwa Ibom,25320,MRY0T4,Under-five mortality rate,"Deaths per 1,000 live births",2012,134.455548864517,117.813686894861,155.152533173257,2021
NGA-3_1,Akwa Ibom,25320,MRY0T4,Under-five mortality rate,"Deaths per 1,000 live births",2013,128.958368954362,111.793996199627,148.332656809044,2021
NGA-3_1,Akwa Ibom,25320,MRY0T4,Under-five mortality rate,"Deaths per 1,000 live births",2014,123.514775138977,107.181290954335,144.927706669755,2021
NGA-3_1,Akwa Ibom,25320,MRY0T4,Under-five mortality rate,"Deaths per 1,000 live births",2015,121.033602466313,103.427320622397,143.027081759801,2021
NGA-3_1,Akwa Ibom,25320,MRY0T4,Under-five mortality rate,"Deaths per 1,000 live births",2016,117.624344560918,100.350261582348,139.404931998189,2021
NGA-3_1,Akwa Ibom,25320,MRY0T4,Under-five mortality rate,"Deaths per 1,000 live births",2017,116.596943688208,97.7102502569332,140.397060172485,2021
NGA-3_1,Akwa Ibom,25320,MRY0T4,Under-five mortality rate,"Deaths per 1,000 live births",2018,117.997034681536,96.5714227587826,143.579507982078,2021
NGA-3_1,Akwa Ibom,25320,MRY0T4,Under-five mortality rate,"Deaths per 1,000 live births",2019,117.396558764646,94.5387362278458,146.023644477634,2021
NGA-3_1,Akwa Ibom,25320,MRY0T4,Under-five mortality rate,"Deaths per 1,000 live births",2020,117.374675016237,91.5688690037909,146.985887610023,2021
NGA-3_1,Akwa Ibom,25320,MRY0T4,Under-five mortality rate,"Deaths per 1,000 live births",2021,116.96188407149,89.529209990941,149.643524899375,2021
NGA-4_1,Anambra,25321,MRM0,Neonatal mortality rate,"Deaths per 1,000 live births",2000,31.868910252237,25.2085401294061,39.8861975242453,2021
NGA-4_1,Anambra,25321,MRM0,Neonatal mortality rate,"Deaths per 1,000 live births",2001,31.1348909130376,24.8548282449959,38.4346057897868,2021
NGA-4_1,Anambra,25321,MRM0,Neonatal mortality rate,"Deaths per 1,000 live births",2002,30.8607720192734,25.1648444086517,37.6708263026763,2021
NGA-4_1,Anambra,25321,MRM0,Neonatal mortality rate,"Deaths per 1,000 live births",2003,29.6292856210818,24.4924364527011,35.5224413063605,2021
NGA-4_1,Anambra,25321,MRM0,Neonatal mortality rate,"Deaths per 1,000 live births",2004,29.0338777787427,24.2782423194813,34.6904994763742,2021
NGA-4_1,Anambra,25321,MRM0,Neonatal mortality rate,"Deaths per 1,000 live births",2005,28.5547952401056,23.9705521925387,34.0071362912464,2021
NGA-4_1,Anambra,25321,MRM0,Neonatal mortality rate,"Deaths per 1,000 live births",2006,27.7063557517079,23.3167861738973,32.5209552261096,2021
NGA-4_1,Anambra,25321,MRM0,Neonatal mortality rate,"Deaths per 1,000 live births",2007,27.6532896289868,23.1966354210358,32.5204696646579,2021
NGA-4_1,Anambra,25321,MRM0,Neonatal mortality rate,"Deaths per 1,000 live births",2008,26.7861159381007,22.6318205417774,31.3606798693551,2021
NGA-4_1,Anambra,25321,MRM0,Neonatal mortality rate,"Deaths per 1,000 live births",2009,25.9763821745439,21.628302701565,30.5436363865975,2021
NGA-4_1,Anambra,25321,MRM0,Neonatal mortality rate,"Deaths per 1,000 live births",2010,25.8336434599771,21.3957642317504,30.6929831281461,2021
NGA-4_1,Anambra,25321,MRM0,Neonatal mortality rate,"Deaths per 1,000 live births",2011,25.9108874059473,21.6318335549657,30.8027971894183,2021
NGA-4_1,Anambra,25321,MRM0,Neonatal mortality rate,"Deaths per 1,000 live births",2012,25.9166270483529,21.6734193962941,30.8684858146118,2021
NGA-4_1,Anambra,25321,MRM0,Neonatal mortality rate,"Deaths per 1,000 live births",2013,25.6873487003354,21.6601183094323,30.4780694576479,2021
NGA-4_1,Anambra,25321,MRM0,Neonatal mortality rate,"Deaths per 1,000 live births",2014,26.3523876979001,22.1075713092407,31.9005349300665,2021
NGA-4_1,Anambra,25321,MRM0,Neonatal mortality rate,"Deaths per 1,000 live births",2015,25.9097186392907,21.5960904955813,31.4719611672354,2021
NGA-4_1,Anambra,25321,MRM0,Neonatal mortality rate,"Deaths per 1,000 live births",2016,26.0953909978172,21.4053715095791,31.8723369402253,2021
NGA-4_1,Anambra,25321,MRM0,Neonatal mortality rate,"Deaths per 1,000 live births",2017,25.9328958721256,20.9299716601948,32.1738383678686,2021
NGA-4_1,Anambra,25321,MRM0,Neonatal mortality rate,"Deaths per 1,000 live births",2018,25.6893276405417,20.538763418384,32.0933812646057,2021
NGA-4_1,Anambra,25321,MRM0,Neonatal mortality rate,"Deaths per 1,000 live births",2019,25.4215513784833,19.6519221884327,32.8042919611871,2021
NGA-4_1,Anambra,25321,MRM0,Neonatal mortality rate,"Deaths per 1,000 live births",2020,24.8798038567476,18.9142118366733,32.5860400066052,2021
NGA-4_1,Anambra,25321,MRM0,Neonatal mortality rate,"Deaths per 1,000 live births",2021,24.7092431385382,18.1772860788347,33.4728934185157,2021
NGA-4_1,Anambra,25321,MRY0T4,Under-five mortality rate,"Deaths per 1,000 live births",2000,105.056216246068,87.848885119419,122.390156083277,2021
NGA-4_1,Anambra,25321,MRY0T4,Under-five mortality rate,"Deaths per 1,000 live births",2001,103.184089274334,87.630107839014,120.7486186193,2021
NGA-4_1,Anambra,25321,MRY0T4,Under-five mortality rate,"Deaths per 1,000 live births",2002,100.309364511038,86.2888236533083,115.911739859751,2021
NGA-4_1,Anambra,25321,MRY0T4,Under-five mortality rate,"Deaths per 1,000 live births",2003,99.0645833591136,86.0749394576964,113.618605615406,2021
NGA-4_1,Anambra,25321,MRY0T4,Under-five mortality rate,"Deaths per 1,000 live births",2004,98.6873856344743,86.1475493007368,112.063559529828,2021
NGA-4_1,Anambra,25321,MRY0T4,Under-five mortality rate,"Deaths per 1,000 live births",2005,97.4205491831117,85.7931374499822,110.361104733744,2021
NGA-4_1,Anambra,25321,MRY0T4,Under-five mortality rate,"Deaths per 1,000 live births",2006,95.9758742476841,84.9552672403538,107.693095702216,2021
NGA-4_1,Anambra,25321,MRY0T4,Under-five mortality rate,"Deaths per 1,000 live births",2007,93.2825603481944,82.493999828847,103.844620817287,2021
NGA-4_1,Anambra,25321,MRY0T4,Under-five mortality rate,"Deaths per 1,000 live births",2008,92.0105305118332,81.7580617869158,102.8984849361,2021
NGA-4_1,Anambra,25321,MRY0T4,Under-five mortality rate,"Deaths per 1,000 live births",2009,89.2429076669516,79.378381108703,100.275936306415,2021
NGA-4_1,Anambra,25321,MRY0T4,Under-five mortality rate,"Deaths per 1,000 live births",2010,88.706358954708,78.6099615443437,99.8430395128673,2021
NGA-4_1,Anambra,25321,MRY0T4,Under-five mortality rate,"Deaths per 1,000 live births",2011,86.6188387642001,77.0162960661945,97.8485770026806,2021
NGA-4_1,Anambra,25321,MRY0T4,Under-five mortality rate,"Deaths per 1,000 live births",2012,85.6057891261059,74.5697827358923,96.8414616390285,2021
NGA-4_1,Anambra,25321,MRY0T4,Under-five mortality rate,"Deaths per 1,000 live births",2013,81.1830936874471,70.711552150724,92.8155005543026,2021
NGA-4_1,Anambra,25321,MRY0T4,Under-five mortality rate,"Deaths per 1,000 live births",2014,77.7543627152363,66.8739736918886,88.5443612836999,2021
NGA-4_1,Anambra,25321,MRY0T4,Under-five mortality rate,"Deaths per 1,000 live births",2015,75.0690617636553,63.6556218481973,86.7535592629215,2021
NGA-4_1,Anambra,25321,MRY0T4,Under-five mortality rate,"Deaths per 1,000 live births",2016,74.0709302526064,62.3398516761609,86.0017072237867,2021
NGA-4_1,Anambra,25321,MRY0T4,Under-five mortality rate,"Deaths per 1,000 live births",2017,72.0687146669953,60.4682657628853,85.0239769066267,2021
NGA-4_1,Anambra,25321,MRY0T4,Under-five mortality rate,"Deaths per 1,000 live births",2018,71.6318717907991,58.8493357377724,86.0840362283053,2021
NGA-4_1,Anambra,25321,MRY0T4,Under-five mortality rate,"Deaths per 1,000 live births",2019,70.3567600036175,57.017797549231,85.259926051174,2021
NGA-4_1,Anambra,25321,MRY0T4,Under-five mortality rate,"Deaths per 1,000 live births",2020,69.6279933858154,55.3921187049594,86.7767611364999,2021
NGA-4_1,Anambra,25321,MRY0T4,Under-five mortality rate,"Deaths per 1,000 live births",2021,68.5127676204563,53.903650335704,86.2865620771747,2021
NGA-5_1,Bauchi,25322,MRM0,Neonatal mortality rate,"Deaths per 1,000 live births",2000,65.0916270850472,55.8008468727166,75.9990741850425,2021
NGA-5_1,Bauchi,25322,MRM0,Neonatal mortality rate,"Deaths per 1,000 live births",2001,64.7383502484198,56.2266085595861,75.3897134317619,2021
NGA-5_1,Bauchi,25322,MRM0,Neonatal mortality rate,"Deaths per 1,000 live births",2002,62.3085194130725,54.7875133824227,71.1684541102417,2021
NGA-5_1,Bauchi,25322,MRM0,Neonatal mortality rate,"Deaths per 1,000 live births",2003,61.1811467413479,53.9021667249611,68.8511131158146,2021
NGA-5_1,Bauchi,25322,MRM0,Neonatal mortality rate,"Deaths per 1,000 live births",2004,58.854687158544,52.5746348912784,66.4147409681714,2021
NGA-5_1,Bauchi,25322,MRM0,Neonatal mortality rate,"Deaths per 1,000 live births",2005,57.8603045092068,51.6845823386949,64.6260064517923,2021
NGA-5_1,Bauchi,25322,MRM0,Neonatal mortality rate,"Deaths per 1,000 live births",2006,55.7377581658697,49.7599893996633,62.6150819704285,2021
NGA-5_1,Bauchi,25322,MRM0,Neonatal mortality rate,"Deaths per 1,000 live births",2007,55.4584679894939,49.5200749756809,62.0823459936241,2021
NGA-5_1,Bauchi,25322,MRM0,Neonatal mortality rate,"Deaths per 1,000 live births",2008,51.9097219511277,46.1453857110227,57.6947304021684,2021
NGA-5_1,Bauchi,25322,MRM0,Neonatal mortality rate,"Deaths per 1,000 live births",2009,51.4055140616239,45.9774089601647,57.2267105005673,2021
NGA-5_1,Bauchi,25322,MRM0,Neonatal mortality rate,"Deaths per 1,000 live births",2010,49.5672233883017,44.1803510019803,55.4888234676404,2021
NGA-5_1,Bauchi,25322,MRM0,Neonatal mortality rate,"Deaths per 1,000 live births",2011,48.1880756710713,42.5792250656531,54.2396209514138,2021
NGA-5_1,Bauchi,25322,MRM0,Neonatal mortality rate,"Deaths per 1,000 live births",2012,48.5865080180221,42.798076736358,54.1409602547156,2021
NGA-5_1,Bauchi,25322,MRM0,Neonatal mortality rate,"Deaths per 1,000 live births",2013,48.6392036558194,42.8916819564794,55.030537832818,2021
NGA-5_1,Bauchi,25322,MRM0,Neonatal mortality rate,"Deaths per 1,000 live births",2014,47.8951488855202,41.740580834553,55.0491135346302,2021
NGA-5_1,Bauchi,25322,MRM0,Neonatal mortality rate,"Deaths per 1,000 live births",2015,47.5838140642194,41.1512654874913,55.6219092800835,2021
NGA-5_1,Bauchi,25322,MRM0,Neonatal mortality rate,"Deaths per 1,000 live births",2016,46.4052966976427,39.5962853232635,53.9444970103527,2021
NGA-5_1,Bauchi,25322,MRM0,Neonatal mortality rate,"Deaths per 1,000 live births",2017,45.2051373306208,38.2603446209932,52.8854045691616,2021
NGA-5_1,Bauchi,25322,MRM0,Neonatal mortality rate,"Deaths per 1,000 live births",2018,44.0815924935074,36.5042702343244,52.4741529597502,2021
NGA-5_1,Bauchi,25322,MRM0,Neonatal mortality rate,"Deaths per 1,000 live births",2019,42.7564556381535,34.8382927143941,51.8326987780353,2021
NGA-5_1,Bauchi,25322,MRM0,Neonatal mortality rate,"Deaths per 1,000 live births",2020,41.6467455046844,33.5479690599214,51.8420194268972,2021
NGA-5_1,Bauchi,25322,MRM0,Neonatal mortality rate,"Deaths per 1,000 live births",2021,40.4412902825922,31.983513194726,50.8696268709473,2021
NGA-5_1,Bauchi,25322,MRY0T4,Under-five mortality rate,"Deaths per 1,000 live births",2000,310.858874083986,281.247816893465,339.337779372361,2021
NGA-5_1,Bauchi,25322,MRY0T4,Under-five mortality rate,"Deaths per 1,000 live births",2001,297.264034882197,272.417306663939,324.693714013654,2021
NGA-5_1,Bauchi,25322,MRY0T4,Under-five mortality rate,"Deaths per 1,000 live births",2002,295.388603030048,271.89740886134,318.912612945605,2021
NGA-5_1,Bauchi,25322,MRY0T4,Under-five mortality rate,"Deaths per 1,000 live births",2003,283.23666147958,262.81445243068,305.81497245614,2021
NGA-5_1,Bauchi,25322,MRY0T4,Under-five mortality rate,"Deaths per 1,000 live births",2004,271.739123146315,252.330597468409,292.90884839625,2021
NGA-5_1,Bauchi,25322,MRY0T4,Under-five mortality rate,"Deaths per 1,000 live births",2005,260.892392113757,243.496990642946,279.939744196884,2021
NGA-5_1,Bauchi,25322,MRY0T4,Under-five mortality rate,"Deaths per 1,000 live births",2006,250.054418031792,232.74215142352,267.527865062341,2021
NGA-5_1,Bauchi,25322,MRY0T4,Under-five mortality rate,"Deaths per 1,000 live births",2007,239.7304987625,222.786934367986,256.897910030785,2021
NGA-5_1,Bauchi,25322,MRY0T4,Under-five mortality rate,"Deaths per 1,000 live births",2008,233.771308554453,217.901914549145,249.922870623822,2021
NGA-5_1,Bauchi,25322,MRY0T4,Under-five mortality rate,"Deaths per 1,000 live births",2009,229.059634914636,213.285539331433,245.365087162479,2021
NGA-5_1,Bauchi,25322,MRY0T4,Under-five mortality rate,"Deaths per 1,000 live births",2010,217.423846094919,203.038028948046,232.696754098442,2021
NGA-5_1,Bauchi,25322,MRY0T4,Under-five mortality rate,"Deaths per 1,000 live births",2011,209.116585489178,193.353679241874,225.584497229596,2021
NGA-5_1,Bauchi,25322,MRY0T4,Under-five mortality rate,"Deaths per 1,000 live births",2012,202.406432170619,186.447353628707,217.127150342687,2021
NGA-5_1,Bauchi,25322,MRY0T4,Under-five mortality rate,"Deaths per 1,000 live births",2013,200.26674386781,184.079736102508,217.840722463651,2021
NGA-5_1,Bauchi,25322,MRY0T4,Under-five mortality rate,"Deaths per 1,000 live births",2014,197.176089206492,180.513057070523,215.751799793946,2021
NGA-5_1,Bauchi,25322,MRY0T4,Under-five mortality rate,"Deaths per 1,000 live births",2015,192.423388297049,174.780345662568,212.579843340829,2021
NGA-5_1,Bauchi,25322,MRY0T4,Under-five mortality rate,"Deaths per 1,000 live births",2016,183.52501800403,165.746660313353,203.181229829115,2021
NGA-5_1,Bauchi,25322,MRY0T4,Under-five mortality rate,"Deaths per 1,000 live births",2017,178.645772918647,159.516538179359,198.925332980386,2021
NGA-5_1,Bauchi,25322,MRY0T4,Under-five mortality rate,"Deaths per 1,000 live births",2018,171.572496166067,151.11222437966,191.709426927617,2021
NGA-5_1,Bauchi,25322,MRY0T4,Under-five mortality rate,"Deaths per 1,000 live births",2019,166.129507945072,142.494038937335,189.314912457355,2021
NGA-5_1,Bauchi,25322,MRY0T4,Under-five mortality rate,"Deaths per 1,000 live births",2020,159.273781054782,134.107472238369,185.464664613654,2021
NGA-5_1,Bauchi,25322,MRY0T4,Under-five mortality rate,"Deaths per 1,000 live births",2021,153.684860557309,127.314815254472,181.219812993238,2021
NGA-6_1,Bayelsa,25323,MRM0,Neonatal mortality rate,"Deaths per 1,000 live births",2000,34.2278710467517,27.3957943134198,43.7204262092902,2021
NGA-6_1,Bayelsa,25323,MRM0,Neonatal mortality rate,"Deaths per 1,000 live births",2001,33.8637088517983,27.5424468238081,42.833349964156,2021
NGA-6_1,Bayelsa,25323,MRM0,Neonatal mortality rate,"Deaths per 1,000 live births",2002,32.8142863800684,26.9957576659075,40.6450816388777,2021
NGA-6_1,Bayelsa,25323,MRM0,Neonatal mortality rate,"Deaths per 1,000 live births",2003,32.0745323080254,26.5186188322611,39.1474356875702,2021
NGA-6_1,Bayelsa,25323,MRM0,Neonatal mortality rate,"Deaths per 1,000 live births",2004,31.253628225724,25.7743541331079,38.1367303743095,2021
NGA-6_1,Bayelsa,25323,MRM0,Neonatal mortality rate,"Deaths per 1,000 live births",2005,30.6198730735341,25.2344522588208,37.0413202897071,2021
NGA-6_1,Bayelsa,25323,MRM0,Neonatal mortality rate,"Deaths per 1,000 live births",2006,29.5220730015877,24.2585590626403,35.3552251511225,2021
NGA-6_1,Bayelsa,25323,MRM0,Neonatal mortality rate,"Deaths per 1,000 live births",2007,29.4089755280515,24.3096933648609,35.004800771081,2021
NGA-6_1,Bayelsa,25323,MRM0,Neonatal mortality rate,"Deaths per 1,000 live births",2008,28.1419339826926,23.1920073840371,33.6751584964786,2021
NGA-6_1,Bayelsa,25323,MRM0,Neonatal mortality rate,"Deaths per 1,000 live births",2009,27.7893401936146,22.859608510572,33.3642623231715,2021
NGA-6_1,Bayelsa,25323,MRM0,Neonatal mortality rate,"Deaths per 1,000 live births",2010,27.4931304944475,22.2838006178745,33.0912955872549,2021
NGA-6_1,Bayelsa,25323,MRM0,Neonatal mortality rate,"Deaths per 1,000 live births",2011,27.1901254219526,22.2834426351023,33.0570683280339,2021
NGA-6_1,Bayelsa,25323,MRM0,Neonatal mortality rate,"Deaths per 1,000 live births",2012,27.5313289054877,22.2533082155731,33.7582147167108,2021
NGA-6_1,Bayelsa,25323,MRM0,Neonatal mortality rate,"Deaths per 1,000 live births",2013,27.0972875533103,22.0753260013436,33.7591806343348,2021
NGA-6_1,Bayelsa,25323,MRM0,Neonatal mortality rate,"Deaths per 1,000 live births",2014,26.7029775670935,21.4155023812949,33.1196563910757,2021
NGA-6_1,Bayelsa,25323,MRM0,Neonatal mortality rate,"Deaths per 1,000 live births",2015,26.3201952979188,20.5414674291405,32.8970783084158,2021
NGA-6_1,Bayelsa,25323,MRM0,Neonatal mortality rate,"Deaths per 1,000 live births",2016,25.7117041488919,19.69786782886,32.527084183373,2021
NGA-6_1,Bayelsa,25323,MRM0,Neonatal mortality rate,"Deaths per 1,000 live births",2017,25.5502300764941,19.2256142592634,32.349227335943,2021
NGA-6_1,Bayelsa,25323,MRM0,Neonatal mortality rate,"Deaths per 1,000 live births",2018,24.9338798546127,18.8603185707839,32.9917722753839,2021
NGA-6_1,Bayelsa,25323,MRM0,Neonatal mortality rate,"Deaths per 1,000 live births",2019,24.5476464000699,18.1309337414476,32.7144820010686,2021
NGA-6_1,Bayelsa,25323,MRM0,Neonatal mortality rate,"Deaths per 1,000 live births",2020,24.1334955254129,17.5823961750268,32.3140549590196,2021
NGA-6_1,Bayelsa,25323,MRM0,Neonatal mortality rate,"Deaths per 1,000 live births",2021,23.820103268649,16.9986015881022,32.4672809819694,2021
NGA-6_1,Bayelsa,25323,MRY0T4,Under-five mortality rate,"Deaths per 1,000 live births",2000,142.357771561532,119.018659546908,172.356887596284,2021
NGA-6_1,Bayelsa,25323,MRY0T4,Under-five mortality rate,"Deaths per 1,000 live births",2001,138.283935699751,117.173130131911,163.159988200271,2021
NGA-6_1,Bayelsa,25323,MRY0T4,Under-five mortality rate,"Deaths per 1,000 live births",2002,128.781141400474,110.272676623347,150.186497019855,2021
NGA-6_1,Bayelsa,25323,MRY0T4,Under-five mortality rate,"Deaths per 1,000 live births",2003,123.870692481054,106.236779671254,143.110957827983,2021
NGA-6_1,Bayelsa,25323,MRY0T4,Under-five mortality rate,"Deaths per 1,000 live births",2004,120.714456285198,103.883901831603,139.540464147405,2021
NGA-6_1,Bayelsa,25323,MRY0T4,Under-five mortality rate,"Deaths per 1,000 live births",2005,117.383112655007,101.516474025723,133.687377907851,2021
NGA-6_1,Bayelsa,25323,MRY0T4,Under-five mortality rate,"Deaths per 1,000 live births",2006,112.12499497936,97.6122092690862,128.716056302378,2021
NGA-6_1,Bayelsa,25323,MRY0T4,Under-five mortality rate,"Deaths per 1,000 live births",2007,106.375034548373,92.5139552335517,121.947232829771,2021
NGA-6_1,Bayelsa,25323,MRY0T4,Under-five mortality rate,"Deaths per 1,000 live births",2008,101.267071292576,87.3515815845139,115.757877354901,2021
NGA-6_1,Bayelsa,25323,MRY0T4,Under-five mortality rate,"Deaths per 1,000 live births",2009,94.473481534049,81.7236288480376,108.132805190642,2021
NGA-6_1,Bayelsa,25323,MRY0T4,Under-five mortality rate,"Deaths per 1,000 live births",2010,90.2440074978371,77.4575201069956,104.539505825371,2021
NGA-6_1,Bayelsa,25323,MRY0T4,Under-five mortality rate,"Deaths per 1,000 live births",2011,87.1129586718997,73.4771307629408,101.677753049673,2021
NGA-6_1,Bayelsa,25323,MRY0T4,Under-five mortality rate,"Deaths per 1,000 live births",2012,83.1177387518627,69.6116530052028,97.1182706215792,2021
NGA-6_1,Bayelsa,25323,MRY0T4,Under-five mortality rate,"Deaths per 1,000 live births",2013,74.7998942319494,61.7390294168311,89.5284026921349,2021
NGA-6_1,Bayelsa,25323,MRY0T4,Under-five mortality rate,"Deaths per 1,000 live births",2014,68.3119249698163,55.4868790098607,81.9532798658262,2021
NGA-6_1,Bayelsa,25323,MRY0T4,Under-five mortality rate,"Deaths per 1,000 live births",2015,64.1986453224671,51.4120620080332,78.9695338838842,2021
NGA-6_1,Bayelsa,25323,MRY0T4,Under-five mortality rate,"Deaths per 1,000 live births",2016,62.3517595754904,49.1723566105416,77.800132054352,2021
NGA-6_1,Bayelsa,25323,MRY0T4,Under-five mortality rate,"Deaths per 1,000 live births",2017,58.8048025697753,45.584887431035,74.6322890614421,2021
NGA-6_1,Bayelsa,25323,MRY0T4,Under-five mortality rate,"Deaths per 1,000 live births",2018,56.843289202132,42.8741923004996,72.8192883784372,2021
NGA-6_1,Bayelsa,25323,MRY0T4,Under-five mortality rate,"Deaths per 1,000 live births",2019,55.5528432065949,40.6958527253388,73.9302652600016,2021
NGA-6_1,Bayelsa,25323,MRY0T4,Under-five mortality rate,"Deaths per 1,000 live births",2020,53.7514459985086,38.2716777288287,73.0254675656243,2021
NGA-6_1,Bayelsa,25323,MRY0T4,Under-five mortality rate,"Deaths per 1,000 live births",2021,52.2459961453884,36.7624125772315,72.9768020917482,2021
NGA-7_1,Benue,25324,MRM0,Neonatal mortality rate,"Deaths per 1,000 live births",2000,45.4690103666808,37.8429336302761,55.6478308765937,2021
NGA-7_1,Benue,25324,MRM0,Neonatal mortality rate,"Deaths per 1,000 live births",2001,45.4574615522554,38.229357547849,54.6063092359685,2021
NGA-7_1,Benue,25324,MRM0,Neonatal mortality rate,"Deaths per 1,000 live births",2002,43.7548752181459,37.1550851297603,52.0802155288271,2021
NGA-7_1,Benue,25324,MRM0,Neonatal mortality rate,"Deaths per 1,000 live births",2003,43.0091202765673,36.9711285082766,50.2942109129521,2021
NGA-7_1,Benue,25324,MRM0,Neonatal mortality rate,"Deaths per 1,000 live births",2004,41.6452465226047,35.6616941770877,48.5800441405889,2021
NGA-7_1,Benue,25324,MRM0,Neonatal mortality rate,"Deaths per 1,000 live births",2005,40.7731164602187,35.3589674354238,47.0098876334281,2021
NGA-7_1,Benue,25324,MRM0,Neonatal mortality rate,"Deaths per 1,000 live births",2006,39.5196854718246,33.8164914707154,45.6822394222875,2021
NGA-7_1,Benue,25324,MRM0,Neonatal mortality rate,"Deaths per 1,000 live births",2007,39.5433962778909,34.1293094390098,45.4165038697207,2021
NGA-7_1,Benue,25324,MRM0,Neonatal mortality rate,"Deaths per 1,000 live births",2008,37.6486112596605,32.407099956237,43.1235368907627,2021
NGA-7_1,Benue,25324,MRM0,Neonatal mortality rate,"Deaths per 1,000 live births",2009,37.3773300129947,32.1300205507275,43.1334455094297,2021
NGA-7_1,Benue,25324,MRM0,Neonatal mortality rate,"Deaths per 1,000 live births",2010,36.8832965368324,31.5381339488148,42.4615912682307,2021
NGA-7_1,Benue,25324,MRM0,Neonatal mortality rate,"Deaths per 1,000 live births",2011,36.0374282685758,30.7442440560156,42.0837717864193,2021
NGA-7_1,Benue,25324,MRM0,Neonatal mortality rate,"Deaths per 1,000 live births",2012,36.4792972419359,31.2391092255984,42.4657408556521,2021
NGA-7_1,Benue,25324,MRM0,Neonatal mortality rate,"Deaths per 1,000 live births",2013,36.5623345759921,30.7503504683547,42.8229019463812,2021
NGA-7_1,Benue,25324,MRM0,Neonatal mortality rate,"Deaths per 1,000 live births",2014,35.8820176700556,30.2872719341997,42.3825450084665,2021
NGA-7_1,Benue,25324,MRM0,Neonatal mortality rate,"Deaths per 1,000 live births",2015,35.6296699336493,29.737151254033,42.6961934505531,2021
NGA-7_1,Benue,25324,MRM0,Neonatal mortality rate,"Deaths per 1,000 live births",2016,34.6703376616551,28.4536174362399,41.9534370319648,2021
NGA-7_1,Benue,25324,MRM0,Neonatal mortality rate,"Deaths per 1,000 live births",2017,33.8780160313769,27.336717956469,41.2653388475518,2021
NGA-7_1,Benue,25324,MRM0,Neonatal mortality rate,"Deaths per 1,000 live births",2018,33.3710609578215,26.6040498351807,40.8674694633571,2021
NGA-7_1,Benue,25324,MRM0,Neonatal mortality rate,"Deaths per 1,000 live births",2019,32.4550396205984,25.6544355056578,40.8871976720573,2021
NGA-7_1,Benue,25324,MRM0,Neonatal mortality rate,"Deaths per 1,000 live births",2020,31.8811868522164,24.8271443853054,40.9901055835844,2021
NGA-7_1,Benue,25324,MRM0,Neonatal mortality rate,"Deaths per 1,000 live births",2021,31.2596481738334,23.8274334876246,41.0339062388127,2021
NGA-7_1,Benue,25324,MRY0T4,Under-five mortality rate,"Deaths per 1,000 live births",2000,143.460500762521,123.150860127641,164.391156082901,2021
NGA-7_1,Benue,25324,MRY0T4,Under-five mortality rate,"Deaths per 1,000 live births",2001,139.963053498409,122.662409205957,158.173087909925,2021
NGA-7_1,Benue,25324,MRY0T4,Under-five mortality rate,"Deaths per 1,000 live births",2002,137.865482677303,122.065117331817,155.667552992964,2021
NGA-7_1,Benue,25324,MRY0T4,Under-five mortality rate,"Deaths per 1,000 live births",2003,135.999755176854,122.0863611177,152.678882384756,2021
NGA-7_1,Benue,25324,MRY0T4,Under-five mortality rate,"Deaths per 1,000 live births",2004,134.486994401088,120.803567424411,150.07834230287,2021
NGA-7_1,Benue,25324,MRY0T4,Under-five mortality rate,"Deaths per 1,000 live births",2005,133.929046207993,119.758438422379,147.788437752171,2021
NGA-7_1,Benue,25324,MRY0T4,Under-five mortality rate,"Deaths per 1,000 live births",2006,130.029842599295,117.417018805729,143.419889302227,2021
NGA-7_1,Benue,25324,MRY0T4,Under-five mortality rate,"Deaths per 1,000 live births",2007,126.451743139682,114.691993084419,139.746038879415,2021
NGA-7_1,Benue,25324,MRY0T4,Under-five mortality rate,"Deaths per 1,000 live births",2008,125.204426232249,112.770450685605,139.296514785071,2021
NGA-7_1,Benue,25324,MRY0T4,Under-five mortality rate,"Deaths per 1,000 live births",2009,122.892155040122,110.928803940868,136.116816007712,2021
NGA-7_1,Benue,25324,MRY0T4,Under-five mortality rate,"Deaths per 1,000 live births",2010,120.147481993756,107.718222530607,133.719320087369,2021
NGA-7_1,Benue,25324,MRY0T4,Under-five mortality rate,"Deaths per 1,000 live births",2011,114.487977047399,102.280876629241,127.517153335559,2021
NGA-7_1,Benue,25324,MRY0T4,Under-five mortality rate,"Deaths per 1,000 live births",2012,110.17617226305,97.9950239551872,123.848831158686,2021
NGA-7_1,Benue,25324,MRY0T4,Under-five mortality rate,"Deaths per 1,000 live births",2013,105.217215567809,92.549784678377,119.154524460304,2021
NGA-7_1,Benue,25324,MRY0T4,Under-five mortality rate,"Deaths per 1,000 live births",2014,99.8036131764263,87.7301952595234,113.060147001769,2021
NGA-7_1,Benue,25324,MRY0T4,Under-five mortality rate,"Deaths per 1,000 live births",2015,96.561183239377,83.0920785935275,109.004207030506,2021
NGA-7_1,Benue,25324,MRY0T4,Under-five mortality rate,"Deaths per 1,000 live births",2016,92.1144268294096,78.3711227407769,105.276193446296,2021
NGA-7_1,Benue,25324,MRY0T4,Under-five mortality rate,"Deaths per 1,000 live births",2017,89.7544575679045,75.4240999912721,103.977820178152,2021
NGA-7_1,Benue,25324,MRY0T4,Under-five mortality rate,"Deaths per 1,000 live births",2018,87.8920095458648,72.3122633679423,103.319070135108,2021
NGA-7_1,Benue,25324,MRY0T4,Under-five mortality rate,"Deaths per 1,000 live births",2019,86.1549574323905,70.7217748967965,103.436399754701,2021
NGA-7_1,Benue,25324,MRY0T4,Under-five mortality rate,"Deaths per 1,000 live births",2020,83.7579339610625,67.2548173742386,101.847447755288,2021
NGA-7_1,Benue,25324,MRY0T4,Under-five mortality rate,"Deaths per 1,000 live births",2021,82.0949957026648,65.2810209682465,102.556751394913,2021
NGA-8_1,Borno,25325,MRM0,Neonatal mortality rate,"Deaths per 1,000 live births",2000,31.9198622907093,25.328997100455,40.0511313938361,2021
NGA-8_1,Borno,25325,MRM0,Neonatal mortality rate,"Deaths per 1,000 live births",2001,31.8511985514906,25.5459790316227,39.5044005567072,2021
NGA-8_1,Borno,25325,MRM0,Neonatal mortality rate,"Deaths per 1,000 live births",2002,31.3561904932473,25.7792506318034,38.431684306728,2021
NGA-8_1,Borno,25325,MRM0,Neonatal mortality rate,"Deaths per 1,000 live births",2003,30.6645880787602,25.324437825066,37.211961333639,2021
NGA-8_1,Borno,25325,MRM0,Neonatal mortality rate,"Deaths per 1,000 live births",2004,30.0758995538564,25.2285807337352,36.1117196815687,2021
NGA-8_1,Borno,25325,MRM0,Neonatal mortality rate,"Deaths per 1,000 live births",2005,29.85127420958,25.2002808360706,35.4830795491979,2021
NGA-8_1,Borno,25325,MRM0,Neonatal mortality rate,"Deaths per 1,000 live births",2006,29.1354265188824,24.9570924805381,34.547453396983,2021
NGA-8_1,Borno,25325,MRM0,Neonatal mortality rate,"Deaths per 1,000 live births",2007,29.461041522032,24.7397977142664,34.8763073362932,2021
NGA-8_1,Borno,25325,MRM0,Neonatal mortality rate,"Deaths per 1,000 live births",2008,28.0371442981918,23.6641541436401,33.277733256261,2021
NGA-8_1,Borno,25325,MRM0,Neonatal mortality rate,"Deaths per 1,000 live births",2009,27.9512998902278,23.5486153572865,32.9607839609005,2021
NGA-8_1,Borno,25325,MRM0,Neonatal mortality rate,"Deaths per 1,000 live births",2010,27.2349198569576,23.0192113283396,31.9313170738676,2021
NGA-8_1,Borno,25325,MRM0,Neonatal mortality rate,"Deaths per 1,000 live births",2011,27.0573870207994,22.7742687056851,31.9860666616199,2021
NGA-8_1,Borno,25325,MRM0,Neonatal mortality rate,"Deaths per 1,000 live births",2012,27.5346481197911,23.0942444535398,32.4451376723054,2021
NGA-8_1,Borno,25325,MRM0,Neonatal mortality rate,"Deaths per 1,000 live births",2013,27.9494282384536,23.3389415201874,33.0365976083575,2021
NGA-8_1,Borno,25325,MRM0,Neonatal mortality rate,"Deaths per 1,000 live births",2014,28.2555595235942,23.4816668336708,33.8346181218301,2021
NGA-8_1,Borno,25325,MRM0,Neonatal mortality rate,"Deaths per 1,000 live births",2015,28.6237052600128,23.4808363572325,34.6783692729309,2021
NGA-8_1,Borno,25325,MRM0,Neonatal mortality rate,"Deaths per 1,000 live births",2016,28.2459277310567,23.2238857240527,34.9354436133154,2021
NGA-8_1,Borno,25325,MRM0,Neonatal mortality rate,"Deaths per 1,000 live births",2017,27.9210849040604,22.6400149969754,34.8978444931574,2021
NGA-8_1,Borno,25325,MRM0,Neonatal mortality rate,"Deaths per 1,000 live births",2018,27.7048697936927,21.9069635111487,35.1751241769593,2021
NGA-8_1,Borno,25325,MRM0,Neonatal mortality rate,"Deaths per 1,000 live births",2019,27.3947883771755,21.3310397077758,35.102703388513,2021
NGA-8_1,Borno,25325,MRM0,Neonatal mortality rate,"Deaths per 1,000 live births",2020,27.0356282416826,20.5964965905592,35.0370720292525,2021
NGA-8_1,Borno,25325,MRM0,Neonatal mortality rate,"Deaths per 1,000 live births",2021,26.7187054334603,20.1339912849307,35.0535103882172,2021
NGA-8_1,Borno,25325,MRY0T4,Under-five mortality rate,"Deaths per 1,000 live births",2000,146.75234350293,124.421585919418,171.79558198802,2021
NGA-8_1,Borno,25325,MRY0T4,Under-five mortality rate,"Deaths per 1,000 live births",2001,142.241502299912,123.087669463629,166.071947619898,2021
NGA-8_1,Borno,25325,MRY0T4,Under-five mortality rate,"Deaths per 1,000 live births",2002,142.670725450658,124.31811102617,163.978358640297,2021
NGA-8_1,Borno,25325,MRY0T4,Under-five mortality rate,"Deaths per 1,000 live births",2003,135.100163153291,119.084245271242,154.264053498829,2021
NGA-8_1,Borno,25325,MRY0T4,Under-five mortality rate,"Deaths per 1,000 live births",2004,127.657863150344,113.471006140769,145.24685725558,2021
NGA-8_1,Borno,25325,MRY0T4,Under-five mortality rate,"Deaths per 1,000 live births",2005,122.325763123715,108.142260967398,137.372605185712,2021
NGA-8_1,Borno,25325,MRY0T4,Under-five mortality rate,"Deaths per 1,000 live births",2006,117.49574444618,104.214997966057,131.943855143265,2021
NGA-8_1,Borno,25325,MRY0T4,Under-five mortality rate,"Deaths per 1,000 live births",2007,114.218010245092,101.888512780155,128.020595098879,2021
NGA-8_1,Borno,25325,MRY0T4,Under-five mortality rate,"Deaths per 1,000 live births",2008,113.288687971905,100.780068561653,126.582631432764,2021
NGA-8_1,Borno,25325,MRY0T4,Under-five mortality rate,"Deaths per 1,000 live births",2009,111.480902571712,99.1552135999856,124.482651721954,2021
NGA-8_1,Borno,25325,MRY0T4,Under-five mortality rate,"Deaths per 1,000 live births",2010,107.998280715346,96.0088529389706,121.125279537384,2021
NGA-8_1,Borno,25325,MRY0T4,Under-five mortality rate,"Deaths per 1,000 live births",2011,106.580761686813,94.6726262975944,120.291818349228,2021
NGA-8_1,Borno,25325,MRY0T4,Under-five mortality rate,"Deaths per 1,000 live births",2012,103.372874157502,91.5688663255711,117.264314733691,2021
NGA-8_1,Borno,25325,MRY0T4,Under-five mortality rate,"Deaths per 1,000 live births",2013,103.797508078232,90.9078221877438,118.743661723527,2021
NGA-8_1,Borno,25325,MRY0T4,Under-five mortality rate,"Deaths per 1,000 live births",2014,103.765971726281,90.7089691465398,119.319260567476,2021
NGA-8_1,Borno,25325,MRY0T4,Under-five mortality rate,"Deaths per 1,000 live births",2015,104.112448693021,89.2711028597691,120.305187349101,2021
NGA-8_1,Borno,25325,MRY0T4,Under-five mortality rate,"Deaths per 1,000 live births",2016,101.16118859485,86.6893304281621,118.01208082115,2021
NGA-8_1,Borno,25325,MRY0T4,Under-five mortality rate,"Deaths per 1,000 live births",2017,100.579753336475,84.0957092069649,118.559831024652,2021
NGA-8_1,Borno,25325,MRY0T4,Under-five mortality rate,"Deaths per 1,000 live births",2018,97.1237059198945,79.1949278352496,116.664993557881,2021
NGA-8_1,Borno,25325,MRY0T4,Under-five mortality rate,"Deaths per 1,000 live births",2019,95.9783897242645,75.9218693576405,120.788227394789,2021
NGA-8_1,Borno,25325,MRY0T4,Under-five mortality rate,"Deaths per 1,000 live births",2020,93.7326266385657,72.8991414208623,120.262900203282,2021
NGA-8_1,Borno,25325,MRY0T4,Under-five mortality rate,"Deaths per 1,000 live births",2021,92.3131843808782,70.0992883838753,121.876653435296,2021
NGA-9_1,Cross River,25326,MRM0,Neonatal mortality rate,"Deaths per 1,000 live births",2000,41.4160531682658,33.1948963162116,50.3406575225304,2021
NGA-9_1,Cross River,25326,MRM0,Neonatal mortality rate,"Deaths per 1,000 live births",2001,41.6642681245959,33.7278743121872,50.9164634765742,2021
NGA-9_1,Cross River,25326,MRM0,Neonatal mortality rate,"Deaths per 1,000 live births",2002,40.6414103860645,33.430446519334,49.0634279802451,2021
NGA-9_1,Cross River,25326,MRM0,Neonatal mortality rate,"Deaths per 1,000 live births",2003,40.3644613928008,33.3110437595999,48.0904523691124,2021
NGA-9_1,Cross River,25326,MRM0,Neonatal mortality rate,"Deaths per 1,000 live births",2004,39.2311692268416,32.9585466019126,46.4755989506193,2021
NGA-9_1,Cross River,25326,MRM0,Neonatal mortality rate,"Deaths per 1,000 live births",2005,38.8850789989659,32.366744129569,45.6730421162068,2021
NGA-9_1,Cross River,25326,MRM0,Neonatal mortality rate,"Deaths per 1,000 live births",2006,37.7738272139727,31.8534981015226,43.9293996434201,2021
NGA-9_1,Cross River,25326,MRM0,Neonatal mortality rate,"Deaths per 1,000 live births",2007,38.0209237822002,32.1060113545547,44.3311113348452,2021
NGA-9_1,Cross River,25326,MRM0,Neonatal mortality rate,"Deaths per 1,000 live births",2008,36.6124255622605,30.5585895745163,42.6301114650804,2021
NGA-9_1,Cross River,25326,MRM0,Neonatal mortality rate,"Deaths per 1,000 live births",2009,36.5323439152685,30.5625479904849,43.1487296977508,2021
NGA-9_1,Cross River,25326,MRM0,Neonatal mortality rate,"Deaths per 1,000 live births",2010,36.7286585337907,30.5472438543079,43.4608861560374,2021
NGA-9_1,Cross River,25326,MRM0,Neonatal mortality rate,"Deaths per 1,000 live births",2011,36.4033009901407,30.13218245028,43.2767209735598,2021
NGA-9_1,Cross River,25326,MRM0,Neonatal mortality rate,"Deaths per 1,000 live births",2012,37.4393568812843,31.0272290334563,45.0407095864496,2021
NGA-9_1,Cross River,25326,MRM0,Neonatal mortality rate,"Deaths per 1,000 live births",2013,37.7530954547324,30.8470805290337,45.4038218078356,2021
NGA-9_1,Cross River,25326,MRM0,Neonatal mortality rate,"Deaths per 1,000 live births",2014,37.2502555176854,30.6820373652647,45.5311148501591,2021
NGA-9_1,Cross River,25326,MRM0,Neonatal mortality rate,"Deaths per 1,000 live births",2015,37.1190525952446,30.2817672577887,45.7158974270844,2021
NGA-9_1,Cross River,25326,MRM0,Neonatal mortality rate,"Deaths per 1,000 live births",2016,36.4501623242888,29.2999962597997,45.6225010567776,2021
NGA-9_1,Cross River,25326,MRM0,Neonatal mortality rate,"Deaths per 1,000 live births",2017,35.8831080707509,28.4171667894388,45.0034589012158,2021
NGA-9_1,Cross River,25326,MRM0,Neonatal mortality rate,"Deaths per 1,000 live births",2018,35.3568601204211,27.5255863878943,45.6372083567013,2021
NGA-9_1,Cross River,25326,MRM0,Neonatal mortality rate,"Deaths per 1,000 live births",2019,34.8282305394111,26.8498045023221,46.0641454363401,2021
NGA-9_1,Cross River,25326,MRM0,Neonatal mortality rate,"Deaths per 1,000 live births",2020,34.3143349970364,25.994000044584,46.9922335166008,2021
NGA-9_1,Cross River,25326,MRM0,Neonatal mortality rate,"Deaths per 1,000 live births",2021,34.0260191755298,25.2140529539158,46.7575591463621,2021
NGA-9_1,Cross River,25326,MRY0T4,Under-five mortality rate,"Deaths per 1,000 live births",2000,136.93637533227,114.910482492449,162.213468813542,2021
NGA-9_1,Cross River,25326,MRY0T4,Under-five mortality rate,"Deaths per 1,000 live births",2001,135.197751285655,114.614212614141,158.267193164193,2021
NGA-9_1,Cross River,25326,MRY0T4,Under-five mortality rate,"Deaths per 1,000 live births",2002,132.45303768875,114.394083745067,153.884209880792,2021
NGA-9_1,Cross River,25326,MRY0T4,Under-five mortality rate,"Deaths per 1,000 live births",2003,132.306254018831,114.685574227404,151.53627193343,2021
NGA-9_1,Cross River,25326,MRY0T4,Under-five mortality rate,"Deaths per 1,000 live births",2004,132.195743046952,116.067488674471,149.607825578205,2021
NGA-9_1,Cross River,25326,MRY0T4,Under-five mortality rate,"Deaths per 1,000 live births",2005,133.090155945093,117.466118117687,150.478644435263,2021
NGA-9_1,Cross River,25326,MRY0T4,Under-five mortality rate,"Deaths per 1,000 live births",2006,130.951798324323,115.360528790509,147.025087271783,2021
NGA-9_1,Cross River,25326,MRY0T4,Under-five mortality rate,"Deaths per 1,000 live births",2007,128.533690538346,114.492365853785,144.144685487312,2021
NGA-9_1,Cross River,25326,MRY0T4,Under-five mortality rate,"Deaths per 1,000 live births",2008,128.635507058221,114.185940881793,144.716681514186,2021
NGA-9_1,Cross River,25326,MRY0T4,Under-five mortality rate,"Deaths per 1,000 live births",2009,127.770007931483,113.274014491349,143.187933123151,2021
NGA-9_1,Cross River,25326,MRY0T4,Under-five mortality rate,"Deaths per 1,000 live births",2010,128.455068273494,114.592168201541,146.648522339729,2021
NGA-9_1,Cross River,25326,MRY0T4,Under-five mortality rate,"Deaths per 1,000 live births",2011,125.787779372698,110.862792131915,143.993151624454,2021
NGA-9_1,Cross River,25326,MRY0T4,Under-five mortality rate,"Deaths per 1,000 live births",2012,122.965252567344,107.030625887709,141.611520581951,2021
NGA-9_1,Cross River,25326,MRY0T4,Under-five mortality rate,"Deaths per 1,000 live births",2013,116.44286587681,101.229881889926,133.745672997421,2021
NGA-9_1,Cross River,25326,MRY0T4,Under-five mortality rate,"Deaths per 1,000 live births",2014,109.819965355028,94.5291073009379,128.117300637578,2021
NGA-9_1,Cross River,25326,MRY0T4,Under-five mortality rate,"Deaths per 1,000 live births",2015,104.723727840062,88.7487914476202,124.270728052612,2021
NGA-9_1,Cross River,25326,MRY0T4,Under-five mortality rate,"Deaths per 1,000 live births",2016,99.2363539286999,82.7345815917459,119.879271051134,2021
NGA-9_1,Cross River,25326,MRY0T4,Under-five mortality rate,"Deaths per 1,000 live births",2017,96.9646808961201,79.4499495162671,117.567753137853,2021
NGA-9_1,Cross River,25326,MRY0T4,Under-five mortality rate,"Deaths per 1,000 live births",2018,95.2998887208754,76.2847367660755,118.563578501862,2021
NGA-9_1,Cross River,25326,MRY0T4,Under-five mortality rate,"Deaths per 1,000 live births",2019,93.8976060597584,74.8290944456539,119.479843698127,2021
NGA-9_1,Cross River,25326,MRY0T4,Under-five mortality rate,"Deaths per 1,000 live births",2020,92.4634196036506,71.2533473413393,119.801818015532,2021
NGA-9_1,Cross River,25326,MRY0T4,Under-five mortality rate,"Deaths per 1,000 live births",2021,90.4107057088156,68.7148706685408,119.312888662666,2021
NGA-10_1,Delta,25327,MRM0,Neonatal mortality rate,"Deaths per 1,000 live births",2000,33.3959459586372,27.4936211937446,40.8686198317584,2021
NGA-10_1,Delta,25327,MRM0,Neonatal mortality rate,"Deaths per 1,000 live births",2001,33.0773555049636,27.0734534275667,39.9571166979013,2021
NGA-10_1,Delta,25327,MRM0,Neonatal mortality rate,"Deaths per 1,000 live births",2002,32.3493344998109,26.8058012717946,38.4782936815971,2021
NGA-10_1,Delta,25327,MRM0,Neonatal mortality rate,"Deaths per 1,000 live births",2003,31.4059373766624,26.2887850172765,36.8471288199819,2021
NGA-10_1,Delta,25327,MRM0,Neonatal mortality rate,"Deaths per 1,000 live births",2004,30.4896246131266,25.8428822992944,36.0263976310154,2021
NGA-10_1,Delta,25327,MRM0,Neonatal mortality rate,"Deaths per 1,000 live births",2005,29.9403946312119,25.3733042257762,35.1004963484748,2021
NGA-10_1,Delta,25327,MRM0,Neonatal mortality rate,"Deaths per 1,000 live births",2006,29.0317700689476,24.436487175424,33.7974553065138,2021
NGA-10_1,Delta,25327,MRM0,Neonatal mortality rate,"Deaths per 1,000 live births",2007,28.88286160748,24.5317594262178,33.9693057577119,2021
NGA-10_1,Delta,25327,MRM0,Neonatal mortality rate,"Deaths per 1,000 live births",2008,27.6329906708938,23.5829349021992,32.6545449561285,2021
NGA-10_1,Delta,25327,MRM0,Neonatal mortality rate,"Deaths per 1,000 live births",2009,27.2795172159278,22.9729083940392,32.2923542491491,2021
NGA-10_1,Delta,25327,MRM0,Neonatal mortality rate,"Deaths per 1,000 live births",2010,27.075465201181,22.6880391974709,32.2862386793965,2021
NGA-10_1,Delta,25327,MRM0,Neonatal mortality rate,"Deaths per 1,000 live births",2011,27.142220391056,22.37886847935,32.1234901324264,2021
NGA-10_1,Delta,25327,MRM0,Neonatal mortality rate,"Deaths per 1,000 live births",2012,27.5328053069509,22.9454975938593,32.9572594967502,2021
NGA-10_1,Delta,25327,MRM0,Neonatal mortality rate,"Deaths per 1,000 live births",2013,27.3643038406711,22.6668276077456,32.7273896610646,2021
NGA-10_1,Delta,25327,MRM0,Neonatal mortality rate,"Deaths per 1,000 live births",2014,27.6257172599687,22.6791233965325,33.4147923137651,2021
NGA-10_1,Delta,25327,MRM0,Neonatal mortality rate,"Deaths per 1,000 live births",2015,27.3595688428863,22.2842469985424,33.3048936581646,2021
NGA-10_1,Delta,25327,MRM0,Neonatal mortality rate,"Deaths per 1,000 live births",2016,27.0166107361456,21.6004546661323,33.6559891063909,2021
NGA-10_1,Delta,25327,MRM0,Neonatal mortality rate,"Deaths per 1,000 live births",2017,26.7057576680881,21.3669885459421,33.5791207896066,2021
NGA-10_1,Delta,25327,MRM0,Neonatal mortality rate,"Deaths per 1,000 live births",2018,26.4633026304279,21.1556011630258,33.7754119112787,2021
NGA-10_1,Delta,25327,MRM0,Neonatal mortality rate,"Deaths per 1,000 live births",2019,25.9996811846962,20.2281232338764,33.9181521318046,2021
NGA-10_1,Delta,25327,MRM0,Neonatal mortality rate,"Deaths per 1,000 live births",2020,25.6500856360908,19.6709048503053,34.1184892793018,2021
NGA-10_1,Delta,25327,MRM0,Neonatal mortality rate,"Deaths per 1,000 live births",2021,25.3755367252622,19.1043516084517,34.3117522396866,2021
NGA-10_1,Delta,25327,MRY0T4,Under-five mortality rate,"Deaths per 1,000 live births",2000,111.715938640883,95.508131616347,131.480337752154,2021
NGA-10_1,Delta,25327,MRY0T4,Under-five mortality rate,"Deaths per 1,000 live births",2001,109.14230608001,94.3519518935858,127.329518532338,2021
NGA-10_1,Delta,25327,MRY0T4,Under-five mortality rate,"Deaths per 1,000 live births",2002,104.234130049458,91.7123729684743,119.947370119621,2021
NGA-10_1,Delta,25327,MRY0T4,Under-five mortality rate,"Deaths per 1,000 live births",2003,102.75928769843,89.2843507816509,116.118169635691,2021
NGA-10_1,Delta,25327,MRY0T4,Under-five mortality rate,"Deaths per 1,000 live births",2004,101.129333712319,89.0650372443434,114.202943017362,2021
NGA-10_1,Delta,25327,MRY0T4,Under-five mortality rate,"Deaths per 1,000 live births",2005,99.2930534917227,88.2626343343765,112.129694126036,2021
NGA-10_1,Delta,25327,MRY0T4,Under-five mortality rate,"Deaths per 1,000 live births",2006,97.5692954429547,86.3000424307735,108.660748785582,2021
NGA-10_1,Delta,25327,MRY0T4,Under-five mortality rate,"Deaths per 1,000 live births",2007,93.9134934649104,82.8251238550629,105.300587046682,2021
NGA-10_1,Delta,25327,MRY0T4,Under-five mortality rate,"Deaths per 1,000 live births",2008,91.2953985522462,81.5274679570312,102.655649327795,2021
NGA-10_1,Delta,25327,MRY0T4,Under-five mortality rate,"Deaths per 1,000 live births",2009,88.2460548160687,78.5438614022024,98.6662056787071,2021
NGA-10_1,Delta,25327,MRY0T4,Under-five mortality rate,"Deaths per 1,000 live births",2010,86.8720252372607,76.586764573035,98.3786301937229,2021
NGA-10_1,Delta,25327,MRY0T4,Under-five mortality rate,"Deaths per 1,000 live births",2011,85.7568274551644,75.4745236772116,97.9559469136424,2021
NGA-10_1,Delta,25327,MRY0T4,Under-five mortality rate,"Deaths per 1,000 live births",2012,85.0658925411871,74.2964583518059,98.1863188663525,2021
NGA-10_1,Delta,25327,MRY0T4,Under-five mortality rate,"Deaths per 1,000 live births",2013,79.6595027939538,68.6570869779564,92.2044412790793,2021
NGA-10_1,Delta,25327,MRY0T4,Under-five mortality rate,"Deaths per 1,000 live births",2014,75.2680891572194,64.2474862495145,88.6846291487595,2021
NGA-10_1,Delta,25327,MRY0T4,Under-five mortality rate,"Deaths per 1,000 live births",2015,72.8443842089099,61.9144340525284,86.7547184470031,2021
NGA-10_1,Delta,25327,MRY0T4,Under-five mortality rate,"Deaths per 1,000 live births",2016,70.8161630006494,59.662304229397,85.1770209383566,2021
NGA-10_1,Delta,25327,MRY0T4,Under-five mortality rate,"Deaths per 1,000 live births",2017,69.0528360623063,57.5793878467181,84.7012186334552,2021
NGA-10_1,Delta,25327,MRY0T4,Under-five mortality rate,"Deaths per 1,000 live births",2018,68.1054346730158,55.7307632910313,84.6005994572667,2021
NGA-10_1,Delta,25327,MRY0T4,Under-five mortality rate,"Deaths per 1,000 live births",2019,67.6779007792338,54.5734914252948,85.1001473682682,2021
NGA-10_1,Delta,25327,MRY0T4,Under-five mortality rate,"Deaths per 1,000 live births",2020,66.5532344459566,51.3828333828421,85.6337501978863,2021
NGA-10_1,Delta,25327,MRY0T4,Under-five mortality rate,"Deaths per 1,000 live births",2021,64.8828202810714,50.0294153807079,86.3723601170727,2021
NGA-11_1,Ebonyi,25328,MRM0,Neonatal mortality rate,"Deaths per 1,000 live births",2000,55.6498442031701,46.1421928049993,67.2075938600737,2021
NGA-11_1,Ebonyi,25328,MRM0,Neonatal mortality rate,"Deaths per 1,000 live births",2001,54.3860226244625,45.8424978020291,65.4733560814316,2021
NGA-11_1,Ebonyi,25328,MRM0,Neonatal mortality rate,"Deaths per 1,000 live births",2002,53.7151794896885,45.7613176741079,63.9644273926187,2021
NGA-11_1,Ebonyi,25328,MRM0,Neonatal mortality rate,"Deaths per 1,000 live births",2003,50.6712120141655,43.9793425601038,58.8993656068312,2021
NGA-11_1,Ebonyi,25328,MRM0,Neonatal mortality rate,"Deaths per 1,000 live births",2004,49.4082925114788,42.8538078084544,56.7584742935486,2021
NGA-11_1,Ebonyi,25328,MRM0,Neonatal mortality rate,"Deaths per 1,000 live births",2005,48.3367349277283,41.809620670072,55.4138969594125,2021
NGA-11_1,Ebonyi,25328,MRM0,Neonatal mortality rate,"Deaths per 1,000 live births",2006,46.4880527240159,40.2354977150222,53.0259401793238,2021
NGA-11_1,Ebonyi,25328,MRM0,Neonatal mortality rate,"Deaths per 1,000 live births",2007,45.8892535123088,39.6080054130107,52.6610006377632,2021
NGA-11_1,Ebonyi,25328,MRM0,Neonatal mortality rate,"Deaths per 1,000 live births",2008,44.0755633191983,38.5055914429163,50.5902643295615,2021
NGA-11_1,Ebonyi,25328,MRM0,Neonatal mortality rate,"Deaths per 1,000 live births",2009,42.7163107481905,36.6324075440897,48.9200657242615,2021
NGA-11_1,Ebonyi,25328,MRM0,Neonatal mortality rate,"Deaths per 1,000 live births",2010,42.2021018574031,36.3747050931643,48.9646717923047,2021
NGA-11_1,Ebonyi,25328,MRM0,Neonatal mortality rate,"Deaths per 1,000 live births",2011,42.44389371767,36.6126683387574,49.1731464224419,2021
NGA-11_1,Ebonyi,25328,MRM0,Neonatal mortality rate,"Deaths per 1,000 live births",2012,42.2572540099799,36.5507470778358,49.4419436024757,2021
NGA-11_1,Ebonyi,25328,MRM0,Neonatal mortality rate,"Deaths per 1,000 live births",2013,41.4301386282324,35.6309451014596,48.9429810388597,2021
NGA-11_1,Ebonyi,25328,MRM0,Neonatal mortality rate,"Deaths per 1,000 live births",2014,42.2310745351419,35.6682901642765,50.1008083694777,2021
NGA-11_1,Ebonyi,25328,MRM0,Neonatal mortality rate,"Deaths per 1,000 live births",2015,40.71955158316,33.8949241611366,49.1035540582269,2021
NGA-11_1,Ebonyi,25328,MRM0,Neonatal mortality rate,"Deaths per 1,000 live births",2016,40.1045230819409,32.6347707003593,48.9036353736639,2021
NGA-11_1,Ebonyi,25328,MRM0,Neonatal mortality rate,"Deaths per 1,000 live births",2017,39.2746435238579,30.8023008996111,48.8441566349117,2021
NGA-11_1,Ebonyi,25328,MRM0,Neonatal mortality rate,"Deaths per 1,000 live births",2018,38.39898151893,30.0987956261598,48.5081361594988,2021
NGA-11_1,Ebonyi,25328,MRM0,Neonatal mortality rate,"Deaths per 1,000 live births",2019,37.5959286131806,29.2399850510732,47.9457862546348,2021
NGA-11_1,Ebonyi,25328,MRM0,Neonatal mortality rate,"Deaths per 1,000 live births",2020,36.9168058371941,27.6848053719767,48.1500075220193,2021
NGA-11_1,Ebonyi,25328,MRM0,Neonatal mortality rate,"Deaths per 1,000 live births",2021,36.1901963198792,26.6652478364725,48.2065421314913,2021
NGA-11_1,Ebonyi,25328,MRY0T4,Under-five mortality rate,"Deaths per 1,000 live births",2000,194.5802139779,169.315827511,220.453094597937,2021
NGA-11_1,Ebonyi,25328,MRY0T4,Under-five mortality rate,"Deaths per 1,000 live births",2001,190.793332832281,169.072867349248,214.820567131697,2021
NGA-11_1,Ebonyi,25328,MRY0T4,Under-five mortality rate,"Deaths per 1,000 live births",2002,185.885225890503,167.362201349958,208.064042019847,2021
NGA-11_1,Ebonyi,25328,MRY0T4,Under-five mortality rate,"Deaths per 1,000 live births",2003,181.664733599578,162.772768750125,202.767716930315,2021
NGA-11_1,Ebonyi,25328,MRY0T4,Under-five mortality rate,"Deaths per 1,000 live births",2004,178.996623919229,161.228987052895,198.415054731509,2021
NGA-11_1,Ebonyi,25328,MRY0T4,Under-five mortality rate,"Deaths per 1,000 live births",2005,177.2788658293,160.102280609827,195.466247273107,2021
NGA-11_1,Ebonyi,25328,MRY0T4,Under-five mortality rate,"Deaths per 1,000 live births",2006,170.978467614247,154.978855464433,188.024235739203,2021
NGA-11_1,Ebonyi,25328,MRY0T4,Under-five mortality rate,"Deaths per 1,000 live births",2007,166.850287353883,151.351441400742,183.884771743101,2021
NGA-11_1,Ebonyi,25328,MRY0T4,Under-five mortality rate,"Deaths per 1,000 live births",2008,166.657625310776,150.862289588949,184.150170004439,2021
NGA-11_1,Ebonyi,25328,MRY0T4,Under-five mortality rate,"Deaths per 1,000 live births",2009,163.27418813628,148.181119417132,180.809049048461,2021
NGA-11_1,Ebonyi,25328,MRY0T4,Under-five mortality rate,"Deaths per 1,000 live births",2010,162.219142591808,146.284681350716,180.701127114966,2021
NGA-11_1,Ebonyi,25328,MRY0T4,Under-five mortality rate,"Deaths per 1,000 live births",2011,156.146450110137,140.193612156444,173.361162609427,2021
NGA-11_1,Ebonyi,25328,MRY0T4,Under-five mortality rate,"Deaths per 1,000 live births",2012,149.310769833549,133.457786681047,166.301010285798,2021
NGA-11_1,Ebonyi,25328,MRY0T4,Under-five mortality rate,"Deaths per 1,000 live births",2013,139.208957685675,124.445014864512,156.300187945767,2021
NGA-11_1,Ebonyi,25328,MRY0T4,Under-five mortality rate,"Deaths per 1,000 live births",2014,129.242967187835,113.355116658157,145.489365872233,2021
NGA-11_1,Ebonyi,25328,MRY0T4,Under-five mortality rate,"Deaths per 1,000 live births",2015,119.898428206603,104.532112219293,136.404740969386,2021
NGA-11_1,Ebonyi,25328,MRY0T4,Under-five mortality rate,"Deaths per 1,000 live births",2016,114.072282714762,97.5203502732283,130.359973703048,2021
NGA-11_1,Ebonyi,25328,MRY0T4,Under-five mortality rate,"Deaths per 1,000 live births",2017,107.368469468189,91.64143410839,124.710713982205,2021
NGA-11_1,Ebonyi,25328,MRY0T4,Under-five mortality rate,"Deaths per 1,000 live births",2018,105.015434471593,87.8871199904103,124.375594412443,2021
NGA-11_1,Ebonyi,25328,MRY0T4,Under-five mortality rate,"Deaths per 1,000 live births",2019,101.659388284035,82.8836653612376,122.652277055869,2021
NGA-11_1,Ebonyi,25328,MRY0T4,Under-five mortality rate,"Deaths per 1,000 live births",2020,98.8682608074624,78.5123735585764,121.310359467363,2021
NGA-11_1,Ebonyi,25328,MRY0T4,Under-five mortality rate,"Deaths per 1,000 live births",2021,95.8394521365984,75.4519205073239,119.115595341457,2021
NGA-12_1,Edo,25329,MRM0,Neonatal mortality rate,"Deaths per 1,000 live births",2000,36.9010503203949,29.8957486956274,45.4737979462683,2021
NGA-12_1,Edo,25329,MRM0,Neonatal mortality rate,"Deaths per 1,000 live births",2001,36.5258439014949,29.6936470647004,44.5237942639495,2021
NGA-12_1,Edo,25329,MRM0,Neonatal mortality rate,"Deaths per 1,000 live births",2002,35.778072098077,29.8107682953927,42.9467806274202,2021
NGA-12_1,Edo,25329,MRM0,Neonatal mortality rate,"Deaths per 1,000 live births",2003,34.6063696544022,28.8716409413786,41.0217499078663,2021
NGA-12_1,Edo,25329,MRM0,Neonatal mortality rate,"Deaths per 1,000 live births",2004,33.8164833061973,28.6214791269973,40.1536853309726,2021
NGA-12_1,Edo,25329,MRM0,Neonatal mortality rate,"Deaths per 1,000 live births",2005,33.2254268126713,28.1868275390192,39.2998714659554,2021
NGA-12_1,Edo,25329,MRM0,Neonatal mortality rate,"Deaths per 1,000 live births",2006,32.3180054588327,27.3766320863275,38.0016830315668,2021
NGA-12_1,Edo,25329,MRM0,Neonatal mortality rate,"Deaths per 1,000 live births",2007,32.4277351432026,27.4909720743152,37.7978061706871,2021
NGA-12_1,Edo,25329,MRM0,Neonatal mortality rate,"Deaths per 1,000 live births",2008,31.0639578813086,26.4776463226115,36.6381440350521,2021
NGA-12_1,Edo,25329,MRM0,Neonatal mortality rate,"Deaths per 1,000 live births",2009,30.5332517993403,25.6881704199434,35.8059965292247,2021
NGA-12_1,Edo,25329,MRM0,Neonatal mortality rate,"Deaths per 1,000 live births",2010,30.3525260616837,25.5221227861502,35.7257370946731,2021
NGA-12_1,Edo,25329,MRM0,Neonatal mortality rate,"Deaths per 1,000 live births",2011,30.4432482515923,25.497763551644,35.6402746528475,2021
NGA-12_1,Edo,25329,MRM0,Neonatal mortality rate,"Deaths per 1,000 live births",2012,30.9280852612823,25.9091698123089,36.6634904900108,2021
NGA-12_1,Edo,25329,MRM0,Neonatal mortality rate,"Deaths per 1,000 live births",2013,30.7359291872337,25.7160173817466,36.9907804522549,2021
NGA-12_1,Edo,25329,MRM0,Neonatal mortality rate,"Deaths per 1,000 live births",2014,31.1350910701037,25.9113544440811,38.4581575960796,2021
NGA-12_1,Edo,25329,MRM0,Neonatal mortality rate,"Deaths per 1,000 live births",2015,30.9548907179863,25.2835248499514,37.776324957958,2021
NGA-12_1,Edo,25329,MRM0,Neonatal mortality rate,"Deaths per 1,000 live births",2016,30.860865892449,24.9532776443662,38.0922129183577,2021
NGA-12_1,Edo,25329,MRM0,Neonatal mortality rate,"Deaths per 1,000 live births",2017,30.6406161040879,24.514219517543,38.5138595144098,2021
NGA-12_1,Edo,25329,MRM0,Neonatal mortality rate,"Deaths per 1,000 live births",2018,30.4638697754739,24.1977134410132,38.6504953539224,2021
NGA-12_1,Edo,25329,MRM0,Neonatal mortality rate,"Deaths per 1,000 live births",2019,29.9788006013679,23.5080298708763,38.4032956840929,2021
NGA-12_1,Edo,25329,MRM0,Neonatal mortality rate,"Deaths per 1,000 live births",2020,29.5798253733621,22.6679070084469,38.7129840993667,2021
NGA-12_1,Edo,25329,MRM0,Neonatal mortality rate,"Deaths per 1,000 live births",2021,29.1852228845285,21.7813577889941,38.7345962866114,2021
NGA-12_1,Edo,25329,MRY0T4,Under-five mortality rate,"Deaths per 1,000 live births",2000,128.902130769368,107.344673156989,151.562193295042,2021
NGA-12_1,Edo,25329,MRY0T4,Under-five mortality rate,"Deaths per 1,000 live births",2001,125.228147784778,106.525927332671,146.453826970799,2021
NGA-12_1,Edo,25329,MRY0T4,Under-five mortality rate,"Deaths per 1,000 live births",2002,120.911405691853,104.941270745304,139.281838191795,2021
NGA-12_1,Edo,25329,MRY0T4,Under-five mortality rate,"Deaths per 1,000 live births",2003,117.567287216722,102.562166899877,134.406880305228,2021
NGA-12_1,Edo,25329,MRY0T4,Under-five mortality rate,"Deaths per 1,000 live births",2004,114.756069668847,100.780831703522,130.104949123752,2021
NGA-12_1,Edo,25329,MRY0T4,Under-five mortality rate,"Deaths per 1,000 live births",2005,111.074538724238,97.8988483661454,127.416576824803,2021
NGA-12_1,Edo,25329,MRY0T4,Under-five mortality rate,"Deaths per 1,000 live births",2006,107.315383680493,94.7680291818269,121.272345625875,2021
NGA-12_1,Edo,25329,MRY0T4,Under-five mortality rate,"Deaths per 1,000 live births",2007,103.222144188506,91.2781600065189,117.093629810358,2021
NGA-12_1,Edo,25329,MRY0T4,Under-five mortality rate,"Deaths per 1,000 live births",2008,99.2251826542828,87.2219449973109,113.108582561774,2021
NGA-12_1,Edo,25329,MRY0T4,Under-five mortality rate,"Deaths per 1,000 live births",2009,95.0943830514906,83.8268149467917,108.08614557836,2021
NGA-12_1,Edo,25329,MRY0T4,Under-five mortality rate,"Deaths per 1,000 live births",2010,92.8160730489186,81.6073829787519,105.34824110188,2021
NGA-12_1,Edo,25329,MRY0T4,Under-five mortality rate,"Deaths per 1,000 live births",2011,91.0285496051863,79.2673624844879,103.612610166532,2021
NGA-12_1,Edo,25329,MRY0T4,Under-five mortality rate,"Deaths per 1,000 live births",2012,90.7751743944175,78.4655632218951,103.96518609759,2021
NGA-12_1,Edo,25329,MRY0T4,Under-five mortality rate,"Deaths per 1,000 live births",2013,86.2237232367876,73.6855059186749,99.9830243157816,2021
NGA-12_1,Edo,25329,MRY0T4,Under-five mortality rate,"Deaths per 1,000 live births",2014,83.1669242514142,70.1335030762075,96.5055678756555,2021
NGA-12_1,Edo,25329,MRY0T4,Under-five mortality rate,"Deaths per 1,000 live births",2015,80.7347415396494,68.1327976199153,96.1607949012837,2021
NGA-12_1,Edo,25329,MRY0T4,Under-five mortality rate,"Deaths per 1,000 live births",2016,79.343095111003,66.1565024837221,94.8185857595785,2021
NGA-12_1,Edo,25329,MRY0T4,Under-five mortality rate,"Deaths per 1,000 live births",2017,77.6968046980823,64.1178117596614,94.5468258946111,2021
NGA-12_1,Edo,25329,MRY0T4,Under-five mortality rate,"Deaths per 1,000 live births",2018,75.5762941122425,61.4317959507114,93.704365058763,2021
NGA-12_1,Edo,25329,MRY0T4,Under-five mortality rate,"Deaths per 1,000 live births",2019,74.3408626021321,58.841758042235,93.2009648228575,2021
NGA-12_1,Edo,25329,MRY0T4,Under-five mortality rate,"Deaths per 1,000 live births",2020,72.5844636963797,56.7248296525241,93.4003122611751,2021
NGA-12_1,Edo,25329,MRY0T4,Under-five mortality rate,"Deaths per 1,000 live births",2021,71.6024827782633,54.7680639852728,92.8309393161503,2021
NGA-13_1,Ekiti,25330,MRM0,Neonatal mortality rate,"Deaths per 1,000 live births",2000,52.4525901789609,42.5758656279056,64.83513208731,2021
NGA-13_1,Ekiti,25330,MRM0,Neonatal mortality rate,"Deaths per 1,000 live births",2001,51.3979011528216,41.7833593731498,63.3551197146577,2021
NGA-13_1,Ekiti,25330,MRM0,Neonatal mortality rate,"Deaths per 1,000 live births",2002,51.1838213477162,42.3150397931197,62.9079943964175,2021
NGA-13_1,Ekiti,25330,MRM0,Neonatal mortality rate,"Deaths per 1,000 live births",2003,49.8483406564734,41.128908989873,59.4771841932603,2021
NGA-13_1,Ekiti,25330,MRM0,Neonatal mortality rate,"Deaths per 1,000 live births",2004,49.2554337403925,41.4736075094794,58.7183701814865,2021
NGA-13_1,Ekiti,25330,MRM0,Neonatal mortality rate,"Deaths per 1,000 live births",2005,48.8464393193598,41.1473030931208,58.2926638286301,2021
NGA-13_1,Ekiti,25330,MRM0,Neonatal mortality rate,"Deaths per 1,000 live births",2006,47.5451514978539,39.8352531953006,56.1665315633117,2021
NGA-13_1,Ekiti,25330,MRM0,Neonatal mortality rate,"Deaths per 1,000 live births",2007,47.6881983685365,40.626584075292,56.1342347186216,2021
NGA-13_1,Ekiti,25330,MRM0,Neonatal mortality rate,"Deaths per 1,000 live births",2008,45.976906340739,39.1992519639651,54.1525348487164,2021
NGA-13_1,Ekiti,25330,MRM0,Neonatal mortality rate,"Deaths per 1,000 live births",2009,45.0157104032397,37.8389478124608,52.7652046305257,2021
NGA-13_1,Ekiti,25330,MRM0,Neonatal mortality rate,"Deaths per 1,000 live births",2010,44.7295747475211,37.6785966355484,52.8758612441377,2021
NGA-13_1,Ekiti,25330,MRM0,Neonatal mortality rate,"Deaths per 1,000 live births",2011,45.3194955025402,37.4514930737326,53.1260948674013,2021
NGA-13_1,Ekiti,25330,MRM0,Neonatal mortality rate,"Deaths per 1,000 live births",2012,45.6540555564536,38.0772461472773,54.05978536811,2021
NGA-13_1,Ekiti,25330,MRM0,Neonatal mortality rate,"Deaths per 1,000 live births",2013,45.5912807417407,37.7760860497316,54.0081023688207,2021
NGA-13_1,Ekiti,25330,MRM0,Neonatal mortality rate,"Deaths per 1,000 live births",2014,47.5410913538422,38.8787648296175,57.4033482024338,2021
NGA-13_1,Ekiti,25330,MRM0,Neonatal mortality rate,"Deaths per 1,000 live births",2015,47.4618238392916,38.5242327650845,58.4648406742268,2021
NGA-13_1,Ekiti,25330,MRM0,Neonatal mortality rate,"Deaths per 1,000 live births",2016,47.3610383695446,37.7366767412392,59.0411346456367,2021
NGA-13_1,Ekiti,25330,MRM0,Neonatal mortality rate,"Deaths per 1,000 live births",2017,47.0729592244274,37.1283595747975,59.4023695602986,2021
NGA-13_1,Ekiti,25330,MRM0,Neonatal mortality rate,"Deaths per 1,000 live births",2018,46.631011452755,36.7973258654247,59.5489435426818,2021
NGA-13_1,Ekiti,25330,MRM0,Neonatal mortality rate,"Deaths per 1,000 live births",2019,45.9294643332982,35.7512173035495,59.4844157005597,2021
NGA-13_1,Ekiti,25330,MRM0,Neonatal mortality rate,"Deaths per 1,000 live births",2020,45.5382472091706,34.7787286221508,59.9663973881631,2021
NGA-13_1,Ekiti,25330,MRM0,Neonatal mortality rate,"Deaths per 1,000 live births",2021,44.9176792751526,33.9403180648407,59.2925792599506,2021
NGA-13_1,Ekiti,25330,MRY0T4,Under-five mortality rate,"Deaths per 1,000 live births",2000,150.000253955245,126.085679148175,178.171047151511,2021
NGA-13_1,Ekiti,25330,MRY0T4,Under-five mortality rate,"Deaths per 1,000 live births",2001,143.094728566924,121.965194520271,166.434002627486,2021
NGA-13_1,Ekiti,25330,MRY0T4,Under-five mortality rate,"Deaths per 1,000 live births",2002,141.389394834752,121.840341325293,162.998567265862,2021
NGA-13_1,Ekiti,25330,MRY0T4,Under-five mortality rate,"Deaths per 1,000 live births",2003,140.965607774393,122.271939348522,160.708460894438,2021
NGA-13_1,Ekiti,25330,MRY0T4,Under-five mortality rate,"Deaths per 1,000 live births",2004,140.784517240319,122.856312524512,159.786127744148,2021
NGA-13_1,Ekiti,25330,MRY0T4,Under-five mortality rate,"Deaths per 1,000 live births",2005,138.505772714395,120.361028457851,156.608642451858,2021
NGA-13_1,Ekiti,25330,MRY0T4,Under-five mortality rate,"Deaths per 1,000 live births",2006,133.276873307727,117.273286846255,150.481946855795,2021
NGA-13_1,Ekiti,25330,MRY0T4,Under-five mortality rate,"Deaths per 1,000 live births",2007,129.066911950635,114.455503267984,146.021407980224,2021
NGA-13_1,Ekiti,25330,MRY0T4,Under-five mortality rate,"Deaths per 1,000 live births",2008,126.021558987887,110.993713304134,142.372307457643,2021
NGA-13_1,Ekiti,25330,MRY0T4,Under-five mortality rate,"Deaths per 1,000 live births",2009,122.281828343478,108.162655771949,138.106117728083,2021
NGA-13_1,Ekiti,25330,MRY0T4,Under-five mortality rate,"Deaths per 1,000 live births",2010,119.854077210909,106.114153677803,136.269149096768,2021
NGA-13_1,Ekiti,25330,MRY0T4,Under-five mortality rate,"Deaths per 1,000 live births",2011,119.044928704305,104.48534461678,135.153989944746,2021
NGA-13_1,Ekiti,25330,MRY0T4,Under-five mortality rate,"Deaths per 1,000 live births",2012,118.748804968447,103.775375728052,136.241427579466,2021
NGA-13_1,Ekiti,25330,MRY0T4,Under-five mortality rate,"Deaths per 1,000 live births",2013,116.040628374098,100.857342127781,133.123010416014,2021
NGA-13_1,Ekiti,25330,MRY0T4,Under-five mortality rate,"Deaths per 1,000 live births",2014,115.5547510926,99.5321214820164,133.709173722037,2021
NGA-13_1,Ekiti,25330,MRY0T4,Under-five mortality rate,"Deaths per 1,000 live births",2015,115.18914004343,97.3291158370595,134.719849771743,2021
NGA-13_1,Ekiti,25330,MRY0T4,Under-five mortality rate,"Deaths per 1,000 live births",2016,114.768388090073,96.7097336059278,135.441235774933,2021
NGA-13_1,Ekiti,25330,MRY0T4,Under-five mortality rate,"Deaths per 1,000 live births",2017,111.703804195054,93.3044369508973,134.733302511422,2021
NGA-13_1,Ekiti,25330,MRY0T4,Under-five mortality rate,"Deaths per 1,000 live births",2018,108.368852831162,89.2741196384513,131.651277338766,2021
NGA-13_1,Ekiti,25330,MRY0T4,Under-five mortality rate,"Deaths per 1,000 live births",2019,106.864612468822,86.484075148104,132.375976946066,2021
NGA-13_1,Ekiti,25330,MRY0T4,Under-five mortality rate,"Deaths per 1,000 live births",2020,104.127118784549,82.3198767079271,132.170797677908,2021
NGA-13_1,Ekiti,25330,MRY0T4,Under-five mortality rate,"Deaths per 1,000 live births",2021,102.063924525177,79.5798488746624,131.389814777925,2021
NGA-14_1,Enugu,25331,MRM0,Neonatal mortality rate,"Deaths per 1,000 live births",2000,25.7764324518087,19.8005185457965,32.2846088315148,2021
NGA-14_1,Enugu,25331,MRM0,Neonatal mortality rate,"Deaths per 1,000 live births",2001,25.5741546025528,19.8662596920881,31.5640237082269,2021
NGA-14_1,Enugu,25331,MRM0,Neonatal mortality rate,"Deaths per 1,000 live births",2002,25.6251889643075,20.3218103594799,31.2042409059629,2021
NGA-14_1,Enugu,25331,MRM0,Neonatal mortality rate,"Deaths per 1,000 live births",2003,24.8325190238431,20.0575002469979,30.1941779911783,2021
NGA-14_1,Enugu,25331,MRM0,Neonatal mortality rate,"Deaths per 1,000 live births",2004,24.5642822202058,20.0285346714223,29.956688156192,2021
NGA-14_1,Enugu,25331,MRM0,Neonatal mortality rate,"Deaths per 1,000 live births",2005,24.4499739907889,20.068593652918,29.6135260775295,2021
NGA-14_1,Enugu,25331,MRM0,Neonatal mortality rate,"Deaths per 1,000 live births",2006,24.1555021026391,19.8866753152361,29.1003498920385,2021
NGA-14_1,Enugu,25331,MRM0,Neonatal mortality rate,"Deaths per 1,000 live births",2007,24.386057063488,20.2092521195779,29.2689487739156,2021
NGA-14_1,Enugu,25331,MRM0,Neonatal mortality rate,"Deaths per 1,000 live births",2008,23.8732765513331,19.7185657769483,28.6527841143745,2021
NGA-14_1,Enugu,25331,MRM0,Neonatal mortality rate,"Deaths per 1,000 live births",2009,23.6463508308698,19.5216294667723,28.3640963124971,2021
NGA-14_1,Enugu,25331,MRM0,Neonatal mortality rate,"Deaths per 1,000 live births",2010,23.8563980079295,19.5564992515408,29.0726397484232,2021
NGA-14_1,Enugu,25331,MRM0,Neonatal mortality rate,"Deaths per 1,000 live births",2011,24.3888469140309,20.0373815246656,29.986356849556,2021
NGA-14_1,Enugu,25331,MRM0,Neonatal mortality rate,"Deaths per 1,000 live births",2012,24.898368694857,20.5758079112124,30.2697789409484,2021
NGA-14_1,Enugu,25331,MRM0,Neonatal mortality rate,"Deaths per 1,000 live births",2013,25.1585101227093,20.3594906386314,30.8875045054976,2021
NGA-14_1,Enugu,25331,MRM0,Neonatal mortality rate,"Deaths per 1,000 live births",2014,25.9265031340583,20.7971079120341,32.4917535555175,2021
NGA-14_1,Enugu,25331,MRM0,Neonatal mortality rate,"Deaths per 1,000 live births",2015,26.0102884015706,20.5277352848378,32.655355170046,2021
NGA-14_1,Enugu,25331,MRM0,Neonatal mortality rate,"Deaths per 1,000 live births",2016,26.0076113847467,20.5731318106257,33.091012206174,2021
NGA-14_1,Enugu,25331,MRM0,Neonatal mortality rate,"Deaths per 1,000 live births",2017,26.2049672235489,20.3476177906276,33.8333653720574,2021
NGA-14_1,Enugu,25331,MRM0,Neonatal mortality rate,"Deaths per 1,000 live births",2018,26.2693090125685,20.198621620855,34.568297404333,2021
NGA-14_1,Enugu,25331,MRM0,Neonatal mortality rate,"Deaths per 1,000 live births",2019,26.164937634715,19.8153615260039,35.3409086852492,2021
NGA-14_1,Enugu,25331,MRM0,Neonatal mortality rate,"Deaths per 1,000 live births",2020,26.2756411635254,19.5433810945983,35.7484233265692,2021
NGA-14_1,Enugu,25331,MRM0,Neonatal mortality rate,"Deaths per 1,000 live births",2021,26.1677640354242,19.1065934448754,36.7849339068902,2021
NGA-14_1,Enugu,25331,MRY0T4,Under-five mortality rate,"Deaths per 1,000 live births",2000,114.818317447246,97.2201001908288,137.044857103824,2021
NGA-14_1,Enugu,25331,MRY0T4,Under-five mortality rate,"Deaths per 1,000 live births",2001,112.371022288347,96.1253539844628,131.464253060182,2021
NGA-14_1,Enugu,25331,MRY0T4,Under-five mortality rate,"Deaths per 1,000 live births",2002,111.105456717054,95.4590435058266,128.280928379706,2021
NGA-14_1,Enugu,25331,MRY0T4,Under-five mortality rate,"Deaths per 1,000 live births",2003,109.706067233838,95.7196075757255,125.498238567531,2021
NGA-14_1,Enugu,25331,MRY0T4,Under-five mortality rate,"Deaths per 1,000 live births",2004,108.379613546321,94.7492587801209,123.24013621839,2021
NGA-14_1,Enugu,25331,MRY0T4,Under-five mortality rate,"Deaths per 1,000 live births",2005,107.601995685001,94.1941485842162,121.064073731979,2021
NGA-14_1,Enugu,25331,MRY0T4,Under-five mortality rate,"Deaths per 1,000 live births",2006,105.401121894393,92.5371770062914,117.895230884564,2021
NGA-14_1,Enugu,25331,MRY0T4,Under-five mortality rate,"Deaths per 1,000 live births",2007,103.132323176572,90.8253973240922,115.565012874655,2021
NGA-14_1,Enugu,25331,MRY0T4,Under-five mortality rate,"Deaths per 1,000 live births",2008,103.96061959864,91.803657167007,116.815245122082,2021
NGA-14_1,Enugu,25331,MRY0T4,Under-five mortality rate,"Deaths per 1,000 live births",2009,102.127376822671,90.7273993769937,115.345221569337,2021
NGA-14_1,Enugu,25331,MRY0T4,Under-five mortality rate,"Deaths per 1,000 live births",2010,101.318620675052,90.0561808780905,115.265118730187,2021
NGA-14_1,Enugu,25331,MRY0T4,Under-five mortality rate,"Deaths per 1,000 live births",2011,99.9218450731269,87.790512693474,113.314645248615,2021
NGA-14_1,Enugu,25331,MRY0T4,Under-five mortality rate,"Deaths per 1,000 live births",2012,97.7161242811564,84.7771629521691,111.488092827111,2021
NGA-14_1,Enugu,25331,MRY0T4,Under-five mortality rate,"Deaths per 1,000 live births",2013,93.1597608883617,80.0297281557789,107.415147303917,2021
NGA-14_1,Enugu,25331,MRY0T4,Under-five mortality rate,"Deaths per 1,000 live births",2014,89.7097835343313,76.9579503983101,104.253129494935,2021
NGA-14_1,Enugu,25331,MRY0T4,Under-five mortality rate,"Deaths per 1,000 live births",2015,86.7464748496793,73.2381484667411,101.672849878843,2021
NGA-14_1,Enugu,25331,MRY0T4,Under-five mortality rate,"Deaths per 1,000 live births",2016,84.4123859983782,70.5444964966234,99.9217567283982,2021
NGA-14_1,Enugu,25331,MRY0T4,Under-five mortality rate,"Deaths per 1,000 live births",2017,82.6738517252184,68.6224786129776,99.4777199490674,2021
NGA-14_1,Enugu,25331,MRY0T4,Under-five mortality rate,"Deaths per 1,000 live births",2018,81.6891598373364,66.2398009831983,99.5938138210643,2021
NGA-14_1,Enugu,25331,MRY0T4,Under-five mortality rate,"Deaths per 1,000 live births",2019,80.6525396495107,64.6927448871336,100.418890310754,2021
NGA-14_1,Enugu,25331,MRY0T4,Under-five mortality rate,"Deaths per 1,000 live births",2020,79.2491404371016,62.5616720648025,101.606562694219,2021
NGA-14_1,Enugu,25331,MRY0T4,Under-five mortality rate,"Deaths per 1,000 live births",2021,77.89202408948,60.8203407861257,100.845876768035,2021
NGA-15_1,Federal Capital Territory,25332,MRM0,Neonatal mortality rate,"Deaths per 1,000 live births",2000,45.344235187365,36.6173838655702,55.5157306351852,2021
NGA-15_1,Federal Capital Territory,25332,MRM0,Neonatal mortality rate,"Deaths per 1,000 live births",2001,44.6939895054544,36.615087369271,54.1334188085701,2021
NGA-15_1,Federal Capital Territory,25332,MRM0,Neonatal mortality rate,"Deaths per 1,000 live births",2002,43.7234905208911,36.5407114485786,52.3333554732335,2021
NGA-15_1,Federal Capital Territory,25332,MRM0,Neonatal mortality rate,"Deaths per 1,000 live births",2003,41.8073435105627,35.3438058116911,49.7095832489129,2021
NGA-15_1,Federal Capital Territory,25332,MRM0,Neonatal mortality rate,"Deaths per 1,000 live births",2004,41.136001662809,35.0048231754572,48.5964102717873,2021
NGA-15_1,Federal Capital Territory,25332,MRM0,Neonatal mortality rate,"Deaths per 1,000 live births",2005,40.5167127841832,34.5254525670007,47.4597992288547,2021
NGA-15_1,Federal Capital Territory,25332,MRM0,Neonatal mortality rate,"Deaths per 1,000 live births",2006,39.6511584830745,33.9754010049182,46.6310457762347,2021
NGA-15_1,Federal Capital Territory,25332,MRM0,Neonatal mortality rate,"Deaths per 1,000 live births",2007,39.828584735517,33.7823565082369,46.5839307629138,2021
NGA-15_1,Federal Capital Territory,25332,MRM0,Neonatal mortality rate,"Deaths per 1,000 live births",2008,37.9382198312527,32.3417471488836,44.237697388447,2021
NGA-15_1,Federal Capital Territory,25332,MRM0,Neonatal mortality rate,"Deaths per 1,000 live births",2009,37.0307488814329,31.2853232478417,42.8726892826265,2021
NGA-15_1,Federal Capital Territory,25332,MRM0,Neonatal mortality rate,"Deaths per 1,000 live births",2010,36.465436910816,30.9983848972424,42.8449246282574,2021
NGA-15_1,Federal Capital Territory,25332,MRM0,Neonatal mortality rate,"Deaths per 1,000 live births",2011,36.144893781622,30.769806909022,42.4025088550222,2021
NGA-15_1,Federal Capital Territory,25332,MRM0,Neonatal mortality rate,"Deaths per 1,000 live births",2012,36.0984519317651,30.6168370208311,42.3967293201235,2021
NGA-15_1,Federal Capital Territory,25332,MRM0,Neonatal mortality rate,"Deaths per 1,000 live births",2013,36.0293458578455,30.2665220870508,42.3199399160563,2021
NGA-15_1,Federal Capital Territory,25332,MRM0,Neonatal mortality rate,"Deaths per 1,000 live births",2014,36.6605680478019,30.3738864208965,43.4277055427201,2021
NGA-15_1,Federal Capital Territory,25332,MRM0,Neonatal mortality rate,"Deaths per 1,000 live births",2015,36.2578758797391,29.8764894599162,43.4428228819311,2021
NGA-15_1,Federal Capital Territory,25332,MRM0,Neonatal mortality rate,"Deaths per 1,000 live births",2016,35.9096393251508,29.3662810192656,43.5916398018514,2021
NGA-15_1,Federal Capital Territory,25332,MRM0,Neonatal mortality rate,"Deaths per 1,000 live births",2017,35.4617311192577,28.3156598430989,43.0111386443858,2021
NGA-15_1,Federal Capital Territory,25332,MRM0,Neonatal mortality rate,"Deaths per 1,000 live births",2018,34.8141701974525,27.7296034043867,42.9237596981665,2021
NGA-15_1,Federal Capital Territory,25332,MRM0,Neonatal mortality rate,"Deaths per 1,000 live births",2019,33.9144135640229,26.5600361486264,42.8401406914268,2021
NGA-15_1,Federal Capital Territory,25332,MRM0,Neonatal mortality rate,"Deaths per 1,000 live births",2020,33.2877993913614,25.7456167350959,42.6848846365767,2021
NGA-15_1,Federal Capital Territory,25332,MRM0,Neonatal mortality rate,"Deaths per 1,000 live births",2021,32.7196717428486,24.9301756545559,42.5583013747378,2021
NGA-15_1,Federal Capital Territory,25332,MRY0T4,Under-five mortality rate,"Deaths per 1,000 live births",2000,136.244260132804,113.25989596661,161.310037911174,2021
NGA-15_1,Federal Capital Territory,25332,MRY0T4,Under-five mortality rate,"Deaths per 1,000 live births",2001,131.970542991689,112.495290531172,154.413441063047,2021
NGA-15_1,Federal Capital Territory,25332,MRY0T4,Under-five mortality rate,"Deaths per 1,000 live births",2002,128.457123796347,110.852897812279,149.325551833134,2021
NGA-15_1,Federal Capital Territory,25332,MRY0T4,Under-five mortality rate,"Deaths per 1,000 live births",2003,124.950475999897,109.163882484839,143.119468450503,2021
NGA-15_1,Federal Capital Territory,25332,MRY0T4,Under-five mortality rate,"Deaths per 1,000 live births",2004,122.135611961918,107.56105607485,138.157326558726,2021
NGA-15_1,Federal Capital Territory,25332,MRY0T4,Under-five mortality rate,"Deaths per 1,000 live births",2005,119.487550738512,106.075609878121,135.384906078565,2021
NGA-15_1,Federal Capital Territory,25332,MRY0T4,Under-five mortality rate,"Deaths per 1,000 live births",2006,120.039258276154,107.015019229908,135.140364512833,2021
NGA-15_1,Federal Capital Territory,25332,MRY0T4,Under-five mortality rate,"Deaths per 1,000 live births",2007,119.628575224565,106.45557419868,134.332368112307,2021
NGA-15_1,Federal Capital Territory,25332,MRY0T4,Under-five mortality rate,"Deaths per 1,000 live births",2008,118.741565883173,105.630964279805,132.615369274681,2021
NGA-15_1,Federal Capital Territory,25332,MRY0T4,Under-five mortality rate,"Deaths per 1,000 live births",2009,116.395742583584,104.066010745978,129.622555928587,2021
NGA-15_1,Federal Capital Territory,25332,MRY0T4,Under-five mortality rate,"Deaths per 1,000 live births",2010,114.248109040113,100.829147504921,127.016524602303,2021
NGA-15_1,Federal Capital Territory,25332,MRY0T4,Under-five mortality rate,"Deaths per 1,000 live births",2011,112.14118074984,99.1385385445521,124.792311490912,2021
NGA-15_1,Federal Capital Territory,25332,MRY0T4,Under-five mortality rate,"Deaths per 1,000 live births",2012,108.727538661274,96.7603718794922,122.587778846359,2021
NGA-15_1,Federal Capital Territory,25332,MRY0T4,Under-five mortality rate,"Deaths per 1,000 live births",2013,109.110961153379,96.7777476742322,123.752746762996,2021
NGA-15_1,Federal Capital Territory,25332,MRY0T4,Under-five mortality rate,"Deaths per 1,000 live births",2014,109.013862667959,95.8485467969897,124.763709838167,2021
NGA-15_1,Federal Capital Territory,25332,MRY0T4,Under-five mortality rate,"Deaths per 1,000 live births",2015,108.453385098399,94.5255516891554,124.823139887278,2021
NGA-15_1,Federal Capital Territory,25332,MRY0T4,Under-five mortality rate,"Deaths per 1,000 live births",2016,107.773620582767,92.3249636838348,125.286021114068,2021
NGA-15_1,Federal Capital Territory,25332,MRY0T4,Under-five mortality rate,"Deaths per 1,000 live births",2017,107.351067795954,90.3666903885917,126.527977867991,2021
NGA-15_1,Federal Capital Territory,25332,MRY0T4,Under-five mortality rate,"Deaths per 1,000 live births",2018,105.71986767089,88.6322447478365,124.870739443826,2021
NGA-15_1,Federal Capital Territory,25332,MRY0T4,Under-five mortality rate,"Deaths per 1,000 live births",2019,103.518885802276,85.1312731561395,126.261512197047,2021
NGA-15_1,Federal Capital Territory,25332,MRY0T4,Under-five mortality rate,"Deaths per 1,000 live births",2020,101.407757462021,82.2798644492569,125.834383661831,2021
NGA-15_1,Federal Capital Territory,25332,MRY0T4,Under-five mortality rate,"Deaths per 1,000 live births",2021,99.5707565783077,79.5936459476682,126.145036467791,2021
NGA-16_1,Gombe,25333,MRM0,Neonatal mortality rate,"Deaths per 1,000 live births",2000,59.111692759268,50.616650676502,68.6965480107565,2021
NGA-16_1,Gombe,25333,MRM0,Neonatal mortality rate,"Deaths per 1,000 live births",2001,59.2146876228951,51.0554859435871,68.3231303619012,2021
NGA-16_1,Gombe,25333,MRM0,Neonatal mortality rate,"Deaths per 1,000 live births",2002,57.7213510565647,50.6836953730408,65.7468530548036,2021
NGA-16_1,Gombe,25333,MRM0,Neonatal mortality rate,"Deaths per 1,000 live births",2003,56.5675595744605,49.6713403617128,64.2327655266802,2021
NGA-16_1,Gombe,25333,MRM0,Neonatal mortality rate,"Deaths per 1,000 live births",2004,55.2639758992492,49.1355326398208,62.8906078531222,2021
NGA-16_1,Gombe,25333,MRM0,Neonatal mortality rate,"Deaths per 1,000 live births",2005,54.5717631024428,48.4770042717444,61.7344815335911,2021
NGA-16_1,Gombe,25333,MRM0,Neonatal mortality rate,"Deaths per 1,000 live births",2006,53.2592867800582,47.2795405525079,59.8167120271035,2021
NGA-16_1,Gombe,25333,MRM0,Neonatal mortality rate,"Deaths per 1,000 live births",2007,53.3065781763742,47.6548812752172,60.0844118590035,2021
NGA-16_1,Gombe,25333,MRM0,Neonatal mortality rate,"Deaths per 1,000 live births",2008,50.4769640740165,45.1098552485871,56.8557299713623,2021
NGA-16_1,Gombe,25333,MRM0,Neonatal mortality rate,"Deaths per 1,000 live births",2009,50.3227661052081,44.2978602158108,56.7311161374244,2021
NGA-16_1,Gombe,25333,MRM0,Neonatal mortality rate,"Deaths per 1,000 live births",2010,49.1260874061221,42.5593358227763,55.1838495388834,2021
NGA-16_1,Gombe,25333,MRM0,Neonatal mortality rate,"Deaths per 1,000 live births",2011,48.4581694721791,42.2555355681139,55.3112208618336,2021
NGA-16_1,Gombe,25333,MRM0,Neonatal mortality rate,"Deaths per 1,000 live births",2012,49.2969785127715,43.4197457467299,55.9344962087105,2021
NGA-16_1,Gombe,25333,MRM0,Neonatal mortality rate,"Deaths per 1,000 live births",2013,50.1039059470339,43.6517443018947,56.6821223462028,2021
NGA-16_1,Gombe,25333,MRM0,Neonatal mortality rate,"Deaths per 1,000 live births",2014,49.9423007897354,43.6904347929659,58.0667886594635,2021
NGA-16_1,Gombe,25333,MRM0,Neonatal mortality rate,"Deaths per 1,000 live births",2015,50.1195225783558,43.1068703777582,58.5350751751924,2021
NGA-16_1,Gombe,25333,MRM0,Neonatal mortality rate,"Deaths per 1,000 live births",2016,49.5522603415841,42.1868649494227,58.0924390868741,2021
NGA-16_1,Gombe,25333,MRM0,Neonatal mortality rate,"Deaths per 1,000 live births",2017,48.6218728788566,41.2033319565468,57.8143836724553,2021
NGA-16_1,Gombe,25333,MRM0,Neonatal mortality rate,"Deaths per 1,000 live births",2018,48.0582690961776,39.8969236324136,56.7061390357699,2021
NGA-16_1,Gombe,25333,MRM0,Neonatal mortality rate,"Deaths per 1,000 live births",2019,47.0476605258724,38.775730136789,57.4046083087378,2021
NGA-16_1,Gombe,25333,MRM0,Neonatal mortality rate,"Deaths per 1,000 live births",2020,46.3925501778371,37.0425852211107,57.3665377516439,2021
NGA-16_1,Gombe,25333,MRM0,Neonatal mortality rate,"Deaths per 1,000 live births",2021,45.6392882351621,35.854455339771,57.1983725012014,2021
NGA-16_1,Gombe,25333,MRY0T4,Under-five mortality rate,"Deaths per 1,000 live births",2000,278.979814384008,250.23690568026,310.39246684034,2021
NGA-16_1,Gombe,25333,MRY0T4,Under-five mortality rate,"Deaths per 1,000 live births",2001,274.101275735052,248.278956870306,301.44797800948,2021
NGA-16_1,Gombe,25333,MRY0T4,Under-five mortality rate,"Deaths per 1,000 live births",2002,274.204484853028,251.248007712449,298.509557581905,2021
NGA-16_1,Gombe,25333,MRY0T4,Under-five mortality rate,"Deaths per 1,000 live births",2003,263.796879916866,242.027713864012,286.619088931136,2021
NGA-16_1,Gombe,25333,MRY0T4,Under-five mortality rate,"Deaths per 1,000 live births",2004,253.046099121132,232.377399326811,273.731326217414,2021
NGA-16_1,Gombe,25333,MRY0T4,Under-five mortality rate,"Deaths per 1,000 live births",2005,242.080001930441,223.761377803947,263.803166222709,2021
NGA-16_1,Gombe,25333,MRY0T4,Under-five mortality rate,"Deaths per 1,000 live births",2006,232.794488175048,215.190032888735,252.001984911661,2021
NGA-16_1,Gombe,25333,MRY0T4,Under-five mortality rate,"Deaths per 1,000 live births",2007,223.203951915722,205.48075952232,242.057707561356,2021
NGA-16_1,Gombe,25333,MRY0T4,Under-five mortality rate,"Deaths per 1,000 live births",2008,222.143850665861,204.229422907837,239.428871878912,2021
NGA-16_1,Gombe,25333,MRY0T4,Under-five mortality rate,"Deaths per 1,000 live births",2009,220.09623694617,202.962138963281,237.537451401528,2021
NGA-16_1,Gombe,25333,MRY0T4,Under-five mortality rate,"Deaths per 1,000 live births",2010,215.382868486651,199.476688351726,232.560294229622,2021
NGA-16_1,Gombe,25333,MRY0T4,Under-five mortality rate,"Deaths per 1,000 live births",2011,213.130254273854,195.660904446074,229.529631558433,2021
NGA-16_1,Gombe,25333,MRY0T4,Under-five mortality rate,"Deaths per 1,000 live births",2012,209.573917845419,193.083616104518,227.0381371536,2021
NGA-16_1,Gombe,25333,MRY0T4,Under-five mortality rate,"Deaths per 1,000 live births",2013,211.431860582985,193.567233843189,230.480214255237,2021
NGA-16_1,Gombe,25333,MRY0T4,Under-five mortality rate,"Deaths per 1,000 live births",2014,210.735471163071,192.08917686606,232.4808821569,2021
NGA-16_1,Gombe,25333,MRY0T4,Under-five mortality rate,"Deaths per 1,000 live births",2015,208.670222690317,189.056364148564,230.370912880899,2021
NGA-16_1,Gombe,25333,MRY0T4,Under-five mortality rate,"Deaths per 1,000 live births",2016,203.247039108676,183.025191017147,226.658128505384,2021
NGA-16_1,Gombe,25333,MRY0T4,Under-five mortality rate,"Deaths per 1,000 live births",2017,201.189018314977,179.717843218628,225.119187828952,2021
NGA-16_1,Gombe,25333,MRY0T4,Under-five mortality rate,"Deaths per 1,000 live births",2018,194.55750016566,169.529638713559,220.454490312066,2021
NGA-16_1,Gombe,25333,MRY0T4,Under-five mortality rate,"Deaths per 1,000 live births",2019,189.932224302106,161.836664796605,221.837252893995,2021
NGA-16_1,Gombe,25333,MRY0T4,Under-five mortality rate,"Deaths per 1,000 live births",2020,185.341869988884,151.773638347988,219.383416732609,2021
NGA-16_1,Gombe,25333,MRY0T4,Under-five mortality rate,"Deaths per 1,000 live births",2021,180.339702742926,145.800725238638,218.56630488769,2021
NGA-17_1,Imo,25334,MRM0,Neonatal mortality rate,"Deaths per 1,000 live births",2000,40.8854537792312,32.8699271786443,51.4745416645254,2021
NGA-17_1,Imo,25334,MRM0,Neonatal mortality rate,"Deaths per 1,000 live births",2001,40.6837800456448,33.258681342832,50.0657821279814,2021
NGA-17_1,Imo,25334,MRM0,Neonatal mortality rate,"Deaths per 1,000 live births",2002,39.7675488955489,32.8441195289404,48.9096129043738,2021
NGA-17_1,Imo,25334,MRM0,Neonatal mortality rate,"Deaths per 1,000 live births",2003,38.5877144198931,32.3993569292407,47.1158934644794,2021
NGA-17_1,Imo,25334,MRM0,Neonatal mortality rate,"Deaths per 1,000 live births",2004,37.631415894813,31.6484217132488,45.6207928906933,2021
NGA-17_1,Imo,25334,MRM0,Neonatal mortality rate,"Deaths per 1,000 live births",2005,36.9947740633109,31.1873213293083,44.1678771331252,2021
NGA-17_1,Imo,25334,MRM0,Neonatal mortality rate,"Deaths per 1,000 live births",2006,35.9205904502403,30.2942909381583,42.5410295175529,2021
NGA-17_1,Imo,25334,MRM0,Neonatal mortality rate,"Deaths per 1,000 live births",2007,35.7302421899466,30.120808211876,42.6981262219111,2021
NGA-17_1,Imo,25334,MRM0,Neonatal mortality rate,"Deaths per 1,000 live births",2008,34.316803144537,28.8005299217153,40.4985064655337,2021
NGA-17_1,Imo,25334,MRM0,Neonatal mortality rate,"Deaths per 1,000 live births",2009,33.7755419717931,28.0441678379706,40.3475864121019,2021
NGA-17_1,Imo,25334,MRM0,Neonatal mortality rate,"Deaths per 1,000 live births",2010,33.4042577093835,28.0557712558112,39.9201683632593,2021
NGA-17_1,Imo,25334,MRM0,Neonatal mortality rate,"Deaths per 1,000 live births",2011,33.3267302001284,27.8021136619987,39.8848632697189,2021
NGA-17_1,Imo,25334,MRM0,Neonatal mortality rate,"Deaths per 1,000 live births",2012,33.8134068120399,28.4303595049029,40.7047427601078,2021
NGA-17_1,Imo,25334,MRM0,Neonatal mortality rate,"Deaths per 1,000 live births",2013,33.7352601550472,28.0759339328938,40.8596524124468,2021
NGA-17_1,Imo,25334,MRM0,Neonatal mortality rate,"Deaths per 1,000 live births",2014,34.0671066423993,28.2188892864795,41.3755060702695,2021
NGA-17_1,Imo,25334,MRM0,Neonatal mortality rate,"Deaths per 1,000 live births",2015,33.6740510222445,27.6983909772742,41.3713210751718,2021
NGA-17_1,Imo,25334,MRM0,Neonatal mortality rate,"Deaths per 1,000 live births",2016,33.4392614555918,27.381154012295,40.9276905885491,2021
NGA-17_1,Imo,25334,MRM0,Neonatal mortality rate,"Deaths per 1,000 live births",2017,33.200360300312,26.8410603276741,41.4475005203866,2021
NGA-17_1,Imo,25334,MRM0,Neonatal mortality rate,"Deaths per 1,000 live births",2018,32.8417295550432,26.29320415359,41.6043822847777,2021
NGA-17_1,Imo,25334,MRM0,Neonatal mortality rate,"Deaths per 1,000 live births",2019,32.3138997416467,25.6680661907557,41.4361251842772,2021
NGA-17_1,Imo,25334,MRM0,Neonatal mortality rate,"Deaths per 1,000 live births",2020,31.8242762817802,24.9533858857527,41.9882416821414,2021
NGA-17_1,Imo,25334,MRM0,Neonatal mortality rate,"Deaths per 1,000 live births",2021,31.3525296202813,24.0739113930302,41.746234186935,2021
NGA-17_1,Imo,25334,MRY0T4,Under-five mortality rate,"Deaths per 1,000 live births",2000,179.122817350566,152.139083784337,210.42573302759,2021
NGA-17_1,Imo,25334,MRY0T4,Under-five mortality rate,"Deaths per 1,000 live births",2001,177.427336436019,152.836932860322,204.749224650286,2021
NGA-17_1,Imo,25334,MRY0T4,Under-five mortality rate,"Deaths per 1,000 live births",2002,170.861695507468,149.4809440791,196.017235486123,2021
NGA-17_1,Imo,25334,MRY0T4,Under-five mortality rate,"Deaths per 1,000 live births",2003,167.310039659908,148.265242171168,190.679325170611,2021
NGA-17_1,Imo,25334,MRY0T4,Under-five mortality rate,"Deaths per 1,000 live births",2004,164.912606308827,147.141403424158,186.413422886968,2021
NGA-17_1,Imo,25334,MRY0T4,Under-five mortality rate,"Deaths per 1,000 live births",2005,163.246210422958,145.877547678933,183.119739136938,2021
NGA-17_1,Imo,25334,MRY0T4,Under-five mortality rate,"Deaths per 1,000 live births",2006,157.005157010218,139.300203818971,175.902313611711,2021
NGA-17_1,Imo,25334,MRY0T4,Under-five mortality rate,"Deaths per 1,000 live births",2007,150.630498976885,134.201697364815,169.227150803178,2021
NGA-17_1,Imo,25334,MRY0T4,Under-five mortality rate,"Deaths per 1,000 live births",2008,147.901670850843,132.787987544309,166.153156071073,2021
NGA-17_1,Imo,25334,MRY0T4,Under-five mortality rate,"Deaths per 1,000 live births",2009,144.447507362863,128.108234090734,160.941339318962,2021
NGA-17_1,Imo,25334,MRY0T4,Under-five mortality rate,"Deaths per 1,000 live births",2010,142.993243863648,127.57976897912,160.790305899386,2021
NGA-17_1,Imo,25334,MRY0T4,Under-five mortality rate,"Deaths per 1,000 live births",2011,138.770116145927,123.256569028641,156.392175149631,2021
NGA-17_1,Imo,25334,MRY0T4,Under-five mortality rate,"Deaths per 1,000 live births",2012,136.151681600592,119.327740336501,154.112725781707,2021
NGA-17_1,Imo,25334,MRY0T4,Under-five mortality rate,"Deaths per 1,000 live births",2013,128.473211002992,111.13389906755,147.46180297939,2021
NGA-17_1,Imo,25334,MRY0T4,Under-five mortality rate,"Deaths per 1,000 live births",2014,122.918786787228,105.830815448386,141.728596760967,2021
NGA-17_1,Imo,25334,MRY0T4,Under-five mortality rate,"Deaths per 1,000 live births",2015,118.86194618909,102.396792485409,139.660957371858,2021
NGA-17_1,Imo,25334,MRY0T4,Under-five mortality rate,"Deaths per 1,000 live births",2016,115.831883007525,98.6719818653245,137.399244358028,2021
NGA-17_1,Imo,25334,MRY0T4,Under-five mortality rate,"Deaths per 1,000 live births",2017,112.704295655091,94.567946665859,136.207547965945,2021
NGA-17_1,Imo,25334,MRY0T4,Under-five mortality rate,"Deaths per 1,000 live births",2018,111.454497004707,92.2100882543395,137.390123525708,2021
NGA-17_1,Imo,25334,MRY0T4,Under-five mortality rate,"Deaths per 1,000 live births",2019,108.82931088703,88.1281172646404,135.924355261825,2021
NGA-17_1,Imo,25334,MRY0T4,Under-five mortality rate,"Deaths per 1,000 live births",2020,106.932049514734,83.9246135379586,134.205421422057,2021
NGA-17_1,Imo,25334,MRY0T4,Under-five mortality rate,"Deaths per 1,000 live births",2021,103.842771132396,79.6920540538669,134.113862486389,2021
NGA-18_1,Jigawa,25335,MRM0,Neonatal mortality rate,"Deaths per 1,000 live births",2000,60.7195194065184,51.9017387356933,70.7424965880067,2021
NGA-18_1,Jigawa,25335,MRM0,Neonatal mortality rate,"Deaths per 1,000 live births",2001,60.9121455172962,52.5962942442816,71.560905116599,2021
NGA-18_1,Jigawa,25335,MRM0,Neonatal mortality rate,"Deaths per 1,000 live births",2002,58.9784245503511,51.6823265099378,67.7027867358595,2021
NGA-18_1,Jigawa,25335,MRM0,Neonatal mortality rate,"Deaths per 1,000 live births",2003,58.0338275864796,51.1834056254811,65.4475274716816,2021
NGA-18_1,Jigawa,25335,MRM0,Neonatal mortality rate,"Deaths per 1,000 live births",2004,56.3356403524113,49.9128866363689,63.0332838513977,2021
NGA-18_1,Jigawa,25335,MRM0,Neonatal mortality rate,"Deaths per 1,000 live births",2005,55.4412307540704,49.0935726669702,62.044575835814,2021
NGA-18_1,Jigawa,25335,MRM0,Neonatal mortality rate,"Deaths per 1,000 live births",2006,54.292584544207,48.7341561110931,60.5061947899515,2021
NGA-18_1,Jigawa,25335,MRM0,Neonatal mortality rate,"Deaths per 1,000 live births",2007,55.146583968235,49.1807544159212,61.7510764184609,2021
NGA-18_1,Jigawa,25335,MRM0,Neonatal mortality rate,"Deaths per 1,000 live births",2008,52.2671207070802,46.5004583059125,58.1737169696241,2021
NGA-18_1,Jigawa,25335,MRM0,Neonatal mortality rate,"Deaths per 1,000 live births",2009,52.526735111796,46.9776341202727,59.0026381754191,2021
NGA-18_1,Jigawa,25335,MRM0,Neonatal mortality rate,"Deaths per 1,000 live births",2010,51.6047953115441,45.7596883777739,57.6608703090263,2021
NGA-18_1,Jigawa,25335,MRM0,Neonatal mortality rate,"Deaths per 1,000 live births",2011,50.1812049807192,44.3447855235252,56.3893278366081,2021
NGA-18_1,Jigawa,25335,MRM0,Neonatal mortality rate,"Deaths per 1,000 live births",2012,50.9384755148414,44.9947210921214,57.0951907876939,2021
NGA-18_1,Jigawa,25335,MRM0,Neonatal mortality rate,"Deaths per 1,000 live births",2013,51.3583118779052,45.5480979984042,58.3221830888003,2021
NGA-18_1,Jigawa,25335,MRM0,Neonatal mortality rate,"Deaths per 1,000 live births",2014,51.2134911983952,44.5781820901004,58.5625284914938,2021
NGA-18_1,Jigawa,25335,MRM0,Neonatal mortality rate,"Deaths per 1,000 live births",2015,51.4104894344155,44.384205471154,59.244307179053,2021
NGA-18_1,Jigawa,25335,MRM0,Neonatal mortality rate,"Deaths per 1,000 live births",2016,49.9141555788844,43.0350498491359,58.9797171943671,2021
NGA-18_1,Jigawa,25335,MRM0,Neonatal mortality rate,"Deaths per 1,000 live births",2017,49.4108066515875,42.3931215560284,57.9920804531967,2021
NGA-18_1,Jigawa,25335,MRM0,Neonatal mortality rate,"Deaths per 1,000 live births",2018,48.6679258639883,40.7956624555616,58.097039868513,2021
NGA-18_1,Jigawa,25335,MRM0,Neonatal mortality rate,"Deaths per 1,000 live births",2019,47.5872240445056,39.2128081953708,57.8862764019236,2021
NGA-18_1,Jigawa,25335,MRM0,Neonatal mortality rate,"Deaths per 1,000 live births",2020,46.9434760363163,37.8304036191938,58.1280964273528,2021
NGA-18_1,Jigawa,25335,MRM0,Neonatal mortality rate,"Deaths per 1,000 live births",2021,46.3781138831899,36.9590932004614,58.3117439304989,2021
NGA-18_1,Jigawa,25335,MRY0T4,Under-five mortality rate,"Deaths per 1,000 live births",2000,327.176861294802,297.547368003756,359.196970661923,2021
NGA-18_1,Jigawa,25335,MRY0T4,Under-five mortality rate,"Deaths per 1,000 live births",2001,314.489471811304,287.248777059199,341.709816974773,2021
NGA-18_1,Jigawa,25335,MRY0T4,Under-five mortality rate,"Deaths per 1,000 live births",2002,310.072215318537,285.915490482963,336.261033563719,2021
NGA-18_1,Jigawa,25335,MRY0T4,Under-five mortality rate,"Deaths per 1,000 live births",2003,295.547342349525,273.105537880633,320.007759400455,2021
NGA-18_1,Jigawa,25335,MRY0T4,Under-five mortality rate,"Deaths per 1,000 live births",2004,279.825734964724,260.286960217007,302.768675571947,2021
NGA-18_1,Jigawa,25335,MRY0T4,Under-five mortality rate,"Deaths per 1,000 live births",2005,271.403916366919,251.60302609893,293.563194341795,2021
NGA-18_1,Jigawa,25335,MRY0T4,Under-five mortality rate,"Deaths per 1,000 live births",2006,268.865698930941,248.250722876773,288.599834353196,2021
NGA-18_1,Jigawa,25335,MRY0T4,Under-five mortality rate,"Deaths per 1,000 live births",2007,267.283553296604,247.935244114554,286.847069208747,2021
NGA-18_1,Jigawa,25335,MRY0T4,Under-five mortality rate,"Deaths per 1,000 live births",2008,267.786155330868,247.215853830084,289.055140894566,2021
NGA-18_1,Jigawa,25335,MRY0T4,Under-five mortality rate,"Deaths per 1,000 live births",2009,265.779399667696,247.194830417311,286.981497977368,2021
NGA-18_1,Jigawa,25335,MRY0T4,Under-five mortality rate,"Deaths per 1,000 live births",2010,258.320864864792,239.559267966927,279.170818009007,2021
NGA-18_1,Jigawa,25335,MRY0T4,Under-five mortality rate,"Deaths per 1,000 live births",2011,249.869514854499,230.521140580355,268.442276984899,2021
NGA-18_1,Jigawa,25335,MRY0T4,Under-five mortality rate,"Deaths per 1,000 live births",2012,242.80379005532,223.908321018022,261.48232975279,2021
NGA-18_1,Jigawa,25335,MRY0T4,Under-five mortality rate,"Deaths per 1,000 live births",2013,246.450458152738,225.599415329299,267.611038989208,2021
NGA-18_1,Jigawa,25335,MRY0T4,Under-five mortality rate,"Deaths per 1,000 live births",2014,247.66319166028,226.847279613831,269.835919265227,2021
NGA-18_1,Jigawa,25335,MRY0T4,Under-five mortality rate,"Deaths per 1,000 live births",2015,246.314426098862,225.523297764507,269.217324082284,2021
NGA-18_1,Jigawa,25335,MRY0T4,Under-five mortality rate,"Deaths per 1,000 live births",2016,239.406373471624,217.343262107563,262.713247327478,2021
NGA-18_1,Jigawa,25335,MRY0T4,Under-five mortality rate,"Deaths per 1,000 live births",2017,235.163444394879,211.595580711216,261.172041748561,2021
NGA-18_1,Jigawa,25335,MRY0T4,Under-five mortality rate,"Deaths per 1,000 live births",2018,229.960257899404,203.465857573096,257.979639653487,2021
NGA-18_1,Jigawa,25335,MRY0T4,Under-five mortality rate,"Deaths per 1,000 live births",2019,225.170556373893,193.741384749403,259.405429139107,2021
NGA-18_1,Jigawa,25335,MRY0T4,Under-five mortality rate,"Deaths per 1,000 live births",2020,217.877265369723,182.588382880692,256.101858022077,2021
NGA-18_1,Jigawa,25335,MRY0T4,Under-five mortality rate,"Deaths per 1,000 live births",2021,213.215838905335,175.366012151022,254.908812182564,2021
NGA-19_1,Kaduna,25336,MRM0,Neonatal mortality rate,"Deaths per 1,000 live births",2000,43.65139173235,36.429155471556,51.7443342195919,2021
NGA-19_1,Kaduna,25336,MRM0,Neonatal mortality rate,"Deaths per 1,000 live births",2001,43.8421769294241,36.8362807900375,51.7043755250963,2021
NGA-19_1,Kaduna,25336,MRM0,Neonatal mortality rate,"Deaths per 1,000 live births",2002,43.539161047299,37.4200461967211,50.7412945993229,2021
NGA-19_1,Kaduna,25336,MRM0,Neonatal mortality rate,"Deaths per 1,000 live births",2003,42.990674145726,37.5710458747806,49.3533832953067,2021
NGA-19_1,Kaduna,25336,MRM0,Neonatal mortality rate,"Deaths per 1,000 live births",2004,42.7069336607562,37.4983031586156,48.6142158661069,2021
NGA-19_1,Kaduna,25336,MRM0,Neonatal mortality rate,"Deaths per 1,000 live births",2005,42.9603915735607,38.1127504910112,48.5487286823204,2021
NGA-19_1,Kaduna,25336,MRM0,Neonatal mortality rate,"Deaths per 1,000 live births",2006,42.8573937679535,37.993306324913,47.5566618687444,2021
NGA-19_1,Kaduna,25336,MRM0,Neonatal mortality rate,"Deaths per 1,000 live births",2007,43.9017060005848,39.3152625481894,48.8129133036687,2021
NGA-19_1,Kaduna,25336,MRM0,Neonatal mortality rate,"Deaths per 1,000 live births",2008,42.5934405001296,37.9157406450748,47.5144032992964,2021
NGA-19_1,Kaduna,25336,MRM0,Neonatal mortality rate,"Deaths per 1,000 live births",2009,42.8461045647709,37.9961693524667,47.6935555901601,2021
NGA-19_1,Kaduna,25336,MRM0,Neonatal mortality rate,"Deaths per 1,000 live births",2010,42.7347223784825,38.0620037697164,47.7467421995571,2021
NGA-19_1,Kaduna,25336,MRM0,Neonatal mortality rate,"Deaths per 1,000 live births",2011,42.920803927076,37.8441035453468,48.3528137432249,2021
NGA-19_1,Kaduna,25336,MRM0,Neonatal mortality rate,"Deaths per 1,000 live births",2012,43.8902723196751,38.9102662449689,49.3701215536169,2021
NGA-19_1,Kaduna,25336,MRM0,Neonatal mortality rate,"Deaths per 1,000 live births",2013,44.9373115719308,39.7011265777274,51.2704006932779,2021
NGA-19_1,Kaduna,25336,MRM0,Neonatal mortality rate,"Deaths per 1,000 live births",2014,46.5100926711998,40.5923145174338,53.5119132325029,2021
NGA-19_1,Kaduna,25336,MRM0,Neonatal mortality rate,"Deaths per 1,000 live births",2015,47.1902216854615,40.8991208324877,54.7426844325642,2021
NGA-19_1,Kaduna,25336,MRM0,Neonatal mortality rate,"Deaths per 1,000 live births",2016,47.4544178701502,40.6047767039257,56.37005595861,2021
NGA-19_1,Kaduna,25336,MRM0,Neonatal mortality rate,"Deaths per 1,000 live births",2017,47.7386357560414,40.3383350330113,57.064954988639,2021
NGA-19_1,Kaduna,25336,MRM0,Neonatal mortality rate,"Deaths per 1,000 live births",2018,47.6181407276287,39.7645836180232,58.0964658286472,2021
NGA-19_1,Kaduna,25336,MRM0,Neonatal mortality rate,"Deaths per 1,000 live births",2019,47.6771125374438,39.0102273353455,58.4324955355661,2021
NGA-19_1,Kaduna,25336,MRM0,Neonatal mortality rate,"Deaths per 1,000 live births",2020,47.4430529445785,38.4057111306387,59.0498093394506,2021
NGA-19_1,Kaduna,25336,MRM0,Neonatal mortality rate,"Deaths per 1,000 live births",2021,47.245480991398,37.9198281227304,60.3135378712487,2021
NGA-19_1,Kaduna,25336,MRY0T4,Under-five mortality rate,"Deaths per 1,000 live births",2000,180.084992501036,160.485112210519,202.526337071665,2021
NGA-19_1,Kaduna,25336,MRY0T4,Under-five mortality rate,"Deaths per 1,000 live births",2001,177.134491310571,159.375545622057,198.0888959361,2021
NGA-19_1,Kaduna,25336,MRY0T4,Under-five mortality rate,"Deaths per 1,000 live births",2002,177.576703656184,160.869009397574,196.165245298638,2021
NGA-19_1,Kaduna,25336,MRY0T4,Under-five mortality rate,"Deaths per 1,000 live births",2003,173.758775808224,158.161188603366,190.7012123652,2021
NGA-19_1,Kaduna,25336,MRY0T4,Under-five mortality rate,"Deaths per 1,000 live births",2004,170.2180440155,156.323955029857,185.474138794251,2021
NGA-19_1,Kaduna,25336,MRY0T4,Under-five mortality rate,"Deaths per 1,000 live births",2005,168.604270914275,155.766330818433,183.965775991821,2021
NGA-19_1,Kaduna,25336,MRY0T4,Under-five mortality rate,"Deaths per 1,000 live births",2006,170.732127466253,157.670853852615,184.533738860903,2021
NGA-19_1,Kaduna,25336,MRY0T4,Under-five mortality rate,"Deaths per 1,000 live births",2007,172.71064446007,160.99310649296,185.695624346096,2021
NGA-19_1,Kaduna,25336,MRY0T4,Under-five mortality rate,"Deaths per 1,000 live births",2008,174.944078647849,162.458740037758,187.667789654742,2021
NGA-19_1,Kaduna,25336,MRY0T4,Under-five mortality rate,"Deaths per 1,000 live births",2009,176.317651857565,163.272080632703,190.465276395043,2021
NGA-19_1,Kaduna,25336,MRY0T4,Under-five mortality rate,"Deaths per 1,000 live births",2010,174.525085760013,161.446035063278,188.283984902164,2021
NGA-19_1,Kaduna,25336,MRY0T4,Under-five mortality rate,"Deaths per 1,000 live births",2011,173.923581136732,161.553011767886,186.845936662998,2021
NGA-19_1,Kaduna,25336,MRY0T4,Under-five mortality rate,"Deaths per 1,000 live births",2012,174.323352291326,161.005450013398,187.594953544889,2021
NGA-19_1,Kaduna,25336,MRY0T4,Under-five mortality rate,"Deaths per 1,000 live births",2013,183.054454097138,169.181260699764,199.140089094541,2021
NGA-19_1,Kaduna,25336,MRY0T4,Under-five mortality rate,"Deaths per 1,000 live births",2014,191.82364291421,176.119548818824,208.832529426464,2021
NGA-19_1,Kaduna,25336,MRY0T4,Under-five mortality rate,"Deaths per 1,000 live births",2015,196.242419972868,180.343376825865,216.355290335231,2021
NGA-19_1,Kaduna,25336,MRY0T4,Under-five mortality rate,"Deaths per 1,000 live births",2016,197.18317922551,180.096331992077,219.462859073447,2021
NGA-19_1,Kaduna,25336,MRY0T4,Under-five mortality rate,"Deaths per 1,000 live births",2017,198.922994569492,179.152331821069,223.75916093138,2021
NGA-19_1,Kaduna,25336,MRY0T4,Under-five mortality rate,"Deaths per 1,000 live births",2018,196.43363827537,176.450262245937,221.595318460561,2021
NGA-19_1,Kaduna,25336,MRY0T4,Under-five mortality rate,"Deaths per 1,000 live births",2019,196.564577312864,173.345946052868,224.43084822279,2021
NGA-19_1,Kaduna,25336,MRY0T4,Under-five mortality rate,"Deaths per 1,000 live births",2020,194.816934920968,169.046465892884,226.151601142575,2021
NGA-19_1,Kaduna,25336,MRY0T4,Under-five mortality rate,"Deaths per 1,000 live births",2021,193.949907546248,166.166325142566,230.233400902341,2021
NGA-20_1,Kano,25337,MRM0,Neonatal mortality rate,"Deaths per 1,000 live births",2000,63.7770591748201,55.2615714307962,73.3658501247778,2021
NGA-20_1,Kano,25337,MRM0,Neonatal mortality rate,"Deaths per 1,000 live births",2001,63.0784260521495,55.1067389676528,71.9061968833685,2021
NGA-20_1,Kano,25337,MRM0,Neonatal mortality rate,"Deaths per 1,000 live births",2002,60.9317861447756,53.7859147921226,69.7285234460851,2021
NGA-20_1,Kano,25337,MRM0,Neonatal mortality rate,"Deaths per 1,000 live births",2003,58.3850718025103,52.1265381947852,65.2262149431643,2021
NGA-20_1,Kano,25337,MRM0,Neonatal mortality rate,"Deaths per 1,000 live births",2004,56.0555395873403,50.2063084726204,62.3380053089266,2021
NGA-20_1,Kano,25337,MRM0,Neonatal mortality rate,"Deaths per 1,000 live births",2005,54.7596744828591,49.0879775388167,60.6080939688652,2021
NGA-20_1,Kano,25337,MRM0,Neonatal mortality rate,"Deaths per 1,000 live births",2006,53.0591689662181,47.6246025833918,58.6734801962978,2021
NGA-20_1,Kano,25337,MRM0,Neonatal mortality rate,"Deaths per 1,000 live births",2007,52.8727205178091,47.8769653398785,58.4041721789582,2021
NGA-20_1,Kano,25337,MRM0,Neonatal mortality rate,"Deaths per 1,000 live births",2008,49.7357286364724,44.598992635592,54.8006558047831,2021
NGA-20_1,Kano,25337,MRM0,Neonatal mortality rate,"Deaths per 1,000 live births",2009,48.9752644754324,43.8401163440205,54.2288855544224,2021
NGA-20_1,Kano,25337,MRM0,Neonatal mortality rate,"Deaths per 1,000 live births",2010,47.7600989059065,42.6464176704869,52.6139252613334,2021
NGA-20_1,Kano,25337,MRM0,Neonatal mortality rate,"Deaths per 1,000 live births",2011,46.42203454571,41.2079418846464,51.3871729471953,2021
NGA-20_1,Kano,25337,MRM0,Neonatal mortality rate,"Deaths per 1,000 live births",2012,46.2437921711527,41.4111236596222,51.2769713811577,2021
NGA-20_1,Kano,25337,MRM0,Neonatal mortality rate,"Deaths per 1,000 live births",2013,46.0539508102525,41.0395450871886,51.4105558215147,2021
NGA-20_1,Kano,25337,MRM0,Neonatal mortality rate,"Deaths per 1,000 live births",2014,46.0326727013816,40.5809281766902,52.2968529960693,2021
NGA-20_1,Kano,25337,MRM0,Neonatal mortality rate,"Deaths per 1,000 live births",2015,45.5812675021628,39.8532308226705,52.3347789476505,2021
NGA-20_1,Kano,25337,MRM0,Neonatal mortality rate,"Deaths per 1,000 live births",2016,44.5487052540871,38.3269438494403,51.5938013341626,2021
NGA-20_1,Kano,25337,MRM0,Neonatal mortality rate,"Deaths per 1,000 live births",2017,43.5768321044991,37.5497126584986,51.4309295831313,2021
NGA-20_1,Kano,25337,MRM0,Neonatal mortality rate,"Deaths per 1,000 live births",2018,42.6816766149388,36.3935093425403,50.9638781049703,2021
NGA-20_1,Kano,25337,MRM0,Neonatal mortality rate,"Deaths per 1,000 live births",2019,41.5552496405642,34.3822857605315,50.2205511508677,2021
NGA-20_1,Kano,25337,MRM0,Neonatal mortality rate,"Deaths per 1,000 live births",2020,40.5034642275456,32.9925531669269,50.3803953944251,2021
NGA-20_1,Kano,25337,MRM0,Neonatal mortality rate,"Deaths per 1,000 live births",2021,39.3007517810634,31.4269312047334,49.494011795576,2021
NGA-20_1,Kano,25337,MRY0T4,Under-five mortality rate,"Deaths per 1,000 live births",2000,278.7785877499,252.411501947237,304.226199224096,2021
NGA-20_1,Kano,25337,MRY0T4,Under-five mortality rate,"Deaths per 1,000 live births",2001,268.037079382885,245.108401193027,292.174639760609,2021
NGA-20_1,Kano,25337,MRY0T4,Under-five mortality rate,"Deaths per 1,000 live births",2002,264.624607341879,241.925810425873,286.283195824233,2021
NGA-20_1,Kano,25337,MRY0T4,Under-five mortality rate,"Deaths per 1,000 live births",2003,249.463341516206,229.656873092453,269.964710064652,2021
NGA-20_1,Kano,25337,MRY0T4,Under-five mortality rate,"Deaths per 1,000 live births",2004,231.374444855429,213.084048849896,248.440074170968,2021
NGA-20_1,Kano,25337,MRY0T4,Under-five mortality rate,"Deaths per 1,000 live births",2005,222.497642336162,204.927089991512,238.389923156242,2021
NGA-20_1,Kano,25337,MRY0T4,Under-five mortality rate,"Deaths per 1,000 live births",2006,217.586201852717,201.554187710671,233.729511089843,2021
NGA-20_1,Kano,25337,MRY0T4,Under-five mortality rate,"Deaths per 1,000 live births",2007,214.21597575982,199.102233126539,229.977205335744,2021
NGA-20_1,Kano,25337,MRY0T4,Under-five mortality rate,"Deaths per 1,000 live births",2008,210.052998294262,194.660491583779,226.432413833248,2021
NGA-20_1,Kano,25337,MRY0T4,Under-five mortality rate,"Deaths per 1,000 live births",2009,209.977132249595,195.089066375172,226.908482640422,2021
NGA-20_1,Kano,25337,MRY0T4,Under-five mortality rate,"Deaths per 1,000 live births",2010,202.305071967646,187.817714228491,217.818354268484,2021
NGA-20_1,Kano,25337,MRY0T4,Under-five mortality rate,"Deaths per 1,000 live births",2011,194.86151502129,181.070894545791,210.446121477422,2021
NGA-20_1,Kano,25337,MRY0T4,Under-five mortality rate,"Deaths per 1,000 live births",2012,189.350245144594,174.015460931526,203.902045763824,2021
NGA-20_1,Kano,25337,MRY0T4,Under-five mortality rate,"Deaths per 1,000 live births",2013,191.337124625177,175.365241374638,209.180098129467,2021
NGA-20_1,Kano,25337,MRY0T4,Under-five mortality rate,"Deaths per 1,000 live births",2014,192.43241481288,176.034567741411,210.765793360578,2021
NGA-20_1,Kano,25337,MRY0T4,Under-five mortality rate,"Deaths per 1,000 live births",2015,192.863963748256,175.91199132994,212.693543799812,2021
NGA-20_1,Kano,25337,MRY0T4,Under-five mortality rate,"Deaths per 1,000 live births",2016,188.351492710894,171.543915001429,208.435618206126,2021
NGA-20_1,Kano,25337,MRY0T4,Under-five mortality rate,"Deaths per 1,000 live births",2017,185.074087607281,167.105326895019,206.347472478917,2021
NGA-20_1,Kano,25337,MRY0T4,Under-five mortality rate,"Deaths per 1,000 live births",2018,180.774895262747,160.91356810776,203.802725950308,2021
NGA-20_1,Kano,25337,MRY0T4,Under-five mortality rate,"Deaths per 1,000 live births",2019,176.19961855401,151.930846015502,202.919697324237,2021
NGA-20_1,Kano,25337,MRY0T4,Under-five mortality rate,"Deaths per 1,000 live births",2020,170.580439466804,144.220173297029,203.135496614417,2021
NGA-20_1,Kano,25337,MRY0T4,Under-five mortality rate,"Deaths per 1,000 live births",2021,165.843540996139,137.088558879374,199.864167588448,2021
NGA-21_1,Katsina,25338,MRM0,Neonatal mortality rate,"Deaths per 1,000 live births",2000,53.4046794683318,45.5110139989363,61.6713906325596,2021
NGA-21_1,Katsina,25338,MRM0,Neonatal mortality rate,"Deaths per 1,000 live births",2001,53.4272382094131,46.2777562558169,61.4687023802272,2021
NGA-21_1,Katsina,25338,MRM0,Neonatal mortality rate,"Deaths per 1,000 live births",2002,51.2872787391144,45.3688901551411,58.477324060029,2021
NGA-21_1,Katsina,25338,MRM0,Neonatal mortality rate,"Deaths per 1,000 live births",2003,50.0284528877646,44.3519295636687,56.6276079568569,2021
NGA-21_1,Katsina,25338,MRM0,Neonatal mortality rate,"Deaths per 1,000 live births",2004,48.3571004180203,42.7853955545381,54.7691603267187,2021
NGA-21_1,Katsina,25338,MRM0,Neonatal mortality rate,"Deaths per 1,000 live births",2005,47.5153579589396,42.4211021917632,53.2301228243949,2021
NGA-21_1,Katsina,25338,MRM0,Neonatal mortality rate,"Deaths per 1,000 live births",2006,46.1818969060945,41.2003468777109,51.7358408484419,2021
NGA-21_1,Katsina,25338,MRM0,Neonatal mortality rate,"Deaths per 1,000 live births",2007,46.4309341657353,41.265948372282,51.8867755233621,2021
NGA-21_1,Katsina,25338,MRM0,Neonatal mortality rate,"Deaths per 1,000 live births",2008,43.399833296699,38.5076385512071,48.659409591919,2021
NGA-21_1,Katsina,25338,MRM0,Neonatal mortality rate,"Deaths per 1,000 live births",2009,43.2326702498876,38.0853326734708,48.3973198489805,2021
NGA-21_1,Katsina,25338,MRM0,Neonatal mortality rate,"Deaths per 1,000 live births",2010,41.8926266336542,37.0449027197807,47.0404284077829,2021
NGA-21_1,Katsina,25338,MRM0,Neonatal mortality rate,"Deaths per 1,000 live births",2011,40.3752052853273,35.8409987245966,45.5605122413616,2021
NGA-21_1,Katsina,25338,MRM0,Neonatal mortality rate,"Deaths per 1,000 live births",2012,40.4881895206947,35.7514912859645,45.711950275371,2021
NGA-21_1,Katsina,25338,MRM0,Neonatal mortality rate,"Deaths per 1,000 live births",2013,41.0619075091133,35.9954088927686,46.6818146097156,2021
NGA-21_1,Katsina,25338,MRM0,Neonatal mortality rate,"Deaths per 1,000 live births",2014,40.6108841868147,35.2102874247488,46.812208957508,2021
NGA-21_1,Katsina,25338,MRM0,Neonatal mortality rate,"Deaths per 1,000 live births",2015,40.4632859776219,35.0255002214999,47.4988693236853,2021
NGA-21_1,Katsina,25338,MRM0,Neonatal mortality rate,"Deaths per 1,000 live births",2016,39.5990924278669,33.4247323215824,46.6760742077736,2021
NGA-21_1,Katsina,25338,MRM0,Neonatal mortality rate,"Deaths per 1,000 live births",2017,38.7165729192119,32.2979535367021,46.0408790238039,2021
NGA-21_1,Katsina,25338,MRM0,Neonatal mortality rate,"Deaths per 1,000 live births",2018,37.9982571157411,31.2433218689182,46.0412145966811,2021
NGA-21_1,Katsina,25338,MRM0,Neonatal mortality rate,"Deaths per 1,000 live births",2019,37.0629067537641,30.0849671810498,46.2017713385656,2021
NGA-21_1,Katsina,25338,MRM0,Neonatal mortality rate,"Deaths per 1,000 live births",2020,36.2642507105232,29.090114998578,45.7092414461817,2021
NGA-21_1,Katsina,25338,MRM0,Neonatal mortality rate,"Deaths per 1,000 live births",2021,35.505239471137,28.0822765941155,45.2279981731698,2021
NGA-21_1,Katsina,25338,MRY0T4,Under-five mortality rate,"Deaths per 1,000 live births",2000,339.677762807847,308.96537215998,371.884727393855,2021
NGA-21_1,Katsina,25338,MRY0T4,Under-five mortality rate,"Deaths per 1,000 live births",2001,325.210562587874,298.646313216459,352.980810054765,2021
NGA-21_1,Katsina,25338,MRY0T4,Under-five mortality rate,"Deaths per 1,000 live births",2002,318.364762635584,292.486593712067,343.848552517233,2021
NGA-21_1,Katsina,25338,MRY0T4,Under-five mortality rate,"Deaths per 1,000 live births",2003,302.223771240717,279.199007803098,324.815192767712,2021
NGA-21_1,Katsina,25338,MRY0T4,Under-five mortality rate,"Deaths per 1,000 live births",2004,285.839456939981,263.930467341579,306.015320081843,2021
NGA-21_1,Katsina,25338,MRY0T4,Under-five mortality rate,"Deaths per 1,000 live births",2005,274.332171408464,255.982699226365,294.454224038493,2021
NGA-21_1,Katsina,25338,MRY0T4,Under-five mortality rate,"Deaths per 1,000 live births",2006,270.049491675779,250.235815777492,291.577810126097,2021
NGA-21_1,Katsina,25338,MRY0T4,Under-five mortality rate,"Deaths per 1,000 live births",2007,272.675415455367,253.875739190493,292.888581627286,2021
NGA-21_1,Katsina,25338,MRY0T4,Under-five mortality rate,"Deaths per 1,000 live births",2008,266.341799222678,247.899375361068,286.535841565134,2021
NGA-21_1,Katsina,25338,MRY0T4,Under-five mortality rate,"Deaths per 1,000 live births",2009,261.817703793266,243.888673434927,282.59706576419,2021
NGA-21_1,Katsina,25338,MRY0T4,Under-five mortality rate,"Deaths per 1,000 live births",2010,245.457992417214,228.976157194186,264.820274981829,2021
NGA-21_1,Katsina,25338,MRY0T4,Under-five mortality rate,"Deaths per 1,000 live births",2011,227.247443327005,210.04561991107,244.521357873126,2021
NGA-21_1,Katsina,25338,MRY0T4,Under-five mortality rate,"Deaths per 1,000 live births",2012,213.572875712193,195.363654698335,231.070899333046,2021
NGA-21_1,Katsina,25338,MRY0T4,Under-five mortality rate,"Deaths per 1,000 live births",2013,216.749156644284,199.010758374765,235.348907220487,2021
NGA-21_1,Katsina,25338,MRY0T4,Under-five mortality rate,"Deaths per 1,000 live births",2014,213.867490055666,196.248117105363,234.3040219026,2021
NGA-21_1,Katsina,25338,MRY0T4,Under-five mortality rate,"Deaths per 1,000 live births",2015,211.710536859069,192.521161857694,231.843331810085,2021
NGA-21_1,Katsina,25338,MRY0T4,Under-five mortality rate,"Deaths per 1,000 live births",2016,203.356426318815,183.502269136751,224.288840846866,2021
NGA-21_1,Katsina,25338,MRY0T4,Under-five mortality rate,"Deaths per 1,000 live births",2017,198.431114108177,177.476134397524,221.944722965703,2021
NGA-21_1,Katsina,25338,MRY0T4,Under-five mortality rate,"Deaths per 1,000 live births",2018,190.187085842098,168.234420614686,215.261292369389,2021
NGA-21_1,Katsina,25338,MRY0T4,Under-five mortality rate,"Deaths per 1,000 live births",2019,184.126665477977,159.147095797408,214.882435900345,2021
NGA-21_1,Katsina,25338,MRY0T4,Under-five mortality rate,"Deaths per 1,000 live births",2020,176.964218811982,148.771708288255,209.454496084401,2021
NGA-21_1,Katsina,25338,MRY0T4,Under-five mortality rate,"Deaths per 1,000 live births",2021,170.966275681279,140.718059213443,204.83600912606,2021
NGA-22_1,Kebbi,25339,MRM0,Neonatal mortality rate,"Deaths per 1,000 live births",2000,63.8263615564243,54.7413277457608,75.5733483223184,2021
NGA-22_1,Kebbi,25339,MRM0,Neonatal mortality rate,"Deaths per 1,000 live births",2001,64.6194542212888,55.6458011162628,75.8241622171088,2021
NGA-22_1,Kebbi,25339,MRM0,Neonatal mortality rate,"Deaths per 1,000 live births",2002,62.3472408618041,53.956733176529,71.6571937333845,2021
NGA-22_1,Kebbi,25339,MRM0,Neonatal mortality rate,"Deaths per 1,000 live births",2003,61.9308104735086,53.8385209751081,70.0669229020551,2021
NGA-22_1,Kebbi,25339,MRM0,Neonatal mortality rate,"Deaths per 1,000 live births",2004,61.1116779754634,54.0070302345366,68.6768972884263,2021
NGA-22_1,Kebbi,25339,MRM0,Neonatal mortality rate,"Deaths per 1,000 live births",2005,60.8260453358535,53.9754970319527,68.6891263349458,2021
NGA-22_1,Kebbi,25339,MRM0,Neonatal mortality rate,"Deaths per 1,000 live births",2006,59.9434641998812,53.062706324378,67.3163690063781,2021
NGA-22_1,Kebbi,25339,MRM0,Neonatal mortality rate,"Deaths per 1,000 live births",2007,61.2809663213158,54.0420887187546,69.9326083727791,2021
NGA-22_1,Kebbi,25339,MRM0,Neonatal mortality rate,"Deaths per 1,000 live births",2008,57.4924538871638,51.1178687886765,65.1651069859139,2021
NGA-22_1,Kebbi,25339,MRM0,Neonatal mortality rate,"Deaths per 1,000 live births",2009,57.7423704386933,50.9156415235339,65.4602068073351,2021
NGA-22_1,Kebbi,25339,MRM0,Neonatal mortality rate,"Deaths per 1,000 live births",2010,57.0103419838769,49.8077815260692,64.2934226483516,2021
NGA-22_1,Kebbi,25339,MRM0,Neonatal mortality rate,"Deaths per 1,000 live births",2011,55.4527980646165,48.2334094991284,62.8602425216678,2021
NGA-22_1,Kebbi,25339,MRM0,Neonatal mortality rate,"Deaths per 1,000 live births",2012,55.9873405740393,49.2180637502484,64.0280092115662,2021
NGA-22_1,Kebbi,25339,MRM0,Neonatal mortality rate,"Deaths per 1,000 live births",2013,56.9752431052272,49.6362429261555,65.2019665788155,2021
NGA-22_1,Kebbi,25339,MRM0,Neonatal mortality rate,"Deaths per 1,000 live births",2014,57.2000247427705,49.2730349811012,65.7145728754919,2021
NGA-22_1,Kebbi,25339,MRM0,Neonatal mortality rate,"Deaths per 1,000 live births",2015,57.4152321089746,49.3802533460663,67.2814412998205,2021
NGA-22_1,Kebbi,25339,MRM0,Neonatal mortality rate,"Deaths per 1,000 live births",2016,56.2238816836238,47.42365092942,66.73287868155,2021
NGA-22_1,Kebbi,25339,MRM0,Neonatal mortality rate,"Deaths per 1,000 live births",2017,55.1552672992741,45.6881883136839,65.3971786380664,2021
NGA-22_1,Kebbi,25339,MRM0,Neonatal mortality rate,"Deaths per 1,000 live births",2018,53.8137873683405,44.8267266027226,64.5676868958473,2021
NGA-22_1,Kebbi,25339,MRM0,Neonatal mortality rate,"Deaths per 1,000 live births",2019,52.9179329118189,42.9006209248187,64.7567501814006,2021
NGA-22_1,Kebbi,25339,MRM0,Neonatal mortality rate,"Deaths per 1,000 live births",2020,52.1157481436287,41.1961187441489,65.0621059985747,2021
NGA-22_1,Kebbi,25339,MRM0,Neonatal mortality rate,"Deaths per 1,000 live births",2021,51.7221169574919,39.8697942017932,65.6620441777303,2021
NGA-22_1,Kebbi,25339,MRY0T4,Under-five mortality rate,"Deaths per 1,000 live births",2000,282.697177953959,253.10907806,314.083358418743,2021
NGA-22_1,Kebbi,25339,MRY0T4,Under-five mortality rate,"Deaths per 1,000 live births",2001,278.088013786855,252.001932441025,307.409978014317,2021
NGA-22_1,Kebbi,25339,MRY0T4,Under-five mortality rate,"Deaths per 1,000 live births",2002,270.510374286694,246.703772076553,296.114766834455,2021
NGA-22_1,Kebbi,25339,MRY0T4,Under-five mortality rate,"Deaths per 1,000 live births",2003,271.075374122282,246.10980234351,294.369611980265,2021
NGA-22_1,Kebbi,25339,MRY0T4,Under-five mortality rate,"Deaths per 1,000 live births",2004,271.085858328811,248.276702480986,293.570633972281,2021
NGA-22_1,Kebbi,25339,MRY0T4,Under-five mortality rate,"Deaths per 1,000 live births",2005,270.308510730345,247.583816716753,292.014404462567,2021
NGA-22_1,Kebbi,25339,MRY0T4,Under-five mortality rate,"Deaths per 1,000 live births",2006,271.621261560436,248.824821472224,291.888544764339,2021
NGA-22_1,Kebbi,25339,MRY0T4,Under-five mortality rate,"Deaths per 1,000 live births",2007,279.802634313383,259.145110107517,303.980550695736,2021
NGA-22_1,Kebbi,25339,MRY0T4,Under-five mortality rate,"Deaths per 1,000 live births",2008,273.92001212831,251.811786973573,296.370315677537,2021
NGA-22_1,Kebbi,25339,MRY0T4,Under-five mortality rate,"Deaths per 1,000 live births",2009,273.086043610527,253.319659280794,295.806265580129,2021
NGA-22_1,Kebbi,25339,MRY0T4,Under-five mortality rate,"Deaths per 1,000 live births",2010,271.911155240958,251.061823777475,294.073108665343,2021
NGA-22_1,Kebbi,25339,MRY0T4,Under-five mortality rate,"Deaths per 1,000 live births",2011,265.851560109281,244.782492620837,290.077892060775,2021
NGA-22_1,Kebbi,25339,MRY0T4,Under-five mortality rate,"Deaths per 1,000 live births",2012,264.170400697432,243.525488687937,285.550615066073,2021
NGA-22_1,Kebbi,25339,MRY0T4,Under-five mortality rate,"Deaths per 1,000 live births",2013,271.628516953102,248.895469684768,296.500073958322,2021
NGA-22_1,Kebbi,25339,MRY0T4,Under-five mortality rate,"Deaths per 1,000 live births",2014,278.496792966151,255.035196294204,304.423113610579,2021
NGA-22_1,Kebbi,25339,MRY0T4,Under-five mortality rate,"Deaths per 1,000 live births",2015,283.043025253343,257.876909121382,310.438205113717,2021
NGA-22_1,Kebbi,25339,MRY0T4,Under-five mortality rate,"Deaths per 1,000 live births",2016,280.548294465865,253.41873060835,307.718779514519,2021
NGA-22_1,Kebbi,25339,MRY0T4,Under-five mortality rate,"Deaths per 1,000 live births",2017,277.482393364312,248.386617192969,306.375519121198,2021
NGA-22_1,Kebbi,25339,MRY0T4,Under-five mortality rate,"Deaths per 1,000 live births",2018,265.304037378523,233.720303244129,298.872733634511,2021
NGA-22_1,Kebbi,25339,MRY0T4,Under-five mortality rate,"Deaths per 1,000 live births",2019,262.858964410198,222.567257351311,302.02197306989,2021
NGA-22_1,Kebbi,25339,MRY0T4,Under-five mortality rate,"Deaths per 1,000 live births",2020,257.13864614008,216.270735428019,301.712097992392,2021
NGA-22_1,Kebbi,25339,MRY0T4,Under-five mortality rate,"Deaths per 1,000 live births",2021,252.536956850126,206.009501545809,300.605845011582,2021
NGA-23_1,Kogi,25340,MRM0,Neonatal mortality rate,"Deaths per 1,000 live births",2000,42.6994661058242,34.5163283850029,52.2698192194107,2021
NGA-23_1,Kogi,25340,MRM0,Neonatal mortality rate,"Deaths per 1,000 live births",2001,42.9528055364042,35.0327627617961,52.4749544711412,2021
NGA-23_1,Kogi,25340,MRM0,Neonatal mortality rate,"Deaths per 1,000 live births",2002,42.1996757408169,34.8838030378746,50.6627995311712,2021
NGA-23_1,Kogi,25340,MRM0,Neonatal mortality rate,"Deaths per 1,000 live births",2003,41.7200978602094,34.9022273140468,49.2886607670872,2021
NGA-23_1,Kogi,25340,MRM0,Neonatal mortality rate,"Deaths per 1,000 live births",2004,41.0868340173184,35.0044257744986,47.9041133457741,2021
NGA-23_1,Kogi,25340,MRM0,Neonatal mortality rate,"Deaths per 1,000 live births",2005,40.953727501263,35.1969872966226,47.2571132754768,2021
NGA-23_1,Kogi,25340,MRM0,Neonatal mortality rate,"Deaths per 1,000 live births",2006,40.0568342969353,34.642784596262,45.9444163014177,2021
NGA-23_1,Kogi,25340,MRM0,Neonatal mortality rate,"Deaths per 1,000 live births",2007,40.755345854715,35.4101603954807,46.9010792780499,2021
NGA-23_1,Kogi,25340,MRM0,Neonatal mortality rate,"Deaths per 1,000 live births",2008,39.4509653962698,34.267593203224,45.0670119912264,2021
NGA-23_1,Kogi,25340,MRM0,Neonatal mortality rate,"Deaths per 1,000 live births",2009,39.4453175305798,33.914910086047,45.7264982900778,2021
NGA-23_1,Kogi,25340,MRM0,Neonatal mortality rate,"Deaths per 1,000 live births",2010,39.3458754759272,34.247637371486,45.1095145163765,2021
NGA-23_1,Kogi,25340,MRM0,Neonatal mortality rate,"Deaths per 1,000 live births",2011,39.3176111656795,33.9723564067288,45.2764111571952,2021
NGA-23_1,Kogi,25340,MRM0,Neonatal mortality rate,"Deaths per 1,000 live births",2012,40.2805551465356,34.8502282893634,46.8406878897386,2021
NGA-23_1,Kogi,25340,MRM0,Neonatal mortality rate,"Deaths per 1,000 live births",2013,40.8860981558235,34.9782176518365,47.4505815873077,2021
NGA-23_1,Kogi,25340,MRM0,Neonatal mortality rate,"Deaths per 1,000 live births",2014,41.4427314341454,35.2411618303319,48.9259559593477,2021
NGA-23_1,Kogi,25340,MRM0,Neonatal mortality rate,"Deaths per 1,000 live births",2015,41.7604953640847,34.9358993694641,49.7624092671679,2021
NGA-23_1,Kogi,25340,MRM0,Neonatal mortality rate,"Deaths per 1,000 live births",2016,41.9314238769501,34.5886323553972,49.9454710816039,2021
NGA-23_1,Kogi,25340,MRM0,Neonatal mortality rate,"Deaths per 1,000 live births",2017,41.6554824993885,34.1202015597149,50.5258418869906,2021
NGA-23_1,Kogi,25340,MRM0,Neonatal mortality rate,"Deaths per 1,000 live births",2018,41.5616976795189,33.7846031434896,51.0800837940107,2021
NGA-23_1,Kogi,25340,MRM0,Neonatal mortality rate,"Deaths per 1,000 live births",2019,41.1328977293494,32.9025224265322,51.8813230440799,2021
NGA-23_1,Kogi,25340,MRM0,Neonatal mortality rate,"Deaths per 1,000 live births",2020,40.6201911211078,32.0142328877796,52.2951685355734,2021
NGA-23_1,Kogi,25340,MRM0,Neonatal mortality rate,"Deaths per 1,000 live births",2021,40.4673336778767,31.4037700788681,53.6215340416043,2021
NGA-23_1,Kogi,25340,MRY0T4,Under-five mortality rate,"Deaths per 1,000 live births",2000,128.627391328464,110.321704867185,150.467983414857,2021
NGA-23_1,Kogi,25340,MRY0T4,Under-five mortality rate,"Deaths per 1,000 live births",2001,128.652831002014,111.39906086424,146.923302822902,2021
NGA-23_1,Kogi,25340,MRY0T4,Under-five mortality rate,"Deaths per 1,000 live births",2002,128.689052432925,113.074684823996,145.390645891828,2021
NGA-23_1,Kogi,25340,MRY0T4,Under-five mortality rate,"Deaths per 1,000 live births",2003,129.852089730857,115.642441670255,145.035240175903,2021
NGA-23_1,Kogi,25340,MRY0T4,Under-five mortality rate,"Deaths per 1,000 live births",2004,131.805806578089,118.014473473657,145.217996911304,2021
NGA-23_1,Kogi,25340,MRY0T4,Under-five mortality rate,"Deaths per 1,000 live births",2005,132.200694511445,118.399904683021,145.918007933158,2021
NGA-23_1,Kogi,25340,MRY0T4,Under-five mortality rate,"Deaths per 1,000 live births",2006,132.68652432164,119.930817843217,146.285492527089,2021
NGA-23_1,Kogi,25340,MRY0T4,Under-five mortality rate,"Deaths per 1,000 live births",2007,134.457221203249,122.657027878883,147.736164296625,2021
NGA-23_1,Kogi,25340,MRY0T4,Under-five mortality rate,"Deaths per 1,000 live births",2008,136.432768299287,124.505125263583,150.055529843826,2021
NGA-23_1,Kogi,25340,MRY0T4,Under-five mortality rate,"Deaths per 1,000 live births",2009,137.464081790702,125.438413047603,151.890462135735,2021
NGA-23_1,Kogi,25340,MRY0T4,Under-five mortality rate,"Deaths per 1,000 live births",2010,138.535052096498,126.260870326403,152.478234164007,2021
NGA-23_1,Kogi,25340,MRY0T4,Under-five mortality rate,"Deaths per 1,000 live births",2011,139.790694320522,127.618751683403,153.681755187775,2021
NGA-23_1,Kogi,25340,MRY0T4,Under-five mortality rate,"Deaths per 1,000 live births",2012,142.150177184482,129.204091092274,157.848819180467,2021
NGA-23_1,Kogi,25340,MRY0T4,Under-five mortality rate,"Deaths per 1,000 live births",2013,142.484578496757,128.390307100454,159.025157343974,2021
NGA-23_1,Kogi,25340,MRY0T4,Under-five mortality rate,"Deaths per 1,000 live births",2014,143.514244490537,128.058884032279,159.535629012111,2021
NGA-23_1,Kogi,25340,MRY0T4,Under-five mortality rate,"Deaths per 1,000 live births",2015,146.137805557121,128.207049031166,164.469635191937,2021
NGA-23_1,Kogi,25340,MRY0T4,Under-five mortality rate,"Deaths per 1,000 live births",2016,147.513079440837,129.522018156397,167.725754769134,2021
NGA-23_1,Kogi,25340,MRY0T4,Under-five mortality rate,"Deaths per 1,000 live births",2017,148.923372742074,128.813614000246,171.708026611928,2021
NGA-23_1,Kogi,25340,MRY0T4,Under-five mortality rate,"Deaths per 1,000 live births",2018,149.263063195367,127.275710150727,174.233669340517,2021
NGA-23_1,Kogi,25340,MRY0T4,Under-five mortality rate,"Deaths per 1,000 live births",2019,149.694495368438,126.902590563867,177.739388667918,2021
NGA-23_1,Kogi,25340,MRY0T4,Under-five mortality rate,"Deaths per 1,000 live births",2020,150.545520850294,125.286271479646,181.747995534323,2021
NGA-23_1,Kogi,25340,MRY0T4,Under-five mortality rate,"Deaths per 1,000 live births",2021,150.18794476932,124.227119941041,184.407211369688,2021
NGA-24_1,Kwara,25341,MRM0,Neonatal mortality rate,"Deaths per 1,000 live births",2000,44.4079469476876,36.3389951691659,54.1984494163554,2021
NGA-24_1,Kwara,25341,MRM0,Neonatal mortality rate,"Deaths per 1,000 live births",2001,43.5916908199856,35.9953967801234,53.4328002937451,2021
NGA-24_1,Kwara,25341,MRM0,Neonatal mortality rate,"Deaths per 1,000 live births",2002,42.7702051748608,36.1024097686937,52.1290330483336,2021
NGA-24_1,Kwara,25341,MRM0,Neonatal mortality rate,"Deaths per 1,000 live births",2003,41.3192125194657,35.0471491451681,48.8084457168678,2021
NGA-24_1,Kwara,25341,MRM0,Neonatal mortality rate,"Deaths per 1,000 live births",2004,40.7137862177755,34.5987679018599,47.8227404804585,2021
NGA-24_1,Kwara,25341,MRM0,Neonatal mortality rate,"Deaths per 1,000 live births",2005,40.1907412655503,34.301590766649,47.2342365639186,2021
NGA-24_1,Kwara,25341,MRM0,Neonatal mortality rate,"Deaths per 1,000 live births",2006,38.9830360180167,33.4777094382242,45.162404047729,2021
NGA-24_1,Kwara,25341,MRM0,Neonatal mortality rate,"Deaths per 1,000 live births",2007,39.0316800232755,33.7640905051425,45.5400859375273,2021
NGA-24_1,Kwara,25341,MRM0,Neonatal mortality rate,"Deaths per 1,000 live births",2008,37.3697821969678,32.3196863733171,43.3015862238983,2021
NGA-24_1,Kwara,25341,MRM0,Neonatal mortality rate,"Deaths per 1,000 live births",2009,36.629539832292,31.2360391086071,42.69438219051,2021
NGA-24_1,Kwara,25341,MRM0,Neonatal mortality rate,"Deaths per 1,000 live births",2010,36.3420840985722,30.9167530893416,42.3633663521134,2021
NGA-24_1,Kwara,25341,MRM0,Neonatal mortality rate,"Deaths per 1,000 live births",2011,36.3251625860273,30.8872339960195,42.4662870075119,2021
NGA-24_1,Kwara,25341,MRM0,Neonatal mortality rate,"Deaths per 1,000 live births",2012,36.5149990116382,30.9815598179328,42.7963171815535,2021
NGA-24_1,Kwara,25341,MRM0,Neonatal mortality rate,"Deaths per 1,000 live births",2013,36.4255184033817,30.733098766156,42.6778033263711,2021
NGA-24_1,Kwara,25341,MRM0,Neonatal mortality rate,"Deaths per 1,000 live births",2014,37.4295258959321,31.6278105433652,44.2759670853053,2021
NGA-24_1,Kwara,25341,MRM0,Neonatal mortality rate,"Deaths per 1,000 live births",2015,37.1652273627139,30.9587497646969,44.6169188693227,2021
NGA-24_1,Kwara,25341,MRM0,Neonatal mortality rate,"Deaths per 1,000 live births",2016,37.2777162030332,30.5532246258033,44.9630278274404,2021
NGA-24_1,Kwara,25341,MRM0,Neonatal mortality rate,"Deaths per 1,000 live births",2017,36.791967520036,29.8609862349982,45.0650763877057,2021
NGA-24_1,Kwara,25341,MRM0,Neonatal mortality rate,"Deaths per 1,000 live births",2018,36.4328020867665,29.1454865184243,45.0790747921063,2021
NGA-24_1,Kwara,25341,MRM0,Neonatal mortality rate,"Deaths per 1,000 live births",2019,35.6612674206501,28.0937747786376,44.8459971684622,2021
NGA-24_1,Kwara,25341,MRM0,Neonatal mortality rate,"Deaths per 1,000 live births",2020,35.1580907739262,27.517670284117,44.8377116384442,2021
NGA-24_1,Kwara,25341,MRM0,Neonatal mortality rate,"Deaths per 1,000 live births",2021,34.4294058016515,26.7263718673969,45.0972101851009,2021
NGA-24_1,Kwara,25341,MRY0T4,Under-five mortality rate,"Deaths per 1,000 live births",2000,114.103826155271,96.2581826257643,135.222115234487,2021
NGA-24_1,Kwara,25341,MRY0T4,Under-five mortality rate,"Deaths per 1,000 live births",2001,109.747158327424,94.1333189007606,128.503047943902,2021
NGA-24_1,Kwara,25341,MRY0T4,Under-five mortality rate,"Deaths per 1,000 live births",2002,107.295730834103,92.9496699481748,124.26265022329,2021
NGA-24_1,Kwara,25341,MRY0T4,Under-five mortality rate,"Deaths per 1,000 live births",2003,106.112277462234,92.415302205412,121.26425990151,2021
NGA-24_1,Kwara,25341,MRY0T4,Under-five mortality rate,"Deaths per 1,000 live births",2004,106.090277742556,92.7608934510326,119.772529609744,2021
NGA-24_1,Kwara,25341,MRY0T4,Under-five mortality rate,"Deaths per 1,000 live births",2005,103.880162663802,91.5865355897634,117.225845995992,2021
NGA-24_1,Kwara,25341,MRY0T4,Under-five mortality rate,"Deaths per 1,000 live births",2006,101.084105960466,89.6427667237196,114.64891731227,2021
NGA-24_1,Kwara,25341,MRY0T4,Under-five mortality rate,"Deaths per 1,000 live births",2007,99.6052332404708,88.5335092088127,112.043600468573,2021
NGA-24_1,Kwara,25341,MRY0T4,Under-five mortality rate,"Deaths per 1,000 live births",2008,98.8764532231613,88.2044662109609,110.887504924564,2021
NGA-24_1,Kwara,25341,MRY0T4,Under-five mortality rate,"Deaths per 1,000 live births",2009,98.5205625122182,87.5919156486829,110.298532176881,2021
NGA-24_1,Kwara,25341,MRY0T4,Under-five mortality rate,"Deaths per 1,000 live births",2010,98.3488171228669,87.2946963975786,110.938608190909,2021
NGA-24_1,Kwara,25341,MRY0T4,Under-five mortality rate,"Deaths per 1,000 live births",2011,98.0003913697104,86.9886419350285,110.767442441828,2021
NGA-24_1,Kwara,25341,MRY0T4,Under-five mortality rate,"Deaths per 1,000 live births",2012,98.5765343423129,86.3390653931221,111.818671604606,2021
NGA-24_1,Kwara,25341,MRY0T4,Under-five mortality rate,"Deaths per 1,000 live births",2013,96.4682244409435,83.7815479839778,109.626632666852,2021
NGA-24_1,Kwara,25341,MRY0T4,Under-five mortality rate,"Deaths per 1,000 live births",2014,95.8399052246761,83.771378017856,110.000311982879,2021
NGA-24_1,Kwara,25341,MRY0T4,Under-five mortality rate,"Deaths per 1,000 live births",2015,95.8059333477595,82.8743287293299,111.115298886607,2021
NGA-24_1,Kwara,25341,MRY0T4,Under-five mortality rate,"Deaths per 1,000 live births",2016,95.5563300440667,82.0199902595233,112.268993136897,2021
NGA-24_1,Kwara,25341,MRY0T4,Under-five mortality rate,"Deaths per 1,000 live births",2017,94.1833982360642,79.5398607297911,112.000281967076,2021
NGA-24_1,Kwara,25341,MRY0T4,Under-five mortality rate,"Deaths per 1,000 live births",2018,92.4780632635162,75.9340865879815,111.651193270467,2021
NGA-24_1,Kwara,25341,MRY0T4,Under-five mortality rate,"Deaths per 1,000 live births",2019,91.0632146489653,73.82562030961,111.734006756844,2021
NGA-24_1,Kwara,25341,MRY0T4,Under-five mortality rate,"Deaths per 1,000 live births",2020,90.1085588829725,71.500182292713,113.318265007832,2021
NGA-24_1,Kwara,25341,MRY0T4,Under-five mortality rate,"Deaths per 1,000 live births",2021,88.8651281585676,69.8625448924513,112.849469536385,2021
NGA-25_1,Lagos,25342,MRM0,Neonatal mortality rate,"Deaths per 1,000 live births",2000,56.0313842279499,45.8290218285374,71.5818312466341,2021
NGA-25_1,Lagos,25342,MRM0,Neonatal mortality rate,"Deaths per 1,000 live births",2001,54.2983119432749,44.7622640373896,68.3073343906597,2021
NGA-25_1,Lagos,25342,MRM0,Neonatal mortality rate,"Deaths per 1,000 live births",2002,53.7289347113424,44.9583845652036,66.6713465795855,2021
NGA-25_1,Lagos,25342,MRM0,Neonatal mortality rate,"Deaths per 1,000 live births",2003,50.4518234274526,42.35658483414,60.5112343892333,2021
NGA-25_1,Lagos,25342,MRM0,Neonatal mortality rate,"Deaths per 1,000 live births",2004,48.9268506137419,41.2494991982038,58.0132291104649,2021
NGA-25_1,Lagos,25342,MRM0,Neonatal mortality rate,"Deaths per 1,000 live births",2005,47.6611511847872,40.1342795120589,55.7313244253814,2021
NGA-25_1,Lagos,25342,MRM0,Neonatal mortality rate,"Deaths per 1,000 live births",2006,45.7909205893986,38.7338467161031,53.5145123369154,2021
NGA-25_1,Lagos,25342,MRM0,Neonatal mortality rate,"Deaths per 1,000 live births",2007,45.0117258031292,37.6569944954887,52.6088275813599,2021
NGA-25_1,Lagos,25342,MRM0,Neonatal mortality rate,"Deaths per 1,000 live births",2008,42.7659458119974,35.8242892555034,49.7451399535194,2021
NGA-25_1,Lagos,25342,MRM0,Neonatal mortality rate,"Deaths per 1,000 live births",2009,40.580200412111,33.7791523850056,47.5240688037253,2021
NGA-25_1,Lagos,25342,MRM0,Neonatal mortality rate,"Deaths per 1,000 live births",2010,39.7333331924511,32.7685668211916,46.7224342828138,2021
NGA-25_1,Lagos,25342,MRM0,Neonatal mortality rate,"Deaths per 1,000 live births",2011,39.9086174137315,32.8532034916178,47.0945515372282,2021
NGA-25_1,Lagos,25342,MRM0,Neonatal mortality rate,"Deaths per 1,000 live births",2012,39.2859471294271,32.5236536944804,46.4864218946624,2021
NGA-25_1,Lagos,25342,MRM0,Neonatal mortality rate,"Deaths per 1,000 live births",2013,39.0491195271005,31.7801370084532,46.3031939029819,2021
NGA-25_1,Lagos,25342,MRM0,Neonatal mortality rate,"Deaths per 1,000 live births",2014,40.725626867983,33.3458416403786,49.5297159089475,2021
NGA-25_1,Lagos,25342,MRM0,Neonatal mortality rate,"Deaths per 1,000 live births",2015,40.1392725517546,32.5650730508348,49.0561063563004,2021
NGA-25_1,Lagos,25342,MRM0,Neonatal mortality rate,"Deaths per 1,000 live births",2016,40.9749396879807,32.4880426635543,51.1050565901381,2021
NGA-25_1,Lagos,25342,MRM0,Neonatal mortality rate,"Deaths per 1,000 live births",2017,40.7274349015671,31.7620696656893,52.9436111721662,2021
NGA-25_1,Lagos,25342,MRM0,Neonatal mortality rate,"Deaths per 1,000 live births",2018,40.1060902743555,31.1787991187318,52.7228335225728,2021
NGA-25_1,Lagos,25342,MRM0,Neonatal mortality rate,"Deaths per 1,000 live births",2019,39.681703165408,29.4393631668872,52.7970689366215,2021
NGA-25_1,Lagos,25342,MRM0,Neonatal mortality rate,"Deaths per 1,000 live births",2020,38.5951556484956,28.3162961159773,53.1787465525176,2021
NGA-25_1,Lagos,25342,MRM0,Neonatal mortality rate,"Deaths per 1,000 live births",2021,37.917079829888,27.1257232485153,53.7744376033009,2021
NGA-25_1,Lagos,25342,MRY0T4,Under-five mortality rate,"Deaths per 1,000 live births",2000,137.038104502533,114.247451341624,166.212346738646,2021
NGA-25_1,Lagos,25342,MRY0T4,Under-five mortality rate,"Deaths per 1,000 live births",2001,130.918910722961,110.226657167097,157.301611662751,2021
NGA-25_1,Lagos,25342,MRY0T4,Under-five mortality rate,"Deaths per 1,000 live births",2002,126.183366820223,107.571387753321,146.730184284793,2021
NGA-25_1,Lagos,25342,MRY0T4,Under-five mortality rate,"Deaths per 1,000 live births",2003,123.653123079257,106.388487058606,144.602367150145,2021
NGA-25_1,Lagos,25342,MRY0T4,Under-five mortality rate,"Deaths per 1,000 live births",2004,119.484788402241,102.762069086243,138.38103069171,2021
NGA-25_1,Lagos,25342,MRY0T4,Under-five mortality rate,"Deaths per 1,000 live births",2005,115.100653308232,98.7771189223862,132.633958338177,2021
NGA-25_1,Lagos,25342,MRY0T4,Under-five mortality rate,"Deaths per 1,000 live births",2006,115.561240408667,99.9118988649114,132.3523000619,2021
NGA-25_1,Lagos,25342,MRY0T4,Under-five mortality rate,"Deaths per 1,000 live births",2007,107.133524860211,92.7730910554066,124.512647828379,2021
NGA-25_1,Lagos,25342,MRY0T4,Under-five mortality rate,"Deaths per 1,000 live births",2008,98.0697459738316,85.0664656580404,114.056096367405,2021
NGA-25_1,Lagos,25342,MRY0T4,Under-five mortality rate,"Deaths per 1,000 live births",2009,92.9537763549173,80.0783550064655,108.325954901523,2021
NGA-25_1,Lagos,25342,MRY0T4,Under-five mortality rate,"Deaths per 1,000 live births",2010,87.8836792170371,75.7495315434701,101.663150443577,2021
NGA-25_1,Lagos,25342,MRY0T4,Under-five mortality rate,"Deaths per 1,000 live births",2011,84.4929846825274,72.2870576140696,98.7677387987624,2021
NGA-25_1,Lagos,25342,MRY0T4,Under-five mortality rate,"Deaths per 1,000 live births",2012,85.6976745421221,72.663307619638,99.6703390289012,2021
NGA-25_1,Lagos,25342,MRY0T4,Under-five mortality rate,"Deaths per 1,000 live births",2013,82.112418704387,68.3452208352436,97.0174599438829,2021
NGA-25_1,Lagos,25342,MRY0T4,Under-five mortality rate,"Deaths per 1,000 live births",2014,78.7853332197064,64.3575797528766,94.1808096765856,2021
NGA-25_1,Lagos,25342,MRY0T4,Under-five mortality rate,"Deaths per 1,000 live births",2015,75.7663943769369,61.34230771655,90.3244746378977,2021
NGA-25_1,Lagos,25342,MRY0T4,Under-five mortality rate,"Deaths per 1,000 live births",2016,75.0280639867193,60.3359746066357,93.1196902733955,2021
NGA-25_1,Lagos,25342,MRY0T4,Under-five mortality rate,"Deaths per 1,000 live births",2017,72.3090825755149,57.4130783894274,90.7062339811465,2021
NGA-25_1,Lagos,25342,MRY0T4,Under-five mortality rate,"Deaths per 1,000 live births",2018,72.9150463515939,55.9432210385099,93.874324095867,2021
NGA-25_1,Lagos,25342,MRY0T4,Under-five mortality rate,"Deaths per 1,000 live births",2019,70.9638671666594,52.222150622255,96.0642360212122,2021
NGA-25_1,Lagos,25342,MRY0T4,Under-five mortality rate,"Deaths per 1,000 live births",2020,69.3828278338173,49.4853260261429,95.7916643573017,2021
NGA-25_1,Lagos,25342,MRY0T4,Under-five mortality rate,"Deaths per 1,000 live births",2021,67.9130385157077,47.1958140783972,97.5290383507437,2021
NGA-26_1,Nasarawa,25343,MRM0,Neonatal mortality rate,"Deaths per 1,000 live births",2000,49.7628180339031,41.1302283824369,59.5917426969545,2021
NGA-26_1,Nasarawa,25343,MRM0,Neonatal mortality rate,"Deaths per 1,000 live births",2001,49.8056910713986,41.3553808967679,59.1539318534132,2021
NGA-26_1,Nasarawa,25343,MRM0,Neonatal mortality rate,"Deaths per 1,000 live births",2002,48.1482656831945,41.1155405166957,56.5303748031087,2021
NGA-26_1,Nasarawa,25343,MRM0,Neonatal mortality rate,"Deaths per 1,000 live births",2003,47.0630857517386,40.467651752581,55.1069882376352,2021
NGA-26_1,Nasarawa,25343,MRM0,Neonatal mortality rate,"Deaths per 1,000 live births",2004,46.0959103231549,39.7157527402997,53.4551128949193,2021
NGA-26_1,Nasarawa,25343,MRM0,Neonatal mortality rate,"Deaths per 1,000 live births",2005,45.7879534168449,39.7122879197016,52.625937474308,2021
NGA-26_1,Nasarawa,25343,MRM0,Neonatal mortality rate,"Deaths per 1,000 live births",2006,44.6462934458804,39.0848590331991,51.5519115255223,2021
NGA-26_1,Nasarawa,25343,MRM0,Neonatal mortality rate,"Deaths per 1,000 live births",2007,45.2463189507155,39.2939984878328,52.4671464702266,2021
NGA-26_1,Nasarawa,25343,MRM0,Neonatal mortality rate,"Deaths per 1,000 live births",2008,43.2151360465724,37.4725372624503,50.265681153643,2021
NGA-26_1,Nasarawa,25343,MRM0,Neonatal mortality rate,"Deaths per 1,000 live births",2009,43.2393762444535,37.5833552887578,49.8182657218906,2021
NGA-26_1,Nasarawa,25343,MRM0,Neonatal mortality rate,"Deaths per 1,000 live births",2010,42.68838346969,36.950565328079,49.3157793173421,2021
NGA-26_1,Nasarawa,25343,MRM0,Neonatal mortality rate,"Deaths per 1,000 live births",2011,42.1445776363978,36.3069345431842,48.7466099993946,2021
NGA-26_1,Nasarawa,25343,MRM0,Neonatal mortality rate,"Deaths per 1,000 live births",2012,42.5764112381913,37.4306304363141,49.7139759372928,2021
NGA-26_1,Nasarawa,25343,MRM0,Neonatal mortality rate,"Deaths per 1,000 live births",2013,43.0868607704619,37.6002295093683,50.465245806288,2021
NGA-26_1,Nasarawa,25343,MRM0,Neonatal mortality rate,"Deaths per 1,000 live births",2014,43.3099742322054,36.8709110443874,50.7980810254426,2021
NGA-26_1,Nasarawa,25343,MRM0,Neonatal mortality rate,"Deaths per 1,000 live births",2015,43.2733942722074,36.8573701566048,51.539290334281,2021
NGA-26_1,Nasarawa,25343,MRM0,Neonatal mortality rate,"Deaths per 1,000 live births",2016,42.6094337319301,35.9675984768082,51.8402737149154,2021
NGA-26_1,Nasarawa,25343,MRM0,Neonatal mortality rate,"Deaths per 1,000 live births",2017,42.138900872622,35.1918874392883,51.2950245620629,2021
NGA-26_1,Nasarawa,25343,MRM0,Neonatal mortality rate,"Deaths per 1,000 live births",2018,41.4131015494959,34.3752823425468,51.751850241682,2021
NGA-26_1,Nasarawa,25343,MRM0,Neonatal mortality rate,"Deaths per 1,000 live births",2019,40.7131788603988,32.9692361269977,51.4374835781788,2021
NGA-26_1,Nasarawa,25343,MRM0,Neonatal mortality rate,"Deaths per 1,000 live births",2020,40.1155374924737,31.6860194701136,51.4706282769167,2021
NGA-26_1,Nasarawa,25343,MRM0,Neonatal mortality rate,"Deaths per 1,000 live births",2021,39.5163071937692,30.5281214055875,51.2649225868868,2021
NGA-26_1,Nasarawa,25343,MRY0T4,Under-five mortality rate,"Deaths per 1,000 live births",2000,168.610595175164,146.203398551337,194.301582267432,2021
NGA-26_1,Nasarawa,25343,MRY0T4,Under-five mortality rate,"Deaths per 1,000 live births",2001,164.842375318974,145.457920861778,188.023457873927,2021
NGA-26_1,Nasarawa,25343,MRY0T4,Under-five mortality rate,"Deaths per 1,000 live births",2002,163.11371888728,145.083703544326,184.485484616621,2021
NGA-26_1,Nasarawa,25343,MRY0T4,Under-five mortality rate,"Deaths per 1,000 live births",2003,160.285114330626,142.013570997731,180.119192871656,2021
NGA-26_1,Nasarawa,25343,MRY0T4,Under-five mortality rate,"Deaths per 1,000 live births",2004,156.639029666622,139.559346918245,174.019303442154,2021
NGA-26_1,Nasarawa,25343,MRY0T4,Under-five mortality rate,"Deaths per 1,000 live births",2005,155.350567998822,139.801569394823,171.734181881416,2021
NGA-26_1,Nasarawa,25343,MRY0T4,Under-five mortality rate,"Deaths per 1,000 live births",2006,154.010130128853,138.777264115716,169.208047024559,2021
NGA-26_1,Nasarawa,25343,MRY0T4,Under-five mortality rate,"Deaths per 1,000 live births",2007,153.107392121779,139.433017071854,168.573216194662,2021
NGA-26_1,Nasarawa,25343,MRY0T4,Under-five mortality rate,"Deaths per 1,000 live births",2008,153.864439844593,139.238760197236,169.343596646348,2021
NGA-26_1,Nasarawa,25343,MRY0T4,Under-five mortality rate,"Deaths per 1,000 live births",2009,152.944906665699,139.057251439353,168.16914035151,2021
NGA-26_1,Nasarawa,25343,MRY0T4,Under-five mortality rate,"Deaths per 1,000 live births",2010,150.860134564413,137.240967881661,164.901505526837,2021
NGA-26_1,Nasarawa,25343,MRY0T4,Under-five mortality rate,"Deaths per 1,000 live births",2011,147.421673791698,134.043486632988,162.595829879501,2021
NGA-26_1,Nasarawa,25343,MRY0T4,Under-five mortality rate,"Deaths per 1,000 live births",2012,145.774729196013,131.519488997769,161.134865170836,2021
NGA-26_1,Nasarawa,25343,MRY0T4,Under-five mortality rate,"Deaths per 1,000 live births",2013,148.434479637458,133.702259561387,164.321281135434,2021
NGA-26_1,Nasarawa,25343,MRY0T4,Under-five mortality rate,"Deaths per 1,000 live births",2014,149.260745830581,133.907426640487,166.42194191945,2021
NGA-26_1,Nasarawa,25343,MRY0T4,Under-five mortality rate,"Deaths per 1,000 live births",2015,150.004496967947,132.954011916562,169.12993508337,2021
NGA-26_1,Nasarawa,25343,MRY0T4,Under-five mortality rate,"Deaths per 1,000 live births",2016,148.698260577368,130.954946125258,168.997947745057,2021
NGA-26_1,Nasarawa,25343,MRY0T4,Under-five mortality rate,"Deaths per 1,000 live births",2017,148.637015044724,130.682704085805,171.313787619996,2021
NGA-26_1,Nasarawa,25343,MRY0T4,Under-five mortality rate,"Deaths per 1,000 live births",2018,146.332768026633,126.595815083494,170.051912786631,2021
NGA-26_1,Nasarawa,25343,MRY0T4,Under-five mortality rate,"Deaths per 1,000 live births",2019,144.4832870503,122.835121390265,172.617011888598,2021
NGA-26_1,Nasarawa,25343,MRY0T4,Under-five mortality rate,"Deaths per 1,000 live births",2020,142.00331565795,118.642607478106,171.871062297307,2021
NGA-26_1,Nasarawa,25343,MRY0T4,Under-five mortality rate,"Deaths per 1,000 live births",2021,140.833369642161,115.490632469396,171.359839748914,2021
NGA-27_1,Niger,25344,MRM0,Neonatal mortality rate,"Deaths per 1,000 live births",2000,36.2416975933684,29.2095782075531,43.6825083791605,2021
NGA-27_1,Niger,25344,MRM0,Neonatal mortality rate,"Deaths per 1,000 live births",2001,36.6696151805093,29.9483165423287,44.1663659780838,2021
NGA-27_1,Niger,25344,MRM0,Neonatal mortality rate,"Deaths per 1,000 live births",2002,35.9057365558451,29.7011301202484,42.5738599451203,2021
NGA-27_1,Niger,25344,MRM0,Neonatal mortality rate,"Deaths per 1,000 live births",2003,35.6328084624124,30.0193891658978,41.5636688647383,2021
NGA-27_1,Niger,25344,MRM0,Neonatal mortality rate,"Deaths per 1,000 live births",2004,35.2451632657518,30.3244739370226,40.9166206778746,2021
NGA-27_1,Niger,25344,MRM0,Neonatal mortality rate,"Deaths per 1,000 live births",2005,35.3892065735693,30.4202480616474,40.9724856117127,2021
NGA-27_1,Niger,25344,MRM0,Neonatal mortality rate,"Deaths per 1,000 live births",2006,34.9289290053304,30.2701138501084,40.0499037768553,2021
NGA-27_1,Niger,25344,MRM0,Neonatal mortality rate,"Deaths per 1,000 live births",2007,35.7532019585085,31.3030045525337,41.1317895047513,2021
NGA-27_1,Niger,25344,MRM0,Neonatal mortality rate,"Deaths per 1,000 live births",2008,34.3916733972851,29.899494527439,39.1604195094976,2021
NGA-27_1,Niger,25344,MRM0,Neonatal mortality rate,"Deaths per 1,000 live births",2009,34.7118927066877,30.2057206716974,39.7855587818508,2021
NGA-27_1,Niger,25344,MRM0,Neonatal mortality rate,"Deaths per 1,000 live births",2010,34.8091775021628,30.2310789054494,39.752223429206,2021
NGA-27_1,Niger,25344,MRM0,Neonatal mortality rate,"Deaths per 1,000 live births",2011,34.5041668739762,29.8484265298791,39.5490856590466,2021
NGA-27_1,Niger,25344,MRM0,Neonatal mortality rate,"Deaths per 1,000 live births",2012,35.289942110708,30.6441616436823,40.5362927432917,2021
NGA-27_1,Niger,25344,MRM0,Neonatal mortality rate,"Deaths per 1,000 live births",2013,36.2354885053792,31.4921859655664,41.9133961277245,2021
NGA-27_1,Niger,25344,MRM0,Neonatal mortality rate,"Deaths per 1,000 live births",2014,36.8994028052398,31.6147963943781,43.1141123225036,2021
NGA-27_1,Niger,25344,MRM0,Neonatal mortality rate,"Deaths per 1,000 live births",2015,37.5311389657381,31.9362545973368,44.1655881795404,2021
NGA-27_1,Niger,25344,MRM0,Neonatal mortality rate,"Deaths per 1,000 live births",2016,37.4320838776825,31.5321195129341,44.4845730627576,2021
NGA-27_1,Niger,25344,MRM0,Neonatal mortality rate,"Deaths per 1,000 live births",2017,37.3524350724692,31.1057465544925,44.7374690814142,2021
NGA-27_1,Niger,25344,MRM0,Neonatal mortality rate,"Deaths per 1,000 live births",2018,37.3758326164087,30.9218654015459,45.6660553469634,2021
NGA-27_1,Niger,25344,MRM0,Neonatal mortality rate,"Deaths per 1,000 live births",2019,37.0575377852105,29.7453961404871,45.9863572423545,2021
NGA-27_1,Niger,25344,MRM0,Neonatal mortality rate,"Deaths per 1,000 live births",2020,36.8542392379271,29.1313586533161,46.3297155647789,2021
NGA-27_1,Niger,25344,MRM0,Neonatal mortality rate,"Deaths per 1,000 live births",2021,36.496373702994,28.5892520405337,47.498054426698,2021
NGA-27_1,Niger,25344,MRY0T4,Under-five mortality rate,"Deaths per 1,000 live births",2000,135.050225795439,118.418545055879,156.40384042622,2021
NGA-27_1,Niger,25344,MRY0T4,Under-five mortality rate,"Deaths per 1,000 live births",2001,132.82441374984,117.80441921549,151.538224785197,2021
NGA-27_1,Niger,25344,MRY0T4,Under-five mortality rate,"Deaths per 1,000 live births",2002,131.418722328784,117.177230369931,148.306510001519,2021
NGA-27_1,Niger,25344,MRY0T4,Under-five mortality rate,"Deaths per 1,000 live births",2003,130.434968607051,116.621657443966,145.122384766978,2021
NGA-27_1,Niger,25344,MRY0T4,Under-five mortality rate,"Deaths per 1,000 live births",2004,129.514916844064,117.277528864264,142.93100320079,2021
NGA-27_1,Niger,25344,MRY0T4,Under-five mortality rate,"Deaths per 1,000 live births",2005,127.942565055085,116.449085677369,141.07453441078,2021
NGA-27_1,Niger,25344,MRY0T4,Under-five mortality rate,"Deaths per 1,000 live births",2006,128.578800979649,117.009339164224,141.125974775397,2021
NGA-27_1,Niger,25344,MRY0T4,Under-five mortality rate,"Deaths per 1,000 live births",2007,130.507273760916,119.405934668237,142.953659629128,2021
NGA-27_1,Niger,25344,MRY0T4,Under-five mortality rate,"Deaths per 1,000 live births",2008,130.442091615474,118.630876630989,142.359247290719,2021
NGA-27_1,Niger,25344,MRY0T4,Under-five mortality rate,"Deaths per 1,000 live births",2009,130.622946235513,119.668793168788,142.905770005545,2021
NGA-27_1,Niger,25344,MRY0T4,Under-five mortality rate,"Deaths per 1,000 live births",2010,131.231826772684,119.101219873173,142.654296480035,2021
NGA-27_1,Niger,25344,MRY0T4,Under-five mortality rate,"Deaths per 1,000 live births",2011,130.234799253697,118.84956218667,142.418241255797,2021
NGA-27_1,Niger,25344,MRY0T4,Under-five mortality rate,"Deaths per 1,000 live births",2012,130.154933608059,117.064346187662,142.239548831749,2021
NGA-27_1,Niger,25344,MRY0T4,Under-five mortality rate,"Deaths per 1,000 live births",2013,133.804993987351,120.819073832725,148.06649188019,2021
NGA-27_1,Niger,25344,MRY0T4,Under-five mortality rate,"Deaths per 1,000 live births",2014,137.463753590698,123.826147538322,152.826424994582,2021
NGA-27_1,Niger,25344,MRY0T4,Under-five mortality rate,"Deaths per 1,000 live births",2015,141.214529994862,126.104742354979,157.714921516364,2021
NGA-27_1,Niger,25344,MRY0T4,Under-five mortality rate,"Deaths per 1,000 live births",2016,141.305231481179,125.314523120797,160.140618518605,2021
NGA-27_1,Niger,25344,MRY0T4,Under-five mortality rate,"Deaths per 1,000 live births",2017,141.586629445532,125.468176255647,161.960708476953,2021
NGA-27_1,Niger,25344,MRY0T4,Under-five mortality rate,"Deaths per 1,000 live births",2018,139.053999724782,121.307626841647,160.507742415683,2021
NGA-27_1,Niger,25344,MRY0T4,Under-five mortality rate,"Deaths per 1,000 live births",2019,138.186234620897,118.98763166443,161.338308814114,2021
NGA-27_1,Niger,25344,MRY0T4,Under-five mortality rate,"Deaths per 1,000 live births",2020,137.564716193704,115.143689276388,163.146580241971,2021
NGA-27_1,Niger,25344,MRY0T4,Under-five mortality rate,"Deaths per 1,000 live births",2021,136.53372308326,113.255241410837,165.192485662255,2021
NGA-28_1,Ogun,25345,MRM0,Neonatal mortality rate,"Deaths per 1,000 live births",2000,39.3350608395147,31.283464277685,50.1795171643943,2021
NGA-28_1,Ogun,25345,MRM0,Neonatal mortality rate,"Deaths per 1,000 live births",2001,38.7913509329243,31.2019562530457,48.5971214519079,2021
NGA-28_1,Ogun,25345,MRM0,Neonatal mortality rate,"Deaths per 1,000 live births",2002,37.6492536552269,30.7665930976765,46.7708351312908,2021
NGA-28_1,Ogun,25345,MRM0,Neonatal mortality rate,"Deaths per 1,000 live births",2003,36.2156320722396,30.0152035179255,44.3012517520755,2021
NGA-28_1,Ogun,25345,MRM0,Neonatal mortality rate,"Deaths per 1,000 live births",2004,35.2640202102425,28.9762819159244,42.1928830702315,2021
NGA-28_1,Ogun,25345,MRM0,Neonatal mortality rate,"Deaths per 1,000 live births",2005,34.2901709036022,28.4568688129126,41.5636106434758,2021
NGA-28_1,Ogun,25345,MRM0,Neonatal mortality rate,"Deaths per 1,000 live births",2006,32.9809993086543,27.5634643997796,39.30978868556,2021
NGA-28_1,Ogun,25345,MRM0,Neonatal mortality rate,"Deaths per 1,000 live births",2007,32.7041832707754,26.8672407379399,38.8379018824708,2021
NGA-28_1,Ogun,25345,MRM0,Neonatal mortality rate,"Deaths per 1,000 live births",2008,30.8575501349377,25.5327021498454,37.2769954710403,2021
NGA-28_1,Ogun,25345,MRM0,Neonatal mortality rate,"Deaths per 1,000 live births",2009,30.1460101732966,24.6831193478711,36.1407463469237,2021
NGA-28_1,Ogun,25345,MRM0,Neonatal mortality rate,"Deaths per 1,000 live births",2010,29.5931921993809,24.2510728717071,35.5527033989657,2021
NGA-28_1,Ogun,25345,MRM0,Neonatal mortality rate,"Deaths per 1,000 live births",2011,29.2873400646276,23.8891227286829,35.0338548407386,2021
NGA-28_1,Ogun,25345,MRM0,Neonatal mortality rate,"Deaths per 1,000 live births",2012,29.5036013084217,24.0981868280756,35.3471480251324,2021
NGA-28_1,Ogun,25345,MRM0,Neonatal mortality rate,"Deaths per 1,000 live births",2013,29.2172514163447,23.6701177858125,35.348029418407,2021
NGA-28_1,Ogun,25345,MRM0,Neonatal mortality rate,"Deaths per 1,000 live births",2014,29.4689594625369,23.7326609097547,36.0533434161353,2021
NGA-28_1,Ogun,25345,MRM0,Neonatal mortality rate,"Deaths per 1,000 live births",2015,29.4242345790576,23.5087928041357,36.0042653736175,2021
NGA-28_1,Ogun,25345,MRM0,Neonatal mortality rate,"Deaths per 1,000 live births",2016,29.2262890183453,22.9552538702101,36.5013017288362,2021
NGA-28_1,Ogun,25345,MRM0,Neonatal mortality rate,"Deaths per 1,000 live births",2017,28.7648875243671,22.4708495957313,36.6809612097999,2021
NGA-28_1,Ogun,25345,MRM0,Neonatal mortality rate,"Deaths per 1,000 live births",2018,28.4889613931664,22.2044682921491,36.5241047140867,2021
NGA-28_1,Ogun,25345,MRM0,Neonatal mortality rate,"Deaths per 1,000 live births",2019,27.8324521109548,21.0217524025322,36.7878737045968,2021
NGA-28_1,Ogun,25345,MRM0,Neonatal mortality rate,"Deaths per 1,000 live births",2020,27.3829483497666,20.1762664704058,36.4011422542153,2021
NGA-28_1,Ogun,25345,MRM0,Neonatal mortality rate,"Deaths per 1,000 live births",2021,26.9177546716002,19.3483216083205,36.769550291207,2021
NGA-28_1,Ogun,25345,MRY0T4,Under-five mortality rate,"Deaths per 1,000 live births",2000,108.793306656531,88.1088286285939,133.52310515165,2021
NGA-28_1,Ogun,25345,MRY0T4,Under-five mortality rate,"Deaths per 1,000 live births",2001,104.128979596482,85.4868027262509,125.882837216873,2021
NGA-28_1,Ogun,25345,MRY0T4,Under-five mortality rate,"Deaths per 1,000 live births",2002,99.7549481419042,82.8481356419902,118.921879452151,2021
NGA-28_1,Ogun,25345,MRY0T4,Under-five mortality rate,"Deaths per 1,000 live births",2003,97.2142534780546,81.6097133386657,115.447951970461,2021
NGA-28_1,Ogun,25345,MRY0T4,Under-five mortality rate,"Deaths per 1,000 live births",2004,95.296561336982,80.674624101858,111.551540013331,2021
NGA-28_1,Ogun,25345,MRY0T4,Under-five mortality rate,"Deaths per 1,000 live births",2005,91.3939846339209,78.6570797911065,106.971216025605,2021
NGA-28_1,Ogun,25345,MRY0T4,Under-five mortality rate,"Deaths per 1,000 live births",2006,88.7324468098788,75.685696925408,103.686292185138,2021
NGA-28_1,Ogun,25345,MRY0T4,Under-five mortality rate,"Deaths per 1,000 live births",2007,84.5545463101701,72.0775480584236,98.2109008028312,2021
NGA-28_1,Ogun,25345,MRY0T4,Under-five mortality rate,"Deaths per 1,000 live births",2008,79.7597589722529,68.1174044051991,91.9412721115191,2021
NGA-28_1,Ogun,25345,MRY0T4,Under-five mortality rate,"Deaths per 1,000 live births",2009,76.18240138624,65.0964876141018,89.2448141112856,2021
NGA-28_1,Ogun,25345,MRY0T4,Under-five mortality rate,"Deaths per 1,000 live births",2010,72.8170747480436,62.3160622215431,85.0210188109229,2021
NGA-28_1,Ogun,25345,MRY0T4,Under-five mortality rate,"Deaths per 1,000 live births",2011,71.5688247676948,60.8845913923877,83.6255935607359,2021
NGA-28_1,Ogun,25345,MRY0T4,Under-five mortality rate,"Deaths per 1,000 live births",2012,71.7066796220648,61.0102315247478,85.3207942812072,2021
NGA-28_1,Ogun,25345,MRY0T4,Under-five mortality rate,"Deaths per 1,000 live births",2013,67.2770082926071,57.2455602205593,80.1118246728847,2021
NGA-28_1,Ogun,25345,MRY0T4,Under-five mortality rate,"Deaths per 1,000 live births",2014,63.8788331693633,52.8284779307384,77.3387631224459,2021
NGA-28_1,Ogun,25345,MRY0T4,Under-five mortality rate,"Deaths per 1,000 live births",2015,62.1495862017863,50.8958389816218,76.5339260505781,2021
NGA-28_1,Ogun,25345,MRY0T4,Under-five mortality rate,"Deaths per 1,000 live births",2016,60.6554450433391,49.4271458323055,76.78311927273,2021
NGA-28_1,Ogun,25345,MRY0T4,Under-five mortality rate,"Deaths per 1,000 live births",2017,58.8636910519617,47.059237617515,75.5680926535311,2021
NGA-28_1,Ogun,25345,MRY0T4,Under-five mortality rate,"Deaths per 1,000 live births",2018,58.0936566513767,45.4148167747326,76.777640929191,2021
NGA-28_1,Ogun,25345,MRY0T4,Under-five mortality rate,"Deaths per 1,000 live births",2019,57.6141321181326,43.8466913342811,76.4334344655221,2021
NGA-28_1,Ogun,25345,MRY0T4,Under-five mortality rate,"Deaths per 1,000 live births",2020,56.3019576420601,41.8629371830762,77.0515692628889,2021
NGA-28_1,Ogun,25345,MRY0T4,Under-five mortality rate,"Deaths per 1,000 live births",2021,55.3410452166419,40.8207719407284,77.4006649333569,2021
NGA-29_1,Ondo,25346,MRM0,Neonatal mortality rate,"Deaths per 1,000 live births",2000,47.2369798064911,38.6674900575786,57.7771205392027,2021
NGA-29_1,Ondo,25346,MRM0,Neonatal mortality rate,"Deaths per 1,000 live births",2001,46.4962296124358,38.6929588471567,56.2994417978739,2021
NGA-29_1,Ondo,25346,MRM0,Neonatal mortality rate,"Deaths per 1,000 live births",2002,45.7006860111569,38.4328470804776,54.3881744376258,2021
NGA-29_1,Ondo,25346,MRM0,Neonatal mortality rate,"Deaths per 1,000 live births",2003,44.4202513618472,37.8537555406621,52.3495139435183,2021
NGA-29_1,Ondo,25346,MRM0,Neonatal mortality rate,"Deaths per 1,000 live births",2004,43.6161605815816,37.1508196061781,51.0993504755524,2021
NGA-29_1,Ondo,25346,MRM0,Neonatal mortality rate,"Deaths per 1,000 live births",2005,42.9364592148557,36.5806066048102,49.913051050467,2021
NGA-29_1,Ondo,25346,MRM0,Neonatal mortality rate,"Deaths per 1,000 live births",2006,41.4833403635343,35.3227245801706,48.2079556398321,2021
NGA-29_1,Ondo,25346,MRM0,Neonatal mortality rate,"Deaths per 1,000 live births",2007,41.3573109827996,35.4452149726069,48.0941584370834,2021
NGA-29_1,Ondo,25346,MRM0,Neonatal mortality rate,"Deaths per 1,000 live births",2008,39.7252291259452,34.2560906210346,46.3106489686694,2021
NGA-29_1,Ondo,25346,MRM0,Neonatal mortality rate,"Deaths per 1,000 live births",2009,39.1915231928602,33.3987044585482,45.7636276405546,2021
NGA-29_1,Ondo,25346,MRM0,Neonatal mortality rate,"Deaths per 1,000 live births",2010,38.764569859253,32.9726551787861,45.4013100402245,2021
NGA-29_1,Ondo,25346,MRM0,Neonatal mortality rate,"Deaths per 1,000 live births",2011,38.6907787250578,33.2198113991646,45.8314660324742,2021
NGA-29_1,Ondo,25346,MRM0,Neonatal mortality rate,"Deaths per 1,000 live births",2012,39.5085460343035,33.7227520310077,46.8882603913396,2021
NGA-29_1,Ondo,25346,MRM0,Neonatal mortality rate,"Deaths per 1,000 live births",2013,39.5555342549684,33.3759192076318,46.6588925763079,2021
NGA-29_1,Ondo,25346,MRM0,Neonatal mortality rate,"Deaths per 1,000 live births",2014,39.8494022610739,33.2163418717857,47.7181474332244,2021
NGA-29_1,Ondo,25346,MRM0,Neonatal mortality rate,"Deaths per 1,000 live births",2015,39.6728089811522,32.9952742838677,47.762359496975,2021
NGA-29_1,Ondo,25346,MRM0,Neonatal mortality rate,"Deaths per 1,000 live births",2016,39.4600944430925,32.4500627873624,48.350371567407,2021
NGA-29_1,Ondo,25346,MRM0,Neonatal mortality rate,"Deaths per 1,000 live births",2017,39.08985026828,31.3808255255908,47.9344372797868,2021
NGA-29_1,Ondo,25346,MRM0,Neonatal mortality rate,"Deaths per 1,000 live births",2018,38.4102195227274,30.8386108536083,47.9410228175361,2021
NGA-29_1,Ondo,25346,MRM0,Neonatal mortality rate,"Deaths per 1,000 live births",2019,37.91303910944,29.9421217787703,47.7136820144475,2021
NGA-29_1,Ondo,25346,MRM0,Neonatal mortality rate,"Deaths per 1,000 live births",2020,37.3992034151596,28.6254956089758,47.7461657601725,2021
NGA-29_1,Ondo,25346,MRM0,Neonatal mortality rate,"Deaths per 1,000 live births",2021,36.8874594221846,28.2912860498,47.6145034704979,2021
NGA-29_1,Ondo,25346,MRY0T4,Under-five mortality rate,"Deaths per 1,000 live births",2000,171.539208647648,149.181694004917,198.336738335957,2021
NGA-29_1,Ondo,25346,MRY0T4,Under-five mortality rate,"Deaths per 1,000 live births",2001,163.43700757297,143.266315378924,186.466800653722,2021
NGA-29_1,Ondo,25346,MRY0T4,Under-five mortality rate,"Deaths per 1,000 live births",2002,156.875171005994,138.620770642918,177.496369426943,2021
NGA-29_1,Ondo,25346,MRY0T4,Under-five mortality rate,"Deaths per 1,000 live births",2003,152.413537130787,135.531439344397,171.4140809058,2021
NGA-29_1,Ondo,25346,MRY0T4,Under-five mortality rate,"Deaths per 1,000 live births",2004,148.118807871237,132.296667361708,165.132467357955,2021
NGA-29_1,Ondo,25346,MRY0T4,Under-five mortality rate,"Deaths per 1,000 live births",2005,143.376132218822,129.060341661866,160.243394583565,2021
NGA-29_1,Ondo,25346,MRY0T4,Under-five mortality rate,"Deaths per 1,000 live births",2006,137.754258809087,123.805420548597,152.732649196013,2021
NGA-29_1,Ondo,25346,MRY0T4,Under-five mortality rate,"Deaths per 1,000 live births",2007,131.400538980346,118.515581863353,145.486081977755,2021
NGA-29_1,Ondo,25346,MRY0T4,Under-five mortality rate,"Deaths per 1,000 live births",2008,125.941518947887,113.205553007672,139.667563609131,2021
NGA-29_1,Ondo,25346,MRY0T4,Under-five mortality rate,"Deaths per 1,000 live births",2009,121.649870284499,109.111219018951,134.879686533123,2021
NGA-29_1,Ondo,25346,MRY0T4,Under-five mortality rate,"Deaths per 1,000 live births",2010,117.372402521411,104.024982476188,131.154666410923,2021
NGA-29_1,Ondo,25346,MRY0T4,Under-five mortality rate,"Deaths per 1,000 live births",2011,115.530239235647,102.292156828506,130.497703631068,2021
NGA-29_1,Ondo,25346,MRY0T4,Under-five mortality rate,"Deaths per 1,000 live births",2012,114.667837221666,101.168221093904,130.574421844403,2021
NGA-29_1,Ondo,25346,MRY0T4,Under-five mortality rate,"Deaths per 1,000 live births",2013,108.360319594514,94.2069606196317,123.626090525141,2021
NGA-29_1,Ondo,25346,MRY0T4,Under-five mortality rate,"Deaths per 1,000 live births",2014,102.507327652456,88.0230373627415,118.433664156136,2021
NGA-29_1,Ondo,25346,MRY0T4,Under-five mortality rate,"Deaths per 1,000 live births",2015,99.2360131315385,85.2460788916581,117.228998006635,2021
NGA-29_1,Ondo,25346,MRY0T4,Under-five mortality rate,"Deaths per 1,000 live births",2016,97.0008299785447,81.4502885800405,116.800265303169,2021
NGA-29_1,Ondo,25346,MRY0T4,Under-five mortality rate,"Deaths per 1,000 live births",2017,93.7639829879132,78.1143945857601,114.21079491969,2021
NGA-29_1,Ondo,25346,MRY0T4,Under-five mortality rate,"Deaths per 1,000 live births",2018,90.8233071805907,74.6395802062728,112.097499347168,2021
NGA-29_1,Ondo,25346,MRY0T4,Under-five mortality rate,"Deaths per 1,000 live births",2019,88.8962514679224,71.7779788459638,111.100477025269,2021
NGA-29_1,Ondo,25346,MRY0T4,Under-five mortality rate,"Deaths per 1,000 live births",2020,85.4822678099871,68.0274607517131,109.105988822994,2021
NGA-29_1,Ondo,25346,MRY0T4,Under-five mortality rate,"Deaths per 1,000 live births",2021,83.4406580406095,65.1923898954666,108.676579059846,2021
NGA-30_1,Osun,25347,MRM0,Neonatal mortality rate,"Deaths per 1,000 live births",2000,32.2837850814047,25.6195588228142,40.9535981258404,2021
NGA-30_1,Osun,25347,MRM0,Neonatal mortality rate,"Deaths per 1,000 live births",2001,31.7781156296359,25.5170166713938,39.4487772043615,2021
NGA-30_1,Osun,25347,MRM0,Neonatal mortality rate,"Deaths per 1,000 live births",2002,31.6367221151571,25.660739813242,39.3678905190256,2021
NGA-30_1,Osun,25347,MRM0,Neonatal mortality rate,"Deaths per 1,000 live births",2003,30.5764779045827,25.2539265768093,37.4477915828487,2021
NGA-30_1,Osun,25347,MRM0,Neonatal mortality rate,"Deaths per 1,000 live births",2004,30.3613749182545,25.1564853694863,37.1687206195011,2021
NGA-30_1,Osun,25347,MRM0,Neonatal mortality rate,"Deaths per 1,000 live births",2005,30.1971900766296,25.4236490183142,36.3065489206018,2021
NGA-30_1,Osun,25347,MRM0,Neonatal mortality rate,"Deaths per 1,000 live births",2006,29.5134848183391,24.5459251417241,35.389098808979,2021
NGA-30_1,Osun,25347,MRM0,Neonatal mortality rate,"Deaths per 1,000 live births",2007,29.6575840100108,24.7570618425675,35.5131469120788,2021
NGA-30_1,Osun,25347,MRM0,Neonatal mortality rate,"Deaths per 1,000 live births",2008,28.8288082235271,24.1468578050486,34.2969529503586,2021
NGA-30_1,Osun,25347,MRM0,Neonatal mortality rate,"Deaths per 1,000 live births",2009,28.1635124791548,23.4166793153672,34.2440130395291,2021
NGA-30_1,Osun,25347,MRM0,Neonatal mortality rate,"Deaths per 1,000 live births",2010,28.1490799808503,23.4303243077807,33.7117211197537,2021
NGA-30_1,Osun,25347,MRM0,Neonatal mortality rate,"Deaths per 1,000 live births",2011,28.4235531840518,23.7379365358751,34.2183085685991,2021
NGA-30_1,Osun,25347,MRM0,Neonatal mortality rate,"Deaths per 1,000 live births",2012,28.9899440972624,24.0131833971198,35.0273718164262,2021
NGA-30_1,Osun,25347,MRM0,Neonatal mortality rate,"Deaths per 1,000 live births",2013,28.9853138553522,23.6450154034302,35.2593160265243,2021
NGA-30_1,Osun,25347,MRM0,Neonatal mortality rate,"Deaths per 1,000 live births",2014,30.2210906156171,24.6972036059298,37.5021326046748,2021
NGA-30_1,Osun,25347,MRM0,Neonatal mortality rate,"Deaths per 1,000 live births",2015,30.2825996744947,24.4629713600235,37.6074931945551,2021
NGA-30_1,Osun,25347,MRM0,Neonatal mortality rate,"Deaths per 1,000 live births",2016,30.7575983347002,24.31892403365,38.2578566067123,2021
NGA-30_1,Osun,25347,MRM0,Neonatal mortality rate,"Deaths per 1,000 live births",2017,30.8508000782497,24.0962124882708,38.6721081091599,2021
NGA-30_1,Osun,25347,MRM0,Neonatal mortality rate,"Deaths per 1,000 live births",2018,30.682909967155,23.7145181569799,39.0859858693302,2021
NGA-30_1,Osun,25347,MRM0,Neonatal mortality rate,"Deaths per 1,000 live births",2019,30.3701635536484,23.3256971147721,39.8782460940266,2021
NGA-30_1,Osun,25347,MRM0,Neonatal mortality rate,"Deaths per 1,000 live births",2020,30.3137267152561,22.8018742319431,39.9402552865356,2021
NGA-30_1,Osun,25347,MRM0,Neonatal mortality rate,"Deaths per 1,000 live births",2021,30.0848696023168,22.1433460243588,40.3288625601561,2021
NGA-30_1,Osun,25347,MRY0T4,Under-five mortality rate,"Deaths per 1,000 live births",2000,95.3163985132396,79.92152202157,114.288533162572,2021
NGA-30_1,Osun,25347,MRY0T4,Under-five mortality rate,"Deaths per 1,000 live births",2001,92.3743667124231,78.4401446671544,109.498782971544,2021
NGA-30_1,Osun,25347,MRY0T4,Under-five mortality rate,"Deaths per 1,000 live births",2002,90.9236243301141,77.1034652788463,105.603458103337,2021
NGA-30_1,Osun,25347,MRY0T4,Under-five mortality rate,"Deaths per 1,000 live births",2003,91.1109373680409,77.8047074002633,104.542026086114,2021
NGA-30_1,Osun,25347,MRY0T4,Under-five mortality rate,"Deaths per 1,000 live births",2004,90.5249203162878,78.0804864058128,103.258581349841,2021
NGA-30_1,Osun,25347,MRY0T4,Under-five mortality rate,"Deaths per 1,000 live births",2005,88.1378975977585,76.8569682266867,100.592098374117,2021
NGA-30_1,Osun,25347,MRY0T4,Under-five mortality rate,"Deaths per 1,000 live births",2006,86.5003316599386,76.1209096771166,98.3173614700894,2021
NGA-30_1,Osun,25347,MRY0T4,Under-five mortality rate,"Deaths per 1,000 live births",2007,84.0359553028729,73.8415106810605,96.0084148154296,2021
NGA-30_1,Osun,25347,MRY0T4,Under-five mortality rate,"Deaths per 1,000 live births",2008,82.977444606622,72.9013972618013,94.2105242128565,2021
NGA-30_1,Osun,25347,MRY0T4,Under-five mortality rate,"Deaths per 1,000 live births",2009,82.0285535622592,72.2088151840412,92.9430529170622,2021
NGA-30_1,Osun,25347,MRY0T4,Under-five mortality rate,"Deaths per 1,000 live births",2010,80.6467652148614,70.872572701285,91.461408295261,2021
NGA-30_1,Osun,25347,MRY0T4,Under-five mortality rate,"Deaths per 1,000 live births",2011,80.6684507713439,70.8080141187507,92.8138372443543,2021
NGA-30_1,Osun,25347,MRY0T4,Under-five mortality rate,"Deaths per 1,000 live births",2012,81.3524156289275,70.8110427018616,94.2082213771285,2021
NGA-30_1,Osun,25347,MRY0T4,Under-five mortality rate,"Deaths per 1,000 live births",2013,78.3877557074277,67.5016535147489,91.4347087434932,2021
NGA-30_1,Osun,25347,MRY0T4,Under-five mortality rate,"Deaths per 1,000 live births",2014,76.6245984157107,64.9969318383783,91.5296202806102,2021
NGA-30_1,Osun,25347,MRY0T4,Under-five mortality rate,"Deaths per 1,000 live births",2015,75.9328060582254,64.3569442281994,91.2956991247034,2021
NGA-30_1,Osun,25347,MRY0T4,Under-five mortality rate,"Deaths per 1,000 live births",2016,76.5707138570676,63.9974167133876,93.1558071659451,2021
NGA-30_1,Osun,25347,MRY0T4,Under-five mortality rate,"Deaths per 1,000 live births",2017,75.1243726833709,61.0794040128816,93.8817857795221,2021
NGA-30_1,Osun,25347,MRY0T4,Under-five mortality rate,"Deaths per 1,000 live births",2018,74.3571886298071,59.2320317225996,93.4436420625275,2021
NGA-30_1,Osun,25347,MRY0T4,Under-five mortality rate,"Deaths per 1,000 live births",2019,73.5080266688237,56.9761890474668,94.6162340720783,2021
NGA-30_1,Osun,25347,MRY0T4,Under-five mortality rate,"Deaths per 1,000 live births",2020,73.183211983878,55.9302882892015,95.3840190561504,2021
NGA-30_1,Osun,25347,MRY0T4,Under-five mortality rate,"Deaths per 1,000 live births",2021,72.7847625018426,54.2784579348413,96.7593496696707,2021
NGA-31_1,Oyo,25348,MRM0,Neonatal mortality rate,"Deaths per 1,000 live births",2000,39.0413087552103,31.4934749176274,49.7129993334034,2021
NGA-31_1,Oyo,25348,MRM0,Neonatal mortality rate,"Deaths per 1,000 live births",2001,38.1420971455974,30.9354984124383,47.4630009395866,2021
NGA-31_1,Oyo,25348,MRM0,Neonatal mortality rate,"Deaths per 1,000 live births",2002,37.4395842077751,30.8215365873666,46.4256715582001,2021
NGA-31_1,Oyo,25348,MRM0,Neonatal mortality rate,"Deaths per 1,000 live births",2003,35.9208781243873,29.8841710105765,44.0271919779012,2021
NGA-31_1,Oyo,25348,MRM0,Neonatal mortality rate,"Deaths per 1,000 live births",2004,35.0751148676744,29.366488520224,42.0501932463403,2021
NGA-31_1,Oyo,25348,MRM0,Neonatal mortality rate,"Deaths per 1,000 live births",2005,34.591844857903,29.0547608978914,41.0746349301657,2021
NGA-31_1,Oyo,25348,MRM0,Neonatal mortality rate,"Deaths per 1,000 live births",2006,33.5477100562212,28.2283851479763,39.7213011351003,2021
NGA-31_1,Oyo,25348,MRM0,Neonatal mortality rate,"Deaths per 1,000 live births",2007,33.5676419716349,28.120517619569,39.5158588572597,2021
NGA-31_1,Oyo,25348,MRM0,Neonatal mortality rate,"Deaths per 1,000 live births",2008,32.207845571883,26.9024135442482,37.8273870824517,2021
NGA-31_1,Oyo,25348,MRM0,Neonatal mortality rate,"Deaths per 1,000 live births",2009,31.3788051386718,26.1147475060633,37.1457887948219,2021
NGA-31_1,Oyo,25348,MRM0,Neonatal mortality rate,"Deaths per 1,000 live births",2010,31.0049469185869,25.8991482808148,36.6818555022845,2021
NGA-31_1,Oyo,25348,MRM0,Neonatal mortality rate,"Deaths per 1,000 live births",2011,31.0499010819356,25.687471225864,36.6466509850391,2021
NGA-31_1,Oyo,25348,MRM0,Neonatal mortality rate,"Deaths per 1,000 live births",2012,31.5281287669368,25.7329193256894,37.1752356514555,2021
NGA-31_1,Oyo,25348,MRM0,Neonatal mortality rate,"Deaths per 1,000 live births",2013,31.3480967725897,25.5524710914508,37.2877031922679,2021
NGA-31_1,Oyo,25348,MRM0,Neonatal mortality rate,"Deaths per 1,000 live births",2014,32.1501638106301,26.4587738820848,39.0248735949522,2021
NGA-31_1,Oyo,25348,MRM0,Neonatal mortality rate,"Deaths per 1,000 live births",2015,31.9086532691431,25.8499645794357,39.3714328378214,2021
NGA-31_1,Oyo,25348,MRM0,Neonatal mortality rate,"Deaths per 1,000 live births",2016,32.0451779334855,25.8233110071982,40.0546021664166,2021
NGA-31_1,Oyo,25348,MRM0,Neonatal mortality rate,"Deaths per 1,000 live births",2017,31.8779753599608,25.1702511407111,40.0611298559085,2021
NGA-31_1,Oyo,25348,MRM0,Neonatal mortality rate,"Deaths per 1,000 live births",2018,31.6298740242859,24.7099890541153,40.2163113547192,2021
NGA-31_1,Oyo,25348,MRM0,Neonatal mortality rate,"Deaths per 1,000 live births",2019,31.1485304238562,23.4804485881551,40.8156622265312,2021
NGA-31_1,Oyo,25348,MRM0,Neonatal mortality rate,"Deaths per 1,000 live births",2020,30.6355196177135,23.0027289728286,41.120718042695,2021
NGA-31_1,Oyo,25348,MRM0,Neonatal mortality rate,"Deaths per 1,000 live births",2021,30.2386721049292,22.6005096196781,41.221437853031,2021
NGA-31_1,Oyo,25348,MRY0T4,Under-five mortality rate,"Deaths per 1,000 live births",2000,119.711171373563,98.7604287636384,143.529343575364,2021
NGA-31_1,Oyo,25348,MRY0T4,Under-five mortality rate,"Deaths per 1,000 live births",2001,113.941792413653,95.6091584328501,134.212415588271,2021
NGA-31_1,Oyo,25348,MRY0T4,Under-five mortality rate,"Deaths per 1,000 live births",2002,108.381444088746,92.5524019563322,125.957904674998,2021
NGA-31_1,Oyo,25348,MRY0T4,Under-five mortality rate,"Deaths per 1,000 live births",2003,104.921448775347,90.5867081869056,119.766479239442,2021
NGA-31_1,Oyo,25348,MRY0T4,Under-five mortality rate,"Deaths per 1,000 live births",2004,101.979415799009,88.7998234427718,117.109233395398,2021
NGA-31_1,Oyo,25348,MRY0T4,Under-five mortality rate,"Deaths per 1,000 live births",2005,97.9855776165886,86.1610766940957,112.679672333761,2021
NGA-31_1,Oyo,25348,MRY0T4,Under-five mortality rate,"Deaths per 1,000 live births",2006,95.0872151971048,83.4248531920779,108.096898692318,2021
NGA-31_1,Oyo,25348,MRY0T4,Under-five mortality rate,"Deaths per 1,000 live births",2007,90.8458676151255,80.3839722322442,103.492139175912,2021
NGA-31_1,Oyo,25348,MRY0T4,Under-five mortality rate,"Deaths per 1,000 live births",2008,87.7755336288895,76.4848041149396,100.514835721909,2021
NGA-31_1,Oyo,25348,MRY0T4,Under-five mortality rate,"Deaths per 1,000 live births",2009,85.7190752635959,74.7044621215855,98.2269237412597,2021
NGA-31_1,Oyo,25348,MRY0T4,Under-five mortality rate,"Deaths per 1,000 live births",2010,84.5733838587371,73.4851841358999,96.3769327764204,2021
NGA-31_1,Oyo,25348,MRY0T4,Under-five mortality rate,"Deaths per 1,000 live births",2011,84.3668359747078,73.2814912287959,96.9225270222651,2021
NGA-31_1,Oyo,25348,MRY0T4,Under-five mortality rate,"Deaths per 1,000 live births",2012,84.2472038162907,72.4543327911172,98.2909935562854,2021
NGA-31_1,Oyo,25348,MRY0T4,Under-five mortality rate,"Deaths per 1,000 live births",2013,79.8922905503286,68.7511138969687,93.9821444611311,2021
NGA-31_1,Oyo,25348,MRY0T4,Under-five mortality rate,"Deaths per 1,000 live births",2014,77.4776420198194,65.4503121332058,91.0326568287947,2021
NGA-31_1,Oyo,25348,MRY0T4,Under-five mortality rate,"Deaths per 1,000 live births",2015,76.1691618945903,63.7189856560208,90.6622103476079,2021
NGA-31_1,Oyo,25348,MRY0T4,Under-five mortality rate,"Deaths per 1,000 live births",2016,75.5313415000699,62.6214363962925,91.3323712947228,2021
NGA-31_1,Oyo,25348,MRY0T4,Under-five mortality rate,"Deaths per 1,000 live births",2017,74.3908843000033,61.0682600164773,91.005564039839,2021
NGA-31_1,Oyo,25348,MRY0T4,Under-five mortality rate,"Deaths per 1,000 live births",2018,73.1444003970298,58.7426491666675,90.1377549932006,2021
NGA-31_1,Oyo,25348,MRY0T4,Under-five mortality rate,"Deaths per 1,000 live births",2019,72.2513628630541,56.1546020938833,91.5459139758903,2021
NGA-31_1,Oyo,25348,MRY0T4,Under-five mortality rate,"Deaths per 1,000 live births",2020,69.9047616593473,54.0756435231336,91.0620836308686,2021
NGA-31_1,Oyo,25348,MRY0T4,Under-five mortality rate,"Deaths per 1,000 live births",2021,68.578450917715,51.6018704647494,92.4672103278737,2021
NGA-32_1,Plateau,25349,MRM0,Neonatal mortality rate,"Deaths per 1,000 live births",2000,47.5981598669052,39.2865590401256,57.0710735600132,2021
NGA-32_1,Plateau,25349,MRM0,Neonatal mortality rate,"Deaths per 1,000 live births",2001,47.8097008651425,39.6321851907413,56.5975830372499,2021
NGA-32_1,Plateau,25349,MRM0,Neonatal mortality rate,"Deaths per 1,000 live births",2002,46.4680235084301,39.2433368998666,54.6658454953217,2021
NGA-32_1,Plateau,25349,MRM0,Neonatal mortality rate,"Deaths per 1,000 live births",2003,45.6716704705372,38.7641794161451,53.6703514063249,2021
NGA-32_1,Plateau,25349,MRM0,Neonatal mortality rate,"Deaths per 1,000 live births",2004,44.981038300734,38.5754833712807,52.170695790198,2021
NGA-32_1,Plateau,25349,MRM0,Neonatal mortality rate,"Deaths per 1,000 live births",2005,44.5207896052043,38.6569825577983,51.5830087525932,2021
NGA-32_1,Plateau,25349,MRM0,Neonatal mortality rate,"Deaths per 1,000 live births",2006,43.7802087702801,37.9652185484843,50.1179021735567,2021
NGA-32_1,Plateau,25349,MRM0,Neonatal mortality rate,"Deaths per 1,000 live births",2007,44.2462850171395,38.4367347814087,50.7695466553851,2021
NGA-32_1,Plateau,25349,MRM0,Neonatal mortality rate,"Deaths per 1,000 live births",2008,41.8490993953672,36.2645758364152,48.0312099685765,2021
NGA-32_1,Plateau,25349,MRM0,Neonatal mortality rate,"Deaths per 1,000 live births",2009,41.4599071451402,36.1057856792697,48.2070792027824,2021
NGA-32_1,Plateau,25349,MRM0,Neonatal mortality rate,"Deaths per 1,000 live births",2010,40.9995986536197,35.4007507790588,47.2286191042508,2021
NGA-32_1,Plateau,25349,MRM0,Neonatal mortality rate,"Deaths per 1,000 live births",2011,40.522592026487,34.9731674896904,47.0438162119526,2021
NGA-32_1,Plateau,25349,MRM0,Neonatal mortality rate,"Deaths per 1,000 live births",2012,41.0831107699841,35.1912305060023,47.447713540946,2021
NGA-32_1,Plateau,25349,MRM0,Neonatal mortality rate,"Deaths per 1,000 live births",2013,41.6798096493112,35.4654574380602,48.7395309139904,2021
NGA-32_1,Plateau,25349,MRM0,Neonatal mortality rate,"Deaths per 1,000 live births",2014,41.8131271809779,35.4379230046573,49.3551812660393,2021
NGA-32_1,Plateau,25349,MRM0,Neonatal mortality rate,"Deaths per 1,000 live births",2015,42.0243722255499,35.0876769432735,49.6699956752169,2021
NGA-32_1,Plateau,25349,MRM0,Neonatal mortality rate,"Deaths per 1,000 live births",2016,41.5265329303212,34.1979102020658,48.7509231535182,2021
NGA-32_1,Plateau,25349,MRM0,Neonatal mortality rate,"Deaths per 1,000 live births",2017,40.7725960999906,33.4233025040667,49.0515627406357,2021
NGA-32_1,Plateau,25349,MRM0,Neonatal mortality rate,"Deaths per 1,000 live births",2018,40.4170894393665,32.3511405251585,49.4375115978743,2021
NGA-32_1,Plateau,25349,MRM0,Neonatal mortality rate,"Deaths per 1,000 live births",2019,39.4636631079315,31.4417544549715,48.4166434602826,2021
NGA-32_1,Plateau,25349,MRM0,Neonatal mortality rate,"Deaths per 1,000 live births",2020,39.040632389694,30.6235687603361,49.0983643740257,2021
NGA-32_1,Plateau,25349,MRM0,Neonatal mortality rate,"Deaths per 1,000 live births",2021,38.5534205608677,29.6888513563165,49.1028498467614,2021
NGA-32_1,Plateau,25349,MRY0T4,Under-five mortality rate,"Deaths per 1,000 live births",2000,191.811521384991,169.392176181688,220.150281232975,2021
NGA-32_1,Plateau,25349,MRY0T4,Under-five mortality rate,"Deaths per 1,000 live births",2001,186.568406869731,164.77347667351,210.479337804472,2021
NGA-32_1,Plateau,25349,MRY0T4,Under-five mortality rate,"Deaths per 1,000 live births",2002,182.843176421941,162.857893242772,205.81751313411,2021
NGA-32_1,Plateau,25349,MRY0T4,Under-five mortality rate,"Deaths per 1,000 live births",2003,178.049798669576,159.230890550504,197.819773237204,2021
NGA-32_1,Plateau,25349,MRY0T4,Under-five mortality rate,"Deaths per 1,000 live births",2004,171.928031798066,153.779847734134,190.12797304071,2021
NGA-32_1,Plateau,25349,MRY0T4,Under-five mortality rate,"Deaths per 1,000 live births",2005,167.199603816358,149.955353138905,183.991405767228,2021
NGA-32_1,Plateau,25349,MRY0T4,Under-five mortality rate,"Deaths per 1,000 live births",2006,160.653633047195,145.130766494715,177.583829641974,2021
NGA-32_1,Plateau,25349,MRY0T4,Under-five mortality rate,"Deaths per 1,000 live births",2007,154.994779579138,139.887517794611,171.141992878147,2021
NGA-32_1,Plateau,25349,MRY0T4,Under-five mortality rate,"Deaths per 1,000 live births",2008,149.831649399911,136.752289872069,166.231860025569,2021
NGA-32_1,Plateau,25349,MRY0T4,Under-five mortality rate,"Deaths per 1,000 live births",2009,145.37306515668,130.933433627231,161.386486614168,2021
NGA-32_1,Plateau,25349,MRY0T4,Under-five mortality rate,"Deaths per 1,000 live births",2010,138.36271578169,124.660826167331,154.258944084616,2021
NGA-32_1,Plateau,25349,MRY0T4,Under-five mortality rate,"Deaths per 1,000 live births",2011,135.296148319456,120.983640490788,149.785183290774,2021
NGA-32_1,Plateau,25349,MRY0T4,Under-five mortality rate,"Deaths per 1,000 live births",2012,132.084776375679,118.195812713032,148.297914958187,2021
NGA-32_1,Plateau,25349,MRY0T4,Under-five mortality rate,"Deaths per 1,000 live births",2013,135.872989431398,119.890290513854,151.777114205414,2021
NGA-32_1,Plateau,25349,MRY0T4,Under-five mortality rate,"Deaths per 1,000 live births",2014,137.090684262291,120.69911763551,155.728068454316,2021
NGA-32_1,Plateau,25349,MRY0T4,Under-five mortality rate,"Deaths per 1,000 live births",2015,137.127458701172,119.550024747534,157.03362712421,2021
NGA-32_1,Plateau,25349,MRY0T4,Under-five mortality rate,"Deaths per 1,000 live births",2016,133.01524124327,115.706622623911,153.991040727939,2021
NGA-32_1,Plateau,25349,MRY0T4,Under-five mortality rate,"Deaths per 1,000 live births",2017,131.40498453946,111.009308476341,153.590005955318,2021
NGA-32_1,Plateau,25349,MRY0T4,Under-five mortality rate,"Deaths per 1,000 live births",2018,127.954800192293,107.583229584508,151.086456554493,2021
NGA-32_1,Plateau,25349,MRY0T4,Under-five mortality rate,"Deaths per 1,000 live births",2019,125.213728422062,103.559129183044,151.764340353836,2021
NGA-32_1,Plateau,25349,MRY0T4,Under-five mortality rate,"Deaths per 1,000 live births",2020,121.72953571959,98.355408295704,151.613118902303,2021
NGA-32_1,Plateau,25349,MRY0T4,Under-five mortality rate,"Deaths per 1,000 live births",2021,119.590601493578,94.5024265413622,150.528047343853,2021
NGA-33_1,Rivers,25350,MRM0,Neonatal mortality rate,"Deaths per 1,000 live births",2000,37.6759528940222,30.4970638093414,46.680560888442,2021
NGA-33_1,Rivers,25350,MRM0,Neonatal mortality rate,"Deaths per 1,000 live births",2001,37.2674773171812,30.3463051533236,45.7713638070422,2021
NGA-33_1,Rivers,25350,MRM0,Neonatal mortality rate,"Deaths per 1,000 live births",2002,36.6081589998613,30.3495043157051,44.5054700491882,2021
NGA-33_1,Rivers,25350,MRM0,Neonatal mortality rate,"Deaths per 1,000 live births",2003,35.5313648786111,29.9137688628245,42.9630997818514,2021
NGA-33_1,Rivers,25350,MRM0,Neonatal mortality rate,"Deaths per 1,000 live births",2004,34.7590012625862,29.2069426288698,41.4805570753465,2021
NGA-33_1,Rivers,25350,MRM0,Neonatal mortality rate,"Deaths per 1,000 live births",2005,34.1361900188073,28.8970449643604,40.0222126355995,2021
NGA-33_1,Rivers,25350,MRM0,Neonatal mortality rate,"Deaths per 1,000 live births",2006,33.1512685776672,28.0689142370372,38.69336440627,2021
NGA-33_1,Rivers,25350,MRM0,Neonatal mortality rate,"Deaths per 1,000 live births",2007,33.0304247520442,28.2354306377266,38.6145372735178,2021
NGA-33_1,Rivers,25350,MRM0,Neonatal mortality rate,"Deaths per 1,000 live births",2008,31.906627692201,27.1600141923712,37.0715219222944,2021
NGA-33_1,Rivers,25350,MRM0,Neonatal mortality rate,"Deaths per 1,000 live births",2009,31.5179449496439,26.6976643802641,36.7152583050506,2021
NGA-33_1,Rivers,25350,MRM0,Neonatal mortality rate,"Deaths per 1,000 live births",2010,31.140883181839,26.327208544614,36.5873385231052,2021
NGA-33_1,Rivers,25350,MRM0,Neonatal mortality rate,"Deaths per 1,000 live births",2011,31.0587681123649,26.6407399497105,37.1777705118865,2021
NGA-33_1,Rivers,25350,MRM0,Neonatal mortality rate,"Deaths per 1,000 live births",2012,31.6043170157409,26.8627135726141,37.6422432373864,2021
NGA-33_1,Rivers,25350,MRM0,Neonatal mortality rate,"Deaths per 1,000 live births",2013,31.5663786370974,26.6481445562175,37.9439997191997,2021
NGA-33_1,Rivers,25350,MRM0,Neonatal mortality rate,"Deaths per 1,000 live births",2014,31.7636307603984,26.5466059804727,38.282496978722,2021
NGA-33_1,Rivers,25350,MRM0,Neonatal mortality rate,"Deaths per 1,000 live births",2015,31.3637878995157,25.7994461738635,38.2619828115006,2021
NGA-33_1,Rivers,25350,MRM0,Neonatal mortality rate,"Deaths per 1,000 live births",2016,30.9696549903288,25.0856260623928,38.1894533736067,2021
NGA-33_1,Rivers,25350,MRM0,Neonatal mortality rate,"Deaths per 1,000 live births",2017,30.6836940414666,24.5669122340062,37.9885378939774,2021
NGA-33_1,Rivers,25350,MRM0,Neonatal mortality rate,"Deaths per 1,000 live births",2018,30.5602814054429,24.2873623071965,38.5994106364305,2021
NGA-33_1,Rivers,25350,MRM0,Neonatal mortality rate,"Deaths per 1,000 live births",2019,30.1026390494505,23.3707655060242,38.767104597565,2021
NGA-33_1,Rivers,25350,MRM0,Neonatal mortality rate,"Deaths per 1,000 live births",2020,29.729544314377,22.6315990144162,38.5815294264587,2021
NGA-33_1,Rivers,25350,MRM0,Neonatal mortality rate,"Deaths per 1,000 live births",2021,29.1576520367059,21.89332971485,39.0600600704375,2021
NGA-33_1,Rivers,25350,MRY0T4,Under-five mortality rate,"Deaths per 1,000 live births",2000,118.378472768296,99.0406404513705,140.47014653214,2021
NGA-33_1,Rivers,25350,MRY0T4,Under-five mortality rate,"Deaths per 1,000 live births",2001,116.927707497841,100.274906720409,137.874991203999,2021
NGA-33_1,Rivers,25350,MRY0T4,Under-five mortality rate,"Deaths per 1,000 live births",2002,114.184432049201,98.5766673047853,132.319474187203,2021
NGA-33_1,Rivers,25350,MRY0T4,Under-five mortality rate,"Deaths per 1,000 live births",2003,112.906518315842,98.3469178366009,130.320396863572,2021
NGA-33_1,Rivers,25350,MRY0T4,Under-five mortality rate,"Deaths per 1,000 live births",2004,112.684471483973,99.6594691236622,128.146951124383,2021
NGA-33_1,Rivers,25350,MRY0T4,Under-five mortality rate,"Deaths per 1,000 live births",2005,112.03421709257,99.1418999651024,127.551535424266,2021
NGA-33_1,Rivers,25350,MRY0T4,Under-five mortality rate,"Deaths per 1,000 live births",2006,109.97729338077,97.76792460567,125.629461322701,2021
NGA-33_1,Rivers,25350,MRY0T4,Under-five mortality rate,"Deaths per 1,000 live births",2007,106.879223967857,94.5577402661873,120.790828776417,2021
NGA-33_1,Rivers,25350,MRY0T4,Under-five mortality rate,"Deaths per 1,000 live births",2008,105.619126154681,94.633616060848,119.686221599778,2021
NGA-33_1,Rivers,25350,MRY0T4,Under-five mortality rate,"Deaths per 1,000 live births",2009,103.478981499901,92.7124032181532,117.185004793525,2021
NGA-33_1,Rivers,25350,MRY0T4,Under-five mortality rate,"Deaths per 1,000 live births",2010,103.260999556156,91.9704763346333,116.678843624503,2021
NGA-33_1,Rivers,25350,MRY0T4,Under-five mortality rate,"Deaths per 1,000 live births",2011,102.483782554352,90.5052570719061,116.087838301825,2021
NGA-33_1,Rivers,25350,MRY0T4,Under-five mortality rate,"Deaths per 1,000 live births",2012,102.113436713567,90.0657892935982,115.897496314149,2021
NGA-33_1,Rivers,25350,MRY0T4,Under-five mortality rate,"Deaths per 1,000 live births",2013,97.1907417658321,84.1125170522187,110.677183348961,2021
NGA-33_1,Rivers,25350,MRY0T4,Under-five mortality rate,"Deaths per 1,000 live births",2014,92.8453524786788,79.0893603081961,107.421252902563,2021
NGA-33_1,Rivers,25350,MRY0T4,Under-five mortality rate,"Deaths per 1,000 live births",2015,90.7719693291745,77.6376460497355,105.481370274973,2021
NGA-33_1,Rivers,25350,MRY0T4,Under-five mortality rate,"Deaths per 1,000 live births",2016,89.2408597936293,75.2365965675308,105.138008471003,2021
NGA-33_1,Rivers,25350,MRY0T4,Under-five mortality rate,"Deaths per 1,000 live births",2017,87.0942205646391,73.1030498095369,105.403795903784,2021
NGA-33_1,Rivers,25350,MRY0T4,Under-five mortality rate,"Deaths per 1,000 live births",2018,86.3904217782439,71.4617049441665,106.006901265208,2021
NGA-33_1,Rivers,25350,MRY0T4,Under-five mortality rate,"Deaths per 1,000 live births",2019,85.9509502496539,69.0190105205294,106.499673060671,2021
NGA-33_1,Rivers,25350,MRY0T4,Under-five mortality rate,"Deaths per 1,000 live births",2020,85.0676096118906,67.201348494765,107.736726289516,2021
NGA-33_1,Rivers,25350,MRY0T4,Under-five mortality rate,"Deaths per 1,000 live births",2021,84.2110943171026,64.514025920396,108.479764292878,2021
NGA-34_1,Sokoto,25351,MRM0,Neonatal mortality rate,"Deaths per 1,000 live births",2000,59.9141228141428,50.7127226118662,71.6608164939769,2021
NGA-34_1,Sokoto,25351,MRM0,Neonatal mortality rate,"Deaths per 1,000 live births",2001,60.0756775194047,51.4033386929909,71.7517182377751,2021
NGA-34_1,Sokoto,25351,MRM0,Neonatal mortality rate,"Deaths per 1,000 live births",2002,58.1535396304629,49.8685576159548,67.5451880913464,2021
NGA-34_1,Sokoto,25351,MRM0,Neonatal mortality rate,"Deaths per 1,000 live births",2003,57.4021241912701,49.3806861290365,65.4392724208147,2021
NGA-34_1,Sokoto,25351,MRM0,Neonatal mortality rate,"Deaths per 1,000 live births",2004,55.8298801245157,48.7262200161247,63.7256850068775,2021
NGA-34_1,Sokoto,25351,MRM0,Neonatal mortality rate,"Deaths per 1,000 live births",2005,54.9791558260325,48.3622497828076,62.6505296214198,2021
NGA-34_1,Sokoto,25351,MRM0,Neonatal mortality rate,"Deaths per 1,000 live births",2006,53.8515818167951,48.1676110547857,61.5079451514784,2021
NGA-34_1,Sokoto,25351,MRM0,Neonatal mortality rate,"Deaths per 1,000 live births",2007,54.9363804796398,49.1319205876619,63.1621205355268,2021
NGA-34_1,Sokoto,25351,MRM0,Neonatal mortality rate,"Deaths per 1,000 live births",2008,51.6689540279418,45.4570798618115,58.3830458962963,2021
NGA-34_1,Sokoto,25351,MRM0,Neonatal mortality rate,"Deaths per 1,000 live births",2009,51.5052755534626,45.6873195213661,59.4835340159561,2021
NGA-34_1,Sokoto,25351,MRM0,Neonatal mortality rate,"Deaths per 1,000 live births",2010,50.5723468811903,44.2873622447915,58.4737487214522,2021
NGA-34_1,Sokoto,25351,MRM0,Neonatal mortality rate,"Deaths per 1,000 live births",2011,48.7412256108782,42.5104837052414,55.5863731247706,2021
NGA-34_1,Sokoto,25351,MRM0,Neonatal mortality rate,"Deaths per 1,000 live births",2012,48.5579440367942,42.2526883479295,55.4813588661861,2021
NGA-34_1,Sokoto,25351,MRM0,Neonatal mortality rate,"Deaths per 1,000 live births",2013,49.0956650162468,42.6587060506506,56.1074086002457,2021
NGA-34_1,Sokoto,25351,MRM0,Neonatal mortality rate,"Deaths per 1,000 live births",2014,48.97522880618,42.1387953116317,56.3542598158662,2021
NGA-34_1,Sokoto,25351,MRM0,Neonatal mortality rate,"Deaths per 1,000 live births",2015,48.6763063389244,41.4867269169199,57.1360964503112,2021
NGA-34_1,Sokoto,25351,MRM0,Neonatal mortality rate,"Deaths per 1,000 live births",2016,47.4201408388634,40.3262966947102,56.4614424267617,2021
NGA-34_1,Sokoto,25351,MRM0,Neonatal mortality rate,"Deaths per 1,000 live births",2017,46.283491891455,38.9198536369469,55.4787636822238,2021
NGA-34_1,Sokoto,25351,MRM0,Neonatal mortality rate,"Deaths per 1,000 live births",2018,45.2623761152299,36.8671143470147,54.8351309087326,2021
NGA-34_1,Sokoto,25351,MRM0,Neonatal mortality rate,"Deaths per 1,000 live births",2019,44.2101056015065,35.1827883232679,53.9181346781961,2021
NGA-34_1,Sokoto,25351,MRM0,Neonatal mortality rate,"Deaths per 1,000 live births",2020,43.5585732652547,33.9411363965937,54.2976525204477,2021
NGA-34_1,Sokoto,25351,MRM0,Neonatal mortality rate,"Deaths per 1,000 live births",2021,42.6629708904913,32.0218229476439,54.713573071779,2021
NGA-34_1,Sokoto,25351,MRY0T4,Under-five mortality rate,"Deaths per 1,000 live births",2000,322.103410502567,285.682652050047,359.578613659118,2021
NGA-34_1,Sokoto,25351,MRY0T4,Under-five mortality rate,"Deaths per 1,000 live births",2001,311.805983144012,280.446911183898,344.966811362569,2021
NGA-34_1,Sokoto,25351,MRY0T4,Under-five mortality rate,"Deaths per 1,000 live births",2002,301.231387664337,273.416781019355,330.909677182093,2021
NGA-34_1,Sokoto,25351,MRY0T4,Under-five mortality rate,"Deaths per 1,000 live births",2003,303.147359628236,276.041321412389,329.472820489642,2021
NGA-34_1,Sokoto,25351,MRY0T4,Under-five mortality rate,"Deaths per 1,000 live births",2004,294.452677114377,268.258783167884,320.430901143874,2021
NGA-34_1,Sokoto,25351,MRY0T4,Under-five mortality rate,"Deaths per 1,000 live births",2005,281.234498946523,258.823378833313,307.121631418792,2021
NGA-34_1,Sokoto,25351,MRY0T4,Under-five mortality rate,"Deaths per 1,000 live births",2006,271.699078294023,249.566616413385,295.0838869571,2021
NGA-34_1,Sokoto,25351,MRY0T4,Under-five mortality rate,"Deaths per 1,000 live births",2007,266.577884002702,245.602688401686,291.168997487381,2021
NGA-34_1,Sokoto,25351,MRY0T4,Under-five mortality rate,"Deaths per 1,000 live births",2008,248.397392489635,226.497479091937,269.623957816906,2021
NGA-34_1,Sokoto,25351,MRY0T4,Under-five mortality rate,"Deaths per 1,000 live births",2009,243.309093200797,223.038712584335,264.743655437046,2021
NGA-34_1,Sokoto,25351,MRY0T4,Under-five mortality rate,"Deaths per 1,000 live births",2010,239.514380036425,219.844383123996,260.193576473978,2021
NGA-34_1,Sokoto,25351,MRY0T4,Under-five mortality rate,"Deaths per 1,000 live births",2011,234.248797430453,214.277059504438,256.016375353154,2021
NGA-34_1,Sokoto,25351,MRY0T4,Under-five mortality rate,"Deaths per 1,000 live births",2012,225.362223259765,205.839046775373,247.428234246927,2021
NGA-34_1,Sokoto,25351,MRY0T4,Under-five mortality rate,"Deaths per 1,000 live births",2013,228.644409671983,206.385697148063,252.325228047625,2021
NGA-34_1,Sokoto,25351,MRY0T4,Under-five mortality rate,"Deaths per 1,000 live births",2014,223.172458447342,199.490742249606,246.989674988142,2021
NGA-34_1,Sokoto,25351,MRY0T4,Under-five mortality rate,"Deaths per 1,000 live births",2015,215.876422608009,193.269880429026,240.859057126622,2021
NGA-34_1,Sokoto,25351,MRY0T4,Under-five mortality rate,"Deaths per 1,000 live births",2016,205.425229792584,181.929871234824,231.142803114955,2021
NGA-34_1,Sokoto,25351,MRY0T4,Under-five mortality rate,"Deaths per 1,000 live births",2017,199.769921362711,174.196391027364,229.665858545133,2021
NGA-34_1,Sokoto,25351,MRY0T4,Under-five mortality rate,"Deaths per 1,000 live births",2018,186.814404879057,158.581692476173,216.230290484376,2021
NGA-34_1,Sokoto,25351,MRY0T4,Under-five mortality rate,"Deaths per 1,000 live births",2019,180.413686197838,148.695426106996,217.075014633715,2021
NGA-34_1,Sokoto,25351,MRY0T4,Under-five mortality rate,"Deaths per 1,000 live births",2020,173.963535342645,138.159433158601,214.09262640194,2021
NGA-34_1,Sokoto,25351,MRY0T4,Under-five mortality rate,"Deaths per 1,000 live births",2021,167.257145923825,132.323624172913,211.053050347696,2021
NGA-35_1,Taraba,25352,MRM0,Neonatal mortality rate,"Deaths per 1,000 live births",2000,52.4769153612181,43.8978053431457,61.8829779400156,2021
NGA-35_1,Taraba,25352,MRM0,Neonatal mortality rate,"Deaths per 1,000 live births",2001,52.6017793439379,45.1951818828612,61.8049043213947,2021
NGA-35_1,Taraba,25352,MRM0,Neonatal mortality rate,"Deaths per 1,000 live births",2002,51.2883593656863,44.5419829797714,59.4984783858368,2021
NGA-35_1,Taraba,25352,MRM0,Neonatal mortality rate,"Deaths per 1,000 live births",2003,50.6386696199531,44.2105334596084,58.0539918732648,2021
NGA-35_1,Taraba,25352,MRM0,Neonatal mortality rate,"Deaths per 1,000 live births",2004,49.5243049120242,43.8869328413122,56.5635546437166,2021
NGA-35_1,Taraba,25352,MRM0,Neonatal mortality rate,"Deaths per 1,000 live births",2005,49.3582733194686,43.8260675560888,56.4713560492799,2021
NGA-35_1,Taraba,25352,MRM0,Neonatal mortality rate,"Deaths per 1,000 live births",2006,48.3315955196383,42.856426081739,54.6797268186109,2021
NGA-35_1,Taraba,25352,MRM0,Neonatal mortality rate,"Deaths per 1,000 live births",2007,48.7326851081037,43.3286207460085,55.311970605252,2021
NGA-35_1,Taraba,25352,MRM0,Neonatal mortality rate,"Deaths per 1,000 live births",2008,46.4122163037992,41.2396822937582,52.2711042001663,2021
NGA-35_1,Taraba,25352,MRM0,Neonatal mortality rate,"Deaths per 1,000 live births",2009,46.3904074730296,40.7838719183398,52.2665794896385,2021
NGA-35_1,Taraba,25352,MRM0,Neonatal mortality rate,"Deaths per 1,000 live births",2010,45.2660504260402,39.7325943824849,51.2418576133814,2021
NGA-35_1,Taraba,25352,MRM0,Neonatal mortality rate,"Deaths per 1,000 live births",2011,44.7417422646168,38.8268991455552,50.8470774081195,2021
NGA-35_1,Taraba,25352,MRM0,Neonatal mortality rate,"Deaths per 1,000 live births",2012,45.5837831670321,39.9143675218068,51.6927113444492,2021
NGA-35_1,Taraba,25352,MRM0,Neonatal mortality rate,"Deaths per 1,000 live births",2013,46.288612644487,40.1693569977365,52.7517021215598,2021
NGA-35_1,Taraba,25352,MRM0,Neonatal mortality rate,"Deaths per 1,000 live births",2014,46.1506478370752,39.9998658319444,53.5208471211079,2021
NGA-35_1,Taraba,25352,MRM0,Neonatal mortality rate,"Deaths per 1,000 live births",2015,46.6135531682686,40.190482037276,54.3681899411534,2021
NGA-35_1,Taraba,25352,MRM0,Neonatal mortality rate,"Deaths per 1,000 live births",2016,45.8170141002418,39.0347787367992,54.1338588250859,2021
NGA-35_1,Taraba,25352,MRM0,Neonatal mortality rate,"Deaths per 1,000 live births",2017,45.2711317787839,38.1749598505899,53.8199795540717,2021
NGA-35_1,Taraba,25352,MRM0,Neonatal mortality rate,"Deaths per 1,000 live births",2018,44.7377049806317,36.9038688074967,53.6124253080738,2021
NGA-35_1,Taraba,25352,MRM0,Neonatal mortality rate,"Deaths per 1,000 live births",2019,43.9957997932012,35.8941196000044,54.1199108516853,2021
NGA-35_1,Taraba,25352,MRM0,Neonatal mortality rate,"Deaths per 1,000 live births",2020,43.5643346753252,34.6952740661824,53.9935275969815,2021
NGA-35_1,Taraba,25352,MRM0,Neonatal mortality rate,"Deaths per 1,000 live births",2021,42.8667304950715,33.59597236596,54.3382502254143,2021
NGA-35_1,Taraba,25352,MRY0T4,Under-five mortality rate,"Deaths per 1,000 live births",2000,222.915762528553,198.600291525416,249.470958031921,2021
NGA-35_1,Taraba,25352,MRY0T4,Under-five mortality rate,"Deaths per 1,000 live births",2001,217.512415621157,195.292539289736,241.256845087168,2021
NGA-35_1,Taraba,25352,MRY0T4,Under-five mortality rate,"Deaths per 1,000 live births",2002,217.281377896327,197.256118522782,240.041589111095,2021
NGA-35_1,Taraba,25352,MRY0T4,Under-five mortality rate,"Deaths per 1,000 live births",2003,211.590822015502,193.476238294517,230.559482140201,2021
NGA-35_1,Taraba,25352,MRY0T4,Under-five mortality rate,"Deaths per 1,000 live births",2004,204.238962485545,187.615191729622,222.503943436747,2021
NGA-35_1,Taraba,25352,MRY0T4,Under-five mortality rate,"Deaths per 1,000 live births",2005,199.665132976601,183.013202510934,216.654317615404,2021
NGA-35_1,Taraba,25352,MRY0T4,Under-five mortality rate,"Deaths per 1,000 live births",2006,192.482258429286,177.511958751824,208.645453883035,2021
NGA-35_1,Taraba,25352,MRY0T4,Under-five mortality rate,"Deaths per 1,000 live births",2007,185.052107075514,170.344138589644,200.295714816639,2021
NGA-35_1,Taraba,25352,MRY0T4,Under-five mortality rate,"Deaths per 1,000 live births",2008,181.843619886083,167.820710929449,197.445257535844,2021
NGA-35_1,Taraba,25352,MRY0T4,Under-five mortality rate,"Deaths per 1,000 live births",2009,178.161319181145,164.260183915233,192.55251780859,2021
NGA-35_1,Taraba,25352,MRY0T4,Under-five mortality rate,"Deaths per 1,000 live births",2010,171.705484461679,157.930219107742,185.377452925161,2021
NGA-35_1,Taraba,25352,MRY0T4,Under-five mortality rate,"Deaths per 1,000 live births",2011,168.159587274295,153.736291944564,181.25236471068,2021
NGA-35_1,Taraba,25352,MRY0T4,Under-five mortality rate,"Deaths per 1,000 live births",2012,165.772548140873,151.927193403026,180.290130084458,2021
NGA-35_1,Taraba,25352,MRY0T4,Under-five mortality rate,"Deaths per 1,000 live births",2013,167.605485060427,151.789372133976,183.743516071404,2021
NGA-35_1,Taraba,25352,MRY0T4,Under-five mortality rate,"Deaths per 1,000 live births",2014,167.076301358735,151.892719118892,184.452797260688,2021
NGA-35_1,Taraba,25352,MRY0T4,Under-five mortality rate,"Deaths per 1,000 live births",2015,167.822115089379,151.708068435522,186.677468026194,2021
NGA-35_1,Taraba,25352,MRY0T4,Under-five mortality rate,"Deaths per 1,000 live births",2016,164.78850753548,147.778748129384,184.303134316652,2021
NGA-35_1,Taraba,25352,MRY0T4,Under-five mortality rate,"Deaths per 1,000 live births",2017,164.364401502438,145.446556835952,184.33780011938,2021
NGA-35_1,Taraba,25352,MRY0T4,Under-five mortality rate,"Deaths per 1,000 live births",2018,160.235625900769,140.393702693665,182.639137212558,2021
NGA-35_1,Taraba,25352,MRY0T4,Under-five mortality rate,"Deaths per 1,000 live births",2019,157.461218506797,135.840383802053,183.000710045496,2021
NGA-35_1,Taraba,25352,MRY0T4,Under-five mortality rate,"Deaths per 1,000 live births",2020,153.579083116104,131.073034827298,182.796215827666,2021
NGA-35_1,Taraba,25352,MRY0T4,Under-five mortality rate,"Deaths per 1,000 live births",2021,150.859782974073,126.333843282939,181.813412864731,2021
NGA-36_1,Yobe,25353,MRM0,Neonatal mortality rate,"Deaths per 1,000 live births",2000,50.7640099876398,42.6381653318901,60.6073944337008,2021
NGA-36_1,Yobe,25353,MRM0,Neonatal mortality rate,"Deaths per 1,000 live births",2001,50.4510985243982,42.4827759026511,60.0343146463679,2021
NGA-36_1,Yobe,25353,MRM0,Neonatal mortality rate,"Deaths per 1,000 live births",2002,48.9405649702439,42.06609084692,58.0340098909564,2021
NGA-36_1,Yobe,25353,MRM0,Neonatal mortality rate,"Deaths per 1,000 live births",2003,47.7017099562991,41.3104382033617,55.645922917601,2021
NGA-36_1,Yobe,25353,MRM0,Neonatal mortality rate,"Deaths per 1,000 live births",2004,46.5332508202919,40.6434636638347,53.6729391673216,2021
NGA-36_1,Yobe,25353,MRM0,Neonatal mortality rate,"Deaths per 1,000 live births",2005,45.9132011291488,39.7547351002707,52.0386409415655,2021
NGA-36_1,Yobe,25353,MRM0,Neonatal mortality rate,"Deaths per 1,000 live births",2006,44.4687710689532,38.9129064664808,50.7090237247947,2021
NGA-36_1,Yobe,25353,MRM0,Neonatal mortality rate,"Deaths per 1,000 live births",2007,44.9124666445188,39.2927905696515,50.9467906358298,2021
NGA-36_1,Yobe,25353,MRM0,Neonatal mortality rate,"Deaths per 1,000 live births",2008,42.351175513819,37.2239077154528,48.5947149417862,2021
NGA-36_1,Yobe,25353,MRM0,Neonatal mortality rate,"Deaths per 1,000 live births",2009,42.227330122897,36.9570585231609,48.3321987641486,2021
NGA-36_1,Yobe,25353,MRM0,Neonatal mortality rate,"Deaths per 1,000 live births",2010,40.9169668310711,35.722760030962,46.7648904963299,2021
NGA-36_1,Yobe,25353,MRM0,Neonatal mortality rate,"Deaths per 1,000 live births",2011,39.9647841826285,34.8245652833139,45.791592406901,2021
NGA-36_1,Yobe,25353,MRM0,Neonatal mortality rate,"Deaths per 1,000 live births",2012,40.5815636158419,35.5882207655304,46.4822244678769,2021
NGA-36_1,Yobe,25353,MRM0,Neonatal mortality rate,"Deaths per 1,000 live births",2013,40.8630809101644,35.539881911583,47.4713828394695,2021
NGA-36_1,Yobe,25353,MRM0,Neonatal mortality rate,"Deaths per 1,000 live births",2014,40.9474496771444,35.1411480513244,47.9279339835233,2021
NGA-36_1,Yobe,25353,MRM0,Neonatal mortality rate,"Deaths per 1,000 live births",2015,40.8257043447684,34.7928944625392,47.9272534891391,2021
NGA-36_1,Yobe,25353,MRM0,Neonatal mortality rate,"Deaths per 1,000 live births",2016,39.8809721234989,33.5865937876293,47.2095779891097,2021
NGA-36_1,Yobe,25353,MRM0,Neonatal mortality rate,"Deaths per 1,000 live births",2017,39.2379725387596,32.693880863566,46.5496147226243,2021
NGA-36_1,Yobe,25353,MRM0,Neonatal mortality rate,"Deaths per 1,000 live births",2018,38.5080015324208,31.5286907729221,46.8131340337405,2021
NGA-36_1,Yobe,25353,MRM0,Neonatal mortality rate,"Deaths per 1,000 live births",2019,37.5598626543466,30.2097794727733,47.3034523574577,2021
NGA-36_1,Yobe,25353,MRM0,Neonatal mortality rate,"Deaths per 1,000 live births",2020,36.7091482009733,29.0781883618699,46.541719017448,2021
NGA-36_1,Yobe,25353,MRM0,Neonatal mortality rate,"Deaths per 1,000 live births",2021,36.0793611768177,27.8956973416849,47.1417969059835,2021
NGA-36_1,Yobe,25353,MRY0T4,Under-five mortality rate,"Deaths per 1,000 live births",2000,238.046872833527,209.488369538418,271.051394126821,2021
NGA-36_1,Yobe,25353,MRY0T4,Under-five mortality rate,"Deaths per 1,000 live births",2001,228.815834822022,204.287335513285,255.412528771758,2021
NGA-36_1,Yobe,25353,MRY0T4,Under-five mortality rate,"Deaths per 1,000 live births",2002,228.320287794138,205.910939818294,252.123787292513,2021
NGA-36_1,Yobe,25353,MRY0T4,Under-five mortality rate,"Deaths per 1,000 live births",2003,219.336870721058,198.802239806189,243.117739947598,2021
NGA-36_1,Yobe,25353,MRY0T4,Under-five mortality rate,"Deaths per 1,000 live births",2004,210.506044818439,191.715164807085,230.298765583559,2021
NGA-36_1,Yobe,25353,MRY0T4,Under-five mortality rate,"Deaths per 1,000 live births",2005,201.58845173723,185.557805586561,220.978760207558,2021
NGA-36_1,Yobe,25353,MRY0T4,Under-five mortality rate,"Deaths per 1,000 live births",2006,194.90884872866,178.370936589512,213.925613546099,2021
NGA-36_1,Yobe,25353,MRY0T4,Under-five mortality rate,"Deaths per 1,000 live births",2007,192.036180026363,175.372744861359,210.517371565381,2021
NGA-36_1,Yobe,25353,MRY0T4,Under-five mortality rate,"Deaths per 1,000 live births",2008,192.207512864223,174.32863500539,209.564163126404,2021
NGA-36_1,Yobe,25353,MRY0T4,Under-five mortality rate,"Deaths per 1,000 live births",2009,188.644632034574,171.353195383314,206.310222112971,2021
NGA-36_1,Yobe,25353,MRY0T4,Under-five mortality rate,"Deaths per 1,000 live births",2010,181.604722620718,164.676403730426,197.530621367694,2021
NGA-36_1,Yobe,25353,MRY0T4,Under-five mortality rate,"Deaths per 1,000 live births",2011,175.574606589215,159.303757029287,192.785195829958,2021
NGA-36_1,Yobe,25353,MRY0T4,Under-five mortality rate,"Deaths per 1,000 live births",2012,170.401560798645,156.008095069734,186.120072237347,2021
NGA-36_1,Yobe,25353,MRY0T4,Under-five mortality rate,"Deaths per 1,000 live births",2013,169.201941671985,153.373269432963,186.073275013978,2021
NGA-36_1,Yobe,25353,MRY0T4,Under-five mortality rate,"Deaths per 1,000 live births",2014,167.639343303916,151.155139402671,185.181417282224,2021
NGA-36_1,Yobe,25353,MRY0T4,Under-five mortality rate,"Deaths per 1,000 live births",2015,162.718557890343,144.605578200964,180.81167977865,2021
NGA-36_1,Yobe,25353,MRY0T4,Under-five mortality rate,"Deaths per 1,000 live births",2016,155.11434871458,136.197228682674,173.638318286962,2021
NGA-36_1,Yobe,25353,MRY0T4,Under-five mortality rate,"Deaths per 1,000 live births",2017,149.742013742965,131.09146402789,170.687062344762,2021
NGA-36_1,Yobe,25353,MRY0T4,Under-five mortality rate,"Deaths per 1,000 live births",2018,144.097758253412,123.087555233016,165.07182672493,2021
NGA-36_1,Yobe,25353,MRY0T4,Under-five mortality rate,"Deaths per 1,000 live births",2019,140.968341898043,116.776783641066,167.127268742335,2021
NGA-36_1,Yobe,25353,MRY0T4,Under-five mortality rate,"Deaths per 1,000 live births",2020,136.92460200901,110.774477546097,164.225239215076,2021
NGA-36_1,Yobe,25353,MRY0T4,Under-five mortality rate,"Deaths per 1,000 live births",2021,132.915121272128,106.324236429687,161.143613081715,2021
NGA-37_1,Zamfara,25354,MRM0,Neonatal mortality rate,"Deaths per 1,000 live births",2000,57.3708973840158,48.0606190823231,66.8912155753888,2021
NGA-37_1,Zamfara,25354,MRM0,Neonatal mortality rate,"Deaths per 1,000 live births",2001,57.3966334384199,49.0816009412085,66.6106808648717,2021
NGA-37_1,Zamfara,25354,MRM0,Neonatal mortality rate,"Deaths per 1,000 live births",2002,55.0174527644564,47.3364638098972,62.9963100367252,2021
NGA-37_1,Zamfara,25354,MRM0,Neonatal mortality rate,"Deaths per 1,000 live births",2003,53.6893714123846,46.9518736009595,61.643456059719,2021
NGA-37_1,Zamfara,25354,MRM0,Neonatal mortality rate,"Deaths per 1,000 live births",2004,52.1893840420813,45.6781423743206,59.2100327437898,2021
NGA-37_1,Zamfara,25354,MRM0,Neonatal mortality rate,"Deaths per 1,000 live births",2005,51.6059471797838,45.3180645237094,57.9958853837934,2021
NGA-37_1,Zamfara,25354,MRM0,Neonatal mortality rate,"Deaths per 1,000 live births",2006,50.3976583673774,44.3320453699513,57.1268263145325,2021
NGA-37_1,Zamfara,25354,MRM0,Neonatal mortality rate,"Deaths per 1,000 live births",2007,50.9610299244254,44.396191608708,57.9922998313323,2021
NGA-37_1,Zamfara,25354,MRM0,Neonatal mortality rate,"Deaths per 1,000 live births",2008,47.6192741283869,41.7822759937907,53.4841729516151,2021
NGA-37_1,Zamfara,25354,MRM0,Neonatal mortality rate,"Deaths per 1,000 live births",2009,47.1530687924695,41.3745922367839,53.5900572481684,2021
NGA-37_1,Zamfara,25354,MRM0,Neonatal mortality rate,"Deaths per 1,000 live births",2010,45.9439822815713,40.0472492668922,52.1734731800017,2021
NGA-37_1,Zamfara,25354,MRM0,Neonatal mortality rate,"Deaths per 1,000 live births",2011,44.2874481325736,38.1785676457126,49.9277046124386,2021
NGA-37_1,Zamfara,25354,MRM0,Neonatal mortality rate,"Deaths per 1,000 live births",2012,43.9668364201035,38.159528138261,49.8651245221168,2021
NGA-37_1,Zamfara,25354,MRM0,Neonatal mortality rate,"Deaths per 1,000 live births",2013,44.4470805855357,38.0342702739348,50.8106875267785,2021
NGA-37_1,Zamfara,25354,MRM0,Neonatal mortality rate,"Deaths per 1,000 live births",2014,44.0539927013542,37.5918572377851,50.988041810752,2021
NGA-37_1,Zamfara,25354,MRM0,Neonatal mortality rate,"Deaths per 1,000 live births",2015,43.7571999927056,37.063416614602,51.3492406688011,2021
NGA-37_1,Zamfara,25354,MRM0,Neonatal mortality rate,"Deaths per 1,000 live births",2016,42.7239846819897,35.9059183677477,50.7166899227869,2021
NGA-37_1,Zamfara,25354,MRM0,Neonatal mortality rate,"Deaths per 1,000 live births",2017,41.5838885074542,34.6404756745543,49.4927256207891,2021
NGA-37_1,Zamfara,25354,MRM0,Neonatal mortality rate,"Deaths per 1,000 live births",2018,40.4779660536639,33.3656930063207,49.0655830239486,2021
NGA-37_1,Zamfara,25354,MRM0,Neonatal mortality rate,"Deaths per 1,000 live births",2019,39.4339616299037,31.5947103954182,48.9324031853286,2021
NGA-37_1,Zamfara,25354,MRM0,Neonatal mortality rate,"Deaths per 1,000 live births",2020,38.6264968196911,30.5533298808391,48.617265921751,2021
NGA-37_1,Zamfara,25354,MRM0,Neonatal mortality rate,"Deaths per 1,000 live births",2021,37.8184798739703,28.9768492639311,48.5658104453623,2021
NGA-37_1,Zamfara,25354,MRY0T4,Under-five mortality rate,"Deaths per 1,000 live births",2000,335.202363453033,301.200137902251,370.301054539931,2021
NGA-37_1,Zamfara,25354,MRY0T4,Under-five mortality rate,"Deaths per 1,000 live births",2001,320.445987055904,291.508750168586,350.678267245347,2021
NGA-37_1,Zamfara,25354,MRY0T4,Under-five mortality rate,"Deaths per 1,000 live births",2002,307.625412570267,279.616801082138,333.394009828649,2021
NGA-37_1,Zamfara,25354,MRY0T4,Under-five mortality rate,"Deaths per 1,000 live births",2003,299.991287385145,275.282434603415,324.095017637121,2021
NGA-37_1,Zamfara,25354,MRY0T4,Under-five mortality rate,"Deaths per 1,000 live births",2004,292.877127898317,270.687747749332,315.655035990995,2021
NGA-37_1,Zamfara,25354,MRY0T4,Under-five mortality rate,"Deaths per 1,000 live births",2005,285.987492161589,265.740959941892,308.241092544154,2021
NGA-37_1,Zamfara,25354,MRY0T4,Under-five mortality rate,"Deaths per 1,000 live births",2006,277.535054074532,258.45107560306,296.730973328559,2021
NGA-37_1,Zamfara,25354,MRY0T4,Under-five mortality rate,"Deaths per 1,000 live births",2007,275.724459071046,255.882184227577,297.575434286494,2021
NGA-37_1,Zamfara,25354,MRY0T4,Under-five mortality rate,"Deaths per 1,000 live births",2008,259.498393039214,240.863568214872,279.533733447387,2021
NGA-37_1,Zamfara,25354,MRY0T4,Under-five mortality rate,"Deaths per 1,000 live births",2009,249.273978100192,231.221985406192,268.998771479363,2021
NGA-37_1,Zamfara,25354,MRY0T4,Under-five mortality rate,"Deaths per 1,000 live births",2010,234.614440980273,217.693800174481,253.158546046897,2021
NGA-37_1,Zamfara,25354,MRY0T4,Under-five mortality rate,"Deaths per 1,000 live births",2011,218.72102207921,201.298173052838,235.092188761652,2021
NGA-37_1,Zamfara,25354,MRY0T4,Under-five mortality rate,"Deaths per 1,000 live births",2012,202.036864295029,184.53585295827,220.283711054162,2021
NGA-37_1,Zamfara,25354,MRY0T4,Under-five mortality rate,"Deaths per 1,000 live births",2013,199.542690271443,182.850969603441,219.123119108212,2021
NGA-37_1,Zamfara,25354,MRY0T4,Under-five mortality rate,"Deaths per 1,000 live births",2014,196.473381822216,178.39962542468,216.25206610436,2021
NGA-37_1,Zamfara,25354,MRY0T4,Under-five mortality rate,"Deaths per 1,000 live births",2015,192.549723013286,173.076469703809,214.410537707162,2021
NGA-37_1,Zamfara,25354,MRY0T4,Under-five mortality rate,"Deaths per 1,000 live births",2016,184.648514254166,164.603440430523,206.299243029632,2021
NGA-37_1,Zamfara,25354,MRY0T4,Under-five mortality rate,"Deaths per 1,000 live births",2017,177.906418594362,156.175621711515,200.407773678769,2021
NGA-37_1,Zamfara,25354,MRY0T4,Under-five mortality rate,"Deaths per 1,000 live births",2018,166.63883481233,143.971439093761,192.000664161745,2021
NGA-37_1,Zamfara,25354,MRY0T4,Under-five mortality rate,"Deaths per 1,000 live births",2019,160.242484385031,134.773145896489,188.560326860041,2021
NGA-37_1,Zamfara,25354,MRY0T4,Under-five mortality rate,"Deaths per 1,000 live births",2020,153.334516550422,125.552140045687,182.92324323175,2021
NGA-37_1,Zamfara,25354,MRY0T4,Under-five mortality rate,"Deaths per 1,000 live births",2021,147.185118297744,118.027023567058,179.947193718496,2021
